Neuron and StructuralCell SubClassOf Erythrocyte, True
Neuron and StructuralCell SubClassOf SclerenchymaCell, True
StructuralCell SubClassOf SclerenchymaCell, True
StructuralCell SubClassOf LeafCell, True
StructuralCell SubClassOf LeafCell and SclerenchymaCell, True
StructuralCell SubClassOf Erythrocyte, True
StructuralCell SubClassOf Erythrocyte and LeafCell and SclerenchymaCell, True
StructuralCell SubClassOf PhotosyntheticCell, True
StructuralCell SubClassOf Erythrocyte and LeafCell and PhotosyntheticCell and SclerenchymaCell, True
StructuralCell SubClassOf CirculatingCell, True
StructuralCell SubClassOf CirculatingCell and Erythrocyte and LeafCell and PhotosyntheticCell and SclerenchymaCell, True
StructuralCell SubClassOf PlantCell, True
StructuralCell SubClassOf CirculatingCell and Erythrocyte and LeafCell and PhotosyntheticCell and PlantCell and SclerenchymaCell, True
StructuralCell SubClassOf CellByClass, True
StructuralCell SubClassOf CellByClass and CirculatingCell and Erythrocyte and LeafCell and PhotosyntheticCell and PlantCell and SclerenchymaCell, \nTrue
StructuralCell SubClassOf MatureCell, \nTrue
StructuralCell SubClassOf CellByClass and CirculatingCell and Erythrocyte and LeafCell and MatureCell and PhotosyntheticCell and PlantCell and SclerenchymaCell, True
StructuralCell SubClassOf AnimalCell, True
StructuralCell SubClassOf AnimalCell and CellByClass and CirculatingCell and Erythrocyte and LeafCell and MatureCell and PhotosyntheticCell and PlantCell and SclerenchymaCell, \nTrue
StructuralCell SubClassOf Cell, True
StructuralCell SubClassOf AnimalCell and Cell and CellByClass and CirculatingCell and Erythrocyte and LeafCell and MatureCell and PhotosyntheticCell and PlantCell and SclerenchymaCell, \nTrue
StructuralCell SubClassOf Miocyte, True
StructuralCell SubClassOf AnimalCell and Cell and CellByClass and CirculatingCell and Erythrocyte and LeafCell and MatureCell and Miocyte and PhotosyntheticCell and PlantCell and SclerenchymaCell, \nTrue
StructuralCell SubClassOf InMatureCell, True
StructuralCell SubClassOf AnimalCell and Cell and CellByClass and CirculatingCell and Erythrocyte and InMatureCell and LeafCell and MatureCell and Miocyte and PhotosyntheticCell and PlantCell and SclerenchymaCell, \nTrue
StructuralCell SubClassOf Osteocyte, True
StructuralCell SubClassOf AnimalCell and Cell and CellByClass and CirculatingCell and Erythrocyte and InMatureCell and LeafCell and MatureCell and Miocyte and Osteocyte and PhotosyntheticCell and PlantCell and SclerenchymaCell, \nTrue
StructuralCell SubClassOf ChondroBlast, \nTrue
StructuralCell SubClassOf AnimalCell and Cell and CellByClass and ChondroBlast and CirculatingCell and Erythrocyte and InMatureCell and LeafCell and MatureCell and Miocyte and Osteocyte and PhotosyntheticCell and PlantCell and SclerenchymaCell, \nHere
StructuralCell SubClassOf MioBlast, True
StructuralCell SubClassOf AnimalCell and Cell and CellByClass and CirculatingCell and Erythrocyte and InMatureCell and LeafCell and MatureCell and MioBlast and Miocyte and Osteocyte and PhotosyntheticCell and PlantCell and SclerenchymaCell, \nFalse
StructuralCell SubClassOf CellByDevelopmentStage, True
StructuralCell SubClassOf AnimalCell and Cell and CellByClass and CellByDevelopmentStage and CirculatingCell and Erythrocyte and InMatureCell and LeafCell and MatureCell and Miocyte and Osteocyte and PhotosyntheticCell and PlantCell and SclerenchymaCell, \nTrue
StructuralCell SubClassOf PhotoreceptorCell, True
StructuralCell SubClassOf AnimalCell and Cell and CellByClass and CellByDevelopmentStage and CirculatingCell and Erythrocyte and InMatureCell and LeafCell and MatureCell and Miocyte and Osteocyte and PhotoreceptorCell and PhotosyntheticCell and PlantCell and SclerenchymaCell, \nTrue
StructuralCell SubClassOf CellByOrganism, \nTrue
StructuralCell SubClassOf AnimalCell and Cell and CellByClass and CellByDevelopmentStage and CellByOrganism and CirculatingCell and Erythrocyte and InMatureCell and LeafCell and MatureCell and Miocyte and Osteocyte and PhotoreceptorCell and PhotosyntheticCell and PlantCell and SclerenchymaCell, \nHere
StructuralCell SubClassOf ElectricallyActiveCell, True
StructuralCell SubClassOf AnimalCell and Cell and CellByClass and CellByDevelopmentStage and CirculatingCell and ElectricallyActiveCell and Erythrocyte and InMatureCell and LeafCell and MatureCell and Miocyte and Osteocyte and PhotoreceptorCell and PhotosyntheticCell and PlantCell and SclerenchymaCell, \nTrue
StructuralCell SubClassOf Neuron, True
StructuralCell SubClassOf AnimalCell and Cell and CellByClass and CellByDevelopmentStage and CirculatingCell and ElectricallyActiveCell and Erythrocyte and InMatureCell and LeafCell and MatureCell and Miocyte and Neuron and Osteocyte and PhotoreceptorCell and PhotosyntheticCell and PlantCell and SclerenchymaCell, \nMan
StructuralCell SubClassOf ChondroCyte, True
StructuralCell SubClassOf AnimalCell and Cell and CellByClass and CellByDevelopmentStage and ChondroCyte and CirculatingCell and ElectricallyActiveCell and Erythrocyte and InMatureCell and LeafCell and MatureCell and Miocyte and Osteocyte and PhotoreceptorCell and PhotosyntheticCell and PlantCell and SclerenchymaCell, \nHere
StructuralCell SubClassOf AnimalCell and Cell and CellByClass and CellByDevelopmentStage and ChondroBlast and CirculatingCell and ElectricallyActiveCell and Erythrocyte and InMatureCell and LeafCell and MatureCell and Miocyte and Osteocyte and PhotoreceptorCell and PhotosyntheticCell and PlantCell and SclerenchymaCell, \nHere
StructuralCell SubClassOf AnimalCell and Cell and CellByClass and CellByDevelopmentStage and CirculatingCell and ElectricallyActiveCell and Erythrocyte and InMatureCell and LeafCell and MatureCell and MioBlast and Miocyte and Osteocyte and PhotoreceptorCell and PhotosyntheticCell and PlantCell and SclerenchymaCell, \nHere
StructuralCell SubClassOf AnimalCell and Cell and CellByClass and CellByDevelopmentStage and CellByOrganism and CirculatingCell and ElectricallyActiveCell and Erythrocyte and InMatureCell and LeafCell and MatureCell and Miocyte and Osteocyte and PhotoreceptorCell and PhotosyntheticCell and PlantCell and SclerenchymaCell, \nHere
CellByDevelopmentStage and InMatureCell SubClassOf Osteocyte, \nTrue
CellByDevelopmentStage and InMatureCell SubClassOf SclerenchymaCell, \nTrue
InMatureCell SubClassOf SclerenchymaCell, True
InMatureCell SubClassOf LeafCell, True
InMatureCell SubClassOf LeafCell and SclerenchymaCell, \nTrue
InMatureCell SubClassOf Erythrocyte, True
InMatureCell SubClassOf Erythrocyte and LeafCell and SclerenchymaCell, True
InMatureCell SubClassOf PhotosyntheticCell, True
InMatureCell SubClassOf Erythrocyte and LeafCell and PhotosyntheticCell and SclerenchymaCell, True
InMatureCell SubClassOf CirculatingCell, True
InMatureCell SubClassOf CirculatingCell and Erythrocyte and LeafCell and PhotosyntheticCell and SclerenchymaCell, True
InMatureCell SubClassOf PlantCell, True
InMatureCell SubClassOf CirculatingCell and Erythrocyte and LeafCell and PhotosyntheticCell and PlantCell and SclerenchymaCell, True
InMatureCell SubClassOf CellByClass, \nTrue
InMatureCell SubClassOf CellByClass and CirculatingCell and Erythrocyte and LeafCell and PhotosyntheticCell and PlantCell and SclerenchymaCell, True
InMatureCell SubClassOf MatureCell, \nTrue
InMatureCell SubClassOf CellByClass and CirculatingCell and Erythrocyte and LeafCell and MatureCell and PhotosyntheticCell and PlantCell and SclerenchymaCell, True
InMatureCell SubClassOf AnimalCell, True
InMatureCell SubClassOf AnimalCell and CellByClass and CirculatingCell and Erythrocyte and LeafCell and MatureCell and PhotosyntheticCell and PlantCell and SclerenchymaCell, True
InMatureCell SubClassOf Cell, True
InMatureCell SubClassOf AnimalCell and Cell and CellByClass and CirculatingCell and Erythrocyte and LeafCell and MatureCell and PhotosyntheticCell and PlantCell and SclerenchymaCell, \nTrue
InMatureCell SubClassOf Miocyte, True
InMatureCell SubClassOf AnimalCell and Cell and CellByClass and CirculatingCell and Erythrocyte and LeafCell and MatureCell and Miocyte and PhotosyntheticCell and PlantCell and SclerenchymaCell, \nTrue
InMatureCell SubClassOf Osteocyte, True
InMatureCell SubClassOf AnimalCell and Cell and CellByClass and CirculatingCell and Erythrocyte and LeafCell and MatureCell and Miocyte and Osteocyte and PhotosyntheticCell and PlantCell and SclerenchymaCell, \nTrue
InMatureCell SubClassOf ChondroBlast, \nTrue
InMatureCell SubClassOf AnimalCell and Cell and CellByClass and ChondroBlast and CirculatingCell and Erythrocyte and LeafCell and MatureCell and Miocyte and Osteocyte and PhotosyntheticCell and PlantCell and SclerenchymaCell, \nTrue
InMatureCell SubClassOf MioBlast, True
InMatureCell SubClassOf AnimalCell and Cell and CellByClass and ChondroBlast and CirculatingCell and Erythrocyte and LeafCell and MatureCell and MioBlast and Miocyte and Osteocyte and PhotosyntheticCell and PlantCell and SclerenchymaCell, \nTrue
InMatureCell SubClassOf CellByDevelopmentStage, True
InMatureCell SubClassOf AnimalCell and Cell and CellByClass and CellByDevelopmentStage and ChondroBlast and CirculatingCell and Erythrocyte and LeafCell and MatureCell and MioBlast and Miocyte and Osteocyte and PhotosyntheticCell and PlantCell and SclerenchymaCell, \nTrue
InMatureCell SubClassOf PhotoreceptorCell, True
InMatureCell SubClassOf AnimalCell and Cell and CellByClass and CellByDevelopmentStage and ChondroBlast and CirculatingCell and Erythrocyte and LeafCell and MatureCell and MioBlast and Miocyte and Osteocyte and PhotoreceptorCell and PhotosyntheticCell and PlantCell and SclerenchymaCell, \nTrue
InMatureCell SubClassOf CellByOrganism, True
InMatureCell SubClassOf AnimalCell and Cell and CellByClass and CellByDevelopmentStage and CellByOrganism and ChondroBlast and CirculatingCell and Erythrocyte and LeafCell and MatureCell and MioBlast and Miocyte and Osteocyte and PhotoreceptorCell and PhotosyntheticCell and PlantCell and SclerenchymaCell, \nHere
InMatureCell SubClassOf ElectricallyActiveCell, True
InMatureCell SubClassOf AnimalCell and Cell and CellByClass and CellByDevelopmentStage and ChondroBlast and CirculatingCell and ElectricallyActiveCell and Erythrocyte and LeafCell and MatureCell and MioBlast and Miocyte and Osteocyte and PhotoreceptorCell and PhotosyntheticCell and PlantCell and SclerenchymaCell, \nHere
InMatureCell SubClassOf StructuralCell, True
InMatureCell SubClassOf AnimalCell and Cell and CellByClass and CellByDevelopmentStage and ChondroBlast and CirculatingCell and Erythrocyte and LeafCell and MatureCell and MioBlast and Miocyte and Osteocyte and PhotoreceptorCell and PhotosyntheticCell and PlantCell and SclerenchymaCell and StructuralCell, \nTrue
InMatureCell SubClassOf Neuron, True
InMatureCell SubClassOf AnimalCell and Cell and CellByClass and CellByDevelopmentStage and ChondroBlast and CirculatingCell and Erythrocyte and LeafCell and MatureCell and MioBlast and Miocyte and Neuron and Osteocyte and PhotoreceptorCell and PhotosyntheticCell and PlantCell and SclerenchymaCell and StructuralCell, \nTrue
InMatureCell SubClassOf ChondroCyte, True
InMatureCell SubClassOf AnimalCell and Cell and CellByClass and CellByDevelopmentStage and ChondroBlast and ChondroCyte and CirculatingCell and Erythrocyte and LeafCell and MatureCell and MioBlast and Miocyte and Neuron and Osteocyte and PhotoreceptorCell and PhotosyntheticCell and PlantCell and SclerenchymaCell and StructuralCell, \nTrue
InMatureCell SubClassOf AnimalCell and Cell and CellByClass and CellByDevelopmentStage and CellByOrganism and ChondroBlast and ChondroCyte and CirculatingCell and Erythrocyte and LeafCell and MatureCell and MioBlast and Miocyte and Neuron and Osteocyte and PhotoreceptorCell and PhotosyntheticCell and PlantCell and SclerenchymaCell and StructuralCell, \nTrue
InMatureCell SubClassOf AnimalCell and Cell and CellByClass and CellByDevelopmentStage and CellByOrganism and ChondroBlast and ChondroCyte and CirculatingCell and ElectricallyActiveCell and Erythrocyte and LeafCell and MatureCell and MioBlast and Miocyte and Neuron and Osteocyte and PhotoreceptorCell and PhotosyntheticCell and PlantCell and SclerenchymaCell and StructuralCell, \nTrue
CellByDevelopmentStage and LeafCell SubClassOf AnimalCell, \nTrue
CellByDevelopmentStage and LeafCell SubClassOf SclerenchymaCell, \nTrue
LeafCell SubClassOf SclerenchymaCell, True
LeafCell SubClassOf Erythrocyte, True
LeafCell SubClassOf Erythrocyte and SclerenchymaCell, True
LeafCell SubClassOf PhotosyntheticCell, True
LeafCell SubClassOf Erythrocyte and PhotosyntheticCell and SclerenchymaCell, True
LeafCell SubClassOf CirculatingCell, True
LeafCell SubClassOf CirculatingCell and Erythrocyte and PhotosyntheticCell and SclerenchymaCell, True
LeafCell SubClassOf PlantCell, True
LeafCell SubClassOf CirculatingCell and Erythrocyte and PhotosyntheticCell and PlantCell and SclerenchymaCell, True
LeafCell SubClassOf CellByClass, True
LeafCell SubClassOf CellByClass and CirculatingCell and Erythrocyte and PhotosyntheticCell and PlantCell and SclerenchymaCell, True
LeafCell SubClassOf MatureCell, True
LeafCell SubClassOf CellByClass and CirculatingCell and Erythrocyte and MatureCell and PhotosyntheticCell and PlantCell and SclerenchymaCell, \nTrue
LeafCell SubClassOf AnimalCell, True
LeafCell SubClassOf AnimalCell and CellByClass and CirculatingCell and Erythrocyte and MatureCell and PhotosyntheticCell and PlantCell and SclerenchymaCell, True
LeafCell SubClassOf Cell, True
LeafCell SubClassOf AnimalCell and Cell and CellByClass and CirculatingCell and Erythrocyte and MatureCell and PhotosyntheticCell and PlantCell and SclerenchymaCell, True
LeafCell SubClassOf Miocyte, True
LeafCell SubClassOf AnimalCell and Cell and CellByClass and CirculatingCell and Erythrocyte and MatureCell and Miocyte and PhotosyntheticCell and PlantCell and SclerenchymaCell, True
LeafCell SubClassOf InMatureCell, True
LeafCell SubClassOf AnimalCell and Cell and CellByClass and CirculatingCell and Erythrocyte and InMatureCell and MatureCell and Miocyte and PhotosyntheticCell and PlantCell and SclerenchymaCell, \nFalse
LeafCell SubClassOf Osteocyte, True
LeafCell SubClassOf AnimalCell and Cell and CellByClass and CirculatingCell and Erythrocyte and MatureCell and Miocyte and Osteocyte and PhotosyntheticCell and PlantCell and SclerenchymaCell, \nTrue
LeafCell SubClassOf ChondroBlast, True
LeafCell SubClassOf AnimalCell and Cell and CellByClass and ChondroBlast and CirculatingCell and Erythrocyte and MatureCell and Miocyte and Osteocyte and PhotosyntheticCell and PlantCell and SclerenchymaCell, \nTrue
LeafCell SubClassOf MioBlast, True
LeafCell SubClassOf AnimalCell and Cell and CellByClass and ChondroBlast and CirculatingCell and Erythrocyte and MatureCell and MioBlast and Miocyte and Osteocyte and PhotosyntheticCell and PlantCell and SclerenchymaCell, \nTrue
LeafCell SubClassOf CellByDevelopmentStage, \nTrue
LeafCell SubClassOf AnimalCell and Cell and CellByClass and CellByDevelopmentStage and ChondroBlast and CirculatingCell and Erythrocyte and MatureCell and MioBlast and Miocyte and Osteocyte and PhotosyntheticCell and PlantCell and SclerenchymaCell, \nTrue
LeafCell SubClassOf PhotoreceptorCell, True
LeafCell SubClassOf AnimalCell and Cell and CellByClass and CellByDevelopmentStage and ChondroBlast and CirculatingCell and Erythrocyte and MatureCell and MioBlast and Miocyte and Osteocyte and PhotoreceptorCell and PhotosyntheticCell and PlantCell and SclerenchymaCell, \nHere
LeafCell SubClassOf CellByOrganism, True
LeafCell SubClassOf AnimalCell and Cell and CellByClass and CellByDevelopmentStage and CellByOrganism and ChondroBlast and CirculatingCell and Erythrocyte and MatureCell and MioBlast and Miocyte and Osteocyte and PhotosyntheticCell and PlantCell and SclerenchymaCell, \nHere
LeafCell SubClassOf ElectricallyActiveCell, True
LeafCell SubClassOf AnimalCell and Cell and CellByClass and CellByDevelopmentStage and ChondroBlast and CirculatingCell and ElectricallyActiveCell and Erythrocyte and MatureCell and MioBlast and Miocyte and Osteocyte and PhotosyntheticCell and PlantCell and SclerenchymaCell, \nMan
LeafCell SubClassOf StructuralCell, True
LeafCell SubClassOf AnimalCell and Cell and CellByClass and CellByDevelopmentStage and ChondroBlast and CirculatingCell and Erythrocyte and MatureCell and MioBlast and Miocyte and Osteocyte and PhotosyntheticCell and PlantCell and SclerenchymaCell and StructuralCell, True
LeafCell SubClassOf Neuron, True
LeafCell SubClassOf AnimalCell and Cell and CellByClass and CellByDevelopmentStage and ChondroBlast and CirculatingCell and Erythrocyte and MatureCell and MioBlast and Miocyte and Neuron and Osteocyte and PhotosyntheticCell and PlantCell and SclerenchymaCell and StructuralCell, \nTrue
LeafCell SubClassOf ChondroCyte, True
LeafCell SubClassOf AnimalCell and Cell and CellByClass and CellByDevelopmentStage and ChondroBlast and ChondroCyte and CirculatingCell and Erythrocyte and MatureCell and MioBlast and Miocyte and Neuron and Osteocyte and PhotosyntheticCell and PlantCell and SclerenchymaCell and StructuralCell, \nTrue
LeafCell SubClassOf AnimalCell and Cell and CellByClass and CellByDevelopmentStage and ChondroBlast and ChondroCyte and CirculatingCell and Erythrocyte and InMatureCell and MatureCell and MioBlast and Miocyte and Neuron and Osteocyte and PhotosyntheticCell and PlantCell and SclerenchymaCell and StructuralCell, \nTrue
LeafCell SubClassOf AnimalCell and Cell and CellByClass and CellByDevelopmentStage and ChondroBlast and ChondroCyte and CirculatingCell and Erythrocyte and InMatureCell and MatureCell and MioBlast and Miocyte and Neuron and Osteocyte and PhotoreceptorCell and PhotosyntheticCell and PlantCell and SclerenchymaCell and StructuralCell, \nHere
LeafCell SubClassOf AnimalCell and Cell and CellByClass and CellByDevelopmentStage and CellByOrganism and ChondroBlast and ChondroCyte and CirculatingCell and Erythrocyte and InMatureCell and MatureCell and MioBlast and Miocyte and Neuron and Osteocyte and PhotosyntheticCell and PlantCell and SclerenchymaCell and StructuralCell, \nHere
LeafCell SubClassOf AnimalCell and Cell and CellByClass and CellByDevelopmentStage and ChondroBlast and ChondroCyte and CirculatingCell and ElectricallyActiveCell and Erythrocyte and InMatureCell and MatureCell and MioBlast and Miocyte and Neuron and Osteocyte and PhotosyntheticCell and PlantCell and SclerenchymaCell and StructuralCell, \nTrue
CellByDevelopmentStage and ChondroBlast SubClassOf Osteocyte, True
CellByDevelopmentStage and ChondroBlast SubClassOf SclerenchymaCell, \nTrue
ChondroBlast SubClassOf SclerenchymaCell, True
ChondroBlast SubClassOf LeafCell, True
ChondroBlast SubClassOf LeafCell and SclerenchymaCell, True
ChondroBlast SubClassOf Erythrocyte, \nFalse
ChondroBlast SubClassOf PhotosyntheticCell, True
ChondroBlast SubClassOf LeafCell and PhotosyntheticCell and SclerenchymaCell, True
ChondroBlast SubClassOf CirculatingCell, \nTrue
ChondroBlast SubClassOf CirculatingCell and LeafCell and PhotosyntheticCell and SclerenchymaCell, True
ChondroBlast SubClassOf PlantCell, True
ChondroBlast SubClassOf CirculatingCell and LeafCell and PhotosyntheticCell and PlantCell and SclerenchymaCell, \nTrue
ChondroBlast SubClassOf CellByClass, True
ChondroBlast SubClassOf CellByClass and CirculatingCell and LeafCell and PhotosyntheticCell and PlantCell and SclerenchymaCell, True
ChondroBlast SubClassOf MatureCell, True
ChondroBlast SubClassOf CellByClass and CirculatingCell and LeafCell and MatureCell and PhotosyntheticCell and PlantCell and SclerenchymaCell, \nTrue
ChondroBlast SubClassOf AnimalCell, True
ChondroBlast SubClassOf AnimalCell and CellByClass and CirculatingCell and LeafCell and MatureCell and PhotosyntheticCell and PlantCell and SclerenchymaCell, True
ChondroBlast SubClassOf Cell, \nTrue
ChondroBlast SubClassOf AnimalCell and Cell and CellByClass and CirculatingCell and LeafCell and MatureCell and PhotosyntheticCell and PlantCell and SclerenchymaCell, \nTrue
ChondroBlast SubClassOf Miocyte, True
ChondroBlast SubClassOf AnimalCell and Cell and CellByClass and CirculatingCell and LeafCell and MatureCell and Miocyte and PhotosyntheticCell and PlantCell and SclerenchymaCell, \nTrue
ChondroBlast SubClassOf InMatureCell, True
ChondroBlast SubClassOf AnimalCell and Cell and CellByClass and CirculatingCell and InMatureCell and LeafCell and MatureCell and Miocyte and PhotosyntheticCell and PlantCell and SclerenchymaCell, \nTrue
ChondroBlast SubClassOf Osteocyte, True
ChondroBlast SubClassOf AnimalCell and Cell and CellByClass and CirculatingCell and InMatureCell and LeafCell and MatureCell and Miocyte and Osteocyte and PhotosyntheticCell and PlantCell and SclerenchymaCell, \nTrue
ChondroBlast SubClassOf MioBlast, True
ChondroBlast SubClassOf AnimalCell and Cell and CellByClass and CirculatingCell and InMatureCell and LeafCell and MatureCell and MioBlast and Miocyte and Osteocyte and PhotosyntheticCell and PlantCell and SclerenchymaCell, \nTrue
ChondroBlast SubClassOf CellByDevelopmentStage, True
ChondroBlast SubClassOf AnimalCell and Cell and CellByClass and CellByDevelopmentStage and CirculatingCell and InMatureCell and LeafCell and MatureCell and MioBlast and Miocyte and Osteocyte and PhotosyntheticCell and PlantCell and SclerenchymaCell, \nTrue
ChondroBlast SubClassOf PhotoreceptorCell, \nTrue
ChondroBlast SubClassOf AnimalCell and Cell and CellByClass and CellByDevelopmentStage and CirculatingCell and InMatureCell and LeafCell and MatureCell and MioBlast and Miocyte and Osteocyte and PhotoreceptorCell and PhotosyntheticCell and PlantCell and SclerenchymaCell, \nTrue
ChondroBlast SubClassOf CellByOrganism, True
ChondroBlast SubClassOf AnimalCell and Cell and CellByClass and CellByDevelopmentStage and CellByOrganism and CirculatingCell and InMatureCell and LeafCell and MatureCell and MioBlast and Miocyte and Osteocyte and PhotoreceptorCell and PhotosyntheticCell and PlantCell and SclerenchymaCell, \nTrue
ChondroBlast SubClassOf ElectricallyActiveCell, True
ChondroBlast SubClassOf AnimalCell and Cell and CellByClass and CellByDevelopmentStage and CellByOrganism and CirculatingCell and ElectricallyActiveCell and InMatureCell and LeafCell and MatureCell and MioBlast and Miocyte and Osteocyte and PhotoreceptorCell and PhotosyntheticCell and PlantCell and SclerenchymaCell, \nTrue
ChondroBlast SubClassOf StructuralCell, True
ChondroBlast SubClassOf AnimalCell and Cell and CellByClass and CellByDevelopmentStage and CellByOrganism and CirculatingCell and ElectricallyActiveCell and InMatureCell and LeafCell and MatureCell and MioBlast and Miocyte and Osteocyte and PhotoreceptorCell and PhotosyntheticCell and PlantCell and SclerenchymaCell and StructuralCell, \nTrue
ChondroBlast SubClassOf Neuron, True
ChondroBlast SubClassOf AnimalCell and Cell and CellByClass and CellByDevelopmentStage and CellByOrganism and CirculatingCell and ElectricallyActiveCell and InMatureCell and LeafCell and MatureCell and MioBlast and Miocyte and Neuron and Osteocyte and PhotoreceptorCell and PhotosyntheticCell and PlantCell and SclerenchymaCell and StructuralCell, \nTrue
ChondroBlast SubClassOf ChondroCyte, True
ChondroBlast SubClassOf AnimalCell and Cell and CellByClass and CellByDevelopmentStage and CellByOrganism and ChondroCyte and CirculatingCell and ElectricallyActiveCell and InMatureCell and LeafCell and MatureCell and MioBlast and Miocyte and Neuron and Osteocyte and PhotoreceptorCell and PhotosyntheticCell and PlantCell and SclerenchymaCell and StructuralCell, True.
Cell and MatureCell SubClassOf Osteocyte, True
Cell and MatureCell SubClassOf SclerenchymaCell, True
Cell SubClassOf SclerenchymaCell, True
Cell SubClassOf LeafCell, True
Cell SubClassOf LeafCell and SclerenchymaCell, True
Cell SubClassOf Erythrocyte, True
Cell SubClassOf Erythrocyte and LeafCell and SclerenchymaCell, True
Cell SubClassOf PhotosyntheticCell, True
Cell SubClassOf Erythrocyte and LeafCell and PhotosyntheticCell and SclerenchymaCell, \nTrue
Cell SubClassOf CirculatingCell, True
Cell SubClassOf CirculatingCell and Erythrocyte and LeafCell and PhotosyntheticCell and SclerenchymaCell, \nTrue
Cell SubClassOf PlantCell, True
Cell SubClassOf CirculatingCell and Erythrocyte and LeafCell and PhotosyntheticCell and PlantCell and SclerenchymaCell, True
Cell SubClassOf CellByClass, True
Cell SubClassOf CellByClass and CirculatingCell and Erythrocyte and LeafCell and PhotosyntheticCell and PlantCell and SclerenchymaCell, \nTrue
Cell SubClassOf MatureCell, True
Cell SubClassOf CellByClass and CirculatingCell and Erythrocyte and LeafCell and MatureCell and PhotosyntheticCell and PlantCell and SclerenchymaCell, \nTrue
Cell SubClassOf AnimalCell, True
Cell SubClassOf AnimalCell and CellByClass and CirculatingCell and Erythrocyte and LeafCell and MatureCell and PhotosyntheticCell and PlantCell and SclerenchymaCell, \nTrue
Cell SubClassOf Miocyte, True
Cell SubClassOf AnimalCell and CellByClass and CirculatingCell and Erythrocyte and LeafCell and MatureCell and Miocyte and PhotosyntheticCell and PlantCell and SclerenchymaCell, \nTrue
Cell SubClassOf InMatureCell, True
Cell SubClassOf AnimalCell and CellByClass and CirculatingCell and Erythrocyte and InMatureCell and LeafCell and MatureCell and Miocyte and PhotosyntheticCell and PlantCell and SclerenchymaCell, \nTrue
Cell SubClassOf Osteocyte, True
Cell SubClassOf AnimalCell and CellByClass and CirculatingCell and Erythrocyte and InMatureCell and LeafCell and MatureCell and Miocyte and Osteocyte and PhotosyntheticCell and PlantCell and SclerenchymaCell, \nHere
Cell SubClassOf ChondroBlast, \nTrue
Cell SubClassOf AnimalCell and CellByClass and ChondroBlast and CirculatingCell and Erythrocyte and InMatureCell and LeafCell and MatureCell and Miocyte and PhotosyntheticCell and PlantCell and SclerenchymaCell, \nHere
Cell SubClassOf MioBlast, True
Cell SubClassOf AnimalCell and CellByClass and CirculatingCell and Erythrocyte and InMatureCell and LeafCell and MatureCell and MioBlast and Miocyte and PhotosyntheticCell and PlantCell and SclerenchymaCell, \nTrue
Cell SubClassOf CellByDevelopmentStage, True
Cell SubClassOf AnimalCell and CellByClass and CellByDevelopmentStage and CirculatingCell and Erythrocyte and InMatureCell and LeafCell and MatureCell and MioBlast and Miocyte and PhotosyntheticCell and PlantCell and SclerenchymaCell, \nTrue
Cell SubClassOf PhotoreceptorCell, True
Cell SubClassOf AnimalCell and CellByClass and CellByDevelopmentStage and CirculatingCell and Erythrocyte and InMatureCell and LeafCell and MatureCell and MioBlast and Miocyte and PhotoreceptorCell and PhotosyntheticCell and PlantCell and SclerenchymaCell, \nHere
Cell SubClassOf CellByOrganism, True
Cell SubClassOf AnimalCell and CellByClass and CellByDevelopmentStage and CellByOrganism and CirculatingCell and Erythrocyte and InMatureCell and LeafCell and MatureCell and MioBlast and Miocyte and PhotosyntheticCell and PlantCell and SclerenchymaCell, \nHere
Cell SubClassOf ElectricallyActiveCell, True
Cell SubClassOf AnimalCell and CellByClass and CellByDevelopmentStage and CirculatingCell and ElectricallyActiveCell and Erythrocyte and InMatureCell and LeafCell and MatureCell and MioBlast and Miocyte and PhotosyntheticCell and PlantCell and SclerenchymaCell, \nTrue
Cell SubClassOf StructuralCell, True
Cell SubClassOf AnimalCell and CellByClass and CellByDevelopmentStage and CirculatingCell and ElectricallyActiveCell and Erythrocyte and InMatureCell and LeafCell and MatureCell and MioBlast and Miocyte and PhotosyntheticCell and PlantCell and SclerenchymaCell and StructuralCell, \nTrue
Cell SubClassOf Neuron, \nTrue
Cell SubClassOf AnimalCell and CellByClass and CellByDevelopmentStage and CirculatingCell and ElectricallyActiveCell and Erythrocyte and InMatureCell and LeafCell and MatureCell and MioBlast and Miocyte and Neuron and PhotosyntheticCell and PlantCell and SclerenchymaCell and StructuralCell, \nTrue
Cell SubClassOf ChondroCyte, \nTrue
Cell SubClassOf AnimalCell and CellByClass and CellByDevelopmentStage and ChondroCyte and CirculatingCell and ElectricallyActiveCell and Erythrocyte and InMatureCell and LeafCell and MatureCell and MioBlast and Miocyte and Neuron and PhotosyntheticCell and PlantCell and SclerenchymaCell and StructuralCell, \nHere
Cell SubClassOf AnimalCell and CellByClass and CellByDevelopmentStage and CirculatingCell and ElectricallyActiveCell and Erythrocyte and InMatureCell and LeafCell and MatureCell and MioBlast and Miocyte and Neuron and Osteocyte and PhotosyntheticCell and PlantCell and SclerenchymaCell and StructuralCell, \nHere
Cell SubClassOf AnimalCell and CellByClass and CellByDevelopmentStage and ChondroBlast and CirculatingCell and ElectricallyActiveCell and Erythrocyte and InMatureCell and LeafCell and MatureCell and MioBlast and Miocyte and Neuron and PhotosyntheticCell and PlantCell and SclerenchymaCell and StructuralCell, \nTrue
Cell SubClassOf AnimalCell and CellByClass and CellByDevelopmentStage and ChondroBlast and CirculatingCell and ElectricallyActiveCell and Erythrocyte and InMatureCell and LeafCell and MatureCell and MioBlast and Miocyte and Neuron and PhotoreceptorCell and PhotosyntheticCell and PlantCell and SclerenchymaCell and StructuralCell, \nTrue
Cell SubClassOf AnimalCell and CellByClass and CellByDevelopmentStage and CellByOrganism and ChondroBlast and CirculatingCell and ElectricallyActiveCell and Erythrocyte and InMatureCell and LeafCell and MatureCell and MioBlast and Miocyte and Neuron and PhotoreceptorCell and PhotosyntheticCell and PlantCell and SclerenchymaCell and StructuralCell, \nHere
Cell SubClassOf AnimalCell and CellByClass and CellByDevelopmentStage and ChondroBlast and ChondroCyte and CirculatingCell and ElectricallyActiveCell and Erythrocyte and InMatureCell and LeafCell and MatureCell and MioBlast and Miocyte and Neuron and PhotoreceptorCell and PhotosyntheticCell and PlantCell and SclerenchymaCell and StructuralCell, \nHere
CellByOrganism and ChondroCyte SubClassOf AnimalCell, \nTrue
CellByOrganism and ChondroCyte SubClassOf SclerenchymaCell, \nTrue
CellByOrganism SubClassOf SclerenchymaCell, \nTrue
CellByOrganism SubClassOf LeafCell, True
CellByOrganism SubClassOf LeafCell and SclerenchymaCell, True
CellByOrganism SubClassOf Erythrocyte, True
CellByOrganism SubClassOf Erythrocyte and LeafCell and SclerenchymaCell, True
CellByOrganism SubClassOf PhotosyntheticCell, True
CellByOrganism SubClassOf Erythrocyte and LeafCell and PhotosyntheticCell and SclerenchymaCell, \nTrue
CellByOrganism SubClassOf CirculatingCell, True
CellByOrganism SubClassOf CirculatingCell and Erythrocyte and LeafCell and PhotosyntheticCell and SclerenchymaCell, \nTrue
CellByOrganism SubClassOf PlantCell, True
CellByOrganism SubClassOf CirculatingCell and Erythrocyte and LeafCell and PhotosyntheticCell and PlantCell and SclerenchymaCell, True
CellByOrganism SubClassOf CellByClass, True
CellByOrganism SubClassOf CellByClass and CirculatingCell and Erythrocyte and LeafCell and PhotosyntheticCell and PlantCell and SclerenchymaCell, \nTrue
CellByOrganism SubClassOf MatureCell, True
CellByOrganism SubClassOf CellByClass and CirculatingCell and Erythrocyte and LeafCell and MatureCell and PhotosyntheticCell and PlantCell and SclerenchymaCell, \nTrue
CellByOrganism SubClassOf AnimalCell, True
CellByOrganism SubClassOf AnimalCell and CellByClass and CirculatingCell and Erythrocyte and LeafCell and MatureCell and PhotosyntheticCell and PlantCell and SclerenchymaCell, \nTrue
CellByOrganism SubClassOf Cell, True
CellByOrganism SubClassOf AnimalCell and Cell and CellByClass and CirculatingCell and Erythrocyte and LeafCell and MatureCell and PhotosyntheticCell and PlantCell and SclerenchymaCell, \nTrue
CellByOrganism SubClassOf Miocyte, True
CellByOrganism SubClassOf AnimalCell and Cell and CellByClass and CirculatingCell and Erythrocyte and LeafCell and MatureCell and Miocyte and PhotosyntheticCell and PlantCell and SclerenchymaCell, \nTrue
CellByOrganism SubClassOf InMatureCell, True
CellByOrganism SubClassOf AnimalCell and Cell and CellByClass and CirculatingCell and Erythrocyte and InMatureCell and LeafCell and MatureCell and Miocyte and PhotosyntheticCell and PlantCell and SclerenchymaCell, \nTrue
CellByOrganism SubClassOf Osteocyte, True
CellByOrganism SubClassOf AnimalCell and Cell and CellByClass and CirculatingCell and Erythrocyte and InMatureCell and LeafCell and MatureCell and Miocyte and Osteocyte and PhotosyntheticCell and PlantCell and SclerenchymaCell, \nTrue
CellByOrganism SubClassOf ChondroBlast, True
CellByOrganism SubClassOf AnimalCell and Cell and CellByClass and ChondroBlast and CirculatingCell and Erythrocyte and InMatureCell and LeafCell and MatureCell and Miocyte and Osteocyte and PhotosyntheticCell and PlantCell and SclerenchymaCell, \nHere
CellByOrganism SubClassOf MioBlast, True
CellByOrganism SubClassOf AnimalCell and Cell and CellByClass and CirculatingCell and Erythrocyte and InMatureCell and LeafCell and MatureCell and MioBlast and Miocyte and Osteocyte and PhotosyntheticCell and PlantCell and SclerenchymaCell, \nTrue
CellByOrganism SubClassOf CellByDevelopmentStage, True
CellByOrganism SubClassOf AnimalCell and Cell and CellByClass and CellByDevelopmentStage and CirculatingCell and Erythrocyte and InMatureCell and LeafCell and MatureCell and MioBlast and Miocyte and Osteocyte and PhotosyntheticCell and PlantCell and SclerenchymaCell, \nHere
CellByOrganism SubClassOf PhotoreceptorCell, True
CellByOrganism SubClassOf AnimalCell and Cell and CellByClass and CirculatingCell and Erythrocyte and InMatureCell and LeafCell and MatureCell and MioBlast and Miocyte and Osteocyte and PhotoreceptorCell and PhotosyntheticCell and PlantCell and SclerenchymaCell, \nHere
CellByOrganism SubClassOf ElectricallyActiveCell, True
CellByOrganism SubClassOf AnimalCell and Cell and CellByClass and CirculatingCell and ElectricallyActiveCell and Erythrocyte and InMatureCell and LeafCell and MatureCell and MioBlast and Miocyte and Osteocyte and PhotosyntheticCell and PlantCell and SclerenchymaCell, \nHere
CellByOrganism SubClassOf StructuralCell, True
CellByOrganism SubClassOf AnimalCell and Cell and CellByClass and CirculatingCell and Erythrocyte and InMatureCell and LeafCell and MatureCell and MioBlast and Miocyte and Osteocyte and PhotosyntheticCell and PlantCell and SclerenchymaCell and StructuralCell, \nTrue
CellByOrganism SubClassOf Neuron, True
CellByOrganism SubClassOf AnimalCell and Cell and CellByClass and CirculatingCell and Erythrocyte and InMatureCell and LeafCell and MatureCell and MioBlast and Miocyte and Neuron and Osteocyte and PhotosyntheticCell and PlantCell and SclerenchymaCell and StructuralCell, \nHere
CellByOrganism SubClassOf ChondroCyte, True
CellByOrganism SubClassOf AnimalCell and Cell and CellByClass and ChondroCyte and CirculatingCell and Erythrocyte and InMatureCell and LeafCell and MatureCell and MioBlast and Miocyte and Osteocyte and PhotosyntheticCell and PlantCell and SclerenchymaCell and StructuralCell, \nHere
CellByOrganism SubClassOf AnimalCell and Cell and CellByClass and ChondroBlast and CirculatingCell and Erythrocyte and InMatureCell and LeafCell and MatureCell and MioBlast and Miocyte and Osteocyte and PhotosyntheticCell and PlantCell and SclerenchymaCell and StructuralCell, \nTrue
CellByOrganism SubClassOf AnimalCell and Cell and CellByClass and CellByDevelopmentStage and ChondroBlast and CirculatingCell and Erythrocyte and InMatureCell and LeafCell and MatureCell and MioBlast and Miocyte and Osteocyte and PhotosyntheticCell and PlantCell and SclerenchymaCell and StructuralCell, \nTrue
CellByOrganism SubClassOf AnimalCell and Cell and CellByClass and CellByDevelopmentStage and ChondroBlast and CirculatingCell and Erythrocyte and InMatureCell and LeafCell and MatureCell and MioBlast and Miocyte and Osteocyte and PhotoreceptorCell and PhotosyntheticCell and PlantCell and SclerenchymaCell and StructuralCell, \nTrue
CellByOrganism SubClassOf AnimalCell and Cell and CellByClass and CellByDevelopmentStage and ChondroBlast and CirculatingCell and ElectricallyActiveCell and Erythrocyte and InMatureCell and LeafCell and MatureCell and MioBlast and Miocyte and Osteocyte and PhotoreceptorCell and PhotosyntheticCell and PlantCell and SclerenchymaCell and StructuralCell, \nHere
CellByOrganism SubClassOf AnimalCell and Cell and CellByClass and CellByDevelopmentStage and ChondroBlast and CirculatingCell and Erythrocyte and InMatureCell and LeafCell and MatureCell and MioBlast and Miocyte and Neuron and Osteocyte and PhotoreceptorCell and PhotosyntheticCell and PlantCell and SclerenchymaCell and StructuralCell, \nHere
CellByOrganism SubClassOf AnimalCell and Cell and CellByClass and CellByDevelopmentStage and ChondroBlast and ChondroCyte and CirculatingCell and Erythrocyte and InMatureCell and LeafCell and MatureCell and MioBlast and Miocyte and Osteocyte and PhotoreceptorCell and PhotosyntheticCell and PlantCell and SclerenchymaCell and StructuralCell, \nTrue
Osteocyte and SclerenchymaCell SubClassOf AnimalCell, True
Osteocyte and SclerenchymaCell SubClassOf LeafCell, True
SclerenchymaCell SubClassOf LeafCell, True
SclerenchymaCell SubClassOf Erythrocyte, True
SclerenchymaCell SubClassOf Erythrocyte and LeafCell, True
SclerenchymaCell SubClassOf PhotosyntheticCell, True
SclerenchymaCell SubClassOf Erythrocyte and LeafCell and PhotosyntheticCell, True
SclerenchymaCell SubClassOf CirculatingCell, True
SclerenchymaCell SubClassOf CirculatingCell and Erythrocyte and LeafCell and PhotosyntheticCell, True
SclerenchymaCell SubClassOf PlantCell, True
SclerenchymaCell SubClassOf CirculatingCell and Erythrocyte and LeafCell and PhotosyntheticCell and PlantCell, True
SclerenchymaCell SubClassOf CellByClass, True
SclerenchymaCell SubClassOf CellByClass and CirculatingCell and Erythrocyte and LeafCell and PhotosyntheticCell and PlantCell, True
SclerenchymaCell SubClassOf MatureCell, True
SclerenchymaCell SubClassOf CellByClass and CirculatingCell and Erythrocyte and LeafCell and MatureCell and PhotosyntheticCell and PlantCell, True
SclerenchymaCell SubClassOf AnimalCell, True
SclerenchymaCell SubClassOf AnimalCell and CellByClass and CirculatingCell and Erythrocyte and LeafCell and MatureCell and PhotosyntheticCell and PlantCell, \nTrue
SclerenchymaCell SubClassOf Cell, True
SclerenchymaCell SubClassOf AnimalCell and Cell and CellByClass and CirculatingCell and Erythrocyte and LeafCell and MatureCell and PhotosyntheticCell and PlantCell, \nTrue
SclerenchymaCell SubClassOf Miocyte, True
SclerenchymaCell SubClassOf AnimalCell and Cell and CellByClass and CirculatingCell and Erythrocyte and LeafCell and MatureCell and Miocyte and PhotosyntheticCell and PlantCell, True
SclerenchymaCell SubClassOf InMatureCell, True
SclerenchymaCell SubClassOf AnimalCell and Cell and CellByClass and CirculatingCell and Erythrocyte and InMatureCell and LeafCell and MatureCell and Miocyte and PhotosyntheticCell and PlantCell, \nTrue
SclerenchymaCell SubClassOf Osteocyte, True
SclerenchymaCell SubClassOf AnimalCell and Cell and CellByClass and CirculatingCell and Erythrocyte and InMatureCell and LeafCell and MatureCell and Miocyte and Osteocyte and PhotosyntheticCell and PlantCell, \nTrue
SclerenchymaCell SubClassOf ChondroBlast, \nTrue
SclerenchymaCell SubClassOf AnimalCell and Cell and CellByClass and ChondroBlast and CirculatingCell and Erythrocyte and InMatureCell and LeafCell and MatureCell and Miocyte and Osteocyte and PhotosyntheticCell and PlantCell, \nTrue
SclerenchymaCell SubClassOf MioBlast, True
SclerenchymaCell SubClassOf AnimalCell and Cell and CellByClass and ChondroBlast and CirculatingCell and Erythrocyte and InMatureCell and LeafCell and MatureCell and MioBlast and Miocyte and Osteocyte and PhotosyntheticCell and PlantCell, \nTrue
SclerenchymaCell SubClassOf CellByDevelopmentStage, True
SclerenchymaCell SubClassOf AnimalCell and Cell and CellByClass and CellByDevelopmentStage and ChondroBlast and CirculatingCell and Erythrocyte and InMatureCell and LeafCell and MatureCell and MioBlast and Miocyte and Osteocyte and PhotosyntheticCell and PlantCell, \nHere
SclerenchymaCell SubClassOf PhotoreceptorCell, True
SclerenchymaCell SubClassOf AnimalCell and Cell and CellByClass and ChondroBlast and CirculatingCell and Erythrocyte and InMatureCell and LeafCell and MatureCell and MioBlast and Miocyte and Osteocyte and PhotoreceptorCell and PhotosyntheticCell and PlantCell, \nTrue
SclerenchymaCell SubClassOf CellByOrganism, True
SclerenchymaCell SubClassOf AnimalCell and Cell and CellByClass and CellByOrganism and ChondroBlast and CirculatingCell and Erythrocyte and InMatureCell and LeafCell and MatureCell and MioBlast and Miocyte and Osteocyte and PhotoreceptorCell and PhotosyntheticCell and PlantCell, \nTrue
SclerenchymaCell SubClassOf ElectricallyActiveCell, \nTrue
SclerenchymaCell SubClassOf AnimalCell and Cell and CellByClass and CellByOrganism and ChondroBlast and CirculatingCell and ElectricallyActiveCell and Erythrocyte and InMatureCell and LeafCell and MatureCell and MioBlast and Miocyte and Osteocyte and PhotoreceptorCell and PhotosyntheticCell and PlantCell, \nTrue
SclerenchymaCell SubClassOf StructuralCell, True
SclerenchymaCell SubClassOf AnimalCell and Cell and CellByClass and CellByOrganism and ChondroBlast and CirculatingCell and ElectricallyActiveCell and Erythrocyte and InMatureCell and LeafCell and MatureCell and MioBlast and Miocyte and Osteocyte and PhotoreceptorCell and PhotosyntheticCell and PlantCell and StructuralCell, \nTrue
SclerenchymaCell SubClassOf Neuron, False
SclerenchymaCell SubClassOf ChondroCyte, True
SclerenchymaCell SubClassOf AnimalCell and Cell and CellByClass and CellByOrganism and ChondroBlast and ChondroCyte and CirculatingCell and ElectricallyActiveCell and Erythrocyte and InMatureCell and LeafCell and MatureCell and MioBlast and Miocyte and Osteocyte and PhotoreceptorCell and PhotosyntheticCell and PlantCell and StructuralCell, \nTrue
SclerenchymaCell SubClassOf AnimalCell and Cell and CellByClass and CellByDevelopmentStage and CellByOrganism and ChondroBlast and ChondroCyte and CirculatingCell and ElectricallyActiveCell and Erythrocyte and InMatureCell and LeafCell and MatureCell and MioBlast and Miocyte and Osteocyte and PhotoreceptorCell and PhotosyntheticCell and PlantCell and StructuralCell, \nHere
CellByDevelopmentStage and Miocyte SubClassOf SclerenchymaCell, \nTrue
Miocyte SubClassOf SclerenchymaCell, \nTrue
Miocyte SubClassOf LeafCell, True
Miocyte SubClassOf LeafCell and SclerenchymaCell, \nTrue
Miocyte SubClassOf Erythrocyte, True
Miocyte SubClassOf Erythrocyte and LeafCell and SclerenchymaCell, True
Miocyte SubClassOf PhotosyntheticCell, True
Miocyte SubClassOf Erythrocyte and LeafCell and PhotosyntheticCell and SclerenchymaCell, \nTrue
Miocyte SubClassOf CirculatingCell, True
Miocyte SubClassOf CirculatingCell and Erythrocyte and LeafCell and PhotosyntheticCell and SclerenchymaCell, \nTrue
Miocyte SubClassOf PlantCell, True
Miocyte SubClassOf CirculatingCell and Erythrocyte and LeafCell and PhotosyntheticCell and PlantCell and SclerenchymaCell, True
Miocyte SubClassOf CellByClass, True
Miocyte SubClassOf CellByClass and CirculatingCell and Erythrocyte and LeafCell and PhotosyntheticCell and PlantCell and SclerenchymaCell, \nTrue
Miocyte SubClassOf MatureCell, True
Miocyte SubClassOf CellByClass and CirculatingCell and Erythrocyte and LeafCell and MatureCell and PhotosyntheticCell and PlantCell and SclerenchymaCell, True
Miocyte SubClassOf AnimalCell, True
Miocyte SubClassOf AnimalCell and CellByClass and CirculatingCell and Erythrocyte and LeafCell and MatureCell and PhotosyntheticCell and PlantCell and SclerenchymaCell, \nTrue
Miocyte SubClassOf Cell, True
Miocyte SubClassOf AnimalCell and Cell and CellByClass and CirculatingCell and Erythrocyte and LeafCell and MatureCell and PhotosyntheticCell and PlantCell and SclerenchymaCell, \nTrue
Miocyte SubClassOf InMatureCell, \nTrue
Miocyte SubClassOf AnimalCell and Cell and CellByClass and CirculatingCell and Erythrocyte and InMatureCell and LeafCell and MatureCell and PhotosyntheticCell and PlantCell and SclerenchymaCell, \nTrue
Miocyte SubClassOf Osteocyte, True
Miocyte SubClassOf AnimalCell and Cell and CellByClass and CirculatingCell and Erythrocyte and InMatureCell and LeafCell and MatureCell and Osteocyte and PhotosyntheticCell and PlantCell and SclerenchymaCell, \nTrue
Miocyte SubClassOf ChondroBlast, True
Miocyte SubClassOf AnimalCell and Cell and CellByClass and ChondroBlast and CirculatingCell and Erythrocyte and InMatureCell and LeafCell and MatureCell and Osteocyte and PhotosyntheticCell and PlantCell and SclerenchymaCell, \nTrue
Miocyte SubClassOf MioBlast, True
Miocyte SubClassOf AnimalCell and Cell and CellByClass and ChondroBlast and CirculatingCell and Erythrocyte and InMatureCell and LeafCell and MatureCell and MioBlast and Osteocyte and PhotosyntheticCell and PlantCell and SclerenchymaCell, \nTrue
Miocyte SubClassOf CellByDevelopmentStage, True
Miocyte SubClassOf AnimalCell and Cell and CellByClass and CellByDevelopmentStage and ChondroBlast and CirculatingCell and Erythrocyte and InMatureCell and LeafCell and MatureCell and MioBlast and Osteocyte and PhotosyntheticCell and PlantCell and SclerenchymaCell, \nTrue
Miocyte SubClassOf PhotoreceptorCell, True
Miocyte SubClassOf AnimalCell and Cell and CellByClass and CellByDevelopmentStage and ChondroBlast and CirculatingCell and Erythrocyte and InMatureCell and LeafCell and MatureCell and MioBlast and Osteocyte and PhotoreceptorCell and PhotosyntheticCell and PlantCell and SclerenchymaCell, \nTrue
Miocyte SubClassOf CellByOrganism, True
Miocyte SubClassOf AnimalCell and Cell and CellByClass and CellByDevelopmentStage and CellByOrganism and ChondroBlast and CirculatingCell and Erythrocyte and InMatureCell and LeafCell and MatureCell and MioBlast and Osteocyte and PhotoreceptorCell and PhotosyntheticCell and PlantCell and SclerenchymaCell, \nTrue
Miocyte SubClassOf ElectricallyActiveCell, True
Miocyte SubClassOf AnimalCell and Cell and CellByClass and CellByDevelopmentStage and CellByOrganism and ChondroBlast and CirculatingCell and ElectricallyActiveCell and Erythrocyte and InMatureCell and LeafCell and MatureCell and MioBlast and Osteocyte and PhotoreceptorCell and PhotosyntheticCell and PlantCell and SclerenchymaCell, \nHere
Miocyte SubClassOf StructuralCell, True
Miocyte SubClassOf AnimalCell and Cell and CellByClass and CellByDevelopmentStage and CellByOrganism and ChondroBlast and CirculatingCell and Erythrocyte and InMatureCell and LeafCell and MatureCell and MioBlast and Osteocyte and PhotoreceptorCell and PhotosyntheticCell and PlantCell and SclerenchymaCell and StructuralCell, \nTrue
Miocyte SubClassOf Neuron, True
Miocyte SubClassOf AnimalCell and Cell and CellByClass and CellByDevelopmentStage and CellByOrganism and ChondroBlast and CirculatingCell and Erythrocyte and InMatureCell and LeafCell and MatureCell and MioBlast and Neuron and Osteocyte and PhotoreceptorCell and PhotosyntheticCell and PlantCell and SclerenchymaCell and StructuralCell, \nTrue
Miocyte SubClassOf ChondroCyte, True
Miocyte SubClassOf AnimalCell and Cell and CellByClass and CellByDevelopmentStage and CellByOrganism and ChondroBlast and ChondroCyte and CirculatingCell and Erythrocyte and InMatureCell and LeafCell and MatureCell and MioBlast and Neuron and Osteocyte and PhotoreceptorCell and PhotosyntheticCell and PlantCell and SclerenchymaCell and StructuralCell, \nTrue
Miocyte SubClassOf AnimalCell and Cell and CellByClass and CellByDevelopmentStage and CellByOrganism and ChondroBlast and ChondroCyte and CirculatingCell and ElectricallyActiveCell and Erythrocyte and InMatureCell and LeafCell and MatureCell and MioBlast and Neuron and Osteocyte and PhotoreceptorCell and PhotosyntheticCell and PlantCell and SclerenchymaCell and StructuralCell, \nHere
CellByDevelopmentStage and Osteocyte SubClassOf PhotoreceptorCell, \nTrue
CellByDevelopmentStage and Osteocyte SubClassOf SclerenchymaCell, \nTrue
Osteocyte SubClassOf SclerenchymaCell, True
Osteocyte SubClassOf LeafCell, True
Osteocyte SubClassOf LeafCell and SclerenchymaCell, \nTrue
Osteocyte SubClassOf Erythrocyte, False
Osteocyte SubClassOf PhotosyntheticCell, True
Osteocyte SubClassOf LeafCell and PhotosyntheticCell and SclerenchymaCell, True
Osteocyte SubClassOf CirculatingCell, \nTrue
Osteocyte SubClassOf CirculatingCell and LeafCell and PhotosyntheticCell and SclerenchymaCell, True
Osteocyte SubClassOf PlantCell, True
Osteocyte SubClassOf CirculatingCell and LeafCell and PhotosyntheticCell and PlantCell and SclerenchymaCell, \nTrue
Osteocyte SubClassOf CellByClass, True
Osteocyte SubClassOf CellByClass and CirculatingCell and LeafCell and PhotosyntheticCell and PlantCell and SclerenchymaCell, \nTrue
Osteocyte SubClassOf MatureCell, True
Osteocyte SubClassOf CellByClass and CirculatingCell and LeafCell and MatureCell and PhotosyntheticCell and PlantCell and SclerenchymaCell, \nTrue
Osteocyte SubClassOf AnimalCell, True
Osteocyte SubClassOf AnimalCell and CellByClass and CirculatingCell and LeafCell and MatureCell and PhotosyntheticCell and PlantCell and SclerenchymaCell, \nTrue
Osteocyte SubClassOf Cell, True
Osteocyte SubClassOf AnimalCell and Cell and CellByClass and CirculatingCell and LeafCell and MatureCell and PhotosyntheticCell and PlantCell and SclerenchymaCell, True
Osteocyte SubClassOf Miocyte, True
Osteocyte SubClassOf AnimalCell and Cell and CellByClass and CirculatingCell and LeafCell and MatureCell and Miocyte and PhotosyntheticCell and PlantCell and SclerenchymaCell, \nTrue
Osteocyte SubClassOf InMatureCell, True
Osteocyte SubClassOf AnimalCell and Cell and CellByClass and CirculatingCell and InMatureCell and LeafCell and MatureCell and Miocyte and PhotosyntheticCell and PlantCell and SclerenchymaCell, True
Osteocyte SubClassOf ChondroBlast, \nTrue
Osteocyte SubClassOf AnimalCell and Cell and CellByClass and ChondroBlast and CirculatingCell and InMatureCell and LeafCell and MatureCell and Miocyte and PhotosyntheticCell and PlantCell and SclerenchymaCell, True
Osteocyte SubClassOf MioBlast, \nTrue
Osteocyte SubClassOf AnimalCell and Cell and CellByClass and ChondroBlast and CirculatingCell and InMatureCell and LeafCell and MatureCell and MioBlast and Miocyte and PhotosyntheticCell and PlantCell and SclerenchymaCell, \nTrue
Osteocyte SubClassOf CellByDevelopmentStage, True
Osteocyte SubClassOf AnimalCell and Cell and CellByClass and CellByDevelopmentStage and ChondroBlast and CirculatingCell and InMatureCell and LeafCell and MatureCell and MioBlast and Miocyte and PhotosyntheticCell and PlantCell and SclerenchymaCell, \nTrue
Osteocyte SubClassOf PhotoreceptorCell, \nFalse
Osteocyte SubClassOf CellByOrganism, True
Osteocyte SubClassOf AnimalCell and Cell and CellByClass and CellByDevelopmentStage and CellByOrganism and ChondroBlast and CirculatingCell and InMatureCell and LeafCell and MatureCell and MioBlast and Miocyte and PhotosyntheticCell and PlantCell and SclerenchymaCell, \nTrue
Osteocyte SubClassOf ElectricallyActiveCell, \nTrue
Osteocyte SubClassOf AnimalCell and Cell and CellByClass and CellByDevelopmentStage and CellByOrganism and ChondroBlast and CirculatingCell and ElectricallyActiveCell and InMatureCell and LeafCell and MatureCell and MioBlast and Miocyte and PhotosyntheticCell and PlantCell and SclerenchymaCell, \nTrue
Osteocyte SubClassOf StructuralCell, True
Osteocyte SubClassOf AnimalCell and Cell and CellByClass and CellByDevelopmentStage and CellByOrganism and ChondroBlast and CirculatingCell and ElectricallyActiveCell and InMatureCell and LeafCell and MatureCell and MioBlast and Miocyte and PhotosyntheticCell and PlantCell and SclerenchymaCell and StructuralCell, True.
Osteocyte SubClassOf Neuron, True
Osteocyte SubClassOf AnimalCell and Cell and CellByClass and CellByDevelopmentStage and CellByOrganism and ChondroBlast and CirculatingCell and ElectricallyActiveCell and InMatureCell and LeafCell and MatureCell and MioBlast and Miocyte and Neuron and PhotosyntheticCell and PlantCell and SclerenchymaCell and StructuralCell, True.
Osteocyte SubClassOf ChondroCyte, True
Osteocyte SubClassOf AnimalCell and Cell and CellByClass and CellByDevelopmentStage and CellByOrganism and ChondroBlast and ChondroCyte and CirculatingCell and ElectricallyActiveCell and InMatureCell and LeafCell and MatureCell and MioBlast and Miocyte and Neuron and PhotosyntheticCell and PlantCell and SclerenchymaCell and StructuralCell, \nTrue
ChondroCyte SubClassOf PhotoreceptorCell, True
ChondroCyte SubClassOf SclerenchymaCell, True
ChondroCyte SubClassOf LeafCell, True
ChondroCyte SubClassOf LeafCell and SclerenchymaCell, True
ChondroCyte SubClassOf Erythrocyte, True
ChondroCyte SubClassOf Erythrocyte and LeafCell and SclerenchymaCell, \nTrue
ChondroCyte SubClassOf PhotosyntheticCell, True
ChondroCyte SubClassOf Erythrocyte and LeafCell and PhotosyntheticCell and SclerenchymaCell, \nTrue
ChondroCyte SubClassOf CirculatingCell, True
ChondroCyte SubClassOf CirculatingCell and Erythrocyte and LeafCell and PhotosyntheticCell and SclerenchymaCell, \nTrue
ChondroCyte SubClassOf PlantCell, True
ChondroCyte SubClassOf CirculatingCell and Erythrocyte and LeafCell and PhotosyntheticCell and PlantCell and SclerenchymaCell, True
ChondroCyte SubClassOf CellByClass, \nTrue
ChondroCyte SubClassOf CellByClass and CirculatingCell and Erythrocyte and LeafCell and PhotosyntheticCell and PlantCell and SclerenchymaCell, \nTrue
ChondroCyte SubClassOf MatureCell, True
ChondroCyte SubClassOf CellByClass and CirculatingCell and Erythrocyte and LeafCell and MatureCell and PhotosyntheticCell and PlantCell and SclerenchymaCell, \nTrue
ChondroCyte SubClassOf AnimalCell, True
ChondroCyte SubClassOf AnimalCell and CellByClass and CirculatingCell and Erythrocyte and LeafCell and MatureCell and PhotosyntheticCell and PlantCell and SclerenchymaCell, True.
ChondroCyte SubClassOf Cell, True
ChondroCyte SubClassOf AnimalCell and Cell and CellByClass and CirculatingCell and Erythrocyte and LeafCell and MatureCell and PhotosyntheticCell and PlantCell and SclerenchymaCell, \nTrue
ChondroCyte SubClassOf Miocyte, \nTrue
ChondroCyte SubClassOf AnimalCell and Cell and CellByClass and CirculatingCell and Erythrocyte and LeafCell and MatureCell and Miocyte and PhotosyntheticCell and PlantCell and SclerenchymaCell, \nTrue
ChondroCyte SubClassOf InMatureCell, \nTrue
ChondroCyte SubClassOf AnimalCell and Cell and CellByClass and CirculatingCell and Erythrocyte and InMatureCell and LeafCell and MatureCell and Miocyte and PhotosyntheticCell and PlantCell and SclerenchymaCell, \nTrue
ChondroCyte SubClassOf Osteocyte, True
ChondroCyte SubClassOf AnimalCell and Cell and CellByClass and CirculatingCell and Erythrocyte and InMatureCell and LeafCell and MatureCell and Miocyte and Osteocyte and PhotosyntheticCell and PlantCell and SclerenchymaCell, \nTrue
ChondroCyte SubClassOf ChondroBlast, True
ChondroCyte SubClassOf AnimalCell and Cell and CellByClass and ChondroBlast and CirculatingCell and Erythrocyte and InMatureCell and LeafCell and MatureCell and Miocyte and Osteocyte and PhotosyntheticCell and PlantCell and SclerenchymaCell, \nTrue
ChondroCyte SubClassOf MioBlast, \nTrue
ChondroCyte SubClassOf AnimalCell and Cell and CellByClass and ChondroBlast and CirculatingCell and Erythrocyte and InMatureCell and LeafCell and MatureCell and MioBlast and Miocyte and Osteocyte and PhotosyntheticCell and PlantCell and SclerenchymaCell, \nHere
ChondroCyte SubClassOf CellByDevelopmentStage, True
ChondroCyte SubClassOf AnimalCell and Cell and CellByClass and CellByDevelopmentStage and ChondroBlast and CirculatingCell and Erythrocyte and InMatureCell and LeafCell and MatureCell and Miocyte and Osteocyte and PhotosyntheticCell and PlantCell and SclerenchymaCell, \nHere
ChondroCyte SubClassOf AnimalCell and Cell and CellByClass and ChondroBlast and CirculatingCell and Erythrocyte and InMatureCell and LeafCell and MatureCell and Miocyte and Osteocyte and PhotoreceptorCell and PhotosyntheticCell and PlantCell and SclerenchymaCell, \nTrue
ChondroCyte SubClassOf CellByOrganism, True
ChondroCyte SubClassOf AnimalCell and Cell and CellByClass and CellByOrganism and ChondroBlast and CirculatingCell and Erythrocyte and InMatureCell and LeafCell and MatureCell and Miocyte and Osteocyte and PhotoreceptorCell and PhotosyntheticCell and PlantCell and SclerenchymaCell, \nTrue
ChondroCyte SubClassOf ElectricallyActiveCell, True
ChondroCyte SubClassOf AnimalCell and Cell and CellByClass and CellByOrganism and ChondroBlast and CirculatingCell and ElectricallyActiveCell and Erythrocyte and InMatureCell and LeafCell and MatureCell and Miocyte and Osteocyte and PhotoreceptorCell and PhotosyntheticCell and PlantCell and SclerenchymaCell, \nTrue
ChondroCyte SubClassOf StructuralCell, True
ChondroCyte SubClassOf AnimalCell and Cell and CellByClass and CellByOrganism and ChondroBlast and CirculatingCell and ElectricallyActiveCell and Erythrocyte and InMatureCell and LeafCell and MatureCell and Miocyte and Osteocyte and PhotoreceptorCell and PhotosyntheticCell and PlantCell and SclerenchymaCell and StructuralCell, \nTrue
ChondroCyte SubClassOf Neuron, True
ChondroCyte SubClassOf AnimalCell and Cell and CellByClass and CellByOrganism and ChondroBlast and CirculatingCell and ElectricallyActiveCell and Erythrocyte and InMatureCell and LeafCell and MatureCell and Miocyte and Neuron and Osteocyte and PhotoreceptorCell and PhotosyntheticCell and PlantCell and SclerenchymaCell and StructuralCell, \nHere
ChondroCyte SubClassOf AnimalCell and Cell and CellByClass and CellByOrganism and ChondroBlast and CirculatingCell and ElectricallyActiveCell and Erythrocyte and InMatureCell and LeafCell and MatureCell and MioBlast and Miocyte and Osteocyte and PhotoreceptorCell and PhotosyntheticCell and PlantCell and SclerenchymaCell and StructuralCell, \nTrue
ChondroCyte SubClassOf AnimalCell and Cell and CellByClass and CellByDevelopmentStage and CellByOrganism and ChondroBlast and CirculatingCell and ElectricallyActiveCell and Erythrocyte and InMatureCell and LeafCell and MatureCell and MioBlast and Miocyte and Osteocyte and PhotoreceptorCell and PhotosyntheticCell and PlantCell and SclerenchymaCell and StructuralCell, \nHere
ChondroCyte SubClassOf AnimalCell and Cell and CellByClass and CellByOrganism and ChondroBlast and CirculatingCell and ElectricallyActiveCell and Erythrocyte and InMatureCell and LeafCell and MatureCell and MioBlast and Miocyte and Neuron and Osteocyte and PhotoreceptorCell and PhotosyntheticCell and PlantCell and SclerenchymaCell and StructuralCell, \nTrue
Neuron and PlantCell SubClassOf LeafCell, \nFalse
MatureCell and MioBlast SubClassOf CirculatingCell, \nTrue
MatureCell and MioBlast SubClassOf SclerenchymaCell, True
MioBlast SubClassOf SclerenchymaCell, True
MioBlast SubClassOf LeafCell, True
MioBlast SubClassOf LeafCell and SclerenchymaCell, \nTrue
MioBlast SubClassOf Erythrocyte, True
MioBlast SubClassOf Erythrocyte and LeafCell and SclerenchymaCell, True
MioBlast SubClassOf PhotosyntheticCell, True
MioBlast SubClassOf Erythrocyte and LeafCell and PhotosyntheticCell and SclerenchymaCell, True
MioBlast SubClassOf CirculatingCell, True
MioBlast SubClassOf CirculatingCell and Erythrocyte and LeafCell and PhotosyntheticCell and SclerenchymaCell, True
MioBlast SubClassOf PlantCell, True
MioBlast SubClassOf CirculatingCell and Erythrocyte and LeafCell and PhotosyntheticCell and PlantCell and SclerenchymaCell, True
MioBlast SubClassOf CellByClass, True
MioBlast SubClassOf CellByClass and CirculatingCell and Erythrocyte and LeafCell and PhotosyntheticCell and PlantCell and SclerenchymaCell, True
MioBlast SubClassOf MatureCell, True
MioBlast SubClassOf CellByClass and CirculatingCell and Erythrocyte and LeafCell and MatureCell and PhotosyntheticCell and PlantCell and SclerenchymaCell, \nTrue
MioBlast SubClassOf AnimalCell, True
MioBlast SubClassOf AnimalCell and CellByClass and CirculatingCell and Erythrocyte and LeafCell and MatureCell and PhotosyntheticCell and PlantCell and SclerenchymaCell, True.
MioBlast SubClassOf Cell, True
MioBlast SubClassOf AnimalCell and Cell and CellByClass and CirculatingCell and Erythrocyte and LeafCell and MatureCell and PhotosyntheticCell and PlantCell and SclerenchymaCell, \nTrue
MioBlast SubClassOf Miocyte, True
MioBlast SubClassOf AnimalCell and Cell and CellByClass and CirculatingCell and Erythrocyte and LeafCell and MatureCell and Miocyte and PhotosyntheticCell and PlantCell and SclerenchymaCell, \nTrue
MioBlast SubClassOf InMatureCell, True
MioBlast SubClassOf AnimalCell and Cell and CellByClass and CirculatingCell and Erythrocyte and InMatureCell and LeafCell and MatureCell and Miocyte and PhotosyntheticCell and PlantCell and SclerenchymaCell, \nFalse
MioBlast SubClassOf Osteocyte, True
MioBlast SubClassOf AnimalCell and Cell and CellByClass and CirculatingCell and Erythrocyte and LeafCell and MatureCell and Miocyte and Osteocyte and PhotosyntheticCell and PlantCell and SclerenchymaCell, \nTrue
MioBlast SubClassOf ChondroBlast, True
MioBlast SubClassOf AnimalCell and Cell and CellByClass and ChondroBlast and CirculatingCell and Erythrocyte and LeafCell and MatureCell and Miocyte and Osteocyte and PhotosyntheticCell and PlantCell and SclerenchymaCell, \nTrue
MioBlast SubClassOf CellByDevelopmentStage, True
MioBlast SubClassOf AnimalCell and Cell and CellByClass and CellByDevelopmentStage and ChondroBlast and CirculatingCell and Erythrocyte and LeafCell and MatureCell and Miocyte and Osteocyte and PhotosyntheticCell and PlantCell and SclerenchymaCell, \nTrue
MioBlast SubClassOf PhotoreceptorCell, True
MioBlast SubClassOf AnimalCell and Cell and CellByClass and CellByDevelopmentStage and ChondroBlast and CirculatingCell and Erythrocyte and LeafCell and MatureCell and Miocyte and Osteocyte and PhotoreceptorCell and PhotosyntheticCell and PlantCell and SclerenchymaCell, \nHere
MioBlast SubClassOf CellByOrganism, True
MioBlast SubClassOf AnimalCell and Cell and CellByClass and CellByDevelopmentStage and CellByOrganism and ChondroBlast and CirculatingCell and Erythrocyte and LeafCell and MatureCell and Miocyte and Osteocyte and PhotosyntheticCell and PlantCell and SclerenchymaCell, \nHere
MioBlast SubClassOf ElectricallyActiveCell, True
MioBlast SubClassOf AnimalCell and Cell and CellByClass and CellByDevelopmentStage and ChondroBlast and CirculatingCell and ElectricallyActiveCell and Erythrocyte and LeafCell and MatureCell and Miocyte and Osteocyte and PhotosyntheticCell and PlantCell and SclerenchymaCell, \nTrue
MioBlast SubClassOf StructuralCell, True
MioBlast SubClassOf AnimalCell and Cell and CellByClass and CellByDevelopmentStage and ChondroBlast and CirculatingCell and ElectricallyActiveCell and Erythrocyte and LeafCell and MatureCell and Miocyte and Osteocyte and PhotosyntheticCell and PlantCell and SclerenchymaCell and StructuralCell, \nTrue
MioBlast SubClassOf Neuron, \nFalse
MioBlast SubClassOf ChondroCyte, True
MioBlast SubClassOf AnimalCell and Cell and CellByClass and CellByDevelopmentStage and ChondroBlast and ChondroCyte and CirculatingCell and ElectricallyActiveCell and Erythrocyte and LeafCell and MatureCell and Miocyte and Osteocyte and PhotosyntheticCell and PlantCell and SclerenchymaCell and StructuralCell, \nTrue
MioBlast SubClassOf AnimalCell and Cell and CellByClass and CellByDevelopmentStage and ChondroBlast and ChondroCyte and CirculatingCell and ElectricallyActiveCell and Erythrocyte and InMatureCell and LeafCell and MatureCell and Miocyte and Osteocyte and PhotosyntheticCell and PlantCell and SclerenchymaCell and StructuralCell, True
MioBlast SubClassOf AnimalCell and Cell and CellByClass and CellByDevelopmentStage and ChondroBlast and ChondroCyte and CirculatingCell and ElectricallyActiveCell and Erythrocyte and InMatureCell and LeafCell and MatureCell and Miocyte and Osteocyte and PhotoreceptorCell and PhotosyntheticCell and PlantCell and SclerenchymaCell and StructuralCell, \nTrue
MioBlast SubClassOf AnimalCell and Cell and CellByClass and CellByDevelopmentStage and CellByOrganism and ChondroBlast and ChondroCyte and CirculatingCell and ElectricallyActiveCell and Erythrocyte and InMatureCell and LeafCell and MatureCell and Miocyte and Osteocyte and PhotoreceptorCell and PhotosyntheticCell and PlantCell and SclerenchymaCell and StructuralCell, \nTrue
ElectricallyActiveCell and PlantCell SubClassOf Cell, True
ElectricallyActiveCell and PlantCell SubClassOf SclerenchymaCell, \nTrue
ElectricallyActiveCell SubClassOf SclerenchymaCell, \nTrue
ElectricallyActiveCell SubClassOf LeafCell, True
ElectricallyActiveCell SubClassOf LeafCell and SclerenchymaCell, True
ElectricallyActiveCell SubClassOf Erythrocyte, True
ElectricallyActiveCell SubClassOf Erythrocyte and LeafCell and SclerenchymaCell, True
ElectricallyActiveCell SubClassOf PhotosyntheticCell, True
ElectricallyActiveCell SubClassOf Erythrocyte and LeafCell and PhotosyntheticCell and SclerenchymaCell, \nTrue
ElectricallyActiveCell SubClassOf CirculatingCell, True
ElectricallyActiveCell SubClassOf CirculatingCell and Erythrocyte and LeafCell and PhotosyntheticCell and SclerenchymaCell, True
ElectricallyActiveCell SubClassOf PlantCell, True
ElectricallyActiveCell SubClassOf CirculatingCell and Erythrocyte and LeafCell and PhotosyntheticCell and PlantCell and SclerenchymaCell, True
ElectricallyActiveCell SubClassOf CellByClass, \nTrue
ElectricallyActiveCell SubClassOf CellByClass and CirculatingCell and Erythrocyte and LeafCell and PhotosyntheticCell and PlantCell and SclerenchymaCell, \nTrue
ElectricallyActiveCell SubClassOf MatureCell, \nTrue
ElectricallyActiveCell SubClassOf CellByClass and CirculatingCell and Erythrocyte and LeafCell and MatureCell and PhotosyntheticCell and PlantCell and SclerenchymaCell, \nTrue
ElectricallyActiveCell SubClassOf AnimalCell, True
ElectricallyActiveCell SubClassOf AnimalCell and CellByClass and CirculatingCell and Erythrocyte and LeafCell and MatureCell and PhotosyntheticCell and PlantCell and SclerenchymaCell, True.
ElectricallyActiveCell SubClassOf Cell, True
ElectricallyActiveCell SubClassOf AnimalCell and Cell and CellByClass and CirculatingCell and Erythrocyte and LeafCell and MatureCell and PhotosyntheticCell and PlantCell and SclerenchymaCell, \nTrue
ElectricallyActiveCell SubClassOf Miocyte, True
ElectricallyActiveCell SubClassOf AnimalCell and Cell and CellByClass and CirculatingCell and Erythrocyte and LeafCell and MatureCell and Miocyte and PhotosyntheticCell and PlantCell and SclerenchymaCell, \nTrue
ElectricallyActiveCell SubClassOf InMatureCell, \nTrue
ElectricallyActiveCell SubClassOf AnimalCell and Cell and CellByClass and CirculatingCell and Erythrocyte and InMatureCell and LeafCell and MatureCell and Miocyte and PhotosyntheticCell and PlantCell and SclerenchymaCell, \nTrue
ElectricallyActiveCell SubClassOf Osteocyte, True
ElectricallyActiveCell SubClassOf AnimalCell and Cell and CellByClass and CirculatingCell and Erythrocyte and InMatureCell and LeafCell and MatureCell and Miocyte and Osteocyte and PhotosyntheticCell and PlantCell and SclerenchymaCell, True
ElectricallyActiveCell SubClassOf ChondroBlast, True
ElectricallyActiveCell SubClassOf AnimalCell and Cell and CellByClass and ChondroBlast and CirculatingCell and Erythrocyte and InMatureCell and LeafCell and MatureCell and Miocyte and Osteocyte and PhotosyntheticCell and PlantCell and SclerenchymaCell, \nTrue
ElectricallyActiveCell SubClassOf MioBlast, True
ElectricallyActiveCell SubClassOf AnimalCell and Cell and CellByClass and ChondroBlast and CirculatingCell and Erythrocyte and InMatureCell and LeafCell and MatureCell and MioBlast and Miocyte and Osteocyte and PhotosyntheticCell and PlantCell and SclerenchymaCell, \nTrue
ElectricallyActiveCell SubClassOf CellByDevelopmentStage, True
ElectricallyActiveCell SubClassOf AnimalCell and Cell and CellByClass and CellByDevelopmentStage and ChondroBlast and CirculatingCell and Erythrocyte and InMatureCell and LeafCell and MatureCell and MioBlast and Miocyte and Osteocyte and PhotosyntheticCell and PlantCell and SclerenchymaCell, \nTrue
ElectricallyActiveCell SubClassOf PhotoreceptorCell, True
ElectricallyActiveCell SubClassOf AnimalCell and Cell and CellByClass and CellByDevelopmentStage and ChondroBlast and CirculatingCell and Erythrocyte and InMatureCell and LeafCell and MatureCell and MioBlast and Miocyte and Osteocyte and PhotoreceptorCell and PhotosyntheticCell and PlantCell and SclerenchymaCell, \nHere
ElectricallyActiveCell SubClassOf CellByOrganism, True
ElectricallyActiveCell SubClassOf AnimalCell and Cell and CellByClass and CellByDevelopmentStage and CellByOrganism and ChondroBlast and CirculatingCell and Erythrocyte and InMatureCell and LeafCell and MatureCell and MioBlast and Miocyte and Osteocyte and PhotosyntheticCell and PlantCell and SclerenchymaCell, \nHere
ElectricallyActiveCell SubClassOf StructuralCell, True
ElectricallyActiveCell SubClassOf AnimalCell and Cell and CellByClass and CellByDevelopmentStage and ChondroBlast and CirculatingCell and Erythrocyte and InMatureCell and LeafCell and MatureCell and MioBlast and Miocyte and Osteocyte and PhotosyntheticCell and PlantCell and SclerenchymaCell and StructuralCell, \nTrue
ElectricallyActiveCell SubClassOf Neuron, True
ElectricallyActiveCell SubClassOf AnimalCell and Cell and CellByClass and CellByDevelopmentStage and ChondroBlast and CirculatingCell and Erythrocyte and InMatureCell and LeafCell and MatureCell and MioBlast and Miocyte and Neuron and Osteocyte and PhotosyntheticCell and PlantCell and SclerenchymaCell and StructuralCell, \nTrue
ElectricallyActiveCell SubClassOf ChondroCyte, True
ElectricallyActiveCell SubClassOf AnimalCell and Cell and CellByClass and CellByDevelopmentStage and ChondroBlast and ChondroCyte and CirculatingCell and Erythrocyte and InMatureCell and LeafCell and MatureCell and MioBlast and Miocyte and Neuron and Osteocyte and PhotosyntheticCell and PlantCell and SclerenchymaCell and StructuralCell, \nHere
ElectricallyActiveCell SubClassOf AnimalCell and Cell and CellByClass and CellByDevelopmentStage and ChondroBlast and CirculatingCell and Erythrocyte and InMatureCell and LeafCell and MatureCell and MioBlast and Miocyte and Neuron and Osteocyte and PhotoreceptorCell and PhotosyntheticCell and PlantCell and SclerenchymaCell and StructuralCell, \nTrue
ElectricallyActiveCell SubClassOf AnimalCell and Cell and CellByClass and CellByDevelopmentStage and CellByOrganism and ChondroBlast and CirculatingCell and Erythrocyte and InMatureCell and LeafCell and MatureCell and MioBlast and Miocyte and Neuron and Osteocyte and PhotoreceptorCell and PhotosyntheticCell and PlantCell and SclerenchymaCell and StructuralCell, \nHere
ElectricallyActiveCell SubClassOf AnimalCell and Cell and CellByClass and CellByDevelopmentStage and ChondroBlast and ChondroCyte and CirculatingCell and Erythrocyte and InMatureCell and LeafCell and MatureCell and MioBlast and Miocyte and Neuron and Osteocyte and PhotoreceptorCell and PhotosyntheticCell and PlantCell and SclerenchymaCell and StructuralCell, \nTrue
AnimalCell SubClassOf Cell, True
AnimalCell SubClassOf SclerenchymaCell, True
AnimalCell SubClassOf LeafCell, True
AnimalCell SubClassOf LeafCell and SclerenchymaCell, True
AnimalCell SubClassOf Erythrocyte, True
AnimalCell SubClassOf Erythrocyte and LeafCell and SclerenchymaCell, True
AnimalCell SubClassOf PhotosyntheticCell, True
AnimalCell SubClassOf Erythrocyte and LeafCell and PhotosyntheticCell and SclerenchymaCell, True
AnimalCell SubClassOf CirculatingCell, True
AnimalCell SubClassOf CirculatingCell and Erythrocyte and LeafCell and PhotosyntheticCell and SclerenchymaCell, True
AnimalCell SubClassOf PlantCell, True
AnimalCell SubClassOf CirculatingCell and Erythrocyte and LeafCell and PhotosyntheticCell and PlantCell and SclerenchymaCell, True
AnimalCell SubClassOf CellByClass, True
AnimalCell SubClassOf CellByClass and CirculatingCell and Erythrocyte and LeafCell and PhotosyntheticCell and PlantCell and SclerenchymaCell, True
AnimalCell SubClassOf MatureCell, True
AnimalCell SubClassOf CellByClass and CirculatingCell and Erythrocyte and LeafCell and MatureCell and PhotosyntheticCell and PlantCell and SclerenchymaCell, \nTrue
AnimalCell SubClassOf Cell and CellByClass and CirculatingCell and Erythrocyte and LeafCell and MatureCell and PhotosyntheticCell and PlantCell and SclerenchymaCell, \nTrue
AnimalCell SubClassOf Miocyte, True
AnimalCell SubClassOf Cell and CellByClass and CirculatingCell and Erythrocyte and LeafCell and MatureCell and Miocyte and PhotosyntheticCell and PlantCell and SclerenchymaCell, True
AnimalCell SubClassOf InMatureCell, True
AnimalCell SubClassOf Cell and CellByClass and CirculatingCell and Erythrocyte and InMatureCell and LeafCell and MatureCell and Miocyte and PhotosyntheticCell and PlantCell and SclerenchymaCell, \nTrue
AnimalCell SubClassOf Osteocyte, True
AnimalCell SubClassOf Cell and CellByClass and CirculatingCell and Erythrocyte and InMatureCell and LeafCell and MatureCell and Miocyte and Osteocyte and PhotosyntheticCell and PlantCell and SclerenchymaCell, \nTrue
AnimalCell SubClassOf ChondroBlast, True
AnimalCell SubClassOf Cell and CellByClass and ChondroBlast and CirculatingCell and Erythrocyte and InMatureCell and LeafCell and MatureCell and Miocyte and Osteocyte and PhotosyntheticCell and PlantCell and SclerenchymaCell, \nTrue
AnimalCell SubClassOf MioBlast, True
AnimalCell SubClassOf Cell and CellByClass and ChondroBlast and CirculatingCell and Erythrocyte and InMatureCell and LeafCell and MatureCell and MioBlast and Miocyte and Osteocyte and PhotosyntheticCell and PlantCell and SclerenchymaCell, \nTrue
AnimalCell SubClassOf CellByDevelopmentStage, True
AnimalCell SubClassOf Cell and CellByClass and CellByDevelopmentStage and ChondroBlast and CirculatingCell and Erythrocyte and InMatureCell and LeafCell and MatureCell and MioBlast and Miocyte and Osteocyte and PhotosyntheticCell and PlantCell and SclerenchymaCell, \nHere
AnimalCell SubClassOf PhotoreceptorCell, True
AnimalCell SubClassOf Cell and CellByClass and ChondroBlast and CirculatingCell and Erythrocyte and InMatureCell and LeafCell and MatureCell and MioBlast and Miocyte and Osteocyte and PhotoreceptorCell and PhotosyntheticCell and PlantCell and SclerenchymaCell, \nTrue
AnimalCell SubClassOf CellByOrganism, True
AnimalCell SubClassOf Cell and CellByClass and CellByOrganism and ChondroBlast and CirculatingCell and Erythrocyte and InMatureCell and LeafCell and MatureCell and MioBlast and Miocyte and Osteocyte and PhotoreceptorCell and PhotosyntheticCell and PlantCell and SclerenchymaCell, \nHere
AnimalCell SubClassOf ElectricallyActiveCell, True
AnimalCell SubClassOf Cell and CellByClass and ChondroBlast and CirculatingCell and ElectricallyActiveCell and Erythrocyte and InMatureCell and LeafCell and MatureCell and MioBlast and Miocyte and Osteocyte and PhotoreceptorCell and PhotosyntheticCell and PlantCell and SclerenchymaCell, \nTrue
AnimalCell SubClassOf StructuralCell, True
AnimalCell SubClassOf Cell and CellByClass and ChondroBlast and CirculatingCell and ElectricallyActiveCell and Erythrocyte and InMatureCell and LeafCell and MatureCell and MioBlast and Miocyte and Osteocyte and PhotoreceptorCell and PhotosyntheticCell and PlantCell and SclerenchymaCell and StructuralCell, True.
AnimalCell SubClassOf Neuron, True
AnimalCell SubClassOf Cell and CellByClass and ChondroBlast and CirculatingCell and ElectricallyActiveCell and Erythrocyte and InMatureCell and LeafCell and MatureCell and MioBlast and Miocyte and Neuron and Osteocyte and PhotoreceptorCell and PhotosyntheticCell and PlantCell and SclerenchymaCell and StructuralCell, \nTrue
AnimalCell SubClassOf ChondroCyte, True
AnimalCell SubClassOf Cell and CellByClass and ChondroBlast and ChondroCyte and CirculatingCell and ElectricallyActiveCell and Erythrocyte and InMatureCell and LeafCell and MatureCell and MioBlast and Miocyte and Neuron and Osteocyte and PhotoreceptorCell and PhotosyntheticCell and PlantCell and SclerenchymaCell and StructuralCell, True.
AnimalCell SubClassOf Cell and CellByClass and CellByDevelopmentStage and ChondroBlast and ChondroCyte and CirculatingCell and ElectricallyActiveCell and Erythrocyte and InMatureCell and LeafCell and MatureCell and MioBlast and Miocyte and Neuron and Osteocyte and PhotoreceptorCell and PhotosyntheticCell and PlantCell and SclerenchymaCell and StructuralCell, \nHere
AnimalCell SubClassOf Cell and CellByClass and CellByOrganism and ChondroBlast and ChondroCyte and CirculatingCell and ElectricallyActiveCell and Erythrocyte and InMatureCell and LeafCell and MatureCell and MioBlast and Miocyte and Neuron and Osteocyte and PhotoreceptorCell and PhotosyntheticCell and PlantCell and SclerenchymaCell and StructuralCell, \nTrue
CellByDevelopmentStage and PhotoreceptorCell SubClassOf MatureCell, \nTrue
CellByDevelopmentStage and PhotoreceptorCell SubClassOf SclerenchymaCell, \nTrue
CellByDevelopmentStage SubClassOf SclerenchymaCell, True
CellByDevelopmentStage SubClassOf LeafCell, True
CellByDevelopmentStage SubClassOf LeafCell and SclerenchymaCell, True
CellByDevelopmentStage SubClassOf Erythrocyte, True
CellByDevelopmentStage SubClassOf Erythrocyte and LeafCell and SclerenchymaCell, True
CellByDevelopmentStage SubClassOf PhotosyntheticCell, \nTrue
CellByDevelopmentStage SubClassOf Erythrocyte and LeafCell and PhotosyntheticCell and SclerenchymaCell, \nTrue
CellByDevelopmentStage SubClassOf CirculatingCell, True
CellByDevelopmentStage SubClassOf CirculatingCell and Erythrocyte and LeafCell and PhotosyntheticCell and SclerenchymaCell, True
CellByDevelopmentStage SubClassOf PlantCell, \nTrue
CellByDevelopmentStage SubClassOf CirculatingCell and Erythrocyte and LeafCell and PhotosyntheticCell and PlantCell and SclerenchymaCell, \nTrue
CellByDevelopmentStage SubClassOf CellByClass, \nTrue
CellByDevelopmentStage SubClassOf CellByClass and CirculatingCell and Erythrocyte and LeafCell and PhotosyntheticCell and PlantCell and SclerenchymaCell, \nTrue
CellByDevelopmentStage SubClassOf MatureCell, True
CellByDevelopmentStage SubClassOf CellByClass and CirculatingCell and Erythrocyte and LeafCell and MatureCell and PhotosyntheticCell and PlantCell and SclerenchymaCell, \nTrue
CellByDevelopmentStage SubClassOf AnimalCell, True
CellByDevelopmentStage SubClassOf AnimalCell and CellByClass and CirculatingCell and Erythrocyte and LeafCell and MatureCell and PhotosyntheticCell and PlantCell and SclerenchymaCell, \nTrue
CellByDevelopmentStage SubClassOf Cell, \nTrue
CellByDevelopmentStage SubClassOf AnimalCell and Cell and CellByClass and CirculatingCell and Erythrocyte and LeafCell and MatureCell and PhotosyntheticCell and PlantCell and SclerenchymaCell, \nTrue
CellByDevelopmentStage SubClassOf Miocyte, True
CellByDevelopmentStage SubClassOf AnimalCell and Cell and CellByClass and CirculatingCell and Erythrocyte and LeafCell and MatureCell and Miocyte and PhotosyntheticCell and PlantCell and SclerenchymaCell, \nTrue
CellByDevelopmentStage SubClassOf InMatureCell, True
CellByDevelopmentStage SubClassOf AnimalCell and Cell and CellByClass and CirculatingCell and Erythrocyte and InMatureCell and LeafCell and MatureCell and Miocyte and PhotosyntheticCell and PlantCell and SclerenchymaCell, \nTrue
CellByDevelopmentStage SubClassOf Osteocyte, \nTrue
CellByDevelopmentStage SubClassOf AnimalCell and Cell and CellByClass and CirculatingCell and Erythrocyte and InMatureCell and LeafCell and MatureCell and Miocyte and Osteocyte and PhotosyntheticCell and PlantCell and SclerenchymaCell, \nTrue
CellByDevelopmentStage SubClassOf ChondroBlast, True
CellByDevelopmentStage SubClassOf AnimalCell and Cell and CellByClass and ChondroBlast and CirculatingCell and Erythrocyte and InMatureCell and LeafCell and MatureCell and Miocyte and Osteocyte and PhotosyntheticCell and PlantCell and SclerenchymaCell, \nTrue
CellByDevelopmentStage SubClassOf MioBlast, True
CellByDevelopmentStage SubClassOf AnimalCell and Cell and CellByClass and ChondroBlast and CirculatingCell and Erythrocyte and InMatureCell and LeafCell and MatureCell and MioBlast and Miocyte and Osteocyte and PhotosyntheticCell and PlantCell and SclerenchymaCell, \nTrue
CellByDevelopmentStage SubClassOf PhotoreceptorCell, True
CellByDevelopmentStage SubClassOf AnimalCell and Cell and CellByClass and ChondroBlast and CirculatingCell and Erythrocyte and InMatureCell and LeafCell and MatureCell and MioBlast and Miocyte and Osteocyte and PhotoreceptorCell and PhotosyntheticCell and PlantCell and SclerenchymaCell, \nTrue
CellByDevelopmentStage SubClassOf CellByOrganism, True
CellByDevelopmentStage SubClassOf AnimalCell and Cell and CellByClass and CellByOrganism and ChondroBlast and CirculatingCell and Erythrocyte and InMatureCell and LeafCell and MatureCell and MioBlast and Miocyte and Osteocyte and PhotoreceptorCell and PhotosyntheticCell and PlantCell and SclerenchymaCell, \nHere
CellByDevelopmentStage SubClassOf ElectricallyActiveCell, \nTrue
CellByDevelopmentStage SubClassOf AnimalCell and Cell and CellByClass and ChondroBlast and CirculatingCell and ElectricallyActiveCell and Erythrocyte and InMatureCell and LeafCell and MatureCell and MioBlast and Miocyte and Osteocyte and PhotoreceptorCell and PhotosyntheticCell and PlantCell and SclerenchymaCell, \nHere
CellByDevelopmentStage SubClassOf StructuralCell, True
CellByDevelopmentStage SubClassOf AnimalCell and Cell and CellByClass and ChondroBlast and CirculatingCell and Erythrocyte and InMatureCell and LeafCell and MatureCell and MioBlast and Miocyte and Osteocyte and PhotoreceptorCell and PhotosyntheticCell and PlantCell and SclerenchymaCell and StructuralCell, \nTrue
CellByDevelopmentStage SubClassOf Neuron, True
CellByDevelopmentStage SubClassOf AnimalCell and Cell and CellByClass and ChondroBlast and CirculatingCell and Erythrocyte and InMatureCell and LeafCell and MatureCell and MioBlast and Miocyte and Neuron and Osteocyte and PhotoreceptorCell and PhotosyntheticCell and PlantCell and SclerenchymaCell and StructuralCell, \nTrue
CellByDevelopmentStage SubClassOf ChondroCyte, \nTrue
CellByDevelopmentStage SubClassOf AnimalCell and Cell and CellByClass and ChondroBlast and ChondroCyte and CirculatingCell and Erythrocyte and InMatureCell and LeafCell and MatureCell and MioBlast and Miocyte and Neuron and Osteocyte and PhotoreceptorCell and PhotosyntheticCell and PlantCell and SclerenchymaCell and StructuralCell, \nTrue
CellByDevelopmentStage SubClassOf AnimalCell and Cell and CellByClass and CellByOrganism and ChondroBlast and ChondroCyte and CirculatingCell and Erythrocyte and InMatureCell and LeafCell and MatureCell and MioBlast and Miocyte and Neuron and Osteocyte and PhotoreceptorCell and PhotosyntheticCell and PlantCell and SclerenchymaCell and StructuralCell, \nHere
CellByDevelopmentStage SubClassOf AnimalCell and Cell and CellByClass and ChondroBlast and ChondroCyte and CirculatingCell and ElectricallyActiveCell and Erythrocyte and InMatureCell and LeafCell and MatureCell and MioBlast and Miocyte and Neuron and Osteocyte and PhotoreceptorCell and PhotosyntheticCell and PlantCell and SclerenchymaCell and StructuralCell, \nHere
CirculatingCell and Neuron SubClassOf PhotosyntheticCell, \nTrue
CirculatingCell and Neuron SubClassOf SclerenchymaCell, \nTrue
CirculatingCell SubClassOf SclerenchymaCell, True
CirculatingCell SubClassOf LeafCell, True
CirculatingCell SubClassOf LeafCell and SclerenchymaCell, True
CirculatingCell SubClassOf Erythrocyte, True
CirculatingCell SubClassOf Erythrocyte and LeafCell and SclerenchymaCell, True
CirculatingCell SubClassOf PhotosyntheticCell, True
CirculatingCell SubClassOf Erythrocyte and LeafCell and PhotosyntheticCell and SclerenchymaCell, True
CirculatingCell SubClassOf PlantCell, True
CirculatingCell SubClassOf Erythrocyte and LeafCell and PhotosyntheticCell and PlantCell and SclerenchymaCell, True
CirculatingCell SubClassOf CellByClass, True
CirculatingCell SubClassOf CellByClass and Erythrocyte and LeafCell and PhotosyntheticCell and PlantCell and SclerenchymaCell, \nTrue
CirculatingCell SubClassOf MatureCell, True
CirculatingCell SubClassOf CellByClass and Erythrocyte and LeafCell and MatureCell and PhotosyntheticCell and PlantCell and SclerenchymaCell, True
CirculatingCell SubClassOf AnimalCell, True
CirculatingCell SubClassOf AnimalCell and CellByClass and Erythrocyte and LeafCell and MatureCell and PhotosyntheticCell and PlantCell and SclerenchymaCell, True
CirculatingCell SubClassOf Cell, True
CirculatingCell SubClassOf AnimalCell and Cell and CellByClass and Erythrocyte and LeafCell and MatureCell and PhotosyntheticCell and PlantCell and SclerenchymaCell, True.
CirculatingCell SubClassOf Miocyte, True
CirculatingCell SubClassOf AnimalCell and Cell and CellByClass and Erythrocyte and LeafCell and MatureCell and Miocyte and PhotosyntheticCell and PlantCell and SclerenchymaCell, \nTrue
CirculatingCell SubClassOf InMatureCell, True
CirculatingCell SubClassOf AnimalCell and Cell and CellByClass and Erythrocyte and InMatureCell and LeafCell and MatureCell and Miocyte and PhotosyntheticCell and PlantCell and SclerenchymaCell, \nTrue
CirculatingCell SubClassOf Osteocyte, True
CirculatingCell SubClassOf AnimalCell and Cell and CellByClass and Erythrocyte and InMatureCell and LeafCell and MatureCell and Miocyte and Osteocyte and PhotosyntheticCell and PlantCell and SclerenchymaCell, \nTrue
CirculatingCell SubClassOf ChondroBlast, True
CirculatingCell SubClassOf AnimalCell and Cell and CellByClass and ChondroBlast and Erythrocyte and InMatureCell and LeafCell and MatureCell and Miocyte and Osteocyte and PhotosyntheticCell and PlantCell and SclerenchymaCell, \nTrue
CirculatingCell SubClassOf MioBlast, True
CirculatingCell SubClassOf AnimalCell and Cell and CellByClass and ChondroBlast and Erythrocyte and InMatureCell and LeafCell and MatureCell and MioBlast and Miocyte and Osteocyte and PhotosyntheticCell and PlantCell and SclerenchymaCell, \nTrue
CirculatingCell SubClassOf CellByDevelopmentStage, True
CirculatingCell SubClassOf AnimalCell and Cell and CellByClass and CellByDevelopmentStage and ChondroBlast and Erythrocyte and InMatureCell and LeafCell and MatureCell and MioBlast and Miocyte and Osteocyte and PhotosyntheticCell and PlantCell and SclerenchymaCell, \nTrue
CirculatingCell SubClassOf PhotoreceptorCell, True
CirculatingCell SubClassOf AnimalCell and Cell and CellByClass and CellByDevelopmentStage and ChondroBlast and Erythrocyte and InMatureCell and LeafCell and MatureCell and MioBlast and Miocyte and Osteocyte and PhotoreceptorCell and PhotosyntheticCell and PlantCell and SclerenchymaCell, \nHere
CirculatingCell SubClassOf CellByOrganism, True
CirculatingCell SubClassOf AnimalCell and Cell and CellByClass and CellByDevelopmentStage and CellByOrganism and ChondroBlast and Erythrocyte and InMatureCell and LeafCell and MatureCell and MioBlast and Miocyte and Osteocyte and PhotosyntheticCell and PlantCell and SclerenchymaCell, \nHere
CirculatingCell SubClassOf ElectricallyActiveCell, True
CirculatingCell SubClassOf AnimalCell and Cell and CellByClass and CellByDevelopmentStage and ChondroBlast and ElectricallyActiveCell and Erythrocyte and InMatureCell and LeafCell and MatureCell and MioBlast and Miocyte and Osteocyte and PhotosyntheticCell and PlantCell and SclerenchymaCell, \nHere
CirculatingCell SubClassOf StructuralCell, True
CirculatingCell SubClassOf AnimalCell and Cell and CellByClass and CellByDevelopmentStage and ChondroBlast and Erythrocyte and InMatureCell and LeafCell and MatureCell and MioBlast and Miocyte and Osteocyte and PhotosyntheticCell and PlantCell and SclerenchymaCell and StructuralCell, \nTrue
CirculatingCell SubClassOf Neuron, \nTrue
CirculatingCell SubClassOf AnimalCell and Cell and CellByClass and CellByDevelopmentStage and ChondroBlast and Erythrocyte and InMatureCell and LeafCell and MatureCell and MioBlast and Miocyte and Neuron and Osteocyte and PhotosyntheticCell and PlantCell and SclerenchymaCell and StructuralCell, \nTrue
CirculatingCell SubClassOf ChondroCyte, True
CirculatingCell SubClassOf AnimalCell and Cell and CellByClass and CellByDevelopmentStage and ChondroBlast and ChondroCyte and Erythrocyte and InMatureCell and LeafCell and MatureCell and MioBlast and Miocyte and Neuron and Osteocyte and PhotosyntheticCell and PlantCell and SclerenchymaCell and StructuralCell, \nTrue
CirculatingCell SubClassOf AnimalCell and Cell and CellByClass and CellByDevelopmentStage and ChondroBlast and ChondroCyte and Erythrocyte and InMatureCell and LeafCell and MatureCell and MioBlast and Miocyte and Neuron and Osteocyte and PhotoreceptorCell and PhotosyntheticCell and PlantCell and SclerenchymaCell and StructuralCell, True.
CirculatingCell SubClassOf AnimalCell and Cell and CellByClass and CellByDevelopmentStage and CellByOrganism and ChondroBlast and ChondroCyte and Erythrocyte and InMatureCell and LeafCell and MatureCell and MioBlast and Miocyte and Neuron and Osteocyte and PhotoreceptorCell and PhotosyntheticCell and PlantCell and SclerenchymaCell and StructuralCell, \nTrue
CirculatingCell SubClassOf AnimalCell and Cell and CellByClass and CellByDevelopmentStage and CellByOrganism and ChondroBlast and ChondroCyte and ElectricallyActiveCell and Erythrocyte and InMatureCell and LeafCell and MatureCell and MioBlast and Miocyte and Neuron and Osteocyte and PhotoreceptorCell and PhotosyntheticCell and PlantCell and SclerenchymaCell and StructuralCell, \nHere
PhotoreceptorCell and PhotosyntheticCell SubClassOf StructuralCell, \nTrue
PhotoreceptorCell and PhotosyntheticCell SubClassOf SclerenchymaCell, True
PhotosyntheticCell SubClassOf SclerenchymaCell, True
PhotosyntheticCell SubClassOf LeafCell, True
PhotosyntheticCell SubClassOf LeafCell and SclerenchymaCell, True
PhotosyntheticCell SubClassOf Erythrocyte, True
PhotosyntheticCell SubClassOf Erythrocyte and LeafCell and SclerenchymaCell, \nTrue
PhotosyntheticCell SubClassOf CirculatingCell, True
PhotosyntheticCell SubClassOf CirculatingCell and Erythrocyte and LeafCell and SclerenchymaCell, True
PhotosyntheticCell SubClassOf PlantCell, True
PhotosyntheticCell SubClassOf CirculatingCell and Erythrocyte and LeafCell and PlantCell and SclerenchymaCell, True
PhotosyntheticCell SubClassOf CellByClass, True
PhotosyntheticCell SubClassOf CellByClass and CirculatingCell and Erythrocyte and LeafCell and PlantCell and SclerenchymaCell, \nTrue
PhotosyntheticCell SubClassOf MatureCell, \nTrue
PhotosyntheticCell SubClassOf CellByClass and CirculatingCell and Erythrocyte and LeafCell and MatureCell and PlantCell and SclerenchymaCell, True
PhotosyntheticCell SubClassOf AnimalCell, True
PhotosyntheticCell SubClassOf AnimalCell and CellByClass and CirculatingCell and Erythrocyte and LeafCell and MatureCell and PlantCell and SclerenchymaCell, \nTrue
PhotosyntheticCell SubClassOf Cell, True
PhotosyntheticCell SubClassOf AnimalCell and Cell and CellByClass and CirculatingCell and Erythrocyte and LeafCell and MatureCell and PlantCell and SclerenchymaCell, \nTrue
PhotosyntheticCell SubClassOf Miocyte, True
PhotosyntheticCell SubClassOf AnimalCell and Cell and CellByClass and CirculatingCell and Erythrocyte and LeafCell and MatureCell and Miocyte and PlantCell and SclerenchymaCell, \nTrue
PhotosyntheticCell SubClassOf InMatureCell, \nTrue
PhotosyntheticCell SubClassOf AnimalCell and Cell and CellByClass and CirculatingCell and Erythrocyte and InMatureCell and LeafCell and MatureCell and Miocyte and PlantCell and SclerenchymaCell, \nTrue
PhotosyntheticCell SubClassOf Osteocyte, False
PhotosyntheticCell SubClassOf ChondroBlast, True
PhotosyntheticCell SubClassOf AnimalCell and Cell and CellByClass and ChondroBlast and CirculatingCell and Erythrocyte and InMatureCell and LeafCell and MatureCell and Miocyte and PlantCell and SclerenchymaCell, \nTrue
PhotosyntheticCell SubClassOf MioBlast, \nTrue
PhotosyntheticCell SubClassOf AnimalCell and Cell and CellByClass and ChondroBlast and CirculatingCell and Erythrocyte and InMatureCell and LeafCell and MatureCell and MioBlast and Miocyte and PlantCell and SclerenchymaCell, \nTrue
PhotosyntheticCell SubClassOf CellByDevelopmentStage, True
PhotosyntheticCell SubClassOf AnimalCell and Cell and CellByClass and CellByDevelopmentStage and ChondroBlast and CirculatingCell and Erythrocyte and InMatureCell and LeafCell and MatureCell and MioBlast and Miocyte and PlantCell and SclerenchymaCell, \nTrue
PhotosyntheticCell SubClassOf PhotoreceptorCell, True
PhotosyntheticCell SubClassOf AnimalCell and Cell and CellByClass and CellByDevelopmentStage and ChondroBlast and CirculatingCell and Erythrocyte and InMatureCell and LeafCell and MatureCell and MioBlast and Miocyte and PhotoreceptorCell and PlantCell and SclerenchymaCell, \nTrue
PhotosyntheticCell SubClassOf CellByOrganism, True
PhotosyntheticCell SubClassOf AnimalCell and Cell and CellByClass and CellByDevelopmentStage and CellByOrganism and ChondroBlast and CirculatingCell and Erythrocyte and InMatureCell and LeafCell and MatureCell and MioBlast and Miocyte and PhotoreceptorCell and PlantCell and SclerenchymaCell, \nHere
PhotosyntheticCell SubClassOf ElectricallyActiveCell, \nTrue
PhotosyntheticCell SubClassOf AnimalCell and Cell and CellByClass and CellByDevelopmentStage and ChondroBlast and CirculatingCell and ElectricallyActiveCell and Erythrocyte and InMatureCell and LeafCell and MatureCell and MioBlast and Miocyte and PhotoreceptorCell and PlantCell and SclerenchymaCell, \nHere
PhotosyntheticCell SubClassOf StructuralCell, True
PhotosyntheticCell SubClassOf AnimalCell and Cell and CellByClass and CellByDevelopmentStage and ChondroBlast and CirculatingCell and Erythrocyte and InMatureCell and LeafCell and MatureCell and MioBlast and Miocyte and PhotoreceptorCell and PlantCell and SclerenchymaCell and StructuralCell, \nTrue
PhotosyntheticCell SubClassOf Neuron, False
PhotosyntheticCell SubClassOf ChondroCyte, True
PhotosyntheticCell SubClassOf AnimalCell and Cell and CellByClass and CellByDevelopmentStage and ChondroBlast and ChondroCyte and CirculatingCell and Erythrocyte and InMatureCell and LeafCell and MatureCell and MioBlast and Miocyte and PhotoreceptorCell and PlantCell and SclerenchymaCell and StructuralCell, \nTrue
PhotosyntheticCell SubClassOf AnimalCell and Cell and CellByClass and CellByDevelopmentStage and CellByOrganism and ChondroBlast and ChondroCyte and CirculatingCell and Erythrocyte and InMatureCell and LeafCell and MatureCell and MioBlast and Miocyte and PhotoreceptorCell and PlantCell and SclerenchymaCell and StructuralCell, \nHere
PhotosyntheticCell SubClassOf AnimalCell and Cell and CellByClass and CellByDevelopmentStage and ChondroBlast and ChondroCyte and CirculatingCell and ElectricallyActiveCell and Erythrocyte and InMatureCell and LeafCell and MatureCell and MioBlast and Miocyte and PhotoreceptorCell and PlantCell and SclerenchymaCell and StructuralCell, \nTrue
CellByClass and PlantCell SubClassOf CellByOrganism, \nTrue
CellByClass and PlantCell SubClassOf SclerenchymaCell, \nTrue
PlantCell SubClassOf SclerenchymaCell, True
PlantCell SubClassOf LeafCell, True
PlantCell SubClassOf LeafCell and SclerenchymaCell, True
PlantCell SubClassOf Erythrocyte, True
PlantCell SubClassOf Erythrocyte and LeafCell and SclerenchymaCell, True
PlantCell SubClassOf PhotosyntheticCell, True
PlantCell SubClassOf Erythrocyte and LeafCell and PhotosyntheticCell and SclerenchymaCell, \nTrue
PlantCell SubClassOf CirculatingCell, True
PlantCell SubClassOf CirculatingCell and Erythrocyte and LeafCell and PhotosyntheticCell and SclerenchymaCell, True
PlantCell SubClassOf CellByClass, True
PlantCell SubClassOf CellByClass and CirculatingCell and Erythrocyte and LeafCell and PhotosyntheticCell and SclerenchymaCell, \nTrue
PlantCell SubClassOf MatureCell, True
PlantCell SubClassOf CellByClass and CirculatingCell and Erythrocyte and LeafCell and MatureCell and PhotosyntheticCell and SclerenchymaCell, True
PlantCell SubClassOf AnimalCell, True
PlantCell SubClassOf AnimalCell and CellByClass and CirculatingCell and Erythrocyte and LeafCell and MatureCell and PhotosyntheticCell and SclerenchymaCell, \nTrue
PlantCell SubClassOf Cell, True
PlantCell SubClassOf AnimalCell and Cell and CellByClass and CirculatingCell and Erythrocyte and LeafCell and MatureCell and PhotosyntheticCell and SclerenchymaCell, \nTrue
PlantCell SubClassOf Miocyte, True
PlantCell SubClassOf AnimalCell and Cell and CellByClass and CirculatingCell and Erythrocyte and LeafCell and MatureCell and Miocyte and PhotosyntheticCell and SclerenchymaCell, \nTrue
PlantCell SubClassOf InMatureCell, \nTrue
PlantCell SubClassOf AnimalCell and Cell and CellByClass and CirculatingCell and Erythrocyte and InMatureCell and LeafCell and MatureCell and Miocyte and PhotosyntheticCell and SclerenchymaCell, \nTrue
PlantCell SubClassOf Osteocyte, True
PlantCell SubClassOf AnimalCell and Cell and CellByClass and CirculatingCell and Erythrocyte and InMatureCell and LeafCell and MatureCell and Miocyte and Osteocyte and PhotosyntheticCell and SclerenchymaCell, \nTrue
PlantCell SubClassOf ChondroBlast, True
PlantCell SubClassOf AnimalCell and Cell and CellByClass and ChondroBlast and CirculatingCell and Erythrocyte and InMatureCell and LeafCell and MatureCell and Miocyte and Osteocyte and PhotosyntheticCell and SclerenchymaCell, \nTrue
PlantCell SubClassOf MioBlast, True
PlantCell SubClassOf AnimalCell and Cell and CellByClass and ChondroBlast and CirculatingCell and Erythrocyte and InMatureCell and LeafCell and MatureCell and MioBlast and Miocyte and Osteocyte and PhotosyntheticCell and SclerenchymaCell, \nTrue
PlantCell SubClassOf CellByDevelopmentStage, True
PlantCell SubClassOf AnimalCell and Cell and CellByClass and CellByDevelopmentStage and ChondroBlast and CirculatingCell and Erythrocyte and InMatureCell and LeafCell and MatureCell and MioBlast and Miocyte and Osteocyte and PhotosyntheticCell and SclerenchymaCell, \nHere
PlantCell SubClassOf PhotoreceptorCell, True
PlantCell SubClassOf AnimalCell and Cell and CellByClass and ChondroBlast and CirculatingCell and Erythrocyte and InMatureCell and LeafCell and MatureCell and MioBlast and Miocyte and Osteocyte and PhotoreceptorCell and PhotosyntheticCell and SclerenchymaCell, \nHere
PlantCell SubClassOf CellByOrganism, True
PlantCell SubClassOf AnimalCell and Cell and CellByClass and CellByOrganism and ChondroBlast and CirculatingCell and Erythrocyte and InMatureCell and LeafCell and MatureCell and MioBlast and Miocyte and Osteocyte and PhotosyntheticCell and SclerenchymaCell, \nTrue
PlantCell SubClassOf ElectricallyActiveCell, \nTrue
PlantCell SubClassOf AnimalCell and Cell and CellByClass and CellByOrganism and ChondroBlast and CirculatingCell and ElectricallyActiveCell and Erythrocyte and InMatureCell and LeafCell and MatureCell and MioBlast and Miocyte and Osteocyte and PhotosyntheticCell and SclerenchymaCell, \nTrue
PlantCell SubClassOf StructuralCell, True
PlantCell SubClassOf AnimalCell and Cell and CellByClass and CellByOrganism and ChondroBlast and CirculatingCell and ElectricallyActiveCell and Erythrocyte and InMatureCell and LeafCell and MatureCell and MioBlast and Miocyte and Osteocyte and PhotosyntheticCell and SclerenchymaCell and StructuralCell, \nHere
PlantCell SubClassOf Neuron, \nFalse
PlantCell SubClassOf ChondroCyte, True
PlantCell SubClassOf AnimalCell and Cell and CellByClass and CellByOrganism and ChondroBlast and ChondroCyte and CirculatingCell and ElectricallyActiveCell and Erythrocyte and InMatureCell and LeafCell and MatureCell and MioBlast and Miocyte and Osteocyte and PhotosyntheticCell and SclerenchymaCell, \nHere
PlantCell SubClassOf AnimalCell and Cell and CellByClass and CellByDevelopmentStage and CellByOrganism and ChondroBlast and CirculatingCell and ElectricallyActiveCell and Erythrocyte and InMatureCell and LeafCell and MatureCell and MioBlast and Miocyte and Osteocyte and PhotosyntheticCell and SclerenchymaCell, \nHere
PlantCell SubClassOf AnimalCell and Cell and CellByClass and CellByOrganism and ChondroBlast and CirculatingCell and ElectricallyActiveCell and Erythrocyte and InMatureCell and LeafCell and MatureCell and MioBlast and Miocyte and Osteocyte and PhotoreceptorCell and PhotosyntheticCell and SclerenchymaCell, \nHere
Erythrocyte SubClassOf MioBlast, True
Erythrocyte SubClassOf SclerenchymaCell, True
Erythrocyte SubClassOf LeafCell, True
Erythrocyte SubClassOf LeafCell and SclerenchymaCell, True
Erythrocyte SubClassOf PhotosyntheticCell, True
Erythrocyte SubClassOf LeafCell and PhotosyntheticCell and SclerenchymaCell, \nTrue
Erythrocyte SubClassOf CirculatingCell, True
Erythrocyte SubClassOf CirculatingCell and LeafCell and PhotosyntheticCell and SclerenchymaCell, True
Erythrocyte SubClassOf PlantCell, \nFalse
Erythrocyte SubClassOf CellByClass, True
Erythrocyte SubClassOf CellByClass and CirculatingCell and LeafCell and PhotosyntheticCell and SclerenchymaCell, \nTrue
Erythrocyte SubClassOf MatureCell, True
Erythrocyte SubClassOf CellByClass and CirculatingCell and LeafCell and MatureCell and PhotosyntheticCell and SclerenchymaCell, \nTrue
Erythrocyte SubClassOf AnimalCell, True
Erythrocyte SubClassOf AnimalCell and CellByClass and CirculatingCell and LeafCell and MatureCell and PhotosyntheticCell and SclerenchymaCell, True.
Erythrocyte SubClassOf Cell, True
Erythrocyte SubClassOf AnimalCell and Cell and CellByClass and CirculatingCell and LeafCell and MatureCell and PhotosyntheticCell and SclerenchymaCell, \nTrue
Erythrocyte SubClassOf Miocyte, True
Erythrocyte SubClassOf AnimalCell and Cell and CellByClass and CirculatingCell and LeafCell and MatureCell and Miocyte and PhotosyntheticCell and SclerenchymaCell, True.
Erythrocyte SubClassOf InMatureCell, True
Erythrocyte SubClassOf AnimalCell and Cell and CellByClass and CirculatingCell and InMatureCell and LeafCell and MatureCell and Miocyte and PhotosyntheticCell and SclerenchymaCell, \nTrue
Erythrocyte SubClassOf Osteocyte, True
Erythrocyte SubClassOf AnimalCell and Cell and CellByClass and CirculatingCell and InMatureCell and LeafCell and MatureCell and Miocyte and Osteocyte and PhotosyntheticCell and SclerenchymaCell, \nTrue
Erythrocyte SubClassOf ChondroBlast, True
Erythrocyte SubClassOf AnimalCell and Cell and CellByClass and ChondroBlast and CirculatingCell and InMatureCell and LeafCell and MatureCell and Miocyte and Osteocyte and PhotosyntheticCell and SclerenchymaCell, \nHere
Erythrocyte SubClassOf AnimalCell and Cell and CellByClass and CirculatingCell and InMatureCell and LeafCell and MatureCell and MioBlast and Miocyte and Osteocyte and PhotosyntheticCell and SclerenchymaCell, \nTrue
Erythrocyte SubClassOf CellByDevelopmentStage, True
Erythrocyte SubClassOf AnimalCell and Cell and CellByClass and CellByDevelopmentStage and CirculatingCell and InMatureCell and LeafCell and MatureCell and MioBlast and Miocyte and Osteocyte and PhotosyntheticCell and SclerenchymaCell, \nTrue
Erythrocyte SubClassOf PhotoreceptorCell, True
Erythrocyte SubClassOf AnimalCell and Cell and CellByClass and CellByDevelopmentStage and CirculatingCell and InMatureCell and LeafCell and MatureCell and MioBlast and Miocyte and Osteocyte and PhotoreceptorCell and PhotosyntheticCell and SclerenchymaCell, \nTrue
Erythrocyte SubClassOf CellByOrganism, True
Erythrocyte SubClassOf AnimalCell and Cell and CellByClass and CellByDevelopmentStage and CellByOrganism and CirculatingCell and InMatureCell and LeafCell and MatureCell and MioBlast and Miocyte and Osteocyte and PhotoreceptorCell and PhotosyntheticCell and SclerenchymaCell, \nTrue
Erythrocyte SubClassOf ElectricallyActiveCell, True
Erythrocyte SubClassOf AnimalCell and Cell and CellByClass and CellByDevelopmentStage and CellByOrganism and CirculatingCell and ElectricallyActiveCell and InMatureCell and LeafCell and MatureCell and MioBlast and Miocyte and Osteocyte and PhotoreceptorCell and PhotosyntheticCell and SclerenchymaCell, \nTrue
Erythrocyte SubClassOf StructuralCell, True
Erythrocyte SubClassOf AnimalCell and Cell and CellByClass and CellByDevelopmentStage and CellByOrganism and CirculatingCell and ElectricallyActiveCell and InMatureCell and LeafCell and MatureCell and MioBlast and Miocyte and Osteocyte and PhotoreceptorCell and PhotosyntheticCell and SclerenchymaCell and StructuralCell, \nTrue
Erythrocyte SubClassOf Neuron, \nTrue
Erythrocyte SubClassOf AnimalCell and Cell and CellByClass and CellByDevelopmentStage and CellByOrganism and CirculatingCell and ElectricallyActiveCell and InMatureCell and LeafCell and MatureCell and MioBlast and Miocyte and Neuron and Osteocyte and PhotoreceptorCell and PhotosyntheticCell and SclerenchymaCell and StructuralCell, True.
Erythrocyte SubClassOf ChondroCyte, \nFalse
Erythrocyte SubClassOf AnimalCell and Cell and CellByClass and CellByDevelopmentStage and CellByOrganism and ChondroBlast and CirculatingCell and ElectricallyActiveCell and InMatureCell and LeafCell and MatureCell and MioBlast and Miocyte and Neuron and Osteocyte and PhotoreceptorCell and PhotosyntheticCell and SclerenchymaCell and StructuralCell, \nHere
Neuron and PhotoreceptorCell SubClassOf Miocyte, True
Neuron and PhotoreceptorCell SubClassOf SclerenchymaCell, True
PhotoreceptorCell SubClassOf SclerenchymaCell, True
PhotoreceptorCell SubClassOf LeafCell, True
PhotoreceptorCell SubClassOf LeafCell and SclerenchymaCell, \nTrue
PhotoreceptorCell SubClassOf Erythrocyte, True
PhotoreceptorCell SubClassOf Erythrocyte and LeafCell and SclerenchymaCell, \nTrue
PhotoreceptorCell SubClassOf PhotosyntheticCell, True
PhotoreceptorCell SubClassOf Erythrocyte and LeafCell and PhotosyntheticCell and SclerenchymaCell, True
PhotoreceptorCell SubClassOf CirculatingCell, True
PhotoreceptorCell SubClassOf CirculatingCell and Erythrocyte and LeafCell and PhotosyntheticCell and SclerenchymaCell, True
PhotoreceptorCell SubClassOf PlantCell, False
PhotoreceptorCell SubClassOf CellByClass, True
PhotoreceptorCell SubClassOf CellByClass and CirculatingCell and Erythrocyte and LeafCell and PhotosyntheticCell and SclerenchymaCell, True
PhotoreceptorCell SubClassOf MatureCell, True
PhotoreceptorCell SubClassOf CellByClass and CirculatingCell and Erythrocyte and LeafCell and MatureCell and PhotosyntheticCell and SclerenchymaCell, \nTrue
PhotoreceptorCell SubClassOf AnimalCell, \nTrue
PhotoreceptorCell SubClassOf AnimalCell and CellByClass and CirculatingCell and Erythrocyte and LeafCell and MatureCell and PhotosyntheticCell and SclerenchymaCell, \nTrue
PhotoreceptorCell SubClassOf Cell, True
PhotoreceptorCell SubClassOf AnimalCell and Cell and CellByClass and CirculatingCell and Erythrocyte and LeafCell and MatureCell and PhotosyntheticCell and SclerenchymaCell, \nTrue
PhotoreceptorCell SubClassOf Miocyte, \nTrue
PhotoreceptorCell SubClassOf AnimalCell and Cell and CellByClass and CirculatingCell and Erythrocyte and LeafCell and MatureCell and Miocyte and PhotosyntheticCell and SclerenchymaCell, \nTrue
PhotoreceptorCell SubClassOf InMatureCell, \nTrue
PhotoreceptorCell SubClassOf AnimalCell and Cell and CellByClass and CirculatingCell and Erythrocyte and InMatureCell and LeafCell and MatureCell and Miocyte and PhotosyntheticCell and SclerenchymaCell, \nTrue
PhotoreceptorCell SubClassOf Osteocyte, True
PhotoreceptorCell SubClassOf AnimalCell and Cell and CellByClass and CirculatingCell and Erythrocyte and InMatureCell and LeafCell and MatureCell and Miocyte and Osteocyte and PhotosyntheticCell and SclerenchymaCell, \nTrue
PhotoreceptorCell SubClassOf ChondroBlast, \nTrue
PhotoreceptorCell SubClassOf AnimalCell and Cell and CellByClass and ChondroBlast and CirculatingCell and Erythrocyte and InMatureCell and LeafCell and MatureCell and Miocyte and Osteocyte and PhotosyntheticCell and SclerenchymaCell, \nTrue
PhotoreceptorCell SubClassOf MioBlast, True
PhotoreceptorCell SubClassOf AnimalCell and Cell and CellByClass and ChondroBlast and CirculatingCell and Erythrocyte and InMatureCell and LeafCell and MatureCell and MioBlast and Miocyte and Osteocyte and PhotosyntheticCell and SclerenchymaCell, \nTrue
PhotoreceptorCell SubClassOf CellByDevelopmentStage, True
PhotoreceptorCell SubClassOf AnimalCell and Cell and CellByClass and CellByDevelopmentStage and ChondroBlast and CirculatingCell and Erythrocyte and InMatureCell and LeafCell and MatureCell and MioBlast and Miocyte and Osteocyte and PhotosyntheticCell and SclerenchymaCell, \nHere
PhotoreceptorCell SubClassOf CellByOrganism, True
PhotoreceptorCell SubClassOf AnimalCell and Cell and CellByClass and CellByOrganism and ChondroBlast and CirculatingCell and Erythrocyte and InMatureCell and LeafCell and MatureCell and MioBlast and Miocyte and Osteocyte and PhotosyntheticCell and SclerenchymaCell, \nTrue
PhotoreceptorCell SubClassOf ElectricallyActiveCell, True
PhotoreceptorCell SubClassOf AnimalCell and Cell and CellByClass and CellByOrganism and ChondroBlast and CirculatingCell and ElectricallyActiveCell and Erythrocyte and InMatureCell and LeafCell and MatureCell and MioBlast and Miocyte and Osteocyte and PhotosyntheticCell and SclerenchymaCell, \nHere
PhotoreceptorCell SubClassOf StructuralCell, True
PhotoreceptorCell SubClassOf AnimalCell and Cell and CellByClass and CellByOrganism and ChondroBlast and CirculatingCell and Erythrocyte and InMatureCell and LeafCell and MatureCell and MioBlast and Miocyte and Osteocyte and PhotosyntheticCell and SclerenchymaCell and StructuralCell, \nTrue
PhotoreceptorCell SubClassOf Neuron, True
PhotoreceptorCell SubClassOf AnimalCell and Cell and CellByClass and CellByOrganism and ChondroBlast and CirculatingCell and Erythrocyte and InMatureCell and LeafCell and MatureCell and MioBlast and Miocyte and Neuron and Osteocyte and PhotosyntheticCell and SclerenchymaCell and StructuralCell, \nTrue
PhotoreceptorCell SubClassOf ChondroCyte, True
PhotoreceptorCell SubClassOf AnimalCell and Cell and CellByClass and CellByOrganism and ChondroBlast and ChondroCyte and CirculatingCell and Erythrocyte and InMatureCell and LeafCell and MatureCell and MioBlast and Miocyte and Neuron and Osteocyte and PhotosyntheticCell and SclerenchymaCell and StructuralCell, True.
PhotoreceptorCell SubClassOf AnimalCell and Cell and CellByClass and CellByDevelopmentStage and CellByOrganism and ChondroBlast and ChondroCyte and CirculatingCell and Erythrocyte and InMatureCell and LeafCell and MatureCell and MioBlast and Miocyte and Neuron and Osteocyte and PhotosyntheticCell and SclerenchymaCell and StructuralCell, \nHere
PhotoreceptorCell SubClassOf AnimalCell and Cell and CellByClass and CellByOrganism and ChondroBlast and ChondroCyte and CirculatingCell and ElectricallyActiveCell and Erythrocyte and InMatureCell and LeafCell and MatureCell and MioBlast and Miocyte and Neuron and Osteocyte and PhotosyntheticCell and SclerenchymaCell and StructuralCell, \nTrue
CellByClass SubClassOf MioBlast, True
CellByClass SubClassOf SclerenchymaCell, True
CellByClass SubClassOf LeafCell, True
CellByClass SubClassOf LeafCell and SclerenchymaCell, True
CellByClass SubClassOf Erythrocyte, True
CellByClass SubClassOf Erythrocyte and LeafCell and SclerenchymaCell, True
CellByClass SubClassOf PhotosyntheticCell, True
CellByClass SubClassOf Erythrocyte and LeafCell and PhotosyntheticCell and SclerenchymaCell, True
CellByClass SubClassOf CirculatingCell, \nTrue
CellByClass SubClassOf CirculatingCell and Erythrocyte and LeafCell and PhotosyntheticCell and SclerenchymaCell, \nTrue
CellByClass SubClassOf PlantCell, True
CellByClass SubClassOf CirculatingCell and Erythrocyte and LeafCell and PhotosyntheticCell and PlantCell and SclerenchymaCell, \nTrue
CellByClass SubClassOf MatureCell, True
CellByClass SubClassOf CirculatingCell and Erythrocyte and LeafCell and MatureCell and PhotosyntheticCell and PlantCell and SclerenchymaCell, True
CellByClass SubClassOf AnimalCell, True
CellByClass SubClassOf AnimalCell and CirculatingCell and Erythrocyte and LeafCell and MatureCell and PhotosyntheticCell and PlantCell and SclerenchymaCell, True
CellByClass SubClassOf Cell, True
CellByClass SubClassOf AnimalCell and Cell and CirculatingCell and Erythrocyte and LeafCell and MatureCell and PhotosyntheticCell and PlantCell and SclerenchymaCell, True
CellByClass SubClassOf Miocyte, True
CellByClass SubClassOf AnimalCell and Cell and CirculatingCell and Erythrocyte and LeafCell and MatureCell and Miocyte and PhotosyntheticCell and PlantCell and SclerenchymaCell, True
CellByClass SubClassOf InMatureCell, True
CellByClass SubClassOf AnimalCell and Cell and CirculatingCell and Erythrocyte and InMatureCell and LeafCell and MatureCell and Miocyte and PhotosyntheticCell and PlantCell and SclerenchymaCell, True
CellByClass SubClassOf Osteocyte, True
CellByClass SubClassOf AnimalCell and Cell and CirculatingCell and Erythrocyte and InMatureCell and LeafCell and MatureCell and Miocyte and Osteocyte and PhotosyntheticCell and PlantCell and SclerenchymaCell, \nTrue
CellByClass SubClassOf ChondroBlast, True
CellByClass SubClassOf AnimalCell and Cell and ChondroBlast and CirculatingCell and Erythrocyte and InMatureCell and LeafCell and MatureCell and Miocyte and Osteocyte and PhotosyntheticCell and PlantCell and SclerenchymaCell, True
CellByClass SubClassOf AnimalCell and Cell and ChondroBlast and CirculatingCell and Erythrocyte and InMatureCell and LeafCell and MatureCell and MioBlast and Miocyte and Osteocyte and PhotosyntheticCell and PlantCell and SclerenchymaCell, \nTrue
CellByClass SubClassOf CellByDevelopmentStage, True
CellByClass SubClassOf AnimalCell and Cell and CellByDevelopmentStage and ChondroBlast and CirculatingCell and Erythrocyte and InMatureCell and LeafCell and MatureCell and MioBlast and Miocyte and Osteocyte and PhotosyntheticCell and PlantCell and SclerenchymaCell, \nTrue
CellByClass SubClassOf PhotoreceptorCell, True
CellByClass SubClassOf AnimalCell and Cell and CellByDevelopmentStage and ChondroBlast and CirculatingCell and Erythrocyte and InMatureCell and LeafCell and MatureCell and MioBlast and Miocyte and Osteocyte and PhotoreceptorCell and PhotosyntheticCell and PlantCell and SclerenchymaCell, \nTrue
CellByClass SubClassOf CellByOrganism, True
CellByClass SubClassOf AnimalCell and Cell and CellByDevelopmentStage and CellByOrganism and ChondroBlast and CirculatingCell and Erythrocyte and InMatureCell and LeafCell and MatureCell and MioBlast and Miocyte and Osteocyte and PhotoreceptorCell and PhotosyntheticCell and PlantCell and SclerenchymaCell, \nTrue
CellByClass SubClassOf ElectricallyActiveCell, \nFalse
CellByClass SubClassOf StructuralCell, True
CellByClass SubClassOf AnimalCell and Cell and CellByDevelopmentStage and CellByOrganism and ChondroBlast and CirculatingCell and Erythrocyte and InMatureCell and LeafCell and MatureCell and MioBlast and Miocyte and Osteocyte and PhotoreceptorCell and PhotosyntheticCell and PlantCell and SclerenchymaCell and StructuralCell, \nTrue
CellByClass SubClassOf Neuron, True
CellByClass SubClassOf AnimalCell and Cell and CellByDevelopmentStage and CellByOrganism and ChondroBlast and CirculatingCell and Erythrocyte and InMatureCell and LeafCell and MatureCell and MioBlast and Miocyte and Neuron and Osteocyte and PhotoreceptorCell and PhotosyntheticCell and PlantCell and SclerenchymaCell and StructuralCell, \nHere
CellByClass SubClassOf ChondroCyte, True
CellByClass SubClassOf AnimalCell and Cell and CellByDevelopmentStage and CellByOrganism and ChondroBlast and ChondroCyte and CirculatingCell and Erythrocyte and InMatureCell and LeafCell and MatureCell and MioBlast and Miocyte and Osteocyte and PhotoreceptorCell and PhotosyntheticCell and PlantCell and SclerenchymaCell and StructuralCell, \nTrue
CellByClass SubClassOf AnimalCell and Cell and CellByDevelopmentStage and CellByOrganism and ChondroBlast and ChondroCyte and CirculatingCell and Erythrocyte and InMatureCell and LeafCell and MatureCell and MioBlast and Miocyte and Neuron and Osteocyte and PhotoreceptorCell and PhotosyntheticCell and PlantCell and SclerenchymaCell and StructuralCell, \nHere
MatureCell and Neuron SubClassOf PlantCell, True
MatureCell and Neuron SubClassOf SclerenchymaCell, \nTrue
MatureCell SubClassOf SclerenchymaCell, True
MatureCell SubClassOf LeafCell, True
MatureCell SubClassOf LeafCell and SclerenchymaCell, True
MatureCell SubClassOf Erythrocyte, True
MatureCell SubClassOf Erythrocyte and LeafCell and SclerenchymaCell, True
MatureCell SubClassOf PhotosyntheticCell, True
MatureCell SubClassOf Erythrocyte and LeafCell and PhotosyntheticCell and SclerenchymaCell, True
MatureCell SubClassOf CirculatingCell, True
MatureCell SubClassOf CirculatingCell and Erythrocyte and LeafCell and PhotosyntheticCell and SclerenchymaCell, True
MatureCell SubClassOf PlantCell, True
MatureCell SubClassOf CirculatingCell and Erythrocyte and LeafCell and PhotosyntheticCell and PlantCell and SclerenchymaCell, \nTrue
MatureCell SubClassOf CellByClass, \nTrue
MatureCell SubClassOf CellByClass and CirculatingCell and Erythrocyte and LeafCell and PhotosyntheticCell and PlantCell and SclerenchymaCell, \nTrue
MatureCell SubClassOf AnimalCell, True
MatureCell SubClassOf AnimalCell and CellByClass and CirculatingCell and Erythrocyte and LeafCell and PhotosyntheticCell and PlantCell and SclerenchymaCell, True
MatureCell SubClassOf Cell, True
MatureCell SubClassOf AnimalCell and Cell and CellByClass and CirculatingCell and Erythrocyte and LeafCell and PhotosyntheticCell and PlantCell and SclerenchymaCell, \nTrue
MatureCell SubClassOf Miocyte, True
MatureCell SubClassOf AnimalCell and Cell and CellByClass and CirculatingCell and Erythrocyte and LeafCell and Miocyte and PhotosyntheticCell and PlantCell and SclerenchymaCell, \nTrue
MatureCell SubClassOf InMatureCell, True
MatureCell SubClassOf AnimalCell and Cell and CellByClass and CirculatingCell and Erythrocyte and InMatureCell and LeafCell and Miocyte and PhotosyntheticCell and PlantCell and SclerenchymaCell, \nTrue
MatureCell SubClassOf Osteocyte, True
MatureCell SubClassOf AnimalCell and Cell and CellByClass and CirculatingCell and Erythrocyte and InMatureCell and LeafCell and Miocyte and Osteocyte and PhotosyntheticCell and PlantCell and SclerenchymaCell, \nTrue
MatureCell SubClassOf ChondroBlast, True
MatureCell SubClassOf AnimalCell and Cell and CellByClass and ChondroBlast and CirculatingCell and Erythrocyte and InMatureCell and LeafCell and Miocyte and Osteocyte and PhotosyntheticCell and PlantCell and SclerenchymaCell, \nTrue
MatureCell SubClassOf MioBlast, True
MatureCell SubClassOf AnimalCell and Cell and CellByClass and ChondroBlast and CirculatingCell and Erythrocyte and InMatureCell and LeafCell and MioBlast and Miocyte and Osteocyte and PhotosyntheticCell and PlantCell and SclerenchymaCell, \nTrue
MatureCell SubClassOf CellByDevelopmentStage, True
MatureCell SubClassOf AnimalCell and Cell and CellByClass and CellByDevelopmentStage and ChondroBlast and CirculatingCell and Erythrocyte and InMatureCell and LeafCell and MioBlast and Miocyte and Osteocyte and PhotosyntheticCell and PlantCell and SclerenchymaCell, \nHere
MatureCell SubClassOf PhotoreceptorCell, True
MatureCell SubClassOf AnimalCell and Cell and CellByClass and ChondroBlast and CirculatingCell and Erythrocyte and InMatureCell and LeafCell and MioBlast and Miocyte and Osteocyte and PhotoreceptorCell and PhotosyntheticCell and PlantCell and SclerenchymaCell, \nHere
MatureCell SubClassOf CellByOrganism, \nTrue
MatureCell SubClassOf AnimalCell and Cell and CellByClass and CellByOrganism and ChondroBlast and CirculatingCell and Erythrocyte and InMatureCell and LeafCell and MioBlast and Miocyte and Osteocyte and PhotosyntheticCell and PlantCell and SclerenchymaCell, \nHere
MatureCell SubClassOf ElectricallyActiveCell, True
MatureCell SubClassOf AnimalCell and Cell and CellByClass and ChondroBlast and CirculatingCell and ElectricallyActiveCell and Erythrocyte and InMatureCell and LeafCell and MioBlast and Miocyte and Osteocyte and PhotosyntheticCell and PlantCell and SclerenchymaCell, \nHere
MatureCell SubClassOf StructuralCell, True
MatureCell SubClassOf AnimalCell and Cell and CellByClass and ChondroBlast and CirculatingCell and Erythrocyte and InMatureCell and LeafCell and MioBlast and Miocyte and Osteocyte and PhotosyntheticCell and PlantCell and SclerenchymaCell and StructuralCell, \nTrue
MatureCell SubClassOf Neuron, True
MatureCell SubClassOf AnimalCell and Cell and CellByClass and ChondroBlast and CirculatingCell and Erythrocyte and InMatureCell and LeafCell and MioBlast and Miocyte and Neuron and Osteocyte and PhotosyntheticCell and PlantCell and SclerenchymaCell and StructuralCell, \nTrue
MatureCell SubClassOf ChondroCyte, True
MatureCell SubClassOf AnimalCell and Cell and CellByClass and ChondroBlast and ChondroCyte and CirculatingCell and Erythrocyte and InMatureCell and LeafCell and MioBlast and Miocyte and Neuron and Osteocyte and PhotosyntheticCell and PlantCell and SclerenchymaCell and StructuralCell, \nTrue
MatureCell SubClassOf AnimalCell and Cell and CellByClass and CellByDevelopmentStage and ChondroBlast and ChondroCyte and CirculatingCell and Erythrocyte and InMatureCell and LeafCell and MioBlast and Miocyte and Neuron and Osteocyte and PhotosyntheticCell and PlantCell and SclerenchymaCell and StructuralCell, \nTrue
MatureCell SubClassOf AnimalCell and Cell and CellByClass and CellByDevelopmentStage and ChondroBlast and ChondroCyte and CirculatingCell and Erythrocyte and InMatureCell and LeafCell and MioBlast and Miocyte and Neuron and Osteocyte and PhotoreceptorCell and PhotosyntheticCell and PlantCell and SclerenchymaCell and StructuralCell, \nTrue
MatureCell SubClassOf AnimalCell and Cell and CellByClass and CellByDevelopmentStage and CellByOrganism and ChondroBlast and ChondroCyte and CirculatingCell and Erythrocyte and InMatureCell and LeafCell and MioBlast and Miocyte and Neuron and Osteocyte and PhotoreceptorCell and PhotosyntheticCell and PlantCell and SclerenchymaCell and StructuralCell, \nHere
MatureCell SubClassOf AnimalCell and Cell and CellByClass and CellByDevelopmentStage and ChondroBlast and ChondroCyte and CirculatingCell and ElectricallyActiveCell and Erythrocyte and InMatureCell and LeafCell and MioBlast and Miocyte and Neuron and Osteocyte and PhotoreceptorCell and PhotosyntheticCell and PlantCell and SclerenchymaCell and StructuralCell, \nHere
Can Neuron that is also StructuralCell be considered a subcategory of 'Erythrocyte'?, \nFalse
Can ElectricallyActiveCell that is also StructuralCell be considered a subcategory of 'Erythrocyte'?, True
Can ElectricallyActiveCell that is also StructuralCell be considered a subcategory of 'SclerenchymaCell'?, \nFalse
Can ElectricallyActiveCell that is also StructuralCell be considered a subcategory of 'LeafCell'?, True
Can ElectricallyActiveCell be considered a subcategory of 'LeafCell'?, \nFalse
Can StructuralCell be considered a subcategory of 'LeafCell'?, \nFalse
Can CellByDevelopmentStage that is also InMatureCell be considered a subcategory of 'Osteocyte'?, True
Can CellByDevelopmentStage that is also InMatureCell be considered a subcategory of 'SclerenchymaCell'?, True
Can InMatureCell be considered a subcategory of 'SclerenchymaCell'?, \nFalse
Can CellByDevelopmentStage be considered a subcategory of 'SclerenchymaCell'?, \nFalse
Can Miocyte that is also StructuralCell be considered a subcategory of 'LeafCell'?, True
Can Miocyte that is also StructuralCell be considered a subcategory of 'SclerenchymaCell'?, \nFalse
Can Miocyte be considered a subcategory of 'LeafCell'?, \nFalse
Can CellByDevelopmentStage that is also LeafCell be considered a subcategory of 'AnimalCell'?, \nFalse
Can CellByDevelopmentStage that is also ChondroBlast be considered a subcategory of 'Osteocyte'?, False
Can Cell that is also MatureCell be considered a subcategory of 'Osteocyte'?, \nTrue
Can Cell that is also MatureCell be considered a subcategory of 'SclerenchymaCell'?, \nFalse
Can Cell that is also MatureCell be considered a subcategory of 'LeafCell'?, \nFalse
Can Cell that is also MatureCell be considered a subcategory of 'Erythrocyte'?, True
Can Cell be considered a subcategory of 'Erythrocyte'?, \nFalse
Can MatureCell be considered a subcategory of 'Erythrocyte'?, \nTrue
Can MatureCell be considered a subcategory of 'SclerenchymaCell'?, True
Can MatureCell be considered a subcategory of 'Erythrocyte that is also SclerenchymaCell'?, \nFalse
Can MatureCell be considered a subcategory of 'LeafCell'?, True
Can MatureCell be considered a subcategory of 'Erythrocyte that is also LeafCell'?, False
Can MatureCell be considered a subcategory of 'PhotosyntheticCell'?, True
Can MatureCell be considered a subcategory of 'Erythrocyte that is also PhotosyntheticCell'?, True
Can MatureCell be considered a subcategory of 'CirculatingCell'?, True
Can MatureCell be considered a subcategory of 'CirculatingCell that is also Erythrocyte that is also PhotosyntheticCell'?, False
Can MatureCell be considered a subcategory of 'PlantCell'?, True
Can MatureCell be considered a subcategory of 'Erythrocyte that is also PhotosyntheticCell that is also PlantCell'?, False
Can MatureCell be considered a subcategory of 'CellByClass'?, \nFalse
Can MatureCell be considered a subcategory of 'AnimalCell'?, \nFalse
Can MatureCell be considered a subcategory of 'Cell'?, True
Can MatureCell be considered a subcategory of 'Cell that is also Erythrocyte that is also PhotosyntheticCell'?, \nFalse
Can MatureCell be considered a subcategory of 'Miocyte'?, True
Can MatureCell be considered a subcategory of 'Erythrocyte that is also Miocyte that is also PhotosyntheticCell'?, \nFalse
Can MatureCell be considered a subcategory of 'InMatureCell'?, \nTrue
Can MatureCell be considered a subcategory of 'Erythrocyte that is also InMatureCell that is also PhotosyntheticCell'?, \nFalse
Can MatureCell be considered a subcategory of 'Osteocyte'?, \nFalse
Can MatureCell be considered a subcategory of 'ChondroBlast'?, \nFalse
Can MatureCell be considered a subcategory of 'MioBlast'?, \nFalse
Can MatureCell be considered a subcategory of 'CellByDevelopmentStage'?, \nFalse
Can MatureCell be considered a subcategory of 'PhotoreceptorCell'?, \nFalse
Can MatureCell be considered a subcategory of 'CellByOrganism'?, \nFalse
Can MatureCell be considered a subcategory of 'ElectricallyActiveCell'?, \nFalse
Can MatureCell be considered a subcategory of 'StructuralCell'?, True
Can MatureCell be considered a subcategory of 'Erythrocyte that is also PhotosyntheticCell that is also StructuralCell'?, \nFalse
Can MatureCell be considered a subcategory of 'Neuron'?, \nTrue
Can MatureCell be considered a subcategory of 'Erythrocyte that is also Neuron that is also PhotosyntheticCell'?, False
Can MatureCell be considered a subcategory of 'ChondroCyte'?, \nFalse
Can MatureCell be considered a subcategory of 'Erythrocyte that is also PhotosyntheticCell that is also SclerenchymaCell'?, \nFalse
Can MatureCell be considered a subcategory of 'Erythrocyte that is also LeafCell that is also PhotosyntheticCell'?, \nFalse
Can CellByClass that is also InMatureCell be considered a subcategory of 'AnimalCell'?, \nFalse
Can ChondroCyte that is also LeafCell be considered a subcategory of 'Neuron'?, \nFalse
Can CirculatingCell that is also LeafCell be considered a subcategory of 'Neuron'?, \nFalse
Can CellByOrganism that is also ChondroCyte be considered a subcategory of 'AnimalCell'?, \nFalse
Can Osteocyte that is also SclerenchymaCell be considered a subcategory of 'AnimalCell'?, \nFalse
Can InMatureCell that is also Miocyte be considered a subcategory of 'PhotosyntheticCell'?, \nFalse
Can Cell that is also StructuralCell be considered a subcategory of 'SclerenchymaCell'?, \nFalse
Can InMatureCell that is also StructuralCell be considered a subcategory of 'ChondroCyte'?, \nFalse
Can AnimalCell that is also InMatureCell be considered a subcategory of 'ChondroCyte'?, \nFalse
Can CellByClass that is also ChondroBlast be considered a subcategory of 'ElectricallyActiveCell'?, True
Can CellByClass that is also ChondroBlast be considered a subcategory of 'SclerenchymaCell'?, \nFalse
Can CellByClass that is also ChondroBlast be considered a subcategory of 'LeafCell'?, \nFalse
Can CellByClass that is also ChondroBlast be considered a subcategory of 'Erythrocyte'?, \nFalse
Can CellByClass that is also ChondroBlast be considered a subcategory of 'PhotosyntheticCell'?, True
Can ChondroBlast be considered a subcategory of 'PhotosyntheticCell'?, \nFalse
Can CellByClass be considered a subcategory of 'PhotosyntheticCell'?, True
Can CellByClass be considered a subcategory of 'SclerenchymaCell'?, \nFalse
Can CellByClass be considered a subcategory of 'LeafCell'?, \nFalse
Can CellByClass be considered a subcategory of 'Erythrocyte'?, True
Can CellByClass be considered a subcategory of 'Erythrocyte that is also PhotosyntheticCell'?, False
Can CellByClass be considered a subcategory of 'CirculatingCell'?, True
Can CellByClass be considered a subcategory of 'CirculatingCell that is also PhotosyntheticCell'?, \nFalse
Can CellByClass be considered a subcategory of 'PlantCell'?, \nFalse
Can CellByClass be considered a subcategory of 'MatureCell'?, \nFalse
Can CellByClass be considered a subcategory of 'AnimalCell'?, True
Can CellByClass be considered a subcategory of 'AnimalCell that is also PhotosyntheticCell'?, \nFalse
Can CellByClass be considered a subcategory of 'Cell'?, \nFalse
Can CellByClass be considered a subcategory of 'Miocyte'?, \nFalse
Can CellByClass be considered a subcategory of 'InMatureCell'?, \nFalse
Can CellByClass be considered a subcategory of 'Osteocyte'?, True
Can CellByClass be considered a subcategory of 'Osteocyte that is also PhotosyntheticCell'?, \nFalse
Can CellByClass be considered a subcategory of 'ChondroBlast'?, \nFalse
Can CellByClass be considered a subcategory of 'MioBlast'?, \nFalse
Can CellByClass be considered a subcategory of 'CellByDevelopmentStage'?, \nFalse
Can CellByClass be considered a subcategory of 'PhotoreceptorCell'?, \nFalse
Can CellByClass be considered a subcategory of 'CellByOrganism'?, \nFalse
Can CellByClass be considered a subcategory of 'ElectricallyActiveCell'?, \nFalse
Can CellByClass be considered a subcategory of 'StructuralCell'?, \nFalse
Can CellByClass be considered a subcategory of 'Neuron'?, True
Can CellByClass be considered a subcategory of 'Neuron that is also PhotosyntheticCell'?, \nFalse
Can CellByClass be considered a subcategory of 'ChondroCyte'?, \nFalse
Can CellByDevelopmentStage that is also Miocyte be considered a subcategory of 'SclerenchymaCell'?, True
Can Miocyte be considered a subcategory of 'SclerenchymaCell'?, \nFalse
Can InMatureCell that is also StructuralCell be considered a subcategory of 'SclerenchymaCell'?, \nFalse
Can Cell that is also PhotoreceptorCell be considered a subcategory of 'ElectricallyActiveCell'?, \nFalse
Can CirculatingCell that is also SclerenchymaCell be considered a subcategory of 'LeafCell'?, \nFalse
Can LeafCell that is also PhotosyntheticCell be considered a subcategory of 'PhotoreceptorCell'?, \nFalse
Can CellByDevelopmentStage that is also Osteocyte be considered a subcategory of 'PhotoreceptorCell'?, \nFalse
Can ChondroCyte be considered a subcategory of 'PhotoreceptorCell'?, \nFalse
Can Neuron that is also PlantCell be considered a subcategory of 'LeafCell'?, True
Can Neuron that is also PlantCell be considered a subcategory of 'SclerenchymaCell'?, \nFalse
Can PlantCell be considered a subcategory of 'LeafCell'?, True
Can PlantCell be considered a subcategory of 'SclerenchymaCell'?, \nFalse
Can PlantCell be considered a subcategory of 'Erythrocyte'?, \nFalse
Can PlantCell be considered a subcategory of 'PhotosyntheticCell'?, \nTrue
Can PlantCell be considered a subcategory of 'LeafCell that is also PhotosyntheticCell'?, True
Can PlantCell be considered a subcategory of 'CirculatingCell'?, True
Can PlantCell be considered a subcategory of 'CirculatingCell that is also LeafCell that is also PhotosyntheticCell'?, \nFalse
Can PlantCell be considered a subcategory of 'CellByClass'?, \nFalse
Can PlantCell be considered a subcategory of 'MatureCell'?, \nFalse
Can PlantCell be considered a subcategory of 'AnimalCell'?, True
Can PlantCell be considered a subcategory of 'AnimalCell that is also LeafCell that is also PhotosyntheticCell'?, False
Can PlantCell be considered a subcategory of 'Cell'?, True
Can PlantCell be considered a subcategory of 'Cell that is also LeafCell that is also PhotosyntheticCell'?, True
Can PlantCell be considered a subcategory of 'Miocyte'?, True
Can PlantCell be considered a subcategory of 'Cell that is also LeafCell that is also Miocyte that is also PhotosyntheticCell'?, True
Can PlantCell be considered a subcategory of 'InMatureCell'?, True
Can PlantCell be considered a subcategory of 'Cell that is also InMatureCell that is also LeafCell that is also Miocyte that is also PhotosyntheticCell'?, True
Can PlantCell be considered a subcategory of 'Osteocyte'?, \nFalse
Can PlantCell be considered a subcategory of 'ChondroBlast'?, True
Can PlantCell be considered a subcategory of 'Cell that is also ChondroBlast that is also InMatureCell that is also LeafCell that is also Miocyte that is also PhotosyntheticCell'?, True
Can PlantCell be considered a subcategory of 'MioBlast'?, \nFalse
Can PlantCell be considered a subcategory of 'CellByDevelopmentStage'?, True
Can PlantCell be considered a subcategory of 'Cell that is also CellByDevelopmentStage that is also ChondroBlast that is also InMatureCell that is also LeafCell that is also Miocyte that is also PhotosyntheticCell'?, True
Can PlantCell be considered a subcategory of 'PhotoreceptorCell'?, \nTrue
Can PlantCell be considered a subcategory of 'Cell that is also CellByDevelopmentStage that is also ChondroBlast that is also InMatureCell that is also LeafCell that is also Miocyte that is also PhotoreceptorCell that is also PhotosyntheticCell'?, \nFalse
Can PlantCell be considered a subcategory of 'CellByOrganism'?, True
Can PlantCell be considered a subcategory of 'Cell that is also CellByDevelopmentStage that is also CellByOrganism that is also ChondroBlast that is also InMatureCell that is also LeafCell that is also Miocyte that is also PhotosyntheticCell'?, \nFalse
Can PlantCell be considered a subcategory of 'ElectricallyActiveCell'?, True
Can PlantCell be considered a subcategory of 'Cell that is also CellByDevelopmentStage that is also ChondroBlast that is also ElectricallyActiveCell that is also InMatureCell that is also LeafCell that is also Miocyte that is also PhotosyntheticCell'?, \nFalse
Can PlantCell be considered a subcategory of 'StructuralCell'?, True
Can PlantCell be considered a subcategory of 'Cell that is also CellByDevelopmentStage that is also ChondroBlast that is also InMatureCell that is also LeafCell that is also Miocyte that is also PhotosyntheticCell that is also StructuralCell'?, \nFalse
Can PlantCell be considered a subcategory of 'Neuron'?, True
Can PlantCell be considered a subcategory of 'Cell that is also CellByDevelopmentStage that is also ChondroBlast that is also InMatureCell that is also LeafCell that is also Miocyte that is also Neuron that is also PhotosyntheticCell'?, \nFalse
Can PlantCell be considered a subcategory of 'ChondroCyte'?, \nFalse
Can PlantCell be considered a subcategory of 'Cell that is also CellByDevelopmentStage that is also ChondroBlast that is also CirculatingCell that is also InMatureCell that is also LeafCell that is also Miocyte that is also PhotosyntheticCell'?, False.
Can PlantCell be considered a subcategory of 'AnimalCell that is also Cell that is also CellByDevelopmentStage that is also ChondroBlast that is also InMatureCell that is also LeafCell that is also Miocyte that is also PhotosyntheticCell'?, True
Can PlantCell be considered a subcategory of 'AnimalCell that is also Cell that is also CellByDevelopmentStage that is also ChondroBlast that is also InMatureCell that is also LeafCell that is also Miocyte that is also PhotoreceptorCell that is also PhotosyntheticCell'?, True
Can PlantCell be considered a subcategory of 'AnimalCell that is also Cell that is also CellByDevelopmentStage that is also CellByOrganism that is also ChondroBlast that is also InMatureCell that is also LeafCell that is also Miocyte that is also PhotoreceptorCell that is also PhotosyntheticCell'?, False
Can PlantCell be considered a subcategory of 'AnimalCell that is also Cell that is also CellByDevelopmentStage that is also ChondroBlast that is also ElectricallyActiveCell that is also InMatureCell that is also LeafCell that is also Miocyte that is also PhotoreceptorCell that is also PhotosyntheticCell'?, True
Can PlantCell be considered a subcategory of 'AnimalCell that is also Cell that is also CellByDevelopmentStage that is also ChondroBlast that is also ElectricallyActiveCell that is also InMatureCell that is also LeafCell that is also Miocyte that is also PhotoreceptorCell that is also PhotosyntheticCell that is also StructuralCell'?, \nFalse
Can PlantCell be considered a subcategory of 'AnimalCell that is also Cell that is also CellByDevelopmentStage that is also ChondroBlast that is also ElectricallyActiveCell that is also InMatureCell that is also LeafCell that is also Miocyte that is also Neuron that is also PhotoreceptorCell that is also PhotosyntheticCell'?, True
Can LeafCell that is also SclerenchymaCell be considered a subcategory of 'PhotoreceptorCell'?, \nFalse
Can CellByClass that is also Osteocyte be considered a subcategory of 'LeafCell'?, True
Can CellByClass that is also Osteocyte be considered a subcategory of 'SclerenchymaCell'?, True
Can Osteocyte be considered a subcategory of 'SclerenchymaCell'?, \nFalse
Can CellByOrganism that is also Osteocyte be considered a subcategory of 'StructuralCell'?, \nFalse
Can MatureCell that is also MioBlast be considered a subcategory of 'CirculatingCell'?, \nFalse
Can ChondroBlast that is also Neuron be considered a subcategory of 'StructuralCell'?, \nFalse
Can ChondroBlast that is also SclerenchymaCell be considered a subcategory of 'StructuralCell'?, \nFalse
Can Erythrocyte that is also StructuralCell be considered a subcategory of 'CirculatingCell'?, True
Can Erythrocyte that is also StructuralCell be considered a subcategory of 'SclerenchymaCell'?, \nFalse
Can Erythrocyte that is also StructuralCell be considered a subcategory of 'LeafCell'?, \nFalse
Can Erythrocyte that is also StructuralCell be considered a subcategory of 'PhotosyntheticCell'?, True
Can Erythrocyte be considered a subcategory of 'PhotosyntheticCell'?, False
Can StructuralCell be considered a subcategory of 'PhotosyntheticCell'?, \nFalse
Can AnimalCell be considered a subcategory of 'Cell'?, \nTrue
Can AnimalCell be considered a subcategory of 'SclerenchymaCell'?, \nTrue
Can AnimalCell be considered a subcategory of 'LeafCell'?, True
Can AnimalCell be considered a subcategory of 'LeafCell that is also SclerenchymaCell'?, True
Can AnimalCell be considered a subcategory of 'Erythrocyte'?, \nTrue
Can AnimalCell be considered a subcategory of 'Erythrocyte that is also LeafCell that is also SclerenchymaCell'?, False
Can AnimalCell be considered a subcategory of 'PhotosyntheticCell'?, \nTrue
Can AnimalCell be considered a subcategory of 'LeafCell that is also PhotosyntheticCell that is also SclerenchymaCell'?, True
Can AnimalCell be considered a subcategory of 'CirculatingCell'?, True
Can AnimalCell be considered a subcategory of 'CirculatingCell that is also LeafCell that is also PhotosyntheticCell that is also SclerenchymaCell'?, True
Can AnimalCell be considered a subcategory of 'PlantCell'?, False
Can AnimalCell be considered a subcategory of 'CellByClass'?, \nFalse
Can AnimalCell be considered a subcategory of 'MatureCell'?, True
Can AnimalCell be considered a subcategory of 'CirculatingCell that is also LeafCell that is also MatureCell that is also PhotosyntheticCell that is also SclerenchymaCell'?, True
Can AnimalCell be considered a subcategory of 'Cell that is also CirculatingCell that is also LeafCell that is also MatureCell that is also PhotosyntheticCell that is also SclerenchymaCell'?, True
Can AnimalCell be considered a subcategory of 'Miocyte'?, True
Can AnimalCell be considered a subcategory of 'Cell that is also CirculatingCell that is also LeafCell that is also MatureCell that is also Miocyte that is also PhotosyntheticCell that is also SclerenchymaCell'?, True
Can AnimalCell be considered a subcategory of 'InMatureCell'?, \nTrue
Can AnimalCell be considered a subcategory of 'Cell that is also CirculatingCell that is also InMatureCell that is also LeafCell that is also MatureCell that is also Miocyte that is also PhotosyntheticCell that is also SclerenchymaCell'?, \nFalse
Can AnimalCell be considered a subcategory of 'Osteocyte'?, \nTrue
Can AnimalCell be considered a subcategory of 'Cell that is also CirculatingCell that is also LeafCell that is also MatureCell that is also Miocyte that is also Osteocyte that is also PhotosyntheticCell that is also SclerenchymaCell'?, \nFalse
Can AnimalCell be considered a subcategory of 'ChondroBlast'?, True
Can AnimalCell be considered a subcategory of 'Cell that is also ChondroBlast that is also CirculatingCell that is also LeafCell that is also MatureCell that is also Miocyte that is also PhotosyntheticCell that is also SclerenchymaCell'?, \nFalse
Can AnimalCell be considered a subcategory of 'MioBlast'?, True
Can AnimalCell be considered a subcategory of 'Cell that is also CirculatingCell that is also LeafCell that is also MatureCell that is also MioBlast that is also Miocyte that is also PhotosyntheticCell that is also SclerenchymaCell'?, True
Can AnimalCell be considered a subcategory of 'CellByDevelopmentStage'?, \nFalse
Can AnimalCell be considered a subcategory of 'PhotoreceptorCell'?, True
Can AnimalCell be considered a subcategory of 'Cell that is also CirculatingCell that is also LeafCell that is also MatureCell that is also MioBlast that is also Miocyte that is also PhotoreceptorCell that is also PhotosyntheticCell that is also SclerenchymaCell'?, True
Can AnimalCell be considered a subcategory of 'CellByOrganism'?, True
Can AnimalCell be considered a subcategory of 'Cell that is also CellByOrganism that is also CirculatingCell that is also LeafCell that is also MatureCell that is also MioBlast that is also Miocyte that is also PhotoreceptorCell that is also PhotosyntheticCell that is also SclerenchymaCell'?, True
Can AnimalCell be considered a subcategory of 'ElectricallyActiveCell'?, True
Can AnimalCell be considered a subcategory of 'Cell that is also CellByOrganism that is also CirculatingCell that is also ElectricallyActiveCell that is also LeafCell that is also MatureCell that is also MioBlast that is also Miocyte that is also PhotoreceptorCell that is also PhotosyntheticCell that is also SclerenchymaCell'?, True
Can AnimalCell be considered a subcategory of 'StructuralCell'?, \nTrue
Can AnimalCell be considered a subcategory of 'Cell that is also CellByOrganism that is also CirculatingCell that is also ElectricallyActiveCell that is also LeafCell that is also MatureCell that is also MioBlast that is also Miocyte that is also PhotoreceptorCell that is also PhotosyntheticCell that is also SclerenchymaCell that is also StructuralCell'?, True
Can AnimalCell be considered a subcategory of 'Neuron'?, \nFalse
Can AnimalCell be considered a subcategory of 'ChondroCyte'?, \nFalse
Can AnimalCell be considered a subcategory of 'Cell that is also CellByOrganism that is also CirculatingCell that is also ElectricallyActiveCell that is also Erythrocyte that is also LeafCell that is also MatureCell that is also MioBlast that is also Miocyte that is also PhotoreceptorCell that is also PhotosyntheticCell that is also SclerenchymaCell that is also StructuralCell'?, True
Can AnimalCell be considered a subcategory of 'Cell that is also CellByOrganism that is also CirculatingCell that is also ElectricallyActiveCell that is also Erythrocyte that is also InMatureCell that is also LeafCell that is also MatureCell that is also MioBlast that is also Miocyte that is also PhotoreceptorCell that is also PhotosyntheticCell that is also SclerenchymaCell that is also StructuralCell'?, \nTrue
Can AnimalCell be considered a subcategory of 'Cell that is also CellByOrganism that is also CirculatingCell that is also ElectricallyActiveCell that is also Erythrocyte that is also InMatureCell that is also LeafCell that is also MatureCell that is also MioBlast that is also Miocyte that is also Osteocyte that is also PhotoreceptorCell that is also PhotosyntheticCell that is also SclerenchymaCell that is also StructuralCell'?, \nFalse
Can AnimalCell be considered a subcategory of 'Cell that is also CellByOrganism that is also ChondroBlast that is also CirculatingCell that is also ElectricallyActiveCell that is also Erythrocyte that is also InMatureCell that is also LeafCell that is also MatureCell that is also MioBlast that is also Miocyte that is also PhotoreceptorCell that is also PhotosyntheticCell that is also SclerenchymaCell that is also StructuralCell'?, \nFalse
Can ElectricallyActiveCell that is also LeafCell be considered a subcategory of 'Cell'?, True
Can ElectricallyActiveCell that is also LeafCell be considered a subcategory of 'SclerenchymaCell'?, True
Can LeafCell be considered a subcategory of 'SclerenchymaCell'?, True
Can LeafCell be considered a subcategory of 'Erythrocyte'?, \nTrue
Can LeafCell be considered a subcategory of 'Erythrocyte that is also SclerenchymaCell'?, \nFalse
Can LeafCell be considered a subcategory of 'PhotosyntheticCell'?, True
Can LeafCell be considered a subcategory of 'PhotosyntheticCell that is also SclerenchymaCell'?, True
Can LeafCell be considered a subcategory of 'CirculatingCell'?, True
Can LeafCell be considered a subcategory of 'CirculatingCell that is also PhotosyntheticCell that is also SclerenchymaCell'?, False
Can LeafCell be considered a subcategory of 'PlantCell'?, \nFalse
Can LeafCell be considered a subcategory of 'CellByClass'?, \nFalse
Can LeafCell be considered a subcategory of 'MatureCell'?, \nFalse
Can LeafCell be considered a subcategory of 'AnimalCell'?, \nFalse
Can LeafCell be considered a subcategory of 'Cell'?, \nTrue
Can LeafCell be considered a subcategory of 'Cell that is also PhotosyntheticCell that is also SclerenchymaCell'?, \nFalse
Can LeafCell be considered a subcategory of 'Miocyte'?, \nFalse
Can LeafCell be considered a subcategory of 'InMatureCell'?, \nFalse
Can LeafCell be considered a subcategory of 'Osteocyte'?, \nFalse
Can LeafCell be considered a subcategory of 'ChondroBlast'?, \nTrue
Can LeafCell be considered a subcategory of 'ChondroBlast that is also PhotosyntheticCell that is also SclerenchymaCell'?, \nFalse
Can LeafCell be considered a subcategory of 'MioBlast'?, \nFalse
Can LeafCell be considered a subcategory of 'CellByDevelopmentStage'?, True
Can LeafCell be considered a subcategory of 'CellByDevelopmentStage that is also PhotosyntheticCell that is also SclerenchymaCell'?, True
Can LeafCell be considered a subcategory of 'PhotoreceptorCell'?, True
Can LeafCell be considered a subcategory of 'CellByDevelopmentStage that is also PhotoreceptorCell that is also PhotosyntheticCell that is also SclerenchymaCell'?, False.
Can LeafCell be considered a subcategory of 'CellByOrganism'?, \nFalse
Can LeafCell be considered a subcategory of 'ElectricallyActiveCell'?, True
Can LeafCell be considered a subcategory of 'CellByDevelopmentStage that is also ElectricallyActiveCell that is also PhotosyntheticCell that is also SclerenchymaCell'?, \nFalse
Can LeafCell be considered a subcategory of 'StructuralCell'?, \nTrue
Can LeafCell be considered a subcategory of 'CellByDevelopmentStage that is also PhotosyntheticCell that is also SclerenchymaCell that is also StructuralCell'?, \nFalse
Can LeafCell be considered a subcategory of 'Neuron'?, \nFalse
Can LeafCell be considered a subcategory of 'ChondroCyte'?, \nFalse
Can LeafCell be considered a subcategory of 'CellByDevelopmentStage that is also Erythrocyte that is also PhotosyntheticCell that is also SclerenchymaCell'?, True
Can LeafCell be considered a subcategory of 'CellByDevelopmentStage that is also CirculatingCell that is also Erythrocyte that is also PhotosyntheticCell that is also SclerenchymaCell'?, True
Can LeafCell be considered a subcategory of 'Cell that is also CellByDevelopmentStage that is also CirculatingCell that is also Erythrocyte that is also PhotosyntheticCell that is also SclerenchymaCell'?, \nFalse
Can LeafCell be considered a subcategory of 'CellByDevelopmentStage that is also ChondroBlast that is also CirculatingCell that is also Erythrocyte that is also PhotosyntheticCell that is also SclerenchymaCell'?, True
Can LeafCell be considered a subcategory of 'CellByDevelopmentStage that is also ChondroBlast that is also CirculatingCell that is also Erythrocyte that is also PhotoreceptorCell that is also PhotosyntheticCell that is also SclerenchymaCell'?, True
Can LeafCell be considered a subcategory of 'CellByDevelopmentStage that is also ChondroBlast that is also CirculatingCell that is also ElectricallyActiveCell that is also Erythrocyte that is also PhotoreceptorCell that is also PhotosyntheticCell that is also SclerenchymaCell'?, True
Can LeafCell be considered a subcategory of 'CellByDevelopmentStage that is also ChondroBlast that is also CirculatingCell that is also ElectricallyActiveCell that is also Erythrocyte that is also PhotoreceptorCell that is also PhotosyntheticCell that is also SclerenchymaCell that is also StructuralCell'?, False
Can CellByDevelopmentStage that is also PhotoreceptorCell be considered a subcategory of 'MatureCell'?, \nFalse
Can InMatureCell that is also PlantCell be considered a subcategory of 'CellByClass'?, \nFalse
Can CellByOrganism that is also PhotoreceptorCell be considered a subcategory of 'ChondroBlast'?, True
Can CellByOrganism that is also PhotoreceptorCell be considered a subcategory of 'SclerenchymaCell'?, \nFalse
Can CellByOrganism that is also PhotoreceptorCell be considered a subcategory of 'LeafCell'?, \nFalse
Can CellByOrganism that is also PhotoreceptorCell be considered a subcategory of 'Erythrocyte'?, True
Can PhotoreceptorCell be considered a subcategory of 'Erythrocyte'?, False
Can CellByOrganism be considered a subcategory of 'Erythrocyte'?, True
Can CellByOrganism be considered a subcategory of 'SclerenchymaCell'?, \nFalse
Can CellByOrganism be considered a subcategory of 'LeafCell'?, \nTrue
Can CellByOrganism be considered a subcategory of 'Erythrocyte that is also LeafCell'?, False
Can CellByOrganism be considered a subcategory of 'PhotosyntheticCell'?, \nFalse
Can CellByOrganism be considered a subcategory of 'CirculatingCell'?, True
Can CellByOrganism be considered a subcategory of 'CirculatingCell that is also Erythrocyte'?, True
Can CellByOrganism be considered a subcategory of 'PlantCell'?, True
Can CellByOrganism be considered a subcategory of 'CirculatingCell that is also Erythrocyte that is also PlantCell'?, True
Can CellByOrganism be considered a subcategory of 'CellByClass'?, \nFalse
Can CellByOrganism be considered a subcategory of 'MatureCell'?, True
Can CellByOrganism be considered a subcategory of 'CirculatingCell that is also Erythrocyte that is also MatureCell that is also PlantCell'?, True
Can CellByOrganism be considered a subcategory of 'AnimalCell'?, \nFalse
Can CellByOrganism be considered a subcategory of 'Cell'?, True
Can CellByOrganism be considered a subcategory of 'Cell that is also CirculatingCell that is also Erythrocyte that is also MatureCell that is also PlantCell'?, True
Can CellByOrganism be considered a subcategory of 'Miocyte'?, \nFalse
Can CellByOrganism be considered a subcategory of 'InMatureCell'?, \nTrue
Can CellByOrganism be considered a subcategory of 'Cell that is also CirculatingCell that is also Erythrocyte that is also InMatureCell that is also MatureCell that is also PlantCell'?, \nFalse
Can CellByOrganism be considered a subcategory of 'Osteocyte'?, \nFalse
Can CellByOrganism be considered a subcategory of 'ChondroBlast'?, \nFalse
Can CellByOrganism be considered a subcategory of 'MioBlast'?, \nFalse
Can CellByOrganism be considered a subcategory of 'CellByDevelopmentStage'?, \nTrue
Can CellByOrganism be considered a subcategory of 'Cell that is also CellByDevelopmentStage that is also CirculatingCell that is also Erythrocyte that is also MatureCell that is also PlantCell'?, True
Can CellByOrganism be considered a subcategory of 'PhotoreceptorCell'?, \nTrue
Can CellByOrganism be considered a subcategory of 'Cell that is also CellByDevelopmentStage that is also CirculatingCell that is also Erythrocyte that is also MatureCell that is also PhotoreceptorCell that is also PlantCell'?, \nFalse
Can CellByOrganism be considered a subcategory of 'ElectricallyActiveCell'?, \nFalse
Can CellByOrganism be considered a subcategory of 'StructuralCell'?, \nFalse
Can CellByOrganism be considered a subcategory of 'Neuron'?, True
Can CellByOrganism be considered a subcategory of 'Cell that is also CellByDevelopmentStage that is also CirculatingCell that is also Erythrocyte that is also MatureCell that is also Neuron that is also PlantCell'?, \nFalse
Can CellByOrganism be considered a subcategory of 'ChondroCyte'?, \nFalse
Can CellByOrganism be considered a subcategory of 'Cell that is also CellByDevelopmentStage that is also CirculatingCell that is also Erythrocyte that is also LeafCell that is also MatureCell that is also PlantCell'?, \nFalse
Can CellByOrganism be considered a subcategory of 'Cell that is also CellByDevelopmentStage that is also CirculatingCell that is also Erythrocyte that is also InMatureCell that is also MatureCell that is also PlantCell'?, \nFalse
Can Cell that is also PhotosyntheticCell be considered a subcategory of 'MatureCell'?, \nFalse
Can StructuralCell be considered a subcategory of 'PlantCell'?, \nTrue
Can StructuralCell be considered a subcategory of 'SclerenchymaCell'?, \nTrue
Can StructuralCell be considered a subcategory of 'Erythrocyte'?, \nFalse
Can StructuralCell be considered a subcategory of 'CirculatingCell'?, True
Can StructuralCell be considered a subcategory of 'CirculatingCell that is also SclerenchymaCell'?, \nFalse
Can StructuralCell be considered a subcategory of 'PlantCell that is also SclerenchymaCell'?, \nFalse
Can StructuralCell be considered a subcategory of 'CellByClass'?, True
Can StructuralCell be considered a subcategory of 'CellByClass that is also SclerenchymaCell'?, \nFalse
Can StructuralCell be considered a subcategory of 'MatureCell'?, True
Can StructuralCell be considered a subcategory of 'MatureCell that is also SclerenchymaCell'?, \nTrue
Can StructuralCell be considered a subcategory of 'AnimalCell'?, \nFalse
Can StructuralCell be considered a subcategory of 'Cell'?, True
Can StructuralCell be considered a subcategory of 'Cell that is also MatureCell that is also SclerenchymaCell'?, \nFalse
Can StructuralCell be considered a subcategory of 'Miocyte'?, \nFalse
Can StructuralCell be considered a subcategory of 'InMatureCell'?, \nFalse
Can StructuralCell be considered a subcategory of 'Osteocyte'?, \nTrue
Can StructuralCell be considered a subcategory of 'MatureCell that is also Osteocyte that is also SclerenchymaCell'?, True
Can StructuralCell be considered a subcategory of 'ChondroBlast'?, \nFalse
Can StructuralCell be considered a subcategory of 'MioBlast'?, True
Can StructuralCell be considered a subcategory of 'MatureCell that is also MioBlast that is also Osteocyte that is also SclerenchymaCell'?, \nFalse
Can StructuralCell be considered a subcategory of 'CellByDevelopmentStage'?, \nFalse
Can StructuralCell be considered a subcategory of 'PhotoreceptorCell'?, True
Can StructuralCell be considered a subcategory of 'MatureCell that is also Osteocyte that is also PhotoreceptorCell that is also SclerenchymaCell'?, \nFalse
Can StructuralCell be considered a subcategory of 'CellByOrganism'?, \nFalse
Can StructuralCell be considered a subcategory of 'ElectricallyActiveCell'?, True
Can StructuralCell be considered a subcategory of 'ElectricallyActiveCell that is also MatureCell that is also Osteocyte that is also SclerenchymaCell'?, \nFalse
Can StructuralCell be considered a subcategory of 'Neuron'?, \nFalse
Can StructuralCell be considered a subcategory of 'ChondroCyte'?, True
Can StructuralCell be considered a subcategory of 'ChondroCyte that is also MatureCell that is also Osteocyte that is also SclerenchymaCell'?, \nFalse
Can StructuralCell be considered a subcategory of 'CirculatingCell that is also MatureCell that is also Osteocyte that is also SclerenchymaCell'?, \nFalse
Can StructuralCell be considered a subcategory of 'MatureCell that is also Osteocyte that is also PlantCell that is also SclerenchymaCell'?, True
Can StructuralCell be considered a subcategory of 'CellByClass that is also MatureCell that is also Osteocyte that is also PlantCell that is also SclerenchymaCell'?, \nFalse
Can StructuralCell be considered a subcategory of 'Cell that is also MatureCell that is also Osteocyte that is also PlantCell that is also SclerenchymaCell'?, \nFalse
Can StructuralCell be considered a subcategory of 'MatureCell that is also MioBlast that is also Osteocyte that is also PlantCell that is also SclerenchymaCell'?, \nFalse
Can StructuralCell be considered a subcategory of 'MatureCell that is also Osteocyte that is also PhotoreceptorCell that is also PlantCell that is also SclerenchymaCell'?, \nFalse
Can StructuralCell be considered a subcategory of 'ElectricallyActiveCell that is also MatureCell that is also Osteocyte that is also PlantCell that is also SclerenchymaCell'?, \nFalse
Can StructuralCell be considered a subcategory of 'ChondroCyte that is also MatureCell that is also Osteocyte that is also PlantCell that is also SclerenchymaCell'?, \nFalse
Can CirculatingCell that is also Neuron be considered a subcategory of 'PhotosyntheticCell'?, \nFalse
Can Erythrocyte that is also Miocyte be considered a subcategory of 'PhotosyntheticCell'?, False
Can LeafCell that is also MioBlast be considered a subcategory of 'Miocyte'?, \nFalse
Can ElectricallyActiveCell that is also MatureCell be considered a subcategory of 'InMatureCell'?, \nFalse
Can ChondroBlast that is also MatureCell be considered a subcategory of 'PlantCell'?, \nFalse
Can ChondroCyte that is also Erythrocyte be considered a subcategory of 'Miocyte'?, \nFalse
Can CellByDevelopmentStage that is also ElectricallyActiveCell be considered a subcategory of 'Miocyte'?, \nFalse
Can PhotoreceptorCell that is also PhotosyntheticCell be considered a subcategory of 'StructuralCell'?, False
Can CellByOrganism that is also MatureCell be considered a subcategory of 'ChondroCyte'?, \nFalse
Can ChondroBlast that is also Osteocyte be considered a subcategory of 'ElectricallyActiveCell'?, \nFalse
Can ChondroBlast that is also MatureCell be considered a subcategory of 'SclerenchymaCell'?, \nFalse
Can ChondroCyte that is also PhotosyntheticCell be considered a subcategory of 'PhotoreceptorCell'?, False
Can SclerenchymaCell be considered a subcategory of 'PhotoreceptorCell'?, \nFalse
Can CellByDevelopmentStage that is also ChondroCyte be considered a subcategory of 'SclerenchymaCell'?, \nFalse
Can ChondroCyte that is also CirculatingCell be considered a subcategory of 'SclerenchymaCell'?, \nFalse
Can Erythrocyte that is also Osteocyte be considered a subcategory of 'PhotoreceptorCell'?, True
Can Erythrocyte that is also Osteocyte be considered a subcategory of 'SclerenchymaCell'?, \nFalse
Can Erythrocyte that is also Osteocyte be considered a subcategory of 'LeafCell'?, \nFalse
Can Erythrocyte that is also Osteocyte be considered a subcategory of 'PhotosyntheticCell'?, \nFalse
Can Erythrocyte that is also Osteocyte be considered a subcategory of 'CirculatingCell'?, \nFalse
Can Erythrocyte that is also Osteocyte be considered a subcategory of 'PlantCell'?, \nFalse
Can Erythrocyte that is also Osteocyte be considered a subcategory of 'CellByClass'?, \nFalse
Can Erythrocyte that is also Osteocyte be considered a subcategory of 'MatureCell'?, True
Can Erythrocyte be considered a subcategory of 'MatureCell'?, True
Can Erythrocyte be considered a subcategory of 'SclerenchymaCell'?, True
Can Erythrocyte be considered a subcategory of 'MatureCell that is also SclerenchymaCell'?, True
Can Erythrocyte be considered a subcategory of 'LeafCell'?, \nFalse
Can Erythrocyte be considered a subcategory of 'CirculatingCell'?, True
Can Erythrocyte be considered a subcategory of 'CirculatingCell that is also MatureCell that is also SclerenchymaCell'?, False
Can Erythrocyte be considered a subcategory of 'PlantCell'?, False
Can Erythrocyte be considered a subcategory of 'CellByClass'?, \nFalse
Can Erythrocyte be considered a subcategory of 'AnimalCell'?, True
Can Erythrocyte be considered a subcategory of 'AnimalCell that is also MatureCell that is also SclerenchymaCell'?, True
Can Erythrocyte be considered a subcategory of 'Cell'?, \nTrue
Can Erythrocyte be considered a subcategory of 'AnimalCell that is also Cell that is also MatureCell that is also SclerenchymaCell'?, True
Can Erythrocyte be considered a subcategory of 'Miocyte'?, True
Can Erythrocyte be considered a subcategory of 'AnimalCell that is also Cell that is also MatureCell that is also Miocyte that is also SclerenchymaCell'?, \nFalse
Can Erythrocyte be considered a subcategory of 'InMatureCell'?, \nFalse
Can Erythrocyte be considered a subcategory of 'Osteocyte'?, \nFalse
Can Erythrocyte be considered a subcategory of 'ChondroBlast'?, False
Can Erythrocyte be considered a subcategory of 'MioBlast'?, False
Can Erythrocyte be considered a subcategory of 'CellByDevelopmentStage'?, \nFalse
Can Erythrocyte be considered a subcategory of 'PhotoreceptorCell'?, True
Can Erythrocyte be considered a subcategory of 'AnimalCell that is also Cell that is also MatureCell that is also PhotoreceptorCell that is also SclerenchymaCell'?, True
Can Erythrocyte be considered a subcategory of 'CellByOrganism'?, False
Can Erythrocyte be considered a subcategory of 'ElectricallyActiveCell'?, True
Can Erythrocyte be considered a subcategory of 'AnimalCell that is also Cell that is also ElectricallyActiveCell that is also MatureCell that is also PhotoreceptorCell that is also SclerenchymaCell'?, \nFalse
Can Erythrocyte be considered a subcategory of 'StructuralCell'?, True
Can Erythrocyte be considered a subcategory of 'AnimalCell that is also Cell that is also MatureCell that is also PhotoreceptorCell that is also SclerenchymaCell that is also StructuralCell'?, False
Can Erythrocyte be considered a subcategory of 'Neuron'?, \nFalse
Can Erythrocyte be considered a subcategory of 'ChondroCyte'?, True
Can Erythrocyte be considered a subcategory of 'AnimalCell that is also Cell that is also ChondroCyte that is also MatureCell that is also PhotoreceptorCell that is also SclerenchymaCell'?, \nFalse
Can Erythrocyte be considered a subcategory of 'AnimalCell that is also Cell that is also CirculatingCell that is also MatureCell that is also PhotoreceptorCell that is also SclerenchymaCell'?, True
Can Erythrocyte be considered a subcategory of 'AnimalCell that is also Cell that is also CirculatingCell that is also MatureCell that is also Miocyte that is also PhotoreceptorCell that is also SclerenchymaCell'?, True
Can Erythrocyte be considered a subcategory of 'AnimalCell that is also Cell that is also CirculatingCell that is also ElectricallyActiveCell that is also MatureCell that is also Miocyte that is also PhotoreceptorCell that is also SclerenchymaCell'?, True
Can Erythrocyte be considered a subcategory of 'AnimalCell that is also Cell that is also CirculatingCell that is also ElectricallyActiveCell that is also MatureCell that is also Miocyte that is also PhotoreceptorCell that is also SclerenchymaCell that is also StructuralCell'?, True
Can Erythrocyte be considered a subcategory of 'AnimalCell that is also Cell that is also ChondroCyte that is also CirculatingCell that is also ElectricallyActiveCell that is also MatureCell that is also Miocyte that is also PhotoreceptorCell that is also SclerenchymaCell that is also StructuralCell'?, \nFalse
Can MioBlast that is also Neuron be considered a subcategory of 'LeafCell'?, True
Can MioBlast that is also Neuron be considered a subcategory of 'SclerenchymaCell'?, \nFalse
Can MioBlast be considered a subcategory of 'LeafCell'?, \nFalse
Can Neuron be considered a subcategory of 'LeafCell'?, \nFalse
Can Miocyte that is also Osteocyte be considered a subcategory of 'PhotoreceptorCell'?, False
Can ElectricallyActiveCell that is also Miocyte be considered a subcategory of 'LeafCell'?, \nFalse
Can InMatureCell that is also Neuron be considered a subcategory of 'Erythrocyte'?, \nFalse
Can MatureCell that is also Osteocyte be considered a subcategory of 'CellByClass'?, True
Can Osteocyte be considered a subcategory of 'CellByClass'?, True
Can Osteocyte be considered a subcategory of 'LeafCell'?, \nFalse
Can Osteocyte be considered a subcategory of 'Erythrocyte'?, \nFalse
Can Osteocyte be considered a subcategory of 'PhotosyntheticCell'?, True
Can Osteocyte be considered a subcategory of 'CellByClass that is also PhotosyntheticCell'?, \nFalse
Can Osteocyte be considered a subcategory of 'CirculatingCell'?, \nFalse
Can Osteocyte be considered a subcategory of 'PlantCell'?, \nFalse
Can Osteocyte be considered a subcategory of 'MatureCell'?, True
Can Osteocyte be considered a subcategory of 'CellByClass that is also MatureCell'?, \nFalse
Can Osteocyte be considered a subcategory of 'AnimalCell'?, \nTrue
Can Osteocyte be considered a subcategory of 'AnimalCell that is also CellByClass'?, \nFalse
Can Osteocyte be considered a subcategory of 'Cell'?, True
Can Osteocyte be considered a subcategory of 'Cell that is also CellByClass'?, \nFalse
Can Osteocyte be considered a subcategory of 'Miocyte'?, True
Can Osteocyte be considered a subcategory of 'CellByClass that is also Miocyte'?, \nFalse
Can Osteocyte be considered a subcategory of 'InMatureCell'?, \nFalse
Can Osteocyte be considered a subcategory of 'ChondroBlast'?, \nFalse
Can Osteocyte be considered a subcategory of 'MioBlast'?, \nFalse
Can Osteocyte be considered a subcategory of 'CellByDevelopmentStage'?, True
Can Osteocyte be considered a subcategory of 'CellByClass that is also CellByDevelopmentStage'?, \nFalse
Can Osteocyte be considered a subcategory of 'PhotoreceptorCell'?, \nFalse
Can Osteocyte be considered a subcategory of 'CellByOrganism'?, True
Can Osteocyte be considered a subcategory of 'CellByClass that is also CellByOrganism'?, \nFalse
Can Osteocyte be considered a subcategory of 'ElectricallyActiveCell'?, \nFalse
Can Osteocyte be considered a subcategory of 'StructuralCell'?, \nFalse
Can Osteocyte be considered a subcategory of 'Neuron'?, True
Can Osteocyte be considered a subcategory of 'CellByClass that is also Neuron'?, \nFalse
Can Osteocyte be considered a subcategory of 'ChondroCyte'?, \nFalse
Can CirculatingCell that is also Miocyte be considered a subcategory of 'CellByClass'?, True
Can CirculatingCell that is also Miocyte be considered a subcategory of 'SclerenchymaCell'?, \nFalse
Can CirculatingCell that is also Miocyte be considered a subcategory of 'LeafCell'?, \nFalse
Can CirculatingCell that is also Miocyte be considered a subcategory of 'Erythrocyte'?, False
Can CirculatingCell that is also Miocyte be considered a subcategory of 'PhotosyntheticCell'?, \nFalse
Can CirculatingCell that is also Miocyte be considered a subcategory of 'PlantCell'?, \nFalse
Can Miocyte be considered a subcategory of 'CellByClass'?, \nFalse
Can CirculatingCell be considered a subcategory of 'CellByClass'?, False
Can ElectricallyActiveCell that is also SclerenchymaCell be considered a subcategory of 'ChondroBlast'?, True
Can ElectricallyActiveCell that is also SclerenchymaCell be considered a subcategory of 'LeafCell'?, \nFalse
Can ElectricallyActiveCell that is also SclerenchymaCell be considered a subcategory of 'Erythrocyte'?, \nFalse
Can ElectricallyActiveCell that is also SclerenchymaCell be considered a subcategory of 'PhotosyntheticCell'?, \nFalse
Can ElectricallyActiveCell that is also SclerenchymaCell be considered a subcategory of 'CirculatingCell'?, True
Can SclerenchymaCell be considered a subcategory of 'CirculatingCell'?, True
Can SclerenchymaCell be considered a subcategory of 'LeafCell'?, \nTrue
Can SclerenchymaCell be considered a subcategory of 'CirculatingCell that is also LeafCell'?, \nFalse
Can SclerenchymaCell be considered a subcategory of 'Erythrocyte'?, \nFalse
Can SclerenchymaCell be considered a subcategory of 'PhotosyntheticCell'?, \nFalse
Can SclerenchymaCell be considered a subcategory of 'PlantCell'?, \nFalse
Can SclerenchymaCell be considered a subcategory of 'CellByClass'?, \nTrue
Can SclerenchymaCell be considered a subcategory of 'CellByClass that is also CirculatingCell'?, True
Can SclerenchymaCell be considered a subcategory of 'MatureCell'?, \nFalse
Can SclerenchymaCell be considered a subcategory of 'AnimalCell'?, \nFalse
Can SclerenchymaCell be considered a subcategory of 'Cell'?, \nFalse
Can SclerenchymaCell be considered a subcategory of 'Miocyte'?, True
Can SclerenchymaCell be considered a subcategory of 'CellByClass that is also CirculatingCell that is also Miocyte'?, \nFalse
Can SclerenchymaCell be considered a subcategory of 'InMatureCell'?, \nFalse
Can SclerenchymaCell be considered a subcategory of 'Osteocyte'?, \nFalse
Can SclerenchymaCell be considered a subcategory of 'ChondroBlast'?, True
Can SclerenchymaCell be considered a subcategory of 'CellByClass that is also ChondroBlast that is also CirculatingCell'?, False
Can SclerenchymaCell be considered a subcategory of 'MioBlast'?, True
Can SclerenchymaCell be considered a subcategory of 'CellByClass that is also CirculatingCell that is also MioBlast'?, True
Can SclerenchymaCell be considered a subcategory of 'CellByDevelopmentStage'?, True
Can SclerenchymaCell be considered a subcategory of 'CellByClass that is also CellByDevelopmentStage that is also CirculatingCell that is also MioBlast'?, False
Can SclerenchymaCell be considered a subcategory of 'CellByOrganism'?, \nFalse
Can SclerenchymaCell be considered a subcategory of 'ElectricallyActiveCell'?, \nFalse
Can SclerenchymaCell be considered a subcategory of 'StructuralCell'?, \nTrue
Can SclerenchymaCell be considered a subcategory of 'CellByClass that is also CirculatingCell that is also MioBlast that is also StructuralCell'?, \nFalse
Can SclerenchymaCell be considered a subcategory of 'Neuron'?, \nFalse
Can SclerenchymaCell be considered a subcategory of 'ChondroCyte'?, \nFalse
Can SclerenchymaCell be considered a subcategory of 'CellByClass that is also CirculatingCell that is also LeafCell that is also MioBlast'?, False
Can SclerenchymaCell be considered a subcategory of 'CellByClass that is also CirculatingCell that is also MioBlast that is also Miocyte'?, \nFalse
Can SclerenchymaCell be considered a subcategory of 'CellByClass that is also ChondroBlast that is also CirculatingCell that is also MioBlast'?, False.
Can CellByClass that is also ElectricallyActiveCell be considered a subcategory of 'ChondroBlast'?, \nFalse
Can ChondroBlast that is also CirculatingCell be considered a subcategory of 'CellByDevelopmentStage'?, \nFalse
Can MioBlast that is also PhotosyntheticCell be considered a subcategory of 'CellByDevelopmentStage'?, \nFalse
Can AnimalCell that is also StructuralCell be considered a subcategory of 'ChondroCyte'?, True
Can StructuralCell be considered a subcategory of 'ChondroCyte that is also SclerenchymaCell'?, \nFalse
Can StructuralCell be considered a subcategory of 'ChondroCyte that is also CirculatingCell'?, \nTrue
Can StructuralCell be considered a subcategory of 'ChondroCyte that is also CirculatingCell that is also PlantCell'?, \nFalse
Can StructuralCell be considered a subcategory of 'CellByClass that is also ChondroCyte that is also CirculatingCell'?, \nFalse
Can StructuralCell be considered a subcategory of 'ChondroCyte that is also CirculatingCell that is also MatureCell'?, \nFalse
Can StructuralCell be considered a subcategory of 'Cell that is also ChondroCyte that is also CirculatingCell'?, \nFalse
Can StructuralCell be considered a subcategory of 'ChondroCyte that is also CirculatingCell that is also Osteocyte'?, \nFalse
Can StructuralCell be considered a subcategory of 'ChondroCyte that is also CirculatingCell that is also MioBlast'?, \nFalse
Can StructuralCell be considered a subcategory of 'ChondroCyte that is also CirculatingCell that is also PhotoreceptorCell'?, True
Can StructuralCell be considered a subcategory of 'ChondroCyte that is also CirculatingCell that is also ElectricallyActiveCell that is also PhotoreceptorCell'?, \nFalse
Can StructuralCell be considered a subcategory of 'CellByClass that is also ChondroCyte that is also CirculatingCell that is also MatureCell that is also Osteocyte that is also PhotoreceptorCell that is also PlantCell that is also SclerenchymaCell'?, True
Can StructuralCell be considered a subcategory of 'Cell that is also CellByClass that is also ChondroCyte that is also CirculatingCell that is also MatureCell that is also Osteocyte that is also PhotoreceptorCell that is also PlantCell that is also SclerenchymaCell'?, \nFalse
Can StructuralCell be considered a subcategory of 'CellByClass that is also ChondroCyte that is also CirculatingCell that is also MatureCell that is also MioBlast that is also Osteocyte that is also PhotoreceptorCell that is also PlantCell that is also SclerenchymaCell'?, \nFalse
Can StructuralCell be considered a subcategory of 'CellByClass that is also ChondroCyte that is also CirculatingCell that is also ElectricallyActiveCell that is also MatureCell that is also Osteocyte that is also PhotoreceptorCell that is also PlantCell that is also SclerenchymaCell'?, \nFalse
Can CellByDevelopmentStage that is also ChondroCyte be considered a subcategory of 'PlantCell'?, True
Can CellByDevelopmentStage that is also ChondroCyte be considered a subcategory of 'LeafCell'?, \nFalse
Can CellByDevelopmentStage that is also ChondroCyte be considered a subcategory of 'Erythrocyte'?, \nFalse
Can CellByDevelopmentStage that is also ChondroCyte be considered a subcategory of 'PhotosyntheticCell'?, \nFalse
Can CellByDevelopmentStage that is also ChondroCyte be considered a subcategory of 'CirculatingCell'?, \nFalse
Can CellByDevelopmentStage be considered a subcategory of 'PlantCell'?, \nFalse
Can ChondroCyte be considered a subcategory of 'PlantCell'?, \nFalse
Can ChondroBlast that is also InMatureCell be considered a subcategory of 'CellByOrganism'?, \nFalse
Can InMatureCell that is also Osteocyte be considered a subcategory of 'Miocyte'?, \nFalse
Can Neuron that is also PhotoreceptorCell be considered a subcategory of 'Miocyte'?, False
Can Cell that is also CirculatingCell be considered a subcategory of 'CellByOrganism'?, \nFalse
Can Cell that is also Neuron be considered a subcategory of 'StructuralCell'?, \nFalse
Can CellByClass that is also CellByDevelopmentStage be considered a subcategory of 'Osteocyte'?, \nFalse
Can Cell that is also InMatureCell be considered a subcategory of 'Erythrocyte'?, True
Can Cell that is also InMatureCell be considered a subcategory of 'SclerenchymaCell'?, \nFalse
Can Cell that is also InMatureCell be considered a subcategory of 'LeafCell'?, \nFalse
Can InMatureCell be considered a subcategory of 'Erythrocyte'?, True
Can InMatureCell be considered a subcategory of 'LeafCell'?, \nTrue
Can InMatureCell be considered a subcategory of 'Erythrocyte that is also LeafCell'?, \nFalse
Can InMatureCell be considered a subcategory of 'PhotosyntheticCell'?, \nFalse
Can InMatureCell be considered a subcategory of 'CirculatingCell'?, \nFalse
Can InMatureCell be considered a subcategory of 'PlantCell'?, \nFalse
Can InMatureCell be considered a subcategory of 'CellByClass'?, True
Can InMatureCell be considered a subcategory of 'CellByClass that is also Erythrocyte'?, \nFalse
Can InMatureCell be considered a subcategory of 'MatureCell'?, \nTrue
Can InMatureCell be considered a subcategory of 'Erythrocyte that is also MatureCell'?, \nFalse
Can InMatureCell be considered a subcategory of 'AnimalCell'?, \nFalse
Can InMatureCell be considered a subcategory of 'Cell'?, \nFalse
Can InMatureCell be considered a subcategory of 'Miocyte'?, \nFalse
Can InMatureCell be considered a subcategory of 'Osteocyte'?, \nTrue
Can InMatureCell be considered a subcategory of 'Erythrocyte that is also Osteocyte'?, \nFalse
Can InMatureCell be considered a subcategory of 'ChondroBlast'?, \nFalse
Can InMatureCell be considered a subcategory of 'MioBlast'?, \nFalse
Can InMatureCell be considered a subcategory of 'CellByDevelopmentStage'?, True
Can InMatureCell be considered a subcategory of 'CellByDevelopmentStage that is also Erythrocyte'?, True
Can InMatureCell be considered a subcategory of 'PhotoreceptorCell'?, \nFalse
Can InMatureCell be considered a subcategory of 'CellByOrganism'?, True
Can InMatureCell be considered a subcategory of 'CellByDevelopmentStage that is also CellByOrganism that is also Erythrocyte'?, True
Can InMatureCell be considered a subcategory of 'ElectricallyActiveCell'?, \nFalse
Can InMatureCell be considered a subcategory of 'StructuralCell'?, \nFalse
Can InMatureCell be considered a subcategory of 'Neuron'?, \nFalse
Can InMatureCell be considered a subcategory of 'ChondroCyte'?, \nFalse
Can InMatureCell be considered a subcategory of 'CellByDevelopmentStage that is also CellByOrganism that is also Erythrocyte that is also LeafCell'?, \nFalse
Can InMatureCell be considered a subcategory of 'CellByClass that is also CellByDevelopmentStage that is also CellByOrganism that is also Erythrocyte'?, True
Can InMatureCell be considered a subcategory of 'CellByClass that is also CellByDevelopmentStage that is also CellByOrganism that is also Erythrocyte that is also MatureCell'?, True
Can InMatureCell be considered a subcategory of 'CellByClass that is also CellByDevelopmentStage that is also CellByOrganism that is also Erythrocyte that is also MatureCell that is also Osteocyte'?, \nFalse
Can Cell that is also SclerenchymaCell be considered a subcategory of 'AnimalCell'?, True
Can Cell that is also SclerenchymaCell be considered a subcategory of 'LeafCell'?, True
Can SclerenchymaCell be considered a subcategory of 'CellByClass that is also LeafCell'?, \nFalse
Can SclerenchymaCell be considered a subcategory of 'LeafCell that is also Miocyte'?, \nFalse
Can SclerenchymaCell be considered a subcategory of 'ChondroBlast that is also LeafCell'?, \nFalse
Can SclerenchymaCell be considered a subcategory of 'LeafCell that is also MioBlast'?, \nFalse
Can SclerenchymaCell be considered a subcategory of 'CellByDevelopmentStage that is also LeafCell'?, \nFalse
Can SclerenchymaCell be considered a subcategory of 'LeafCell that is also StructuralCell'?, \nFalse
Can SclerenchymaCell be considered a subcategory of 'CellByClass that is also CirculatingCell that is also LeafCell that is also MioBlast that is also Miocyte'?, \nFalse
Can SclerenchymaCell be considered a subcategory of 'CellByClass that is also ChondroBlast that is also CirculatingCell that is also LeafCell that is also MioBlast'?, True
Can SclerenchymaCell be considered a subcategory of 'CellByClass that is also CellByDevelopmentStage that is also ChondroBlast that is also CirculatingCell that is also LeafCell that is also MioBlast'?, \nFalse
Can SclerenchymaCell be considered a subcategory of 'CellByClass that is also ChondroBlast that is also CirculatingCell that is also LeafCell that is also MioBlast that is also StructuralCell'?, \nFalse
Can ChondroCyte be considered a subcategory of 'Osteocyte'?, \nFalse
Can Miocyte that is also Neuron be considered a subcategory of 'AnimalCell'?, True
Can Miocyte that is also Neuron be considered a subcategory of 'SclerenchymaCell'?, False
Can Miocyte that is also Neuron be considered a subcategory of 'LeafCell'?, \nFalse
Can Miocyte that is also Neuron be considered a subcategory of 'Erythrocyte'?, False
Can Miocyte that is also Neuron be considered a subcategory of 'PhotosyntheticCell'?, True
Can Miocyte be considered a subcategory of 'PhotosyntheticCell'?, \nFalse
Can Neuron be considered a subcategory of 'PhotosyntheticCell'?, \nFalse
Can Miocyte that is also PhotosyntheticCell be considered a subcategory of 'CirculatingCell'?, \nFalse
Can ChondroCyte that is also Neuron be considered a subcategory of 'StructuralCell'?, True
Can ChondroCyte that is also Neuron be considered a subcategory of 'SclerenchymaCell'?, True
Can Neuron be considered a subcategory of 'SclerenchymaCell'?, \nFalse
Can ChondroCyte be considered a subcategory of 'SclerenchymaCell'?, True
Can ChondroCyte be considered a subcategory of 'LeafCell'?, \nFalse
Can ChondroCyte be considered a subcategory of 'Erythrocyte'?, \nFalse
Can ChondroCyte be considered a subcategory of 'PhotosyntheticCell'?, \nFalse
Can ChondroCyte be considered a subcategory of 'CirculatingCell'?, \nFalse
Can ChondroCyte be considered a subcategory of 'CellByClass'?, True
Can ChondroCyte be considered a subcategory of 'CellByClass that is also SclerenchymaCell'?, True
Can ChondroCyte be considered a subcategory of 'MatureCell'?, \nFalse
Can ChondroCyte be considered a subcategory of 'AnimalCell'?, \nTrue
Can ChondroCyte be considered a subcategory of 'AnimalCell that is also CellByClass that is also SclerenchymaCell'?, \nFalse
Can ChondroCyte be considered a subcategory of 'Cell'?, \nFalse
Can ChondroCyte be considered a subcategory of 'Miocyte'?, \nTrue
Can ChondroCyte be considered a subcategory of 'CellByClass that is also Miocyte that is also SclerenchymaCell'?, \nFalse
Can ChondroCyte be considered a subcategory of 'InMatureCell'?, True
Can ChondroCyte be considered a subcategory of 'CellByClass that is also InMatureCell that is also SclerenchymaCell'?, \nFalse
Can ChondroCyte be considered a subcategory of 'ChondroBlast'?, \nTrue
Can ChondroCyte be considered a subcategory of 'CellByClass that is also ChondroBlast that is also SclerenchymaCell'?, \nFalse
Can ChondroCyte be considered a subcategory of 'MioBlast'?, \nFalse
Can ChondroCyte be considered a subcategory of 'CellByDevelopmentStage'?, \nFalse
Can ChondroCyte be considered a subcategory of 'CellByOrganism'?, \nFalse
Can ChondroCyte be considered a subcategory of 'ElectricallyActiveCell'?, \nFalse
Can ChondroCyte be considered a subcategory of 'StructuralCell'?, \nFalse
Can ChondroCyte be considered a subcategory of 'Neuron'?, \nFalse
Can Cell that is also Miocyte be considered a subcategory of 'MatureCell'?, \nFalse
Can CellByClass that is also MioBlast be considered a subcategory of 'Cell'?, False
Can Miocyte that is also PhotoreceptorCell be considered a subcategory of 'InMatureCell'?, \nFalse
Can ElectricallyActiveCell that is also PhotoreceptorCell be considered a subcategory of 'PhotosyntheticCell'?, True
Can ElectricallyActiveCell that is also PhotoreceptorCell be considered a subcategory of 'SclerenchymaCell'?, True
Can PhotoreceptorCell be considered a subcategory of 'SclerenchymaCell'?, True
Can PhotoreceptorCell be considered a subcategory of 'LeafCell'?, \nFalse
Can PhotoreceptorCell be considered a subcategory of 'PhotosyntheticCell'?, True
Can PhotoreceptorCell be considered a subcategory of 'PhotosyntheticCell that is also SclerenchymaCell'?, \nFalse
Can PhotoreceptorCell be considered a subcategory of 'CirculatingCell'?, True
Can PhotoreceptorCell be considered a subcategory of 'CirculatingCell that is also SclerenchymaCell'?, \nFalse
Can PhotoreceptorCell be considered a subcategory of 'PlantCell'?, True
Can PhotoreceptorCell be considered a subcategory of 'PlantCell that is also SclerenchymaCell'?, \nFalse
Can PhotoreceptorCell be considered a subcategory of 'CellByClass'?, \nFalse
Can PhotoreceptorCell be considered a subcategory of 'MatureCell'?, True
Can PhotoreceptorCell be considered a subcategory of 'MatureCell that is also SclerenchymaCell'?, \nFalse
Can PhotoreceptorCell be considered a subcategory of 'AnimalCell'?, True
Can PhotoreceptorCell be considered a subcategory of 'AnimalCell that is also SclerenchymaCell'?, True
Can PhotoreceptorCell be considered a subcategory of 'Cell'?, \nFalse
Can PhotoreceptorCell be considered a subcategory of 'Miocyte'?, True
Can PhotoreceptorCell be considered a subcategory of 'AnimalCell that is also Miocyte that is also SclerenchymaCell'?, False
Can PhotoreceptorCell be considered a subcategory of 'InMatureCell'?, False
Can PhotoreceptorCell be considered a subcategory of 'Osteocyte'?, \nFalse
Can PhotoreceptorCell be considered a subcategory of 'ChondroBlast'?, False
Can PhotoreceptorCell be considered a subcategory of 'MioBlast'?, True
Can PhotoreceptorCell be considered a subcategory of 'AnimalCell that is also MioBlast that is also SclerenchymaCell'?, False
Can PhotoreceptorCell be considered a subcategory of 'CellByDevelopmentStage'?, \nFalse
Can PhotoreceptorCell be considered a subcategory of 'CellByOrganism'?, False
Can PhotoreceptorCell be considered a subcategory of 'ElectricallyActiveCell'?, \nFalse
Can PhotoreceptorCell be considered a subcategory of 'StructuralCell'?, \nFalse
Can PhotoreceptorCell be considered a subcategory of 'Neuron'?, True
Can PhotoreceptorCell be considered a subcategory of 'AnimalCell that is also Neuron that is also SclerenchymaCell'?, False
Can PhotoreceptorCell be considered a subcategory of 'ChondroCyte'?, True
Can PhotoreceptorCell be considered a subcategory of 'AnimalCell that is also ChondroCyte that is also SclerenchymaCell'?, True
Can PhotoreceptorCell be considered a subcategory of 'AnimalCell that is also ChondroCyte that is also PhotosyntheticCell that is also SclerenchymaCell'?, True
Can PhotoreceptorCell be considered a subcategory of 'AnimalCell that is also ChondroCyte that is also CirculatingCell that is also PhotosyntheticCell that is also SclerenchymaCell'?, False
Can PhotoreceptorCell be considered a subcategory of 'AnimalCell that is also ChondroCyte that is also PhotosyntheticCell that is also PlantCell that is also SclerenchymaCell'?, True
Can PhotoreceptorCell be considered a subcategory of 'AnimalCell that is also ChondroCyte that is also MatureCell that is also PhotosyntheticCell that is also PlantCell that is also SclerenchymaCell'?, \nFalse
Can PhotoreceptorCell be considered a subcategory of 'AnimalCell that is also ChondroCyte that is also Miocyte that is also PhotosyntheticCell that is also PlantCell that is also SclerenchymaCell'?, False
Can PhotoreceptorCell be considered a subcategory of 'AnimalCell that is also ChondroCyte that is also MioBlast that is also PhotosyntheticCell that is also PlantCell that is also SclerenchymaCell'?, True
Can PhotoreceptorCell be considered a subcategory of 'AnimalCell that is also ChondroCyte that is also MioBlast that is also Neuron that is also PhotosyntheticCell that is also PlantCell that is also SclerenchymaCell'?, \nFalse
Can PhotosyntheticCell be considered a subcategory of 'PlantCell'?, True
Can PhotosyntheticCell be considered a subcategory of 'SclerenchymaCell'?, \nFalse
Can PhotosyntheticCell be considered a subcategory of 'LeafCell'?, True
Can PhotosyntheticCell be considered a subcategory of 'Erythrocyte'?, \nFalse
Can PhotosyntheticCell be considered a subcategory of 'CirculatingCell'?, \nFalse
Can PhotosyntheticCell be considered a subcategory of 'LeafCell that is also PlantCell'?, \nFalse
Can PhotosyntheticCell be considered a subcategory of 'CellByClass'?, True
Can PhotosyntheticCell be considered a subcategory of 'CellByClass that is also LeafCell'?, \nFalse
Can PhotosyntheticCell be considered a subcategory of 'MatureCell'?, False
Can PhotosyntheticCell be considered a subcategory of 'AnimalCell'?, False
Can PhotosyntheticCell be considered a subcategory of 'Cell'?, \nFalse
Can PhotosyntheticCell be considered a subcategory of 'Miocyte'?, False
Can PhotosyntheticCell be considered a subcategory of 'InMatureCell'?, True
Can PhotosyntheticCell be considered a subcategory of 'InMatureCell that is also LeafCell'?, \nFalse
Can PhotosyntheticCell be considered a subcategory of 'Osteocyte'?, True
Can PhotosyntheticCell be considered a subcategory of 'LeafCell that is also Osteocyte'?, False
Can PhotosyntheticCell be considered a subcategory of 'ChondroBlast'?, False
Can PhotosyntheticCell be considered a subcategory of 'MioBlast'?, True
Can PhotosyntheticCell be considered a subcategory of 'LeafCell that is also MioBlast'?, True
Can PhotosyntheticCell be considered a subcategory of 'CellByDevelopmentStage'?, \nFalse
Can PhotosyntheticCell be considered a subcategory of 'PhotoreceptorCell'?, True
Can PhotosyntheticCell be considered a subcategory of 'LeafCell that is also MioBlast that is also PhotoreceptorCell'?, \nFalse
Can PhotosyntheticCell be considered a subcategory of 'CellByOrganism'?, True
Can PhotosyntheticCell be considered a subcategory of 'CellByOrganism that is also LeafCell that is also MioBlast'?, True
Can PhotosyntheticCell be considered a subcategory of 'ElectricallyActiveCell'?, True
Can PhotosyntheticCell be considered a subcategory of 'CellByOrganism that is also ElectricallyActiveCell that is also LeafCell that is also MioBlast'?, False.
Can PhotosyntheticCell be considered a subcategory of 'StructuralCell'?, \nFalse
Can PhotosyntheticCell be considered a subcategory of 'Neuron'?, False
Can PhotosyntheticCell be considered a subcategory of 'ChondroCyte'?, False
Can PhotosyntheticCell be considered a subcategory of 'CellByOrganism that is also LeafCell that is also MioBlast that is also PlantCell'?, \nFalse
Can PhotosyntheticCell be considered a subcategory of 'CellByClass that is also CellByOrganism that is also LeafCell that is also MioBlast'?, True
Can PhotosyntheticCell be considered a subcategory of 'CellByClass that is also CellByOrganism that is also InMatureCell that is also LeafCell that is also MioBlast'?, True
Can PhotosyntheticCell be considered a subcategory of 'CellByClass that is also CellByOrganism that is also InMatureCell that is also LeafCell that is also MioBlast that is also Osteocyte'?, True
Can PhotosyntheticCell be considered a subcategory of 'CellByClass that is also CellByOrganism that is also InMatureCell that is also LeafCell that is also MioBlast that is also Osteocyte that is also PhotoreceptorCell'?, True
Can PhotosyntheticCell be considered a subcategory of 'CellByClass that is also CellByOrganism that is also ElectricallyActiveCell that is also InMatureCell that is also LeafCell that is also MioBlast that is also Osteocyte that is also PhotoreceptorCell'?, \nFalse
Can ElectricallyActiveCell that is also MioBlast be considered a subcategory of 'StructuralCell'?, False
Can CellByDevelopmentStage that is also ChondroBlast be considered a subcategory of 'PhotoreceptorCell'?, \nFalse
Can Cell be considered a subcategory of 'PhotoreceptorCell'?, \nTrue
Can Cell be considered a subcategory of 'SclerenchymaCell'?, \nTrue
Can Cell be considered a subcategory of 'LeafCell'?, True
Can Cell be considered a subcategory of 'LeafCell that is also SclerenchymaCell'?, True
Can Cell be considered a subcategory of 'PhotosyntheticCell'?, True
Can Cell be considered a subcategory of 'LeafCell that is also PhotosyntheticCell that is also SclerenchymaCell'?, False
Can Cell be considered a subcategory of 'CirculatingCell'?, \nFalse
Can Cell be considered a subcategory of 'PlantCell'?, True
Can Cell be considered a subcategory of 'LeafCell that is also PlantCell that is also SclerenchymaCell'?, \nFalse
Can Cell be considered a subcategory of 'CellByClass'?, True
Can Cell be considered a subcategory of 'CellByClass that is also LeafCell that is also SclerenchymaCell'?, \nFalse
Can Cell be considered a subcategory of 'MatureCell'?, True
Can Cell be considered a subcategory of 'LeafCell that is also MatureCell that is also SclerenchymaCell'?, \nFalse
Can Cell be considered a subcategory of 'AnimalCell'?, True
Can Cell be considered a subcategory of 'AnimalCell that is also LeafCell that is also SclerenchymaCell'?, False
Can Cell be considered a subcategory of 'Miocyte'?, True
Can Cell be considered a subcategory of 'LeafCell that is also Miocyte that is also SclerenchymaCell'?, \nFalse
Can Cell be considered a subcategory of 'InMatureCell'?, \nFalse
Can Cell be considered a subcategory of 'Osteocyte'?, \nTrue
Can Cell be considered a subcategory of 'LeafCell that is also Osteocyte that is also SclerenchymaCell'?, \nFalse
Can Cell be considered a subcategory of 'ChondroBlast'?, \nFalse
Can Cell be considered a subcategory of 'MioBlast'?, True
Can Cell be considered a subcategory of 'LeafCell that is also MioBlast that is also SclerenchymaCell'?, \nFalse
Can Cell be considered a subcategory of 'CellByDevelopmentStage'?, \nTrue
Can Cell be considered a subcategory of 'CellByDevelopmentStage that is also LeafCell that is also SclerenchymaCell'?, True
Can Cell be considered a subcategory of 'CellByDevelopmentStage that is also LeafCell that is also PhotoreceptorCell that is also SclerenchymaCell'?, \nFalse
Can Cell be considered a subcategory of 'CellByOrganism'?, True
Can Cell be considered a subcategory of 'CellByDevelopmentStage that is also CellByOrganism that is also LeafCell that is also SclerenchymaCell'?, True
Can Cell be considered a subcategory of 'ElectricallyActiveCell'?, \nTrue
Can Cell be considered a subcategory of 'CellByDevelopmentStage that is also CellByOrganism that is also ElectricallyActiveCell that is also LeafCell that is also SclerenchymaCell'?, True
Can Cell be considered a subcategory of 'StructuralCell'?, \nTrue
Can Cell be considered a subcategory of 'CellByDevelopmentStage that is also CellByOrganism that is also ElectricallyActiveCell that is also LeafCell that is also SclerenchymaCell that is also StructuralCell'?, True
Can Cell be considered a subcategory of 'Neuron'?, True
Can Cell be considered a subcategory of 'CellByDevelopmentStage that is also CellByOrganism that is also ElectricallyActiveCell that is also LeafCell that is also Neuron that is also SclerenchymaCell that is also StructuralCell'?, True
Can Cell be considered a subcategory of 'ChondroCyte'?, \nFalse
Can Cell be considered a subcategory of 'CellByDevelopmentStage that is also CellByOrganism that is also ElectricallyActiveCell that is also LeafCell that is also Neuron that is also PhotosyntheticCell that is also SclerenchymaCell that is also StructuralCell'?, True
Can Cell be considered a subcategory of 'CellByDevelopmentStage that is also CellByOrganism that is also ElectricallyActiveCell that is also LeafCell that is also Neuron that is also PhotosyntheticCell that is also PlantCell that is also SclerenchymaCell that is also StructuralCell'?, True
Can Cell be considered a subcategory of 'CellByClass that is also CellByDevelopmentStage that is also CellByOrganism that is also ElectricallyActiveCell that is also LeafCell that is also Neuron that is also PhotosyntheticCell that is also PlantCell that is also SclerenchymaCell that is also StructuralCell'?, True
Can Cell be considered a subcategory of 'CellByClass that is also CellByDevelopmentStage that is also CellByOrganism that is also ElectricallyActiveCell that is also LeafCell that is also MatureCell that is also Neuron that is also PhotosyntheticCell that is also PlantCell that is also SclerenchymaCell that is also StructuralCell'?, True
Can Cell be considered a subcategory of 'AnimalCell that is also CellByClass that is also CellByDevelopmentStage that is also CellByOrganism that is also ElectricallyActiveCell that is also LeafCell that is also MatureCell that is also Neuron that is also PhotosyntheticCell that is also PlantCell that is also SclerenchymaCell that is also StructuralCell'?, True
Can Cell be considered a subcategory of 'AnimalCell that is also CellByClass that is also CellByDevelopmentStage that is also CellByOrganism that is also ElectricallyActiveCell that is also LeafCell that is also MatureCell that is also Miocyte that is also Neuron that is also PhotosyntheticCell that is also PlantCell that is also SclerenchymaCell that is also StructuralCell'?, True
Can Cell be considered a subcategory of 'AnimalCell that is also CellByClass that is also CellByDevelopmentStage that is also CellByOrganism that is also ElectricallyActiveCell that is also LeafCell that is also MatureCell that is also Miocyte that is also Neuron that is also Osteocyte that is also PhotosyntheticCell that is also PlantCell that is also SclerenchymaCell that is also StructuralCell'?, \nFalse
Can Cell be considered a subcategory of 'AnimalCell that is also CellByClass that is also CellByDevelopmentStage that is also CellByOrganism that is also ElectricallyActiveCell that is also LeafCell that is also MatureCell that is also MioBlast that is also Miocyte that is also Neuron that is also PhotosyntheticCell that is also PlantCell that is also SclerenchymaCell that is also StructuralCell'?, True
Can Cell be considered a subcategory of 'AnimalCell that is also CellByClass that is also CellByDevelopmentStage that is also CellByOrganism that is also ElectricallyActiveCell that is also LeafCell that is also MatureCell that is also MioBlast that is also Miocyte that is also Neuron that is also PhotoreceptorCell that is also PhotosyntheticCell that is also PlantCell that is also SclerenchymaCell that is also StructuralCell'?, True
Can CirculatingCell that is also MioBlast be considered a subcategory of 'InMatureCell'?, True
Can CirculatingCell that is also MioBlast be considered a subcategory of 'SclerenchymaCell'?, True
Can CirculatingCell be considered a subcategory of 'SclerenchymaCell'?, \nFalse
Can MioBlast be considered a subcategory of 'SclerenchymaCell'?, True
Can MioBlast be considered a subcategory of 'Erythrocyte'?, True
Can MioBlast be considered a subcategory of 'Erythrocyte that is also SclerenchymaCell'?, \nFalse
Can MioBlast be considered a subcategory of 'PhotosyntheticCell'?, \nFalse
Can MioBlast be considered a subcategory of 'CirculatingCell'?, \nFalse
Can MioBlast be considered a subcategory of 'PlantCell'?, True
Can MioBlast be considered a subcategory of 'PlantCell that is also SclerenchymaCell'?, True
Can MioBlast be considered a subcategory of 'CellByClass'?, True
Can MioBlast be considered a subcategory of 'CellByClass that is also PlantCell that is also SclerenchymaCell'?, \nFalse
Can MioBlast be considered a subcategory of 'MatureCell'?, \nFalse
Can MioBlast be considered a subcategory of 'AnimalCell'?, False
Can MioBlast be considered a subcategory of 'Cell'?, True
Can MioBlast be considered a subcategory of 'Cell that is also PlantCell that is also SclerenchymaCell'?, True
Can MioBlast be considered a subcategory of 'Miocyte'?, \nFalse
Can MioBlast be considered a subcategory of 'InMatureCell'?, \nTrue
Can MioBlast be considered a subcategory of 'Cell that is also InMatureCell that is also PlantCell that is also SclerenchymaCell'?, \nFalse
Can MioBlast be considered a subcategory of 'Osteocyte'?, True
Can MioBlast be considered a subcategory of 'Cell that is also Osteocyte that is also PlantCell that is also SclerenchymaCell'?, False
Can MioBlast be considered a subcategory of 'ChondroBlast'?, True
Can MioBlast be considered a subcategory of 'Cell that is also ChondroBlast that is also PlantCell that is also SclerenchymaCell'?, \nFalse
Can MioBlast be considered a subcategory of 'CellByDevelopmentStage'?, \nFalse
Can MioBlast be considered a subcategory of 'PhotoreceptorCell'?, True
Can MioBlast be considered a subcategory of 'Cell that is also PhotoreceptorCell that is also PlantCell that is also SclerenchymaCell'?, False
Can MioBlast be considered a subcategory of 'CellByOrganism'?, False
Can MioBlast be considered a subcategory of 'ElectricallyActiveCell'?, True
Can MioBlast be considered a subcategory of 'Cell that is also ElectricallyActiveCell that is also PlantCell that is also SclerenchymaCell'?, \nFalse
Can MioBlast be considered a subcategory of 'StructuralCell'?, \nFalse
Can MioBlast be considered a subcategory of 'Neuron'?, True
Can MioBlast be considered a subcategory of 'Cell that is also Neuron that is also PlantCell that is also SclerenchymaCell'?, \nFalse
Can MioBlast be considered a subcategory of 'ChondroCyte'?, True
Can MioBlast be considered a subcategory of 'Cell that is also ChondroCyte that is also PlantCell that is also SclerenchymaCell'?, \nFalse
Can MioBlast be considered a subcategory of 'Cell that is also Erythrocyte that is also PlantCell that is also SclerenchymaCell'?, True
Can MioBlast be considered a subcategory of 'Cell that is also CellByClass that is also Erythrocyte that is also PlantCell that is also SclerenchymaCell'?, True
Can MioBlast be considered a subcategory of 'Cell that is also CellByClass that is also Erythrocyte that is also InMatureCell that is also PlantCell that is also SclerenchymaCell'?, \nFalse
Can MioBlast be considered a subcategory of 'Cell that is also CellByClass that is also Erythrocyte that is also Osteocyte that is also PlantCell that is also SclerenchymaCell'?, True
Can MioBlast be considered a subcategory of 'Cell that is also CellByClass that is also ChondroBlast that is also Erythrocyte that is also Osteocyte that is also PlantCell that is also SclerenchymaCell'?, True
Can MioBlast be considered a subcategory of 'Cell that is also CellByClass that is also ChondroBlast that is also Erythrocyte that is also Osteocyte that is also PhotoreceptorCell that is also PlantCell that is also SclerenchymaCell'?, \nFalse
Can MioBlast be considered a subcategory of 'Cell that is also CellByClass that is also ChondroBlast that is also ElectricallyActiveCell that is also Erythrocyte that is also Osteocyte that is also PlantCell that is also SclerenchymaCell'?, True
Can MioBlast be considered a subcategory of 'Cell that is also CellByClass that is also ChondroBlast that is also ElectricallyActiveCell that is also Erythrocyte that is also Neuron that is also Osteocyte that is also PlantCell that is also SclerenchymaCell'?, False.
Can MioBlast be considered a subcategory of 'Cell that is also CellByClass that is also ChondroBlast that is also ChondroCyte that is also ElectricallyActiveCell that is also Erythrocyte that is also Osteocyte that is also PlantCell that is also SclerenchymaCell'?, False.
Can ChondroBlast that is also ElectricallyActiveCell be considered a subcategory of 'Miocyte'?, True
Can ChondroBlast that is also ElectricallyActiveCell be considered a subcategory of 'SclerenchymaCell'?, \nFalse
Can ChondroBlast that is also ElectricallyActiveCell be considered a subcategory of 'LeafCell'?, False
Can ChondroBlast that is also ElectricallyActiveCell be considered a subcategory of 'Erythrocyte'?, True
Can ChondroBlast be considered a subcategory of 'Erythrocyte'?, False
Can ElectricallyActiveCell be considered a subcategory of 'Erythrocyte'?, True
Can ElectricallyActiveCell be considered a subcategory of 'SclerenchymaCell'?, True
Can ElectricallyActiveCell be considered a subcategory of 'Erythrocyte that is also SclerenchymaCell'?, \nFalse
Can ElectricallyActiveCell be considered a subcategory of 'PhotosyntheticCell'?, True
Can ElectricallyActiveCell be considered a subcategory of 'Erythrocyte that is also PhotosyntheticCell'?, \nFalse
Can ElectricallyActiveCell be considered a subcategory of 'CirculatingCell'?, \nFalse
Can ElectricallyActiveCell be considered a subcategory of 'PlantCell'?, \nFalse
Can ElectricallyActiveCell be considered a subcategory of 'CellByClass'?, \nFalse
Can ElectricallyActiveCell be considered a subcategory of 'MatureCell'?, \nFalse
Can ElectricallyActiveCell be considered a subcategory of 'AnimalCell'?, \nFalse
Can ElectricallyActiveCell be considered a subcategory of 'Cell'?, True
Can ElectricallyActiveCell be considered a subcategory of 'Cell that is also Erythrocyte'?, False
Can ElectricallyActiveCell be considered a subcategory of 'Miocyte'?, \nFalse
Can ElectricallyActiveCell be considered a subcategory of 'InMatureCell'?, True
Can ElectricallyActiveCell be considered a subcategory of 'Erythrocyte that is also InMatureCell'?, True
Can ElectricallyActiveCell be considered a subcategory of 'Osteocyte'?, True
Can ElectricallyActiveCell be considered a subcategory of 'Erythrocyte that is also InMatureCell that is also Osteocyte'?, \nFalse
Can ElectricallyActiveCell be considered a subcategory of 'ChondroBlast'?, \nFalse
Can ElectricallyActiveCell be considered a subcategory of 'MioBlast'?, True
Can ElectricallyActiveCell be considered a subcategory of 'Erythrocyte that is also InMatureCell that is also MioBlast'?, True
Can ElectricallyActiveCell be considered a subcategory of 'CellByDevelopmentStage'?, True
Can ElectricallyActiveCell be considered a subcategory of 'CellByDevelopmentStage that is also Erythrocyte that is also InMatureCell that is also MioBlast'?, \nFalse
Can ElectricallyActiveCell be considered a subcategory of 'PhotoreceptorCell'?, \nFalse
Can ElectricallyActiveCell be considered a subcategory of 'CellByOrganism'?, True
Can ElectricallyActiveCell be considered a subcategory of 'CellByOrganism that is also Erythrocyte that is also InMatureCell that is also MioBlast'?, \nFalse
Can ElectricallyActiveCell be considered a subcategory of 'StructuralCell'?, True
Can ElectricallyActiveCell be considered a subcategory of 'Erythrocyte that is also InMatureCell that is also MioBlast that is also StructuralCell'?, False
Can ElectricallyActiveCell be considered a subcategory of 'Neuron'?, \nFalse
Can ElectricallyActiveCell be considered a subcategory of 'ChondroCyte'?, \nFalse
Can ElectricallyActiveCell be considered a subcategory of 'Erythrocyte that is also InMatureCell that is also MioBlast that is also SclerenchymaCell'?, True
Can ElectricallyActiveCell be considered a subcategory of 'Erythrocyte that is also InMatureCell that is also MioBlast that is also PhotosyntheticCell that is also SclerenchymaCell'?, \nFalse
Can ElectricallyActiveCell be considered a subcategory of 'Cell that is also Erythrocyte that is also InMatureCell that is also MioBlast that is also SclerenchymaCell'?, \nFalse
Can ElectricallyActiveCell be considered a subcategory of 'Erythrocyte that is also InMatureCell that is also MioBlast that is also Osteocyte that is also SclerenchymaCell'?, \nFalse
Can ElectricallyActiveCell be considered a subcategory of 'CellByDevelopmentStage that is also Erythrocyte that is also InMatureCell that is also MioBlast that is also SclerenchymaCell'?, \nFalse
Can ElectricallyActiveCell be considered a subcategory of 'CellByOrganism that is also Erythrocyte that is also InMatureCell that is also MioBlast that is also SclerenchymaCell'?, \nFalse
Can ElectricallyActiveCell be considered a subcategory of 'Erythrocyte that is also InMatureCell that is also MioBlast that is also SclerenchymaCell that is also StructuralCell'?, \nFalse
Can CellByDevelopmentStage that is also CirculatingCell be considered a subcategory of 'ChondroBlast'?, True
Can CellByDevelopmentStage that is also CirculatingCell be considered a subcategory of 'SclerenchymaCell'?, True
Can CellByDevelopmentStage that is also Neuron be considered a subcategory of 'MioBlast'?, \nFalse
Can CirculatingCell that is also Neuron be considered a subcategory of 'ChondroBlast'?, True
Can CirculatingCell that is also Neuron be considered a subcategory of 'SclerenchymaCell'?, False
Can CirculatingCell that is also Neuron be considered a subcategory of 'LeafCell'?, \nFalse
Can CirculatingCell that is also Neuron be considered a subcategory of 'Erythrocyte'?, \nFalse
Can CirculatingCell that is also Neuron be considered a subcategory of 'PlantCell'?, \nFalse
Can CirculatingCell that is also Neuron be considered a subcategory of 'CellByClass'?, \nFalse
Can CirculatingCell that is also Neuron be considered a subcategory of 'MatureCell'?, True
Can CirculatingCell be considered a subcategory of 'MatureCell'?, True
Can CirculatingCell be considered a subcategory of 'LeafCell'?, \nFalse
Can CirculatingCell be considered a subcategory of 'Erythrocyte'?, True
Can CirculatingCell be considered a subcategory of 'Erythrocyte that is also MatureCell'?, False
Can CirculatingCell be considered a subcategory of 'PhotosyntheticCell'?, True
Can CirculatingCell be considered a subcategory of 'MatureCell that is also PhotosyntheticCell'?, \nFalse
Can CirculatingCell be considered a subcategory of 'PlantCell'?, True
Can CirculatingCell be considered a subcategory of 'MatureCell that is also PlantCell'?, False
Can CirculatingCell be considered a subcategory of 'AnimalCell'?, \nFalse
Can CirculatingCell be considered a subcategory of 'Cell'?, True
Can CirculatingCell be considered a subcategory of 'Cell that is also MatureCell'?, \nFalse
Can CirculatingCell be considered a subcategory of 'Miocyte'?, \nFalse
Can CirculatingCell be considered a subcategory of 'InMatureCell'?, True
Can CirculatingCell be considered a subcategory of 'InMatureCell that is also MatureCell'?, \nFalse
Can CirculatingCell be considered a subcategory of 'Osteocyte'?, \nFalse
Can CirculatingCell be considered a subcategory of 'ChondroBlast'?, \nFalse
Can CirculatingCell be considered a subcategory of 'MioBlast'?, \nFalse
Can CirculatingCell be considered a subcategory of 'CellByDevelopmentStage'?, True
Can CirculatingCell be considered a subcategory of 'CellByDevelopmentStage that is also MatureCell'?, \nFalse
Can CirculatingCell be considered a subcategory of 'PhotoreceptorCell'?, \nFalse
Can CirculatingCell be considered a subcategory of 'CellByOrganism'?, True
Can CirculatingCell be considered a subcategory of 'CellByOrganism that is also MatureCell'?, \nFalse
Can CirculatingCell be considered a subcategory of 'ElectricallyActiveCell'?, \nFalse
Can CirculatingCell be considered a subcategory of 'StructuralCell'?, True
Can CirculatingCell be considered a subcategory of 'MatureCell that is also StructuralCell'?, True
Can CirculatingCell be considered a subcategory of 'Neuron'?, \nFalse
Can CirculatingCell be considered a subcategory of 'ChondroCyte'?, \nFalse
Can CirculatingCell be considered a subcategory of 'Erythrocyte that is also MatureCell that is also StructuralCell'?, True
Can CirculatingCell be considered a subcategory of 'Erythrocyte that is also MatureCell that is also PhotosyntheticCell that is also StructuralCell'?, True
Can CirculatingCell be considered a subcategory of 'Erythrocyte that is also MatureCell that is also PhotosyntheticCell that is also PlantCell that is also StructuralCell'?, False
Can CirculatingCell be considered a subcategory of 'Cell that is also Erythrocyte that is also MatureCell that is also PhotosyntheticCell that is also StructuralCell'?, True
Can CirculatingCell be considered a subcategory of 'Cell that is also Erythrocyte that is also InMatureCell that is also MatureCell that is also PhotosyntheticCell that is also StructuralCell'?, \nFalse
Can CirculatingCell be considered a subcategory of 'Cell that is also CellByDevelopmentStage that is also Erythrocyte that is also MatureCell that is also PhotosyntheticCell that is also StructuralCell'?, False
Can CirculatingCell be considered a subcategory of 'Cell that is also CellByOrganism that is also Erythrocyte that is also MatureCell that is also PhotosyntheticCell that is also StructuralCell'?, True
Can CellByDevelopmentStage that is also ChondroBlast be considered a subcategory of 'PlantCell'?, True
Can CellByDevelopmentStage that is also ChondroBlast be considered a subcategory of 'SclerenchymaCell'?, True
Can ChondroBlast be considered a subcategory of 'SclerenchymaCell'?, \nFalse
Can CellByDevelopmentStage that is also Neuron be considered a subcategory of 'LeafCell'?, True
Can CellByDevelopmentStage that is also Neuron be considered a subcategory of 'SclerenchymaCell'?, True
Can CellByDevelopmentStage be considered a subcategory of 'CirculatingCell'?, \nFalse
Can ChondroBlast that is also Miocyte be considered a subcategory of 'CellByOrganism'?, \nFalse
Can ChondroBlast that is also Neuron be considered a subcategory of 'Osteocyte'?, False
Can ChondroBlast that is also Neuron be considered a subcategory of 'PlantCell'?, False
Can ChondroBlast that is also Miocyte be considered a subcategory of 'PhotoreceptorCell'?, \nFalse
Can ChondroBlast that is also Miocyte be considered a subcategory of 'AnimalCell'?, False
