Parent and Person SubClassOf Father, True
Parent and Person SubClassOf GrandMother, False
Parent and Person SubClassOf Son, True
Person SubClassOf Son, True
Person SubClassOf GrandMother, False
Person SubClassOf Thing, True
Person SubClassOf Son and Thing, True
Person SubClassOf Female, True
Person SubClassOf Female and Son and Thing, True
Person SubClassOf Father, True
Person SubClassOf Father and Female and Son and Thing, True
Person SubClassOf Child, True
Person SubClassOf Child and Father and Female and Son and Thing, True
Person SubClassOf Brother, True
Person SubClassOf Brother and Child and Father and Female and Son and Thing, True
Person SubClassOf Parent, True
Person SubClassOf Brother and Child and Father and Female and Parent and Son and Thing, True
Person SubClassOf Daughter, True
Person SubClassOf Brother and Child and Daughter and Father and Female and Parent and Son and Thing, True
Person SubClassOf Man, True
Person SubClassOf Brother and Child and Daughter and Father and Female and Man and Parent and Son and Thing, True
Person SubClassOf Mother, True
Person SubClassOf Brother and Child and Daughter and Father and Female and Man and Mother and Parent and Son and Thing, True
Person SubClassOf GrandParent, True
Person SubClassOf Brother and Child and Daughter and Father and Female and GrandParent and Man and Mother and Parent and Son and Thing, True
Person SubClassOf Sex, True
Person SubClassOf Brother and Child and Daughter and Father and Female and GrandParent and Man and Mother and Parent and Sex and Son and Thing, True
Person SubClassOf Sister, False
Person SubClassOf OffSpring, True
Person SubClassOf Brother and Child and Daughter and Father and Female and GrandParent and Man and Mother and OffSpring and Parent and Sex and Son and Thing, True
Person SubClassOf Woman, True
Person SubClassOf Brother and Child and Daughter and Father and Female and GrandParent and Man and Mother and OffSpring and Parent and Sex and Son and Woman and Thing, True
Person SubClassOf Male, True
Person SubClassOf Brother and Child and Daughter and Father and Female and GrandParent and Male and Man and Mother and OffSpring and Parent and Sex and Son and Woman and Thing, True
Person SubClassOf Sibling, True
Person SubClassOf Brother and Child and Daughter and Father and Female and GrandParent and Male and Man and Mother and OffSpring and Parent and Sex and Sibling and Son and Woman and Thing, True
Person SubClassOf GrandFather, True
Person SubClassOf Brother and Child and Daughter and Father and Female and GrandFather and GrandParent and Male and Man and Mother and OffSpring and Parent and Sex and Sibling and Son and Woman and Thing, True
GrandFather SubClassOf OffSpring, False
hasParent some GrandMother SubClassOf Male, False
GrandMother and GrandParent SubClassOf OffSpring, False
Son SubClassOf hasSex some Parent, True
Son SubClassOf GrandMother, True
Son SubClassOf Thing, True
Son SubClassOf GrandMother and Thing, True
Son SubClassOf Female, TRUE
Son SubClassOf Female and GrandMother and Thing, True
Son SubClassOf Father, True
Son SubClassOf Father and Female and GrandMother and Thing, True
Son SubClassOf Child, True
Son SubClassOf Child and Father and Female and GrandMother and Thing, True
Son SubClassOf Person, True
Son SubClassOf Child and Father and Female and GrandMother and Person and Thing, True
Son SubClassOf Brother, True
Son SubClassOf Brother and Child and Father and Female and GrandMother and Person and Thing, True
Son SubClassOf Parent, True
Son SubClassOf Brother and Child and Father and Female and GrandMother and Parent and Person and Thing, True
Son SubClassOf Daughter, True
Son SubClassOf Brother and Child and Daughter and Father and Female and GrandMother and Parent and Person and Thing, True
Son SubClassOf Man, True
Son SubClassOf Brother and Child and Daughter and Father and Female and GrandMother and Man and Parent and Person and Thing, True
Son SubClassOf Mother, True
Son SubClassOf Brother and Child and Daughter and Father and Female and GrandMother and Man and Mother and Parent and Person and Thing, True
Son SubClassOf GrandParent, True
Son SubClassOf Brother and Child and Daughter and Father and Female and GrandMother and GrandParent and Man and Mother and Parent and Person and Thing, True
Son SubClassOf Sex, True
Son SubClassOf Brother and Child and Daughter and Father and Female and GrandMother and GrandParent and Man and Mother and Parent and Person and Sex and Thing, True
Son SubClassOf Sister, True
Son SubClassOf Brother and Child and Daughter and Father and Female and GrandMother and GrandParent and Man and Mother and Parent and Person and Sex and Sister and Thing, True
Son SubClassOf OffSpring, True
Son SubClassOf Brother and Child and Daughter and Father and Female and GrandMother and GrandParent and Man and Mother and OffSpring and Parent and Person and Sex and Sister and Thing, True
Son SubClassOf Woman, True
Son SubClassOf Brother and Child and Daughter and Father and Female and GrandMother and GrandParent and Man and Mother and OffSpring and Parent and Person and Sex and Sister and Woman and Thing, True
Son SubClassOf Male, True
Son SubClassOf Brother and Child and Daughter and Father and Female and GrandMother and GrandParent and Male and Man and Mother and OffSpring and Parent and Person and Sex and Sister and Woman and Thing, True
Son SubClassOf Sibling, True
Son SubClassOf Brother and Child and Daughter and Father and Female and GrandMother and GrandParent and Male and Man and Mother and OffSpring and Parent and Person and Sex and Sibling and Sister and Woman and Thing, True
Son SubClassOf GrandFather, True
Son SubClassOf Brother and Child and Daughter and Father and Female and GrandFather and GrandMother and GrandParent and Male and Man and Mother and OffSpring and Parent and Person and Sex and Sibling and Sister and Woman and Thing, True
Parent SubClassOf hasChild some Male, True
Parent SubClassOf GrandMother, True
Parent SubClassOf Thing, True
Parent SubClassOf GrandMother and Thing, True
Parent SubClassOf Son, True
Parent SubClassOf GrandMother and Son and Thing, True
Parent SubClassOf Female, True
Parent SubClassOf Female and GrandMother and Son and Thing, True
Parent SubClassOf Father, True
Parent SubClassOf Father and Female and GrandMother and Son and Thing, True
Parent SubClassOf Child, True
Parent SubClassOf Child and Father and Female and GrandMother and Son and Thing, True
Parent SubClassOf Person, True
Parent SubClassOf Child and Father and Female and GrandMother and Person and Son and Thing, True\n
Parent SubClassOf Brother, True
Parent SubClassOf Brother and Child and Father and Female and GrandMother and Person and Son and Thing, True
Parent SubClassOf Daughter, False
Parent SubClassOf Man, True
Parent SubClassOf Brother and Child and Father and Female and GrandMother and Man and Person and Son and Thing, True
Parent SubClassOf Mother, True
Parent SubClassOf Brother and Child and Father and Female and GrandMother and Man and Mother and Person and Son and Thing, True
Parent SubClassOf GrandParent, True
Parent SubClassOf Brother and Child and Father and Female and GrandMother and GrandParent and Man and Mother and Person and Son and Thing, True
Parent SubClassOf Sex, True
Parent SubClassOf Brother and Child and Father and Female and GrandMother and GrandParent and Man and Mother and Person and Sex and Son and Thing, True
Parent SubClassOf Sister, True
Parent SubClassOf Brother and Child and Father and Female and GrandMother and GrandParent and Man and Mother and Person and Sex and Sister and Son and Thing, True
Parent SubClassOf OffSpring, True
Parent SubClassOf Brother and Child and Father and Female and GrandMother and GrandParent and Man and Mother and OffSpring and Person and Sex and Sister and Son and Thing, True
Parent SubClassOf Woman, True
Parent SubClassOf Brother and Child and Father and Female and GrandMother and GrandParent and Man and Mother and OffSpring and Person and Sex and Sister and Son and Woman and Thing, True
Parent SubClassOf Male, True
Parent SubClassOf Brother and Child and Father and Female and GrandMother and GrandParent and Male and Man and Mother and OffSpring and Person and Sex and Sister and Son and Woman and Thing, True
Parent SubClassOf Sibling, False
Parent SubClassOf GrandFather, True
Parent SubClassOf Brother and Child and Father and Female and GrandFather and GrandMother and GrandParent and Male and Man and Mother and OffSpring and Person and Sex and Sister and Son and Woman and Thing, True
Female and GrandMother SubClassOf Daughter, False
GrandFather SubClassOf Daughter, False
Father and Mother SubClassOf Male, False
Daughter and OffSpring SubClassOf Father, True
Daughter and OffSpring SubClassOf GrandMother, False
Daughter and OffSpring SubClassOf Son, True
OffSpring SubClassOf Son, True
OffSpring SubClassOf GrandMother, False
OffSpring SubClassOf Thing, True
OffSpring SubClassOf Son and Thing, True
OffSpring SubClassOf Female, True
OffSpring SubClassOf Female and Son and Thing, True
OffSpring SubClassOf Father, True
OffSpring SubClassOf Father and Female and Son and Thing, True
OffSpring SubClassOf Child, True
OffSpring SubClassOf Child and Father and Female and Son and Thing, True
OffSpring SubClassOf Person, True
OffSpring SubClassOf Child and Father and Female and Person and Son and Thing, True
OffSpring SubClassOf Brother, True
OffSpring SubClassOf Brother and Child and Father and Female and Person and Son and Thing, True
OffSpring SubClassOf Parent, True
OffSpring SubClassOf Brother and Child and Father and Female and Parent and Person and Son and Thing, True
OffSpring SubClassOf Daughter, True
OffSpring SubClassOf Brother and Child and Daughter and Father and Female and Parent and Person and Son and Thing, True
OffSpring SubClassOf Man, True
OffSpring SubClassOf Brother and Child and Daughter and Father and Female and Man and Parent and Person and Son and Thing, True
OffSpring SubClassOf Mother, True
OffSpring SubClassOf Brother and Child and Daughter and Father and Female and Man and Mother and Parent and Person and Son and Thing, True
OffSpring SubClassOf GrandParent, False
OffSpring SubClassOf Sex, True
OffSpring SubClassOf Brother and Child and Daughter and Father and Female and Man and Mother and Parent and Person and Sex and Son and Thing, True
OffSpring SubClassOf Sister, False
OffSpring SubClassOf Woman, True
OffSpring SubClassOf Brother and Child and Daughter and Father and Female and Man and Mother and Parent and Person and Sex and Son and Woman and Thing, True
OffSpring SubClassOf Male, True
OffSpring SubClassOf Brother and Child and Daughter and Father and Female and Male and Man and Mother and Parent and Person and Sex and Son and Woman and Thing, True
OffSpring SubClassOf Sibling, False
OffSpring SubClassOf GrandFather, False
Male and Mother SubClassOf Sister, False
hasSex some OffSpring SubClassOf GrandMother, True
Thing SubClassOf Thing and (hasSex some (Brother and Child and Daughter and Father and Female and GrandFather and GrandMother and GrandParent and Male and Man and Mother and OffSpring and Parent and Person and Sex and Sibling and Sister and Son and Woman and Thing)), True
Thing and (hasSex some Brother) and (hasSex some (Child and Daughter and Father and Female and GrandFather and GrandMother and GrandParent and Male and Man and Mother and OffSpring and Parent and Person and Sex and Sibling and Sister and Son and Woman and Thing)) SubClassOf Thing and (hasSex some (Brother and Child and Daughter and Father and Female and GrandFather and GrandMother and GrandParent and Male and Man and Mother and OffSpring and Parent and Person and Sex and Sibling and Sister and Son and Woman and Thing)), True
Thing and (hasSex some (Brother and Child and Daughter and Father and Female and GrandFather and GrandMother and GrandParent and Male and Man and Mother and OffSpring and Parent and Person and Sex and Sibling and Sister and Son and Woman and Thing)) SubClassOf Thing and (hasSex some (Brother and Child and Daughter and Father and Female and GrandFather and GrandMother and GrandParent and Male and Man and Mother and OffSpring and Parent and Person and Sex and Sibling and Sister and Son and Woman and Thing)), True
Thing and (hasSex some (Child and Daughter and Father and Female and GrandFather and GrandMother and GrandParent and Male and Man and Mother and OffSpring and Parent and Person and Sex and Sibling and Sister and Son and Woman and Thing)) SubClassOf GrandMother, True
Thing and (hasSex some (Daughter and Father and Female and GrandFather and GrandMother and GrandParent and Male and Man and Mother and OffSpring and Parent and Person and Sex and Sibling and Sister and Son and Woman and Thing)) SubClassOf GrandMother, True
Thing and (hasSex some (Father and Female and GrandFather and GrandMother and GrandParent and Male and Man and Mother and OffSpring and Parent and Person and Sex and Sibling and Sister and Son and Woman and Thing)) SubClassOf GrandMother, True
Thing and (hasSex some (Female and GrandFather and GrandMother and GrandParent and Male and Man and Mother and OffSpring and Parent and Person and Sex and Sibling and Sister and Son and Woman and Thing)) SubClassOf GrandMother, True
Thing and (hasSex some (GrandFather and GrandMother and GrandParent and Male and Man and Mother and OffSpring and Parent and Person and Sex and Sibling and Sister and Son and Woman and Thing)) SubClassOf GrandMother, True
Thing and (hasSex some (GrandMother and GrandParent and Male and Man and Mother and OffSpring and Parent and Person and Sex and Sibling and Sister and Son and Woman and Thing)) SubClassOf GrandMother, True
Thing and (hasSex some (GrandParent and Male and Man and Mother and OffSpring and Parent and Person and Sex and Sibling and Sister and Son and Woman and Thing)) SubClassOf GrandMother, False
Thing and (hasSex some (GrandMother and Male and Man and Mother and OffSpring and Parent and Person and Sex and Sibling and Sister and Son and Woman and Thing)) SubClassOf GrandMother, True
Thing and (hasSex some (GrandMother and Man and Mother and OffSpring and Parent and Person and Sex and Sibling and Sister and Son and Woman and Thing)) SubClassOf GrandMother, True
Thing and (hasSex some (GrandMother and Mother and OffSpring and Parent and Person and Sex and Sibling and Sister and Son and Woman and Thing)) SubClassOf GrandMother, True
Thing and (hasSex some (GrandMother and OffSpring and Parent and Person and Sex and Sibling and Sister and Son and Woman and Thing)) SubClassOf GrandMother, True
Thing and (hasSex some (GrandMother and Parent and Person and Sex and Sibling and Sister and Son and Woman and Thing)) SubClassOf GrandMother, True
Thing and (hasSex some (GrandMother and Person and Sex and Sibling and Sister and Son and Woman and Thing)) SubClassOf GrandMother, True
Thing and (hasSex some (GrandMother and Sex and Sibling and Sister and Son and Woman and Thing)) SubClassOf GrandMother, True
Thing and (hasSex some (GrandMother and Sibling and Sister and Son and Woman and Thing)) SubClassOf GrandMother, True
Thing and (hasSex some (GrandMother and Sister and Son and Woman and Thing)) SubClassOf GrandMother, True
Thing and (hasSex some (GrandMother and Son and Woman and Thing)) SubClassOf GrandMother, True
Thing and (hasSex some (GrandMother and Woman and Thing)) SubClassOf GrandMother, True
Thing and (hasSex some (GrandMother and Thing)) SubClassOf GrandMother, True
Man and Woman SubClassOf Sister, False
Male SubClassOf hasSibling some Mother, True
Male SubClassOf GrandMother, False
Male SubClassOf Son, True
Male SubClassOf Thing, True
Male SubClassOf Son and Thing, True
Male SubClassOf Female, False
Male SubClassOf Father, True
Male SubClassOf Father and Son and Thing, True
Male SubClassOf Child, True
Male SubClassOf Child and Father and Son and Thing, True
Male SubClassOf Person, True
Male SubClassOf Child and Father and Person and Son and Thing, True
Male SubClassOf Brother, True
Male SubClassOf Brother and Child and Father and Person and Son and Thing, True
Male SubClassOf Parent, True
Male SubClassOf Brother and Child and Father and Parent and Person and Son and Thing, True
Male SubClassOf Daughter, False
Male SubClassOf Man, True
Male SubClassOf Brother and Child and Father and Man and Parent and Person and Son and Thing, True
Male SubClassOf Mother, False
Male SubClassOf GrandParent, True
Male SubClassOf Brother and Child and Father and GrandParent and Man and Parent and Person and Son and Thing, True
Male SubClassOf Sex, True
Male SubClassOf Brother and Child and Father and GrandParent and Man and Parent and Person and Sex and Son and Thing, True
Male SubClassOf Sister, False
Male SubClassOf OffSpring, True
Male SubClassOf Brother and Child and Father and GrandParent and Man and OffSpring and Parent and Person and Sex and Son and Thing, True
Male SubClassOf Woman, True
Male SubClassOf Brother and Child and Father and GrandParent and Man and OffSpring and Parent and Person and Sex and Son and Woman and Thing, True
Male SubClassOf Sibling, False
Male SubClassOf GrandFather, True
Male SubClassOf Brother and Child and Father and GrandFather and GrandParent and Man and OffSpring and Parent and Person and Sex and Son and Woman and Thing, True
hasParent some Sister SubClassOf Sex, True
hasParent some Sister SubClassOf GrandMother, True
Sister SubClassOf GrandMother, True
Sister SubClassOf Thing, True
Sister SubClassOf GrandMother and Thing, True
Sister SubClassOf Son, True
Sister SubClassOf GrandMother and Son and Thing, True
Sister SubClassOf Female, True
Sister SubClassOf Female and GrandMother and Son and Thing, True
Sister SubClassOf Father, True
Sister SubClassOf Father and Female and GrandMother and Son and Thing, True
Sister SubClassOf Child, True
Sister SubClassOf Child and Father and Female and GrandMother and Son and Thing, Here are
Sister SubClassOf Person, True
Sister SubClassOf Father and Female and GrandMother and Person and Son and Thing, True
Sister SubClassOf Brother, True
Sister SubClassOf Brother and Father and Female and GrandMother and Person and Son and Thing, True
Sister SubClassOf Parent, True
Sister SubClassOf Brother and Father and Female and GrandMother and Parent and Person and Son and Thing, True
Sister SubClassOf Daughter, True
Sister SubClassOf Brother and Daughter and Father and Female and GrandMother and Parent and Person and Son and Thing, True
Sister SubClassOf Man, True
Sister SubClassOf Brother and Daughter and Father and Female and GrandMother and Man and Parent and Person and Son and Thing, True
Sister SubClassOf Mother, True
Sister SubClassOf Brother and Daughter and Father and Female and GrandMother and Man and Mother and Parent and Person and Son and Thing, True.
Sister SubClassOf GrandParent, True
Sister SubClassOf Brother and Daughter and Father and Female and GrandMother and GrandParent and Man and Mother and Parent and Person and Son and Thing, True.
Sister SubClassOf Sex, True
Sister SubClassOf Brother and Daughter and Father and Female and GrandMother and GrandParent and Man and Mother and Parent and Person and Sex and Son and Thing, True
Sister SubClassOf OffSpring, True
Sister SubClassOf Brother and Daughter and Father and Female and GrandMother and GrandParent and Man and Mother and OffSpring and Parent and Person and Sex and Son and Thing, True
Sister SubClassOf Woman, True
Sister SubClassOf Brother and Daughter and Father and Female and GrandMother and GrandParent and Man and Mother and OffSpring and Parent and Person and Sex and Son and Woman and Thing, True
Sister SubClassOf Male, False
Sister SubClassOf Sibling, True
Sister SubClassOf Brother and Daughter and Father and Female and GrandMother and GrandParent and Man and Mother and OffSpring and Parent and Person and Sex and Sibling and Son and Woman and Thing, True.
Sister SubClassOf GrandFather, True
Sister SubClassOf Brother and Daughter and Father and Female and GrandFather and GrandMother and GrandParent and Man and Mother and OffSpring and Parent and Person and Sex and Sibling and Son and Woman and Thing, True
Sister SubClassOf Brother and Child and Daughter and Father and Female and GrandFather and GrandMother and GrandParent and Man and Mother and OffSpring and Parent and Person and Sex and Sibling and Son and Woman and Thing, True
Son SubClassOf hasParent some Brother, True
GrandMother SubClassOf hasParent some Brother, False
Thing SubClassOf hasParent some Brother, True
Thing and (hasParent some Brother) SubClassOf Thing and (hasParent some Brother), True
GrandMother SubClassOf Brother, False
Thing SubClassOf Brother, True
Thing SubClassOf GrandMother, False
Thing SubClassOf Son, True
Thing SubClassOf Brother and Son, True
Thing SubClassOf Female, True
Thing SubClassOf Brother and Female and Son, True
Thing SubClassOf Father, True
Thing SubClassOf Brother and Father and Female and Son, True
Thing SubClassOf Child, True
Thing SubClassOf Brother and Child and Father and Female and Son, True
Thing SubClassOf Person, True
Thing SubClassOf Brother and Child and Father and Female and Person and Son, True
Thing SubClassOf Parent, True
Thing SubClassOf Brother and Child and Father and Female and Parent and Person and Son, True
Thing SubClassOf Daughter, True
Thing SubClassOf Brother and Child and Daughter and Father and Female and Parent and Person and Son, True
Thing SubClassOf Man, True
Thing SubClassOf Brother and Child and Daughter and Father and Female and Man and Parent and Person and Son, True
Thing SubClassOf Mother, True
Thing SubClassOf Brother and Child and Daughter and Father and Female and Man and Mother and Parent and Person and Son, True
Thing SubClassOf GrandParent, True
Thing SubClassOf Brother and Child and Daughter and Father and Female and GrandParent and Man and Mother and Parent and Person and Son, True
Thing SubClassOf Sex, True
Thing SubClassOf Brother and Child and Daughter and Father and Female and GrandParent and Man and Mother and Parent and Person and Sex and Son, True
Thing SubClassOf Sister, True
Thing SubClassOf Brother and Child and Daughter and Father and Female and GrandParent and Man and Mother and Parent and Person and Sex and Sister and Son, True
Thing SubClassOf OffSpring, True
Thing SubClassOf Brother and Child and Daughter and Father and Female and GrandParent and Man and Mother and OffSpring and Parent and Person and Sex and Sister and Son, True
Thing SubClassOf Woman, True
Thing SubClassOf Brother and Child and Daughter and Father and Female and GrandParent and Man and Mother and OffSpring and Parent and Person and Sex and Sister and Son and Woman, True
Thing SubClassOf Male, True
Thing SubClassOf Brother and Child and Daughter and Father and Female and GrandParent and Male and Man and Mother and OffSpring and Parent and Person and Sex and Sister and Son and Woman, True
Thing SubClassOf Sibling, True
Thing SubClassOf Brother and Child and Daughter and Father and Female and GrandParent and Male and Man and Mother and OffSpring and Parent and Person and Sex and Sibling and Sister and Son and Woman, True
Thing SubClassOf GrandFather, False
Child SubClassOf hasSex some Sister, False
Parent SubClassOf hasChild some Sister, True
GrandMother SubClassOf hasChild some Sister, False
Thing SubClassOf hasChild some Sister, True
GrandMother and (hasChild some Sister) SubClassOf GrandMother and (hasChild some Sister), True
Thing SubClassOf GrandMother and Son and (hasChild some Sister), True
Thing SubClassOf Female and GrandMother and Son and (hasChild some Sister), True
Thing SubClassOf Father and Female and GrandMother and Son and (hasChild some Sister), True
Thing SubClassOf Child and Father and Female and GrandMother and Son and (hasChild some Sister), True
Thing SubClassOf Child and Father and Female and GrandMother and Person and Son and (hasChild some Sister), True
Thing SubClassOf Brother and Child and Father and Female and GrandMother and Person and Son and (hasChild some Sister), True
Thing SubClassOf Brother and Child and Father and Female and GrandMother and Parent and Person and Son and (hasChild some Sister), True
Thing SubClassOf Brother and Child and Daughter and Father and Female and GrandMother and Parent and Person and Son and (hasChild some Sister), True
Thing SubClassOf Brother and Child and Daughter and Father and Female and GrandMother and Man and Parent and Person and Son and (hasChild some Sister), True
Thing SubClassOf Brother and Child and Daughter and Father and Female and GrandMother and Man and Mother and Parent and Person and Son and (hasChild some Sister), True
Thing SubClassOf Brother and Child and Daughter and Father and Female and GrandMother and GrandParent and Man and Mother and Parent and Person and Son and (hasChild some Sister), True
Thing SubClassOf Brother and Child and Daughter and Father and Female and GrandMother and GrandParent and Man and Mother and Parent and Person and Sex and Son and (hasChild some Sister), True
Thing SubClassOf Brother and Child and Daughter and Father and Female and GrandMother and GrandParent and Man and Mother and Parent and Person and Sex and Sister and Son and (hasChild some Sister), True
Thing SubClassOf Brother and Child and Daughter and Father and Female and GrandMother and GrandParent and Man and Mother and OffSpring and Parent and Person and Sex and Sister and Son and (hasChild some Sister), True
Thing SubClassOf Brother and Child and Daughter and Father and Female and GrandMother and GrandParent and Man and Mother and OffSpring and Parent and Person and Sex and Sister and Son and Woman and (hasChild some Sister), True
Thing SubClassOf Brother and Child and Daughter and Father and Female and GrandMother and GrandParent and Male and Man and Mother and OffSpring and Parent and Person and Sex and Sister and Son and Woman and (hasChild some Sister), True
Thing SubClassOf Brother and Child and Daughter and Father and Female and GrandMother and GrandParent and Male and Man and Mother and OffSpring and Parent and Person and Sex and Sibling and Sister and Son and Woman and (hasChild some Sister), True
Thing SubClassOf Thing, True
Thing SubClassOf Brother and Child and Daughter and Father and Female and GrandMother and GrandParent and Male and Man and Mother and OffSpring and Parent and Person and Sex and Sibling and Sister and Son and Woman and (hasChild some (Sister and Thing)), True
Thing SubClassOf Brother and Child and Daughter and Father and Female and GrandMother and GrandParent and Male and Man and Mother and OffSpring and Parent and Person and Sex and Sibling and Sister and Son and Woman and (hasChild some (Sister and Son and Thing)), True
Thing SubClassOf Brother and Child and Daughter and Father and Female and GrandMother and GrandParent and Male and Man and Mother and OffSpring and Parent and Person and Sex and Sibling and Sister and Son and Woman and (hasChild some (Female and Sister and Son and Thing)), True
Thing SubClassOf Brother and Child and Daughter and Father and Female and GrandMother and GrandParent and Male and Man and Mother and OffSpring and Parent and Person and Sex and Sibling and Sister and Son and Woman and (hasChild some (Father and Female and Sister and Son and Thing)), True
Thing SubClassOf Brother and Child and Daughter and Father and Female and GrandMother and GrandParent and Male and Man and Mother and OffSpring and Parent and Person and Sex and Sibling and Sister and Son and Woman and (hasChild some (Child and Father and Female and Sister and Son and Thing)), True
Thing SubClassOf Brother and Child and Daughter and Father and Female and GrandMother and GrandParent and Male and Man and Mother and OffSpring and Parent and Person and Sex and Sibling and Sister and Son and Woman and (hasChild some (Child and Father and Female and Person and Sister and Son and Thing)), True
Thing SubClassOf Brother and Child and Daughter and Father and Female and GrandMother and GrandParent and Male and Man and Mother and OffSpring and Parent and Person and Sex and Sibling and Sister and Son and Woman and (hasChild some (Brother and Child and Father and Female and Person and Sister and Son and Thing)), True
Thing SubClassOf Brother and Child and Daughter and Father and Female and GrandMother and GrandParent and Male and Man and Mother and OffSpring and Parent and Person and Sex and Sibling and Sister and Son and Woman and (hasChild some (Brother and Child and Father and Female and Parent and Person and Sister and Son and Thing)), True
Thing SubClassOf Brother and Child and Daughter and Father and Female and GrandMother and GrandParent and Male and Man and Mother and OffSpring and Parent and Person and Sex and Sibling and Sister and Son and Woman and (hasChild some (Brother and Child and Daughter and Father and Female and Parent and Person and Sister and Son and Thing)), True
Thing SubClassOf Brother and Child and Daughter and Father and Female and GrandMother and GrandParent and Male and Man and Mother and OffSpring and Parent and Person and Sex and Sibling and Sister and Son and Woman and (hasChild some (Brother and Child and Daughter and Father and Female and Man and Parent and Person and Sister and Son and Thing)), True
Thing SubClassOf Brother and Child and Daughter and Father and Female and GrandMother and GrandParent and Male and Man and Mother and OffSpring and Parent and Person and Sex and Sibling and Sister and Son and Woman and (hasChild some (Brother and Child and Daughter and Father and Female and Man and Mother and Parent and Person and Sister and Son and Thing)), True
Thing SubClassOf Brother and Child and Daughter and Father and Female and GrandMother and GrandParent and Male and Man and Mother and OffSpring and Parent and Person and Sex and Sibling and Sister and Son and Woman and (hasChild some (Brother and Child and Daughter and Father and Female and GrandParent and Man and Mother and Parent and Person and Sister and Son and Thing)), True
Thing SubClassOf Brother and Child and Daughter and Father and Female and GrandMother and GrandParent and Male and Man and Mother and OffSpring and Parent and Person and Sex and Sibling and Sister and Son and Woman and (hasChild some (Brother and Child and Daughter and Father and Female and GrandParent and Man and Mother and Parent and Person and Sex and Sister and Son and Thing)), True
Thing SubClassOf Brother and Child and Daughter and Father and Female and GrandMother and GrandParent and Male and Man and Mother and OffSpring and Parent and Person and Sex and Sibling and Sister and Son and Woman and (hasChild some (Brother and Child and Daughter and Father and Female and GrandParent and Man and Mother and OffSpring and Parent and Person and Sex and Sister and Son and Thing)), True
Thing SubClassOf Brother and Child and Daughter and Father and Female and GrandMother and GrandParent and Male and Man and Mother and OffSpring and Parent and Person and Sex and Sibling and Sister and Son and Woman and (hasChild some (Brother and Child and Daughter and Father and Female and GrandParent and Man and Mother and OffSpring and Parent and Person and Sex and Sister and Son and Woman and Thing)), True
Thing SubClassOf Brother and Child and Daughter and Father and Female and GrandMother and GrandParent and Male and Man and Mother and OffSpring and Parent and Person and Sex and Sibling and Sister and Son and Woman and (hasChild some (Brother and Child and Daughter and Father and Female and GrandParent and Male and Man and Mother and OffSpring and Parent and Person and Sex and Sister and Son and Woman and Thing)), True
Thing SubClassOf Brother and Child and Daughter and Father and Female and GrandMother and GrandParent and Male and Man and Mother and OffSpring and Parent and Person and Sex and Sibling and Sister and Son and Woman and (hasChild some (Brother and Child and Daughter and Father and Female and GrandParent and Male and Man and Mother and OffSpring and Parent and Person and Sex and Sibling and Sister and Son and Woman and Thing)), True
Brother and Child and Daughter and Father and Female and GrandMother and GrandParent and Male and Man and Mother and OffSpring and Parent and Person and Sex and Sibling and Sister and Son and Woman and Thing and (hasChild some (Brother and Child and Daughter and Father and Female and GrandParent and Male and Man and Mother and OffSpring and Parent and Person and Sex and Sibling and Sister and Son and Woman and Thing)) SubClassOf Brother and Child and Daughter and Father and Female and GrandMother and GrandParent and Male and Man and Mother and OffSpring and Parent and Person and Sex and Sibling and Sister and Son and Woman and Thing and (hasChild some (Brother and Child and Daughter and Father and Female and GrandParent and Male and Man and Mother and OffSpring and Parent and Person and Sex and Sibling and Sister and Son and Woman and Thing)), True
Brother and Child and Daughter and Father and Female and GrandFather and GrandMother and GrandParent and Male and Man and Mother and OffSpring and Parent and Person and Sex and Sibling and Sister and Son and Woman and Thing and (hasChild some (Brother and Child and Daughter and Father and Female and GrandParent and Male and Man and Mother and OffSpring and Parent and Person and Sex and Sibling and Sister and Son and Woman and Thing)) SubClassOf Brother and Child and Daughter and Father and Female and GrandFather and GrandMother and GrandParent and Male and Man and Mother and OffSpring and Parent and Person and Sex and Sibling and Sister and Son and Woman and Thing and (hasChild some (Brother and Child and Daughter and Father and Female and GrandParent and Male and Man and Mother and OffSpring and Parent and Person and Sex and Sibling and Sister and Son and Woman and Thing)), True
Brother and Child and Daughter and Father and Female and GrandFather and GrandMother and GrandParent and Male and Man and Mother and OffSpring and Parent and Person and Sex and Sibling and Sister and Son and Woman and Thing and (hasChild some (Brother and Child and Daughter and Father and Female and GrandMother and GrandParent and Male and Man and Mother and OffSpring and Parent and Person and Sex and Sibling and Sister and Son and Woman and Thing)) SubClassOf Brother and Child and Daughter and Father and Female and GrandFather and GrandMother and GrandParent and Male and Man and Mother and OffSpring and Parent and Person and Sex and Sibling and Sister and Son and Woman and Thing and (hasChild some (Brother and Child and Daughter and Father and Female and GrandMother and GrandParent and Male and Man and Mother and OffSpring and Parent and Person and Sex and Sibling and Sister and Son and Woman and Thing)), True
Sex SubClassOf hasSibling some Man, True
GrandMother SubClassOf hasSibling some Man, True
GrandMother and (hasSibling some Man) SubClassOf GrandMother and (hasSibling some Man), True
GrandMother SubClassOf Thing, True
GrandMother SubClassOf GrandMother and Thing and (hasSibling some Man), True
GrandMother SubClassOf Son, False
GrandMother SubClassOf Female, True
GrandMother SubClassOf Female and GrandMother and Thing and (hasSibling some Man), False
GrandMother SubClassOf Father, False
GrandMother SubClassOf Child, False
GrandMother SubClassOf Person, True
GrandMother SubClassOf GrandMother and Person and Thing and (hasSibling some Man), False
GrandMother SubClassOf Parent, True
GrandMother SubClassOf GrandMother and Parent and Thing and (hasSibling some Man), True
GrandMother SubClassOf Daughter, False
GrandMother SubClassOf Man, True
GrandMother SubClassOf GrandMother and Man and Parent and Thing and (hasSibling some Man), True
GrandMother SubClassOf Mother, True
GrandMother SubClassOf GrandMother and Man and Mother and Parent and Thing and (hasSibling some Man), True
GrandMother SubClassOf GrandParent, True
GrandMother SubClassOf GrandMother and GrandParent and Man and Mother and Parent and Thing and (hasSibling some Man), True
GrandMother SubClassOf Sex, True
GrandMother SubClassOf GrandMother and GrandParent and Man and Mother and Parent and Sex and Thing and (hasSibling some Man), True
GrandMother SubClassOf Sister, False
GrandMother SubClassOf OffSpring, False
GrandMother SubClassOf Woman, True
GrandMother SubClassOf GrandMother and GrandParent and Man and Mother and Parent and Sex and Woman and Thing and (hasSibling some Man), True
GrandMother SubClassOf Male, False
GrandMother SubClassOf Sibling, False
GrandMother SubClassOf GrandFather, False
GrandMother SubClassOf GrandMother, True
GrandMother SubClassOf GrandMother and GrandParent and Man and Mother and Parent and Sex and Woman and Thing and (hasSibling some (GrandMother and Man)), True
GrandMother SubClassOf GrandMother and GrandParent and Man and Mother and Parent and Sex and Woman and Thing and (hasSibling some (GrandMother and Man and Thing)), True
GrandMother SubClassOf GrandMother and GrandParent and Man and Mother and Parent and Sex and Woman and Thing and (hasSibling some (Female and GrandMother and Man and Thing)), True
GrandMother SubClassOf GrandMother and GrandParent and Man and Mother and Parent and Sex and Woman and Thing and (hasSibling some (Female and GrandMother and Man and Person and Thing)), True
GrandMother SubClassOf GrandMother and GrandParent and Man and Mother and Parent and Sex and Woman and Thing and (hasSibling some (Female and GrandMother and Man and Parent and Person and Thing)), True
GrandMother SubClassOf GrandMother and GrandParent and Man and Mother and Parent and Sex and Woman and Thing and (hasSibling some (Female and GrandMother and Man and Mother and Parent and Person and Thing)), True
GrandMother SubClassOf GrandMother and GrandParent and Man and Mother and Parent and Sex and Woman and Thing and (hasSibling some (Female and GrandMother and GrandParent and Man and Mother and Parent and Person and Thing)), True
GrandMother SubClassOf GrandMother and GrandParent and Man and Mother and Parent and Sex and Woman and Thing and (hasSibling some (Female and GrandMother and GrandParent and Man and Mother and Parent and Person and Sex and Thing)), True
GrandMother SubClassOf GrandMother and GrandParent and Man and Mother and Parent and Sex and Woman and Thing and (hasSibling some (Female and GrandMother and GrandParent and Man and Mother and Parent and Person and Sex and Woman and Thing)), True
GrandMother and GrandParent and Man and Mother and Parent and Sex and Son and Woman and Thing and (hasSibling some (Female and GrandMother and GrandParent and Man and Mother and Parent and Person and Sex and Woman and Thing)) SubClassOf GrandMother and GrandParent and Man and Mother and Parent and Sex and Son and Woman and Thing and (hasSibling some (Female and GrandMother and GrandParent and Man and Mother and Parent and Person and Sex and Woman and Thing)), True
Female and GrandMother and GrandParent and Man and Mother and Parent and Sex and Son and Woman and Thing and (hasSibling some (Female and GrandMother and GrandParent and Man and Mother and Parent and Person and Sex and Woman and Thing)) SubClassOf Female and GrandMother and GrandParent and Man and Mother and Parent and Sex and Son and Woman and Thing and (hasSibling some (Female and GrandMother and GrandParent and Man and Mother and Parent and Person and Sex and Woman and Thing)), True
GrandMother SubClassOf Female and GrandMother and GrandParent and Man and Mother and Parent and Person and Sex and Son and Woman and Thing and (hasSibling some (Female and GrandMother and GrandParent and Man and Mother and Parent and Person and Sex and Woman and Thing)), True
Father and Female and GrandMother and GrandParent and Man and Mother and Parent and Person and Sex and Son and Woman and Thing and (hasSibling some (Female and GrandMother and GrandParent and Man and Mother and Parent and Person and Sex and Woman and Thing)) SubClassOf Father and Female and GrandMother and GrandParent and Man and Mother and Parent and Person and Sex and Son and Woman and Thing and (hasSibling some (Female and GrandMother and GrandParent and Man and Mother and Parent and Person and Sex and Woman and Thing)), True
Daughter SubClassOf hasParent some GrandFather, False
Daughter SubClassOf hasSex some Child, False
Brother SubClassOf hasSex some Mother, False
Brother SubClassOf hasParent some GrandParent, True
GrandMother SubClassOf hasParent some GrandParent, True
GrandMother and (hasParent some GrandParent) SubClassOf GrandMother and (hasParent some GrandParent), True
GrandMother SubClassOf GrandMother and Thing and (hasParent some GrandParent), True
GrandMother SubClassOf Female and GrandMother and Thing and (hasParent some GrandParent), True
GrandMother SubClassOf Female and GrandMother and Person and Thing and (hasParent some GrandParent), True
GrandMother SubClassOf Female and GrandMother and Parent and Person and Thing and (hasParent some GrandParent), True
GrandMother SubClassOf Female and GrandMother and Man and Parent and Person and Thing and (hasParent some GrandParent), True
GrandMother SubClassOf Female and GrandMother and Man and Mother and Parent and Person and Thing and (hasParent some GrandParent), True
GrandMother SubClassOf Female and GrandMother and GrandParent and Man and Mother and Parent and Person and Thing and (hasParent some GrandParent), True
GrandMother SubClassOf Female and GrandMother and GrandParent and Man and Mother and Parent and Person and Sex and Thing and (hasParent some GrandParent), True
GrandMother SubClassOf Female and GrandMother and GrandParent and Man and Mother and Parent and Person and Sex and Woman and Thing and (hasParent some GrandParent), True
GrandMother SubClassOf Female and GrandMother and GrandParent and Man and Mother and Parent and Person and Sex and Woman and Thing and (hasParent some (GrandMother and GrandParent)), True
GrandMother SubClassOf Female and GrandMother and GrandParent and Man and Mother and Parent and Person and Sex and Woman and Thing and (hasParent some (GrandMother and GrandParent and Thing)), True
GrandMother SubClassOf Female and GrandMother and GrandParent and Man and Mother and Parent and Person and Sex and Woman and Thing and (hasParent some (Female and GrandMother and GrandParent and Thing)), True
GrandMother SubClassOf Female and GrandMother and GrandParent and Man and Mother and Parent and Person and Sex and Woman and Thing and (hasParent some (Female and GrandMother and GrandParent and Person and Thing)), True
GrandMother SubClassOf Female and GrandMother and GrandParent and Man and Mother and Parent and Person and Sex and Woman and Thing and (hasParent some (Female and GrandMother and GrandParent and Parent and Person and Thing)), True
GrandMother SubClassOf Female and GrandMother and GrandParent and Man and Mother and Parent and Person and Sex and Woman and Thing and (hasParent some (Female and GrandMother and GrandParent and Man and Parent and Person and Thing)), True
GrandMother SubClassOf Female and GrandMother and GrandParent and Man and Mother and Parent and Person and Sex and Woman and Thing and (hasParent some (Female and GrandMother and GrandParent and Man and Mother and Parent and Person and Thing)), True
GrandMother SubClassOf Female and GrandMother and GrandParent and Man and Mother and Parent and Person and Sex and Woman and Thing and (hasParent some (Female and GrandMother and GrandParent and Man and Mother and Parent and Person and Sex and Thing)), True
GrandMother SubClassOf Female and GrandMother and GrandParent and Man and Mother and Parent and Person and Sex and Woman and Thing and (hasParent some (Female and GrandMother and GrandParent and Man and Mother and Parent and Person and Sex and Woman and Thing)), True
Female and GrandMother and GrandParent and Man and Mother and Parent and Person and Sex and Son and Woman and Thing and (hasParent some (Female and GrandMother and GrandParent and Man and Mother and Parent and Person and Sex and Woman and Thing)) SubClassOf Female and GrandMother and GrandParent and Man and Mother and Parent and Person and Sex and Son and Woman and Thing and (hasParent some (Female and GrandMother and GrandParent and Man and Mother and Parent and Person and Sex and Woman and Thing)), True
Child and Father and Female and GrandMother and GrandParent and Man and Mother and Parent and Person and Sex and Son and Woman and Thing and (hasParent some (Female and GrandMother and GrandParent and Man and Mother and Parent and Person and Sex and Woman and Thing)) SubClassOf Child and Father and Female and GrandMother and GrandParent and Man and Mother and Parent and Person and Sex and Son and Woman and Thing and (hasParent some (Female and GrandMother and GrandParent and Man and Mother and Parent and Person and Sex and Woman and Thing)) and (hasSibling some (Female and GrandMother and GrandParent and Man and Mother and Parent and Person and Sex and Woman and Thing)), False
Thing SubClassOf Child and Father and Female and GrandMother and GrandParent and Man and Mother and Parent and Person and Sex and Son and Woman and Thing and (hasParent some (Female and GrandMother and GrandParent and Man and Mother and Parent and Person and Sex and Woman and Thing)), True
Child and Father and Female and GrandMother and GrandParent and Man and Mother and Parent and Person and Sex and Son and Woman and Thing and (hasParent some (Female and GrandMother and GrandParent and Man and Mother and Parent and Person and Sex and Woman and Thing)) SubClassOf Child and Father and Female and GrandMother and GrandParent and Man and Mother and Parent and Person and Sex and Son and Woman and Thing and (hasParent some (Female and GrandMother and GrandParent and Man and Mother and Parent and Person and Sex and Woman and Thing)), False
Female SubClassOf Thing, True
Father SubClassOf Thing, True
Child SubClassOf Thing, True
Brother SubClassOf Thing, True
Daughter SubClassOf Thing, True
Man SubClassOf Thing, True
Mother SubClassOf Thing, True
GrandParent SubClassOf Thing, True
Sex SubClassOf Thing, True
Woman SubClassOf Thing, True
Sibling SubClassOf Thing, True
Thing SubClassOf Brother and Child and Father and Female and GrandMother and GrandParent and Man and Mother and Parent and Person and Sex and Son and Woman and Thing and (hasParent some (Female and GrandMother and GrandParent and Man and Mother and Parent and Person and Sex and Woman and Thing)), True
Thing SubClassOf Brother and Child and Daughter and Father and Female and GrandMother and GrandParent and Man and Mother and Parent and Person and Sex and Son and Woman and Thing and (hasParent some (Female and GrandMother and GrandParent and Man and Mother and Parent and Person and Sex and Woman and Thing)), True
Thing SubClassOf Brother and Child and Daughter and Father and Female and GrandMother and GrandParent and Man and Mother and Parent and Person and Sex and Sister and Son and Woman and Thing and (hasParent some (Female and GrandMother and GrandParent and Man and Mother and Parent and Person and Sex and Woman and Thing)), True
Thing SubClassOf Brother and Child and Daughter and Father and Female and GrandMother and GrandParent and Man and Mother and OffSpring and Parent and Person and Sex and Sister and Son and Woman and Thing and (hasParent some (Female and GrandMother and GrandParent and Man and Mother and Parent and Person and Sex and Woman and Thing)), True
Thing SubClassOf Brother and Child and Daughter and Father and Female and GrandMother and GrandParent and Male and Man and Mother and OffSpring and Parent and Person and Sex and Sister and Son and Woman and Thing and (hasParent some (Female and GrandMother and GrandParent and Man and Mother and Parent and Person and Sex and Woman and Thing)), True
Thing SubClassOf Brother and Child and Daughter and Father and Female and GrandMother and GrandParent and Male and Man and Mother and OffSpring and Parent and Person and Sex and Sibling and Sister and Son and Woman and Thing and (hasParent some (Female and GrandMother and GrandParent and Man and Mother and Parent and Person and Sex and Woman and Thing)), True
Thing SubClassOf Brother and Child and Daughter and Father and Female and GrandMother and GrandParent and Male and Man and Mother and OffSpring and Parent and Person and Sex and Sibling and Sister and Son and Woman and Thing and (hasParent some (Female and GrandMother and GrandParent and Man and Mother and Parent and Person and Sex and Son and Woman and Thing)), True
Thing SubClassOf Brother and Child and Daughter and Father and Female and GrandMother and GrandParent and Male and Man and Mother and OffSpring and Parent and Person and Sex and Sibling and Sister and Son and Woman and Thing and (hasParent some (Father and Female and GrandMother and GrandParent and Man and Mother and Parent and Person and Sex and Son and Woman and Thing)), True
Thing SubClassOf Brother and Child and Daughter and Father and Female and GrandMother and GrandParent and Male and Man and Mother and OffSpring and Parent and Person and Sex and Sibling and Sister and Son and Woman and Thing and (hasParent some (Child and Father and Female and GrandMother and GrandParent and Man and Mother and Parent and Person and Sex and Son and Woman and Thing)), True
Thing SubClassOf Brother and Child and Daughter and Father and Female and GrandMother and GrandParent and Male and Man and Mother and OffSpring and Parent and Person and Sex and Sibling and Sister and Son and Woman and Thing and (hasParent some (Brother and Child and Father and Female and GrandMother and GrandParent and Man and Mother and Parent and Person and Sex and Son and Woman and Thing)), True
Thing SubClassOf Brother and Child and Daughter and Father and Female and GrandMother and GrandParent and Male and Man and Mother and OffSpring and Parent and Person and Sex and Sibling and Sister and Son and Woman and Thing and (hasParent some (Brother and Child and Daughter and Father and Female and GrandMother and GrandParent and Man and Mother and Parent and Person and Sex and Son and Woman and Thing)), True
Thing SubClassOf Brother and Child and Daughter and Father and Female and GrandMother and GrandParent and Male and Man and Mother and OffSpring and Parent and Person and Sex and Sibling and Sister and Son and Woman and Thing and (hasParent some (Brother and Child and Daughter and Father and Female and GrandMother and GrandParent and Man and Mother and Parent and Person and Sex and Sister and Son and Woman and Thing)), True
Thing SubClassOf Brother and Child and Daughter and Father and Female and GrandMother and GrandParent and Male and Man and Mother and OffSpring and Parent and Person and Sex and Sibling and Sister and Son and Woman and Thing and (hasParent some (Brother and Child and Daughter and Father and Female and GrandMother and GrandParent and Man and Mother and OffSpring and Parent and Person and Sex and Sister and Son and Woman and Thing)), True
Thing SubClassOf Brother and Child and Daughter and Father and Female and GrandMother and GrandParent and Male and Man and Mother and OffSpring and Parent and Person and Sex and Sibling and Sister and Son and Woman and Thing and (hasParent some (Brother and Child and Daughter and Father and Female and GrandMother and GrandParent and Male and Man and Mother and OffSpring and Parent and Person and Sex and Sister and Son and Woman and Thing)), True
Thing SubClassOf Brother and Child and Daughter and Father and Female and GrandMother and GrandParent and Male and Man and Mother and OffSpring and Parent and Person and Sex and Sibling and Sister and Son and Woman and Thing and (hasParent some (Brother and Child and Daughter and Father and Female and GrandMother and GrandParent and Male and Man and Mother and OffSpring and Parent and Person and Sex and Sibling and Sister and Son and Woman and Thing)), True
Brother and Child and Daughter and Father and Female and GrandFather and GrandMother and GrandParent and Male and Man and Mother and OffSpring and Parent and Person and Sex and Sibling and Sister and Son and Woman and Thing and (hasParent some (Brother and Child and Daughter and Father and Female and GrandMother and GrandParent and Male and Man and Mother and OffSpring and Parent and Person and Sex and Sibling and Sister and Son and Woman and Thing)) SubClassOf Brother and Child and Daughter and Father and Female and GrandFather and GrandMother and GrandParent and Male and Man and Mother and OffSpring and Parent and Person and Sex and Sibling and Sister and Son and Woman and Thing and (hasParent some (Brother and Child and Daughter and Father and Female and GrandMother and GrandParent and Male and Man and Mother and OffSpring and Parent and Person and Sex and Sibling and Sister and Son and Woman and Thing)), True
Sister SubClassOf hasSex some Daughter, False
Man SubClassOf hasSex some Child, False
Man SubClassOf hasSex some GrandFather, False
GrandParent SubClassOf hasSex some Sibling, False
Sibling SubClassOf hasSex some GrandParent, False
Person SubClassOf hasSex some OffSpring, True
GrandMother SubClassOf hasSex some OffSpring, False
Thing SubClassOf hasSex some OffSpring, False
Son SubClassOf hasSex some OffSpring, True
GrandMother and (hasSex some OffSpring) SubClassOf GrandMother and (hasSex some OffSpring), True
Son SubClassOf GrandMother and Thing and (hasSex some OffSpring), True
Son SubClassOf Female and GrandMother and Thing and (hasSex some OffSpring), True
Son SubClassOf Father and Female and GrandMother and Thing and (hasSex some OffSpring), True
Son SubClassOf Child and Father and Female and GrandMother and Thing and (hasSex some OffSpring), True
Son SubClassOf Child and Father and Female and GrandMother and Person and Thing and (hasSex some OffSpring), True
Son SubClassOf Brother and Child and Father and Female and GrandMother and Person and Thing and (hasSex some OffSpring), True
Son SubClassOf Brother and Child and Father and Female and GrandMother and Parent and Person and Thing and (hasSex some OffSpring), True
Son SubClassOf Brother and Child and Daughter and Father and Female and GrandMother and Parent and Person and Thing and (hasSex some OffSpring), True
Son SubClassOf Brother and Child and Daughter and Father and Female and GrandMother and Man and Parent and Person and Thing and (hasSex some OffSpring), True
Son SubClassOf Brother and Child and Daughter and Father and Female and GrandMother and Man and Mother and Parent and Person and Thing and (hasSex some OffSpring), True
Son SubClassOf Brother and Child and Daughter and Father and Female and GrandMother and GrandParent and Man and Mother and Parent and Person and Thing and (hasSex some OffSpring), True
Son SubClassOf Brother and Child and Daughter and Father and Female and GrandMother and GrandParent and Man and Mother and Parent and Person and Sex and Thing and (hasSex some OffSpring), True
Son SubClassOf Brother and Child and Daughter and Father and Female and GrandMother and GrandParent and Man and Mother and Parent and Person and Sex and Sister and Thing and (hasSex some OffSpring), True
Son SubClassOf Brother and Child and Daughter and Father and Female and GrandMother and GrandParent and Man and Mother and OffSpring and Parent and Person and Sex and Sister and Thing and (hasSex some OffSpring), True
Son SubClassOf Brother and Child and Daughter and Father and Female and GrandMother and GrandParent and Man and Mother and OffSpring and Parent and Person and Sex and Sister and Woman and Thing and (hasSex some OffSpring), True
Son SubClassOf Brother and Child and Daughter and Father and Female and GrandMother and GrandParent and Male and Man and Mother and OffSpring and Parent and Person and Sex and Sister and Woman and Thing and (hasSex some OffSpring), True
Son SubClassOf Brother and Child and Daughter and Father and Female and GrandMother and GrandParent and Male and Man and Mother and OffSpring and Parent and Person and Sex and Sibling and Sister and Woman and Thing and (hasSex some OffSpring), True
Son SubClassOf Brother and Child and Daughter and Father and Female and GrandFather and GrandMother and GrandParent and Male and Man and Mother and OffSpring and Parent and Person and Sex and Sibling and Sister and Woman and Thing and (hasSex some OffSpring), True
Son SubClassOf Brother and Child and Daughter and Father and Female and GrandFather and GrandMother and GrandParent and Male and Man and Mother and OffSpring and Parent and Person and Sex and Sibling and Sister and Woman and Thing and (hasSex some (GrandMother and OffSpring)), True
Son SubClassOf Brother and Child and Daughter and Father and Female and GrandFather and GrandMother and GrandParent and Male and Man and Mother and OffSpring and Parent and Person and Sex and Sibling and Sister and Woman and Thing and (hasSex some (GrandMother and OffSpring and Thing)), True
Son SubClassOf Son, True
Son SubClassOf Brother and Child and Daughter and Father and Female and GrandFather and GrandMother and GrandParent and Male and Man and Mother and OffSpring and Parent and Person and Sex and Sibling and Sister and Woman and Thing and (hasSex some (GrandMother and OffSpring and Son and Thing)), True
Son SubClassOf Brother and Child and Daughter and Father and Female and GrandFather and GrandMother and GrandParent and Male and Man and Mother and OffSpring and Parent and Person and Sex and Sibling and Sister and Woman and Thing and (hasSex some (Female and GrandMother and OffSpring and Son and Thing)), True
Son SubClassOf Brother and Child and Daughter and Father and Female and GrandFather and GrandMother and GrandParent and Male and Man and Mother and OffSpring and Parent and Person and Sex and Sibling and Sister and Woman and Thing and (hasSex some (Father and Female and GrandMother and OffSpring and Son and Thing)), True
Son SubClassOf Brother and Child and Daughter and Father and Female and GrandFather and GrandMother and GrandParent and Male and Man and Mother and OffSpring and Parent and Person and Sex and Sibling and Sister and Woman and Thing and (hasSex some (Child and Father and Female and GrandMother and OffSpring and Son and Thing)), True
Son SubClassOf Brother and Child and Daughter and Father and Female and GrandFather and GrandMother and GrandParent and Male and Man and Mother and OffSpring and Parent and Person and Sex and Sibling and Sister and Woman and Thing and (hasSex some (Child and Father and Female and GrandMother and OffSpring and Person and Son and Thing)), True
Son SubClassOf Brother and Child and Daughter and Father and Female and GrandFather and GrandMother and GrandParent and Male and Man and Mother and OffSpring and Parent and Person and Sex and Sibling and Sister and Woman and Thing and (hasSex some (Brother and Child and Father and Female and GrandMother and OffSpring and Person and Son and Thing)), True
Son SubClassOf Brother and Child and Daughter and Father and Female and GrandFather and GrandMother and GrandParent and Male and Man and Mother and OffSpring and Parent and Person and Sex and Sibling and Sister and Woman and Thing and (hasSex some (Brother and Child and Father and Female and GrandMother and OffSpring and Parent and Person and Son and Thing)), True
Son SubClassOf Brother and Child and Daughter and Father and Female and GrandFather and GrandMother and GrandParent and Male and Man and Mother and OffSpring and Parent and Person and Sex and Sibling and Sister and Woman and Thing and (hasSex some (Brother and Child and Daughter and Father and Female and GrandMother and OffSpring and Parent and Person and Son and Thing)), True
Son SubClassOf Brother and Child and Daughter and Father and Female and GrandFather and GrandMother and GrandParent and Male and Man and Mother and OffSpring and Parent and Person and Sex and Sibling and Sister and Woman and Thing and (hasSex some (Brother and Child and Daughter and Father and Female and GrandMother and Man and OffSpring and Parent and Person and Son and Thing)), True
Son SubClassOf Brother and Child and Daughter and Father and Female and GrandFather and GrandMother and GrandParent and Male and Man and Mother and OffSpring and Parent and Person and Sex and Sibling and Sister and Woman and Thing and (hasSex some (Brother and Child and Daughter and Father and Female and GrandMother and Man and Mother and OffSpring and Parent and Person and Son and Thing)), True
Son SubClassOf Brother and Child and Daughter and Father and Female and GrandFather and GrandMother and GrandParent and Male and Man and Mother and OffSpring and Parent and Person and Sex and Sibling and Sister and Woman and Thing and (hasSex some (Brother and Child and Daughter and Father and Female and GrandMother and GrandParent and Man and Mother and OffSpring and Parent and Person and Son and Thing)), True
Son SubClassOf Brother and Child and Daughter and Father and Female and GrandFather and GrandMother and GrandParent and Male and Man and Mother and OffSpring and Parent and Person and Sex and Sibling and Sister and Woman and Thing and (hasSex some (Brother and Child and Daughter and Father and Female and GrandMother and GrandParent and Man and Mother and OffSpring and Parent and Person and Sex and Son and Thing)), True
Son SubClassOf Brother and Child and Daughter and Father and Female and GrandFather and GrandMother and GrandParent and Male and Man and Mother and OffSpring and Parent and Person and Sex and Sibling and Sister and Woman and Thing and (hasSex some (Brother and Child and Daughter and Father and Female and GrandMother and GrandParent and Man and Mother and OffSpring and Parent and Person and Sex and Sister and Son and Thing)), True
Son SubClassOf Brother and Child and Daughter and Father and Female and GrandFather and GrandMother and GrandParent and Male and Man and Mother and OffSpring and Parent and Person and Sex and Sibling and Sister and Woman and Thing and (hasSex some (Brother and Child and Daughter and Father and Female and GrandMother and GrandParent and Man and Mother and OffSpring and Parent and Person and Sex and Sister and Son and Woman and Thing)), True
Son SubClassOf Brother and Child and Daughter and Father and Female and GrandFather and GrandMother and GrandParent and Male and Man and Mother and OffSpring and Parent and Person and Sex and Sibling and Sister and Woman and Thing and (hasSex some (Brother and Child and Daughter and Father and Female and GrandMother and GrandParent and Male and Man and Mother and OffSpring and Parent and Person and Sex and Sister and Son and Woman and Thing)), True
Son SubClassOf Brother and Child and Daughter and Father and Female and GrandFather and GrandMother and GrandParent and Male and Man and Mother and OffSpring and Parent and Person and Sex and Sibling and Sister and Woman and Thing and (hasSex some (Brother and Child and Daughter and Father and Female and GrandMother and GrandParent and Male and Man and Mother and OffSpring and Parent and Person and Sex and Sibling and Sister and Son and Woman and Thing)), True
Son SubClassOf Brother and Child and Daughter and Father and Female and GrandFather and GrandMother and GrandParent and Male and Man and Mother and OffSpring and Parent and Person and Sex and Sibling and Sister and Woman and Thing and (hasSex some (Brother and Child and Daughter and Father and Female and GrandFather and GrandMother and GrandParent and Male and Man and Mother and OffSpring and Parent and Person and Sex and Sibling and Sister and Son and Woman and Thing)), True
Brother and Child and Daughter and Father and Female and GrandFather and GrandMother and GrandParent and Male and Man and Mother and OffSpring and Parent and Person and Sex and Sibling and Sister and Son and Woman and Thing and (hasSex some (Brother and Child and Daughter and Father and Female and GrandFather and GrandMother and GrandParent and Male and Man and Mother and OffSpring and Parent and Person and Sex and Sibling and Sister and Son and Woman and Thing)) SubClassOf Brother and Child and Daughter and Father and Female and GrandFather and GrandMother and GrandParent and Male and Man and Mother and OffSpring and Parent and Person and Sex and Sibling and Sister and Son and Woman and Thing and (hasSex some (Brother and Child and Daughter and Father and Female and GrandFather and GrandMother and GrandParent and Male and Man and Mother and OffSpring and Parent and Person and Sex and Sibling and Sister and Son and Woman and Thing)), True
Can Parent that is also Person be considered a subcategory of 'Father'?, True
Can Parent that is also Person be considered a subcategory of 'GrandMother'?, False
Can Parent that is also Person be considered a subcategory of 'Son'?, False
Can Parent that is also Person be considered a subcategory of 'Female'?, False
Can Person be considered a subcategory of 'Father'?, False
Can Parent be considered a subcategory of 'Father'?, True
Can Parent be considered a subcategory of 'GrandMother'?, False
Can Parent be considered a subcategory of 'Thing'?, True
Can Parent be considered a subcategory of 'Father that is also Thing'?, False
Can Parent be considered a subcategory of 'Son'?, False
Can Parent be considered a subcategory of 'Female'?, False
Can Parent be considered a subcategory of 'Child'?, False
Can Parent be considered a subcategory of 'Person'?, True
Can Parent be considered a subcategory of 'Father that is also Person'?, False
Can Parent be considered a subcategory of 'Brother'?, False
Can Parent be considered a subcategory of 'Daughter'?, False
Can Parent be considered a subcategory of 'Man'?, False
Can Parent be considered a subcategory of 'Mother'?, False
Can Parent be considered a subcategory of 'GrandParent'?, False
Can Parent be considered a subcategory of 'Sex'?, False
Can Parent be considered a subcategory of 'Sister'?, False
Can Parent be considered a subcategory of 'OffSpring'?, False
Can Parent be considered a subcategory of 'Woman'?, False
Can Parent be considered a subcategory of 'Male'?, False
Can Parent be considered a subcategory of 'Sibling'?, False
Can Parent be considered a subcategory of 'GrandFather'?, False
Can GrandParent that is also Person be considered a subcategory of 'Woman'?, False
Can GrandFather be considered a subcategory of 'OffSpring'?, False
Can something that hasParent some GrandMother be considered a subcategory of 'Male'?, False
Can GrandMother that is also GrandParent be considered a subcategory of 'OffSpring'?, False
Can Son be considered a subcategory of 'something that hasSex some Parent'?, TRUE
Can Son be considered a subcategory of 'GrandMother'?, False
Can Son be considered a subcategory of 'Female'?, False
Can Son be considered a subcategory of 'Father'?, False
Can Son be considered a subcategory of 'Child'?, False
Can Son be considered a subcategory of 'Person'?, True
Can Son be considered a subcategory of 'Thing'?, False
Can Son be considered a subcategory of 'Brother'?, True
Can Son be considered a subcategory of 'Brother that is also Person'?, True
Can Son be considered a subcategory of 'Parent'?, True
Can Son be considered a subcategory of 'Brother that is also Parent that is also Person'?, False
Can Son be considered a subcategory of 'Daughter'?, False
Can Son be considered a subcategory of 'Man'?, True
Can Son be considered a subcategory of 'Brother that is also Man that is also Person'?, True
Can Son be considered a subcategory of 'Mother'?, False
Can Son be considered a subcategory of 'GrandParent'?, False
Can Son be considered a subcategory of 'Sex'?, True
Can Son be considered a subcategory of 'Brother that is also Man that is also Person that is also Sex'?, True
Can Son be considered a subcategory of 'Sister'?, False
Can Son be considered a subcategory of 'OffSpring'?, False
Can Son be considered a subcategory of 'Woman'?, False
Can Son be considered a subcategory of 'Male'?, True
Can Son be considered a subcategory of 'Brother that is also Male that is also Man that is also Person that is also Sex'?, True
Can Son be considered a subcategory of 'Sibling'?, True
Can Son be considered a subcategory of 'Brother that is also Male that is also Man that is also Person that is also Sex that is also Sibling'?, True
Can Son be considered a subcategory of 'GrandFather'?, False
Can Son be considered a subcategory of 'Brother that is also Male that is also Man that is also Parent that is also Person that is also Sex that is also Sibling'?, True
Can Parent be considered a subcategory of 'something that hasChild some Male'?, False
Can Female that is also GrandMother be considered a subcategory of 'Daughter'?, False
Can GrandFather be considered a subcategory of 'Daughter'?, False
Can Father that is also Mother be considered a subcategory of 'Male'?, False
Can Daughter that is also OffSpring be considered a subcategory of 'Father'?, False
Can Male that is also Mother be considered a subcategory of 'Sister'?, False
Can something that hasSex some OffSpring be considered a subcategory of 'GrandMother'?, False
Can Man that is also Woman be considered a subcategory of 'Sister'?, False
Can Male be considered a subcategory of 'something that hasSibling some Mother'?, False
Can something that hasParent some Sister be considered a subcategory of 'Sex'?, False
Can Son be considered a subcategory of 'something that hasParent some Brother'?, True
Can GrandMother be considered a subcategory of 'something that hasParent some Brother'?, False
Can Thing be considered a subcategory of 'something that hasParent some Brother'?, False
Can something that hasParent some Brother be considered a subcategory of 'something that hasParent some Brother'?, True
Can GrandMother be considered a subcategory of 'Brother'?, False
Can Thing be considered a subcategory of 'Brother'?, False
Can Female be considered a subcategory of 'Brother'?, False
Can Father be considered a subcategory of 'Brother'?, False
Can Child be considered a subcategory of 'Brother'?, False
Can Person be considered a subcategory of 'Brother'?, False
Can Daughter be considered a subcategory of 'Brother'?, False
Can Man be considered a subcategory of 'Brother'?, False
Can Mother be considered a subcategory of 'Brother'?, False
Can GrandParent be considered a subcategory of 'Brother'?, False
Can Sex be considered a subcategory of 'Brother'?, False
Can Sister be considered a subcategory of 'Brother'?, False
Can OffSpring be considered a subcategory of 'Brother'?, False
Can Woman be considered a subcategory of 'Brother'?, False
Can Male be considered a subcategory of 'Brother'?, True
Can Male be considered a subcategory of 'GrandMother'?, False
Can Male be considered a subcategory of 'Thing'?, True
Can Male be considered a subcategory of 'Brother that is also Thing'?, False
Can Male be considered a subcategory of 'Son'?, True
Can Male be considered a subcategory of 'Brother that is also Son'?, True
Can Male be considered a subcategory of 'Female'?, False
Can Male be considered a subcategory of 'Father'?, True
Can Male be considered a subcategory of 'Brother that is also Father that is also Son'?, False
Can Male be considered a subcategory of 'Child'?, False
Can Male be considered a subcategory of 'Person'?, True
Can Male be considered a subcategory of 'Brother that is also Person that is also Son'?, True
Can Male be considered a subcategory of 'Parent'?, True
Can Male be considered a subcategory of 'Brother that is also Parent that is also Person that is also Son'?, True
Can Male be considered a subcategory of 'Daughter'?, False
Can Male be considered a subcategory of 'Man'?, True
Can Male be considered a subcategory of 'Brother that is also Man that is also Parent that is also Person that is also Son'?, True
Can Male be considered a subcategory of 'Mother'?, False
Can Male be considered a subcategory of 'GrandParent'?, False
Can Male be considered a subcategory of 'Sex'?, True
Can Male be considered a subcategory of 'Brother that is also Man that is also Parent that is also Person that is also Sex that is also Son'?, True
Can Male be considered a subcategory of 'Sister'?, False
Can Male be considered a subcategory of 'OffSpring'?, False
Can Male be considered a subcategory of 'Woman'?, False
Can Male be considered a subcategory of 'Sibling'?, True
Can Male be considered a subcategory of 'Brother that is also Man that is also Parent that is also Person that is also Sex that is also Sibling that is also Son'?, True
Can Male be considered a subcategory of 'GrandFather'?, False
Can Male be considered a subcategory of 'Brother that is also Man that is also Parent that is also Person that is also Sex that is also Sibling that is also Son that is also Thing'?, True
Can Male be considered a subcategory of 'Brother that is also Father that is also Man that is also Parent that is also Person that is also Sex that is also Sibling that is also Son that is also Thing'?, True
Can GrandFather that is also OffSpring be considered a subcategory of 'Son'?, False
Can Sibling that is also Son be considered a subcategory of 'Woman'?, False
Can something that hasSibling some Female be considered a subcategory of 'Sex'?, True
Can something that hasSibling some Female be considered a subcategory of 'GrandMother'?, False
Can something that hasSibling some Female be considered a subcategory of 'Son'?, False
Can something that hasSibling some Female be considered a subcategory of 'Female'?, False
Can something that hasSibling some Female be considered a subcategory of 'Father'?, False
Can something that hasSibling some Female be considered a subcategory of 'Child'?, False
Can something that hasSibling some Female be considered a subcategory of 'Person'?, True
Can Female be considered a subcategory of 'Person'?, True
Can Female be considered a subcategory of 'GrandMother'?, False
Can Female be considered a subcategory of 'Thing'?, True
Can Female be considered a subcategory of 'Person that is also Thing'?, True
Can Female be considered a subcategory of 'Son'?, False
Can Female be considered a subcategory of 'Father'?, False
Can Female be considered a subcategory of 'Child'?, False
Can Female be considered a subcategory of 'Parent'?, True
Can Female be considered a subcategory of 'Parent that is also Person that is also Thing'?, True
Can Female be considered a subcategory of 'Daughter'?, True
Can Female be considered a subcategory of 'Daughter that is also Parent that is also Person that is also Thing'?, True
Can Female be considered a subcategory of 'Man'?, False
Can Female be considered a subcategory of 'Mother'?, False
Can Female be considered a subcategory of 'GrandParent'?, False
Can Female be considered a subcategory of 'Sex'?, True
Can Female be considered a subcategory of 'Daughter that is also Parent that is also Person that is also Sex that is also Thing'?, False
Can Female be considered a subcategory of 'Sister'?, False
Can Female be considered a subcategory of 'OffSpring'?, False
Can Female be considered a subcategory of 'Woman'?, True
Can Female be considered a subcategory of 'Daughter that is also Parent that is also Person that is also Woman that is also Thing'?, False
Can Female be considered a subcategory of 'Male'?, False
Can Female be considered a subcategory of 'Sibling'?, False
Can Female be considered a subcategory of 'GrandFather'?, False
Can Father that is also Mother be considered a subcategory of 'Son'?, False
Can GrandFather that is also Woman be considered a subcategory of 'Brother'?, False
Can Child that is also Person be considered a subcategory of 'Male'?, False
Can Female that is also GrandMother be considered a subcategory of 'OffSpring'?, False
Can Father that is also Mother be considered a subcategory of 'OffSpring'?, False
Can Parent that is also Sister be considered a subcategory of 'Child'?, False
Can Man be considered a subcategory of 'Son'?, False
Can something that hasSex some Woman be considered a subcategory of 'Male'?, False
Can something that hasChild some Child be considered a subcategory of 'Child'?, True
Can something that hasChild some Child be considered a subcategory of 'GrandMother'?, False
Can something that hasChild some Child be considered a subcategory of 'Son'?, True
Can Child be considered a subcategory of 'Son'?, True
Can Child be considered a subcategory of 'GrandMother'?, False
Can Child be considered a subcategory of 'Thing'?, True
Can Child be considered a subcategory of 'Son that is also Thing'?, True
Can Child be considered a subcategory of 'Female'?, False
Can Child be considered a subcategory of 'Father'?, False
Can Child be considered a subcategory of 'Person'?, True
Can Child be considered a subcategory of 'Person that is also Son that is also Thing'?, True
Can Child be considered a subcategory of 'Parent'?, False
Can Child be considered a subcategory of 'Daughter'?, False
Can Child be considered a subcategory of 'Man'?, False
Can Child be considered a subcategory of 'Mother'?, False
Can Child be considered a subcategory of 'GrandParent'?, False
Can Child be considered a subcategory of 'Sex'?, False
Can Child be considered a subcategory of 'Sister'?, False
Can Child be considered a subcategory of 'OffSpring'?, TRUE
Can Child be considered a subcategory of 'OffSpring that is also Person that is also Son that is also Thing'?, True
Can Child be considered a subcategory of 'Woman'?, False
Can Child be considered a subcategory of 'Male'?, False
Can Child be considered a subcategory of 'Sibling'?, False
Can Child be considered a subcategory of 'GrandFather'?, False
Can something that hasParent some OffSpring be considered a subcategory of 'Person'?, True
Can something that hasParent some OffSpring be considered a subcategory of 'GrandMother'?, False
Can something that hasParent some OffSpring be considered a subcategory of 'Son'?, True
Can OffSpring be considered a subcategory of 'Son'?, False
Can Thing be considered a subcategory of 'Thing that is also something that (hasParent some (OffSpring that is also Thing))'?, True
Can OffSpring that is also Thing be considered a subcategory of 'GrandMother'?, False
Can OffSpring that is also Thing be considered a subcategory of 'Son'?, True
Can Thing be considered a subcategory of 'Son'?, False
Can something that hasSibling some Son be considered a subcategory of 'Person'?, True
Can something that hasSibling some Son be considered a subcategory of 'GrandMother'?, False
Can something that hasSibling some Son be considered a subcategory of 'Son'?, False
Can something that hasSibling some Son be considered a subcategory of 'Female'?, False
Can something that hasSibling some Son be considered a subcategory of 'Father'?, False
Can something that hasSibling some Son be considered a subcategory of 'Child'?, True
Can Thing be considered a subcategory of 'Thing that is also something that (hasSibling some (Brother that is also Father that is also Male that is also Man that is also Parent that is also Person that is also Sex that is also Sibling that is also Son that is also Thing))'?, False.
Can Thing be considered a subcategory of 'GrandMother'?, False
Can Thing be considered a subcategory of 'Female'?, False
Can Thing be considered a subcategory of 'Father'?, False
Can Thing be considered a subcategory of 'Child'?, False
Can Thing be considered a subcategory of 'Person'?, False
Can Thing be considered a subcategory of 'Parent'?, False
Can Thing be considered a subcategory of 'Daughter'?, False
Can Thing be considered a subcategory of 'Man'?, False
Can Thing be considered a subcategory of 'Mother'?, False
Can Thing be considered a subcategory of 'GrandParent'?, False
Can Thing be considered a subcategory of 'Sex'?, False
Can Thing be considered a subcategory of 'Sister'?, False
Can Thing be considered a subcategory of 'OffSpring'?, False
Can Thing be considered a subcategory of 'Woman'?, False
Can Thing be considered a subcategory of 'Male'?, False
Can Thing be considered a subcategory of 'Sibling'?, False
Can Thing be considered a subcategory of 'GrandFather'?, False
Can Brother that is also Father that is also Male that is also Man that is also Parent that is also Person that is also Sex that is also Sibling that is also Son that is also Thing be considered a subcategory of 'GrandMother'?, False
Can Brother that is also Father that is also Male that is also Man that is also Parent that is also Person that is also Sex that is also Sibling that is also Son that is also Thing be considered a subcategory of 'Female'?, False
Can Brother that is also Father that is also Male that is also Man that is also Parent that is also Person that is also Sex that is also Sibling that is also Son that is also Thing be considered a subcategory of 'Child'?, True
Can Father that is also Male that is also Man that is also Parent that is also Person that is also Sex that is also Sibling that is also Son that is also Thing be considered a subcategory of 'Child'?, False
Can Brother that is also Male that is also Man that is also Parent that is also Person that is also Sex that is also Sibling that is also Son that is also Thing be considered a subcategory of 'Child'?, True
Can Brother that is also Man that is also Parent that is also Person that is also Sex that is also Sibling that is also Son that is also Thing be considered a subcategory of 'Child'?, True
Can Brother that is also Parent that is also Person that is also Sex that is also Sibling that is also Son that is also Thing be considered a subcategory of 'Child'?, True
Can Brother that is also Person that is also Sex that is also Sibling that is also Son that is also Thing be considered a subcategory of 'Child'?, False
Can Brother that is also Parent that is also Sex that is also Sibling that is also Son that is also Thing be considered a subcategory of 'Child'?, False
Can Brother that is also Parent that is also Person that is also Sibling that is also Son that is also Thing be considered a subcategory of 'Child'?, False
Can Brother that is also Parent that is also Person that is also Sex that is also Son that is also Thing be considered a subcategory of 'Child'?, False
Can Brother that is also Parent that is also Person that is also Sex that is also Sibling that is also Thing be considered a subcategory of 'Child'?, False
Can Man that is also Son be considered a subcategory of 'Daughter'?, False
Can GrandFather that is also Sibling be considered a subcategory of 'Sex'?, False
Can Father that is also Male be considered a subcategory of 'Mother'?, False
Can Father that is also GrandFather be considered a subcategory of 'Mother'?, False
Can Child that is also Parent be considered a subcategory of 'Woman'?, False
Can Brother that is also Person be considered a subcategory of 'Daughter'?, False
Can Brother that is also Woman be considered a subcategory of 'Female'?, False
Can Child that is also Woman be considered a subcategory of 'Daughter'?, True
Can Child that is also Woman be considered a subcategory of 'GrandMother'?, False
Can Child that is also Woman be considered a subcategory of 'Female'?, True
Can Woman be considered a subcategory of 'Female'?, False
Can Female that is also Man be considered a subcategory of 'Mother'?, False
Can Mother that is also Person be considered a subcategory of 'Sex'?, False
Can something that hasChild some GrandParent be considered a subcategory of 'Brother'?, False
Can Sibling that is also Sister be considered a subcategory of 'Brother'?, False
Can Female that is also Person be considered a subcategory of 'Woman'?, True
Can Female that is also Person be considered a subcategory of 'GrandMother'?, False
Can Female that is also Person be considered a subcategory of 'Son'?, False
Can Female that is also Person be considered a subcategory of 'Child'?, False
Can Female that is also Person be considered a subcategory of 'Brother'?, False
Can Female that is also Person be considered a subcategory of 'Man'?, False
Can Female that is also Person be considered a subcategory of 'Mother'?, True
Can Person be considered a subcategory of 'Mother'?, False
Can GrandParent that is also Person be considered a subcategory of 'GrandFather'?, True
Can GrandParent that is also Person be considered a subcategory of 'GrandMother'?, False
Can GrandParent that is also Person be considered a subcategory of 'Son'?, False
Can GrandParent that is also Person be considered a subcategory of 'Female'?, False
Can GrandParent that is also Person be considered a subcategory of 'Father'?, False
Can GrandParent that is also Person be considered a subcategory of 'Child'?, False
Can GrandParent that is also Person be considered a subcategory of 'Brother'?, False
Can GrandParent that is also Person be considered a subcategory of 'Parent'?, True
Can GrandParent be considered a subcategory of 'Parent'?, True
Can GrandParent be considered a subcategory of 'GrandMother'?, False
Can GrandParent be considered a subcategory of 'Thing'?, True
Can GrandParent be considered a subcategory of 'Parent that is also Thing'?, TRUE
Can GrandParent be considered a subcategory of 'Son'?, False
Can GrandParent be considered a subcategory of 'Female'?, False
Can GrandParent be considered a subcategory of 'Father'?, False
Can GrandParent be considered a subcategory of 'Child'?, False
Can GrandParent be considered a subcategory of 'Person'?, True
Can GrandParent be considered a subcategory of 'Parent that is also Person that is also Thing'?, True
Can GrandParent be considered a subcategory of 'Daughter'?, False
Can GrandParent be considered a subcategory of 'Man'?, False
Can GrandParent be considered a subcategory of 'Mother'?, False
Can GrandParent be considered a subcategory of 'Sex'?, False
Can GrandParent be considered a subcategory of 'Sister'?, False
Can GrandParent be considered a subcategory of 'OffSpring'?, False
Can GrandParent be considered a subcategory of 'Woman'?, False
Can GrandParent be considered a subcategory of 'Male'?, False
Can GrandParent be considered a subcategory of 'Sibling'?, False
Can GrandParent be considered a subcategory of 'GrandFather'?, True
Can GrandParent be considered a subcategory of 'GrandFather that is also Parent that is also Person that is also Thing'?, True
Can Child be considered a subcategory of 'something that hasSex some Sister'?, False
Can Female that is also Sibling be considered a subcategory of 'Man'?, False
Can Daughter that is also GrandMother be considered a subcategory of 'GrandParent'?, False
Can Man that is also Sex be considered a subcategory of 'GrandParent'?, False
Can Parent be considered a subcategory of 'something that hasChild some Sister'?, False
Can something that hasChild some Person be considered a subcategory of 'Person'?, True
Can something that hasChild some Person be considered a subcategory of 'GrandMother'?, False
Can something that hasChild some Person be considered a subcategory of 'Son'?, True
Can Person be considered a subcategory of 'Son'?, False
Can Thing be considered a subcategory of 'Thing that is also something that (hasChild some (Person that is also Thing))'?, True
Can Person that is also Thing be considered a subcategory of 'GrandMother'?, False
Can Person that is also Thing be considered a subcategory of 'Son'?, False
Can Person that is also Thing be considered a subcategory of 'Female'?, False
Can Person that is also Thing be considered a subcategory of 'Father'?, False
Can Person that is also Thing be considered a subcategory of 'Child'?, False
Can Person that is also Thing be considered a subcategory of 'Brother'?, False
Can Person that is also Thing be considered a subcategory of 'Parent'?, False
Can Person that is also Thing be considered a subcategory of 'Daughter'?, False
Can Person that is also Thing be considered a subcategory of 'Man'?, False
Can Person that is also Thing be considered a subcategory of 'Mother'?, False
Can Person that is also Thing be considered a subcategory of 'GrandParent'?, False
Can Person that is also Thing be considered a subcategory of 'Sex'?, False
Can Person that is also Thing be considered a subcategory of 'Sister'?, False
Can Person that is also Thing be considered a subcategory of 'OffSpring'?, False
Can Person that is also Thing be considered a subcategory of 'Woman'?, False
Can Person that is also Thing be considered a subcategory of 'Male'?, False
Can Person that is also Thing be considered a subcategory of 'Sibling'?, False
Can Person that is also Thing be considered a subcategory of 'GrandFather'?, False
Can Thing that is also something that (hasChild some Person) that is also something that (hasChild some Thing) be considered a subcategory of 'Thing that is also something that (hasChild some (Person that is also Thing))'?, False.
Can Thing that is also something that (hasChild some Person) that is also something that (hasChild some Thing) be considered a subcategory of 'Son'?, True
Can Thing that is also something that (hasChild some Person) that is also something that (hasChild some Thing) be considered a subcategory of 'Thing that is also something that (hasChild some Person) that is also something that (hasChild some Thing)'?, True
Can Thing that is also something that (hasChild some Thing) be considered a subcategory of 'Son'?, True
Can Sex be considered a subcategory of 'something that hasSibling some Man'?, False
Can OffSpring that is also Sister be considered a subcategory of 'Daughter'?, False
Can Daughter be considered a subcategory of 'something that hasParent some GrandFather'?, True
Can Daughter be considered a subcategory of 'GrandMother'?, False
Can Daughter be considered a subcategory of 'Son'?, False
Can Daughter be considered a subcategory of 'Female'?, True
Can Daughter be considered a subcategory of 'Thing'?, True
Can Daughter be considered a subcategory of 'Female that is also Thing'?, False
Can Daughter be considered a subcategory of 'Father'?, False
Can Daughter be considered a subcategory of 'Child'?, True
Can Daughter be considered a subcategory of 'Child that is also Female'?, True
Can Daughter be considered a subcategory of 'Person'?, True
Can Daughter be considered a subcategory of 'Child that is also Female that is also Person'?, True
Can Daughter be considered a subcategory of 'Parent'?, True
Can Daughter be considered a subcategory of 'Child that is also Female that is also Parent that is also Person'?, True
Can Daughter be considered a subcategory of 'Man'?, False
Can Daughter be considered a subcategory of 'Mother'?, False
Can Daughter be considered a subcategory of 'GrandParent'?, False
Can Daughter be considered a subcategory of 'Sex'?, False
Can Daughter be considered a subcategory of 'Sister'?, False
Can Daughter be considered a subcategory of 'OffSpring'?, True
Can Daughter be considered a subcategory of 'Child that is also Female that is also OffSpring that is also Parent that is also Person'?, True
Can Daughter be considered a subcategory of 'Woman'?, True
Can Daughter be considered a subcategory of 'Child that is also Female that is also OffSpring that is also Parent that is also Person that is also Woman'?, True
Can Daughter be considered a subcategory of 'Male'?, False
Can Daughter be considered a subcategory of 'Sibling'?, False
Can Daughter be considered a subcategory of 'GrandFather'?, False
Can Daughter be considered a subcategory of 'Child that is also Female that is also OffSpring that is also Parent that is also Person that is also Woman that is also Thing'?, True
Can Child that is also Person be considered a subcategory of 'GrandMother'?, False
Can GrandFather be considered a subcategory of 'something that hasSibling some Woman'?, False
Can Person that is also Sister be considered a subcategory of 'Parent'?, False
Can GrandFather that is also Man be considered a subcategory of 'Daughter'?, False
Can Man be considered a subcategory of 'something that hasSibling some Sister'?, False
Can GrandParent that is also Sister be considered a subcategory of 'GrandMother'?, False
Can GrandMother that is also Woman be considered a subcategory of 'Sister'?, False
Can OffSpring be considered a subcategory of 'GrandFather'?, False
Can Daughter that is also Man be considered a subcategory of 'GrandMother'?, False
Can GrandFather that is also GrandParent be considered a subcategory of 'Daughter'?, False
Can Daughter be considered a subcategory of 'something that hasSex some Child'?, True
Can GrandMother be considered a subcategory of 'something that hasSex some Child'?, True
Can Thing that is also something that (hasSex some Child) be considered a subcategory of 'Thing that is also something that (hasSex some Child)'?, False
Can GrandMother be considered a subcategory of 'GrandMother'?, False
Can GrandMother be considered a subcategory of 'Thing'?, False
Can GrandMother be considered a subcategory of 'Son'?, False
Can GrandMother be considered a subcategory of 'Female'?, False
Can GrandMother be considered a subcategory of 'Father'?, False
Can GrandMother be considered a subcategory of 'Child'?, False
Can GrandMother be considered a subcategory of 'Person'?, True
Can Person be considered a subcategory of 'GrandMother'?, False
Can Person be considered a subcategory of 'Thing that is also something that (hasSex some Child)'?, True
Can Person be considered a subcategory of 'Thing'?, True
Can Thing be considered a subcategory of 'Thing that is also something that (hasSex some Child)'?, True
Can Thing be considered a subcategory of 'Thing'?, True
Can Father be considered a subcategory of 'Child'?, False
Can Person be considered a subcategory of 'Child'?, False
Can Brother be considered a subcategory of 'Child'?, False
Can Man be considered a subcategory of 'Child'?, False
Can Mother be considered a subcategory of 'Child'?, False
Can Sex be considered a subcategory of 'Child'?, False
Can Sister be considered a subcategory of 'Child'?, False
Can Woman be considered a subcategory of 'Child'?, False
Can Sibling be considered a subcategory of 'Child'?, True
Can Sibling be considered a subcategory of 'GrandMother'?, False
Can Sibling be considered a subcategory of 'Thing'?, True
Can Sibling be considered a subcategory of 'Child that is also Thing'?, TRUE
Can Sibling be considered a subcategory of 'Son'?, False
Can Sibling be considered a subcategory of 'Female'?, False
Can Sibling be considered a subcategory of 'Father'?, False
Can Sibling be considered a subcategory of 'Person'?, True
Can Sibling be considered a subcategory of 'Child that is also Person that is also Thing'?, True
Can Sibling be considered a subcategory of 'Brother'?, False
Can Sibling be considered a subcategory of 'Parent'?, False
Can Sibling be considered a subcategory of 'Daughter'?, False
Can Sibling be considered a subcategory of 'Man'?, False
Can Sibling be considered a subcategory of 'Mother'?, False
Can Sibling be considered a subcategory of 'GrandParent'?, False
Can Sibling be considered a subcategory of 'Sex'?, False
Can Sibling be considered a subcategory of 'Sister'?, **False
Can Sibling be considered a subcategory of 'OffSpring'?, False
Can Sibling be considered a subcategory of 'Woman'?, False
Can Sibling be considered a subcategory of 'Male'?, False
Can Sibling be considered a subcategory of 'GrandFather'?, False
Can Mother be considered a subcategory of 'something that hasChild some Son'?, False
Can GrandMother that is also Woman be considered a subcategory of 'Parent'?, False
Can Father be considered a subcategory of 'something that hasSibling some Parent'?, True
Can Father be considered a subcategory of 'GrandMother'?, False
Can Father be considered a subcategory of 'Son'?, False
Can Father be considered a subcategory of 'Female'?, False
Can Father be considered a subcategory of 'Person'?, True
Can Father be considered a subcategory of 'Thing'?, True
Can Father be considered a subcategory of 'Person that is also Thing'?, True
Can Father be considered a subcategory of 'Parent'?, True
Can Father be considered a subcategory of 'Parent that is also Person that is also Thing'?, True
Can Father be considered a subcategory of 'Daughter'?, False
Can Father be considered a subcategory of 'Man'?, True
Can Father be considered a subcategory of 'Man that is also Parent that is also Person that is also Thing'?, True
Can Father be considered a subcategory of 'Mother'?, False
Can Father be considered a subcategory of 'GrandParent'?, False
Can Father be considered a subcategory of 'Sex'?, False
Can Father be considered a subcategory of 'Sister'?, False
Can Father be considered a subcategory of 'OffSpring'?, False
Can Father be considered a subcategory of 'Woman'?, False
Can Father be considered a subcategory of 'Male'?, False
Can Father be considered a subcategory of 'Sibling'?, False
Can Father be considered a subcategory of 'GrandFather'?, False
Can Parent that is also Sex be considered a subcategory of 'OffSpring'?, False
Can something that hasParent some Brother be considered a subcategory of 'OffSpring'?, False
Can GrandParent that is also Sex be considered a subcategory of 'Child'?, False
Can GrandParent that is also Sister be considered a subcategory of 'Male'?, False
Can Father that is also Female be considered a subcategory of 'Sister'?, False
Can GrandFather that is also Man be considered a subcategory of 'Woman'?, False
Can Child that is also Parent be considered a subcategory of 'Female'?, False
Can Brother that is also OffSpring be considered a subcategory of 'Mother'?, False
Can Father that is also GrandParent be considered a subcategory of 'Woman'?, False
Can something that hasChild some Sister be considered a subcategory of 'Female'?, True
Can something that hasChild some Sister be considered a subcategory of 'GrandMother'?, False
Can Sister be considered a subcategory of 'Female'?, False
Can Brother that is also Child that is also Father that is also Male that is also Man that is also OffSpring that is also Parent that is also Person that is also Sex that is also Sibling that is also Son that is also Thing be considered a subcategory of 'Brother that is also Child that is also Father that is also Male that is also Man that is also OffSpring that is also Parent that is also Person that is also Sex that is also Sibling that is also Son that is also Thing that is also something that (hasChild some (Sister that is also Thing))'?, True
Can Sister that is also Thing be considered a subcategory of 'GrandMother'?, False
Can Sister that is also Thing be considered a subcategory of 'Son'?, False
Can Sister that is also Thing be considered a subcategory of 'Female'?, False
Can Sister that is also Thing be considered a subcategory of 'Father'?, False
Can Sister that is also Thing be considered a subcategory of 'Child'?, False
Can Sister that is also Thing be considered a subcategory of 'Person'?, False
Can Sister that is also Thing be considered a subcategory of 'Brother'?, False
Can Sister that is also Thing be considered a subcategory of 'Parent'?, False
Can Sister that is also Thing be considered a subcategory of 'Daughter'?, False
Can Sister that is also Thing be considered a subcategory of 'Man'?, False
Can Sister that is also Thing be considered a subcategory of 'Mother'?, False
Can Sister that is also Thing be considered a subcategory of 'GrandParent'?, False
Can Sister that is also Thing be considered a subcategory of 'Sex'?, False
Can Sister that is also Thing be considered a subcategory of 'OffSpring'?, False
Can Sister that is also Thing be considered a subcategory of 'Woman'?, False
Can Sister that is also Thing be considered a subcategory of 'Male'?, False
Can Sister that is also Thing be considered a subcategory of 'Sibling'?, False
Can Sister that is also Thing be considered a subcategory of 'GrandFather'?, False
Can Brother that is also Child that is also Father that is also Male that is also Man that is also OffSpring that is also Parent that is also Person that is also Sex that is also Sibling that is also Son that is also Thing that is also something that (hasChild some Sister) that is also something that (hasChild some Thing) be considered a subcategory of 'Brother that is also Child that is also Father that is also Male that is also Man that is also OffSpring that is also Parent that is also Person that is also Sex that is also Sibling that is also Son that is also Thing that is also something that (hasChild some (Sister that is also Thing))'?, False.
Can Brother that is also Child that is also Father that is also Male that is also Man that is also OffSpring that is also Parent that is also Person that is also Sex that is also Sibling that is also Son that is also Thing that is also something that (hasChild some Sister) that is also something that (hasChild some Thing) be considered a subcategory of 'Female'?, False
Can Brother that is also Child that is also Father that is also Male that is also Man that is also OffSpring that is also Parent that is also Person that is also Sex that is also Sibling that is also Son that is also Thing that is also something that (hasChild some (Sister that is also Thing)) be considered a subcategory of 'Brother that is also Child that is also Father that is also Male that is also Man that is also OffSpring that is also Parent that is also Person that is also Sex that is also Sibling that is also Son that is also Thing that is also something that (hasChild some (Sister that is also Thing))'?, False
Can Brother that is also Child that is also Father that is also Male that is also Man that is also OffSpring that is also Parent that is also Person that is also Sex that is also Sibling that is also Son that is also Thing that is also something that (hasChild some (Sister that is also Thing)) be considered a subcategory of 'Female'?, False
Can Child that is also Father that is also Male that is also Man that is also OffSpring that is also Parent that is also Person that is also Sex that is also Sibling that is also Son that is also Thing that is also something that (hasChild some (Sister that is also Thing)) be considered a subcategory of 'Female'?, False
Can Brother that is also Father that is also Male that is also Man that is also OffSpring that is also Parent that is also Person that is also Sex that is also Sibling that is also Son that is also Thing that is also something that (hasChild some (Sister that is also Thing)) be considered a subcategory of 'Female'?, False
Can Brother that is also Child that is also Male that is also Man that is also OffSpring that is also Parent that is also Person that is also Sex that is also Sibling that is also Son that is also Thing that is also something that (hasChild some (Sister that is also Thing)) be considered a subcategory of 'Female'?, False
Can Brother that is also Child that is also Father that is also Man that is also OffSpring that is also Parent that is also Person that is also Sex that is also Sibling that is also Son that is also Thing that is also something that (hasChild some (Sister that is also Thing)) be considered a subcategory of 'Female'?, False
Can Brother that is also Child that is also Father that is also Male that is also OffSpring that is also Parent that is also Person that is also Sex that is also Sibling that is also Son that is also Thing that is also something that (hasChild some (Sister that is also Thing)) be considered a subcategory of 'Female'?, False
Can Brother that is also Child that is also Father that is also Male that is also Man that is also Parent that is also Person that is also Sex that is also Sibling that is also Son that is also Thing that is also something that (hasChild some (Sister that is also Thing)) be considered a subcategory of 'Female'?, False
Can Brother that is also Child that is also Father that is also Male that is also Man that is also OffSpring that is also Person that is also Sex that is also Sibling that is also Son that is also Thing that is also something that (hasChild some (Sister that is also Thing)) be considered a subcategory of 'Female'?, False
Can Brother that is also Child that is also Father that is also Male that is also Man that is also OffSpring that is also Parent that is also Sex that is also Sibling that is also Son that is also Thing that is also something that (hasChild some (Sister that is also Thing)) be considered a subcategory of 'Female'?, False
Can Brother that is also Child that is also Father that is also Male that is also Man that is also OffSpring that is also Parent that is also Person that is also Sibling that is also Son that is also Thing that is also something that (hasChild some (Sister that is also Thing)) be considered a subcategory of 'Female'?, False
Can Brother that is also Child that is also Father that is also Male that is also Man that is also OffSpring that is also Parent that is also Person that is also Sex that is also Son that is also Thing that is also something that (hasChild some (Sister that is also Thing)) be considered a subcategory of 'Female'?, False
Can Brother that is also Child that is also Father that is also Male that is also Man that is also OffSpring that is also Parent that is also Person that is also Sex that is also Sibling that is also Thing that is also something that (hasChild some (Sister that is also Thing)) be considered a subcategory of 'Female'?, False
Can Brother that is also Child that is also Father that is also Male that is also Man that is also OffSpring that is also Parent that is also Person that is also Sex that is also Sibling that is also Son that is also Thing that is also something that (hasChild some Thing) be considered a subcategory of 'Female'?, False
Can GrandMother that is also Man be considered a subcategory of 'Woman'?, False
Can Brother be considered a subcategory of 'something that hasSex some Mother'?, False
Can something that hasSibling some Sex be considered a subcategory of 'Son'?, False
Can Father that is also Parent be considered a subcategory of 'Woman'?, False
Can something that hasParent some Daughter be considered a subcategory of 'Son'?, False
Can something that hasSibling some GrandFather be considered a subcategory of 'Father'?, False
Can Father that is also Person be considered a subcategory of 'Sister'?, False
Can something that hasParent some Father be considered a subcategory of 'Father'?, False
Can Female that is also Parent be considered a subcategory of 'GrandParent'?, False
Can Brother be considered a subcategory of 'something that hasParent some GrandParent'?, True
Can Brother be considered a subcategory of 'GrandMother'?, False
Can Brother be considered a subcategory of 'Son'?, False
Can Brother be considered a subcategory of 'Female'?, False
Can Brother be considered a subcategory of 'Father'?, False
Can Brother be considered a subcategory of 'Person'?, True
Can Brother be considered a subcategory of 'Thing'?, False
Can Brother be considered a subcategory of 'Parent'?, True
Can Brother be considered a subcategory of 'Parent that is also Person'?, True
Can Brother be considered a subcategory of 'Daughter'?, False
Can Brother be considered a subcategory of 'Man'?, True
Can Brother be considered a subcategory of 'Man that is also Parent that is also Person'?, TRUE
Can Brother be considered a subcategory of 'Mother'?, False
Can Brother be considered a subcategory of 'GrandParent'?, False
Can Brother be considered a subcategory of 'Sex'?, False
Can Brother be considered a subcategory of 'Sister'?, False
Can Brother be considered a subcategory of 'OffSpring'?, False
Can Brother be considered a subcategory of 'Woman'?, False
Can Brother be considered a subcategory of 'Male'?, True
Can Brother be considered a subcategory of 'Male that is also Man that is also Parent that is also Person'?, True
Can Brother be considered a subcategory of 'Sibling'?, True
Can Brother be considered a subcategory of 'Male that is also Man that is also Parent that is also Person that is also Sibling'?, True
Can Brother be considered a subcategory of 'GrandFather'?, False
Can something that hasSex some Female be considered a subcategory of 'Female'?, False
Can something that hasSibling some Mother be considered a subcategory of 'Daughter'?, False
Can Woman be considered a subcategory of 'something that hasSibling some GrandFather'?, False
Can Male that is also Sibling be considered a subcategory of 'GrandFather'?, False
Can Sister be considered a subcategory of 'something that hasSex some Daughter'?, False
Can Man be considered a subcategory of 'something that hasChild some Sibling'?, True
Can Man be considered a subcategory of 'GrandMother'?, False
Can Man be considered a subcategory of 'Female'?, False
Can Man be considered a subcategory of 'Father'?, False
Can Man be considered a subcategory of 'Person'?, True
Can Man be considered a subcategory of 'Thing'?, True
Can Man be considered a subcategory of 'Person that is also Thing'?, False
Can Man be considered a subcategory of 'Parent'?, False
Can Man be considered a subcategory of 'Daughter'?, False
Can Man be considered a subcategory of 'Mother'?, False
Can Man be considered a subcategory of 'GrandParent'?, False
Can Man be considered a subcategory of 'Sex'?, False
Can Man be considered a subcategory of 'Sister'?, False
Can Man be considered a subcategory of 'OffSpring'?, False
Can Man be considered a subcategory of 'Woman'?, False
Can Man be considered a subcategory of 'Male'?, True
Can Man be considered a subcategory of 'Male that is also Person'?, True
Can Man be considered a subcategory of 'Sibling'?, False
Can Man be considered a subcategory of 'GrandFather'?, False
Can Man be considered a subcategory of 'Male that is also Person that is also Thing'?, True
Can something that hasSex some Sibling be considered a subcategory of 'Brother'?, False
Can something that hasChild some Female be considered a subcategory of 'Mother'?, True
Can something that hasChild some Female be considered a subcategory of 'GrandMother'?, True
Can Brother that is also Child that is also Father that is also Male that is also Man that is also OffSpring that is also Parent that is also Person that is also Sex that is also Sibling that is also Son that is also Thing be considered a subcategory of 'Brother that is also Child that is also Father that is also Male that is also Man that is also OffSpring that is also Parent that is also Person that is also Sex that is also Sibling that is also Son that is also Thing that is also something that (hasChild some (Brother that is also Child that is also Daughter that is also Father that is also Female that is also Male that is also Man that is also Mother that is also OffSpring that is also Parent that is also Person that is also Sex that is also Sibling that is also Son that is also Woman that is also Thing))'?, False
Can Brother that is also Child that is also Father that is also Male that is also Man that is also OffSpring that is also Parent that is also Person that is also Sex that is also Sibling that is also Son that is also Thing be considered a subcategory of 'GrandMother'?, False
Can Brother that is also Child that is also Father that is also Male that is also Man that is also OffSpring that is also Parent that is also Person that is also Sex that is also Sibling that is also Son that is also Thing be considered a subcategory of 'Female'?, False
Can Brother that is also Child that is also Father that is also Male that is also Man that is also OffSpring that is also Parent that is also Person that is also Sex that is also Sibling that is also Son that is also Thing be considered a subcategory of 'Daughter'?, False
Can Brother that is also Child that is also Father that is also Male that is also Man that is also OffSpring that is also Parent that is also Person that is also Sex that is also Sibling that is also Son that is also Thing be considered a subcategory of 'Mother'?, False
Can Brother that is also Child that is also Father that is also Male that is also Man that is also OffSpring that is also Parent that is also Person that is also Sex that is also Sibling that is also Son that is also Thing be considered a subcategory of 'GrandParent'?, False
Can Brother that is also Child that is also Father that is also Male that is also Man that is also OffSpring that is also Parent that is also Person that is also Sex that is also Sibling that is also Son that is also Thing be considered a subcategory of 'Sister'?, False
Can Brother that is also Child that is also Father that is also Male that is also Man that is also OffSpring that is also Parent that is also Person that is also Sex that is also Sibling that is also Son that is also Thing be considered a subcategory of 'Woman'?, False
Can Brother that is also Child that is also Father that is also Male that is also Man that is also OffSpring that is also Parent that is also Person that is also Sex that is also Sibling that is also Son that is also Thing be considered a subcategory of 'GrandFather'?, True
Can Child that is also Father that is also Male that is also Man that is also OffSpring that is also Parent that is also Person that is also Sex that is also Sibling that is also Son that is also Thing be considered a subcategory of 'GrandFather'?, False
Can Brother that is also Father that is also Male that is also Man that is also OffSpring that is also Parent that is also Person that is also Sex that is also Sibling that is also Son that is also Thing be considered a subcategory of 'GrandFather'?, True
Can Brother that is also Male that is also Man that is also OffSpring that is also Parent that is also Person that is also Sex that is also Sibling that is also Son that is also Thing be considered a subcategory of 'GrandFather'?, False
Can Brother that is also Father that is also Man that is also OffSpring that is also Parent that is also Person that is also Sex that is also Sibling that is also Son that is also Thing be considered a subcategory of 'GrandFather'?, False
Can Brother that is also Father that is also Male that is also OffSpring that is also Parent that is also Person that is also Sex that is also Sibling that is also Son that is also Thing be considered a subcategory of 'GrandFather'?, False
Can Brother that is also Father that is also Male that is also Man that is also Parent that is also Person that is also Sex that is also Sibling that is also Son that is also Thing be considered a subcategory of 'GrandFather'?, False
Can Brother that is also Father that is also Male that is also Man that is also OffSpring that is also Person that is also Sex that is also Sibling that is also Son that is also Thing be considered a subcategory of 'GrandFather'?, True
Can Brother that is also Father that is also Male that is also Man that is also OffSpring that is also Sex that is also Sibling that is also Son that is also Thing be considered a subcategory of 'GrandFather'?, False
Can Brother that is also Father that is also Male that is also Man that is also OffSpring that is also Person that is also Sibling that is also Son that is also Thing be considered a subcategory of 'GrandFather'?, False
Can Brother that is also Father that is also Male that is also Man that is also OffSpring that is also Person that is also Sex that is also Son that is also Thing be considered a subcategory of 'GrandFather'?, True
Can Brother that is also Father that is also Male that is also Man that is also OffSpring that is also Person that is also Sex that is also Thing be considered a subcategory of 'GrandFather'?, False
Can Woman be considered a subcategory of 'something that hasParent some OffSpring'?, False
Can Person be considered a subcategory of 'something that hasChild some Child'?, True
Can Person be considered a subcategory of 'Female'?, False
Can Person be considered a subcategory of 'Parent'?, False
Can Person be considered a subcategory of 'Daughter'?, False
Can Person be considered a subcategory of 'Man'?, False
Can Person be considered a subcategory of 'GrandParent'?, False
Can Person be considered a subcategory of 'Sex'?, False
Can Person be considered a subcategory of 'Sister'?, False
Can Person be considered a subcategory of 'OffSpring'?, False
Can Person be considered a subcategory of 'Woman'?, False
Can Person be considered a subcategory of 'Male'?, False
Can Person be considered a subcategory of 'Sibling'?, False
Can Person be considered a subcategory of 'GrandFather'?, False
Can GrandMother be considered a subcategory of 'something that hasChild some Child'?, True
Can Thing that is also something that (hasChild some Child) be considered a subcategory of 'Thing that is also something that (hasChild some Child)'?, True
Can GrandFather be considered a subcategory of 'Child'?, False
Can GrandMother be considered a subcategory of 'Person that is also Thing that is also something that (hasChild some Child)'?, True
Can GrandMother be considered a subcategory of 'Parent'?, False
Can GrandMother be considered a subcategory of 'Daughter'?, False
Can GrandMother be considered a subcategory of 'Man'?, False
Can GrandMother be considered a subcategory of 'Mother'?, False
Can GrandMother be considered a subcategory of 'GrandParent'?, True
Can GrandMother be considered a subcategory of 'GrandParent that is also Person that is also Thing that is also something that (hasChild some Child)'?, True
Can GrandMother be considered a subcategory of 'Sex'?, False
Can GrandMother be considered a subcategory of 'Sister'?, False
Can GrandMother be considered a subcategory of 'OffSpring'?, False
Can GrandMother be considered a subcategory of 'Woman'?, True
Can GrandMother be considered a subcategory of 'GrandParent that is also Person that is also Woman that is also Thing that is also something that (hasChild some Child)'?, True
Can GrandMother be considered a subcategory of 'Male'?, False
Can GrandMother be considered a subcategory of 'Sibling'?, False
Can GrandMother be considered a subcategory of 'GrandFather'?, False
Can GrandMother be considered a subcategory of 'GrandParent that is also Person that is also Woman that is also Thing that is also something that (hasChild some (Child that is also Person))'?, True
Can GrandMother be considered a subcategory of 'GrandParent that is also Person that is also Woman that is also Thing that is also something that (hasChild some (Child that is also GrandParent that is also Person))'?, True
Can GrandMother be considered a subcategory of 'GrandParent that is also Person that is also Woman that is also Thing that is also something that (hasChild some (Child that is also GrandParent that is also Person that is also Woman))'?, True
Can GrandParent that is also Person that is also Son that is also Woman that is also Thing that is also something that (hasChild some (Child that is also GrandParent that is also Person that is also Woman)) be considered a subcategory of 'GrandParent that is also Person that is also Son that is also Woman that is also Thing that is also something that (hasChild some (Child that is also GrandParent that is also Person that is also Woman))'?, False
Can Person be considered a subcategory of 'GrandParent that is also Person that is also Son that is also Woman that is also Thing that is also something that (hasChild some (Child that is also GrandParent that is also Person that is also Woman))'?, False.
Can GrandParent be considered a subcategory of 'GrandParent that is also Person that is also Son that is also Woman that is also Thing that is also something that (hasChild some (Child that is also GrandParent that is also Person that is also Woman))'?, True
Can Thing be considered a subcategory of 'GrandParent that is also Person that is also Son that is also Woman that is also Thing that is also something that (hasChild some (Child that is also GrandParent that is also Person that is also Woman))'?, False
Can Parent be considered a subcategory of 'GrandParent that is also Person that is also Son that is also Woman that is also Thing that is also something that (hasChild some (Child that is also GrandParent that is also Person that is also Woman))'?, False.
Can GrandParent be considered a subcategory of 'GrandParent'?, False
Can GrandFather be considered a subcategory of 'GrandParent'?, True
Can GrandMother be considered a subcategory of 'Child that is also GrandParent that is also Person that is also Woman'?, False
Can Thing be considered a subcategory of 'Child that is also GrandParent that is also Person that is also Woman'?, False
Can Son be considered a subcategory of 'Child that is also GrandParent that is also Person that is also Woman'?, False
Can Female be considered a subcategory of 'Child that is also GrandParent that is also Person that is also Woman'?, True
Can Female be considered a subcategory of 'Child that is also Daughter that is also GrandParent that is also Parent that is also Person that is also Sex that is also Woman that is also Thing'?, False
Can Man be considered a subcategory of 'something that hasSex some Child'?, False
Can OffSpring that is also Sex be considered a subcategory of 'Woman'?, False
Can GrandMother that is also Sister be considered a subcategory of 'Male'?, False
Can Man be considered a subcategory of 'something that hasSex some GrandFather'?, True
Can GrandMother be considered a subcategory of 'something that hasSex some GrandFather'?, False
Can Thing be considered a subcategory of 'something that hasSex some GrandFather'?, False
Can Son be considered a subcategory of 'something that hasSex some GrandFather'?, True
Can Thing that is also something that (hasSex some GrandFather) be considered a subcategory of 'Thing that is also something that (hasSex some GrandFather)'?, False
Can Son be considered a subcategory of 'Son'?, False
Can Person be considered a subcategory of 'Thing that is also something that (hasSex some GrandFather)'?, True
Can Thing be considered a subcategory of 'Thing that is also something that (hasSex some GrandFather)'?, True
Can Mother be considered a subcategory of 'GrandFather'?, False
Can Sex be considered a subcategory of 'GrandFather'?, False
Can Sister be considered a subcategory of 'GrandFather'?, False
Can Woman be considered a subcategory of 'GrandFather'?, False
Can Thing be considered a subcategory of 'Thing that is also something that (hasSex some (GrandFather that is also Thing))'?, True
Can Thing that is also something that (hasSex some (GrandFather that is also Thing)) be considered a subcategory of 'Thing that is also something that (hasSex some (GrandFather that is also Thing))'?, True
Can GrandMother be considered a subcategory of 'GrandFather that is also Thing'?, False
Can Thing be considered a subcategory of 'GrandFather that is also Thing'?, False
Can Person be considered a subcategory of 'GrandFather that is also Thing'?, False
Can Mother be considered a subcategory of 'GrandFather that is also Thing'?, False
Can Sex be considered a subcategory of 'GrandFather that is also Thing'?, False
Can Sister be considered a subcategory of 'GrandFather that is also Thing'?, False
Can Woman be considered a subcategory of 'GrandFather that is also Thing'?, False
Can GrandParent be considered a subcategory of 'something that hasChild some Man'?, True
Can GrandMother be considered a subcategory of 'something that hasChild some Man'?, True
Can Thing that is also something that (hasChild some Man) be considered a subcategory of 'Thing that is also something that (hasChild some Man)'?, True
Can Mother be considered a subcategory of 'Man'?, False
Can Sex be considered a subcategory of 'Man'?, False
Can Sister be considered a subcategory of 'Man'?, False
Can Woman be considered a subcategory of 'Man'?, False
Can GrandFather be considered a subcategory of 'Man'?, True
Can GrandFather be considered a subcategory of 'GrandMother'?, False
Can GrandFather be considered a subcategory of 'Thing'?, False
Can GrandFather be considered a subcategory of 'Son'?, False
Can GrandFather be considered a subcategory of 'Female'?, False
Can GrandFather be considered a subcategory of 'Father'?, False
Can GrandFather be considered a subcategory of 'Person'?, True
Can GrandFather be considered a subcategory of 'Man that is also Person'?, True
Can GrandFather be considered a subcategory of 'Brother'?, False
Can GrandFather be considered a subcategory of 'Parent'?, False
Can GrandFather be considered a subcategory of 'Mother'?, False
Can GrandFather be considered a subcategory of 'GrandParent that is also Man that is also Person'?, True
Can GrandFather be considered a subcategory of 'Sex'?, False
Can GrandFather be considered a subcategory of 'Sister'?, False
Can GrandFather be considered a subcategory of 'Woman'?, False
Can GrandFather be considered a subcategory of 'Male'?, False
Can GrandFather be considered a subcategory of 'Sibling'?, False
Can GrandMother that is also Mother be considered a subcategory of 'GrandFather'?, False
Can Father that is also Sex be considered a subcategory of 'Daughter'?, False
Can something that hasSibling some Sister be considered a subcategory of 'Mother'?, False
Can something that hasParent some Child be considered a subcategory of 'Brother'?, False
Can Brother that is also Parent be considered a subcategory of 'Woman'?, False
Can OffSpring that is also Sibling be considered a subcategory of 'Female'?, False
Can Father that is also Man be considered a subcategory of 'GrandMother'?, False
Can Sex that is also Woman be considered a subcategory of 'GrandFather'?, False
Can something that hasParent some GrandParent be considered a subcategory of 'Father'?, True
Can something that hasParent some GrandParent be considered a subcategory of 'GrandMother'?, False
Can something that hasParent some GrandParent be considered a subcategory of 'Son'?, False
Can something that hasParent some GrandParent be considered a subcategory of 'Female'?, True
Can Thing be considered a subcategory of 'Thing that is also something that (hasParent some (Brother that is also Child that is also Father that is also GrandFather that is also GrandParent that is also Male that is also Man that is also OffSpring that is also Parent that is also Person that is also Sex that is also Sibling that is also Son that is also Thing))'?, True
Can Brother that is also Child that is also Father that is also GrandFather that is also GrandParent that is also Male that is also Man that is also OffSpring that is also Parent that is also Person that is also Sex that is also Sibling that is also Son that is also Thing be considered a subcategory of 'GrandMother'?, False
Can Brother that is also Child that is also Father that is also GrandFather that is also GrandParent that is also Male that is also Man that is also OffSpring that is also Parent that is also Person that is also Sex that is also Sibling that is also Son that is also Thing be considered a subcategory of 'Female'?, False
Can Brother that is also Child that is also Father that is also GrandFather that is also GrandParent that is also Male that is also Man that is also OffSpring that is also Parent that is also Person that is also Sex that is also Sibling that is also Son that is also Thing be considered a subcategory of 'Daughter'?, False
Can Brother that is also Child that is also Father that is also GrandFather that is also GrandParent that is also Male that is also Man that is also OffSpring that is also Parent that is also Person that is also Sex that is also Sibling that is also Son that is also Thing be considered a subcategory of 'Mother'?, False
Can Brother that is also Child that is also Father that is also GrandFather that is also GrandParent that is also Male that is also Man that is also OffSpring that is also Parent that is also Person that is also Sex that is also Sibling that is also Son that is also Thing be considered a subcategory of 'Sister'?, False
Can Brother that is also Child that is also Father that is also GrandFather that is also GrandParent that is also Male that is also Man that is also OffSpring that is also Parent that is also Person that is also Sex that is also Sibling that is also Son that is also Thing be considered a subcategory of 'Woman'?, False
Can Thing that is also something that (hasParent some Brother) that is also something that (hasParent some (Child that is also Father that is also GrandFather that is also GrandParent that is also Male that is also Man that is also OffSpring that is also Parent that is also Person that is also Sex that is also Sibling that is also Son that is also Thing)) be considered a subcategory of 'Thing that is also something that (hasParent some (Brother that is also Child that is also Father that is also GrandFather that is also GrandParent that is also Male that is also Man that is also OffSpring that is also Parent that is also Person that is also Sex that is also Sibling that is also Son that is also Thing))'?, True
Can Thing that is also something that (hasParent some (Brother that is also Child that is also Father that is also GrandFather that is also GrandParent that is also Male that is also Man that is also OffSpring that is also Parent that is also Person that is also Sex that is also Sibling that is also Son that is also Thing)) be considered a subcategory of 'Thing that is also something that (hasParent some (Brother that is also Child that is also Father that is also GrandFather that is also GrandParent that is also Male that is also Man that is also OffSpring that is also Parent that is also Person that is also Sex that is also Sibling that is also Son that is also Thing))'?, True
Can Thing that is also something that (hasParent some (Child that is also Father that is also GrandFather that is also GrandParent that is also Male that is also Man that is also OffSpring that is also Parent that is also Person that is also Sex that is also Sibling that is also Son that is also Thing)) be considered a subcategory of 'Female'?, False
Can Thing that is also something that (hasParent some (Brother that is also Father that is also GrandFather that is also GrandParent that is also Male that is also Man that is also OffSpring that is also Parent that is also Person that is also Sex that is also Sibling that is also Son that is also Thing)) be considered a subcategory of 'Female'?, False
Can Thing that is also something that (hasParent some (Brother that is also Child that is also GrandFather that is also GrandParent that is also Male that is also Man that is also OffSpring that is also Parent that is also Person that is also Sex that is also Sibling that is also Son that is also Thing)) be considered a subcategory of 'Female'?, False
Can Thing that is also something that (hasParent some (Brother that is also Child that is also Father that is also GrandParent that is also Male that is also Man that is also OffSpring that is also Parent that is also Person that is also Sex that is also Sibling that is also Son that is also Thing)) be considered a subcategory of 'Female'?, False
Can Thing that is also something that (hasParent some (Brother that is also Child that is also Father that is also GrandFather that is also Male that is also Man that is also OffSpring that is also Parent that is also Person that is also Sex that is also Sibling that is also Son that is also Thing)) be considered a subcategory of 'Female'?, False
Can Thing that is also something that (hasParent some (Brother that is also Child that is also Father that is also GrandFather that is also GrandParent that is also Man that is also OffSpring that is also Parent that is also Person that is also Sex that is also Sibling that is also Son that is also Thing)) be considered a subcategory of 'Female'?, False
Can Thing that is also something that (hasParent some (Brother that is also Child that is also Father that is also GrandFather that is also GrandParent that is also Male that is also OffSpring that is also Parent that is also Person that is also Sex that is also Sibling that is also Son that is also Thing)) be considered a subcategory of 'Female'?, False
Can Thing that is also something that (hasParent some (Brother that is also Child that is also Father that is also GrandFather that is also GrandParent that is also Male that is also Man that is also Parent that is also Person that is also Sex that is also Sibling that is also Son that is also Thing)) be considered a subcategory of 'Female'?, False
Can Thing that is also something that (hasParent some (Brother that is also Child that is also Father that is also GrandFather that is also GrandParent that is also Male that is also Man that is also OffSpring that is also Person that is also Sex that is also Sibling that is also Son that is also Thing)) be considered a subcategory of 'Female'?, False
Can Thing that is also something that (hasParent some (Brother that is also Child that is also Father that is also GrandFather that is also GrandParent that is also Male that is also Man that is also OffSpring that is also Parent that is also Sex that is also Sibling that is also Son that is also Thing)) be considered a subcategory of 'Female'?, False
Can Thing that is also something that (hasParent some (Brother that is also Child that is also Father that is also GrandFather that is also GrandParent that is also Male that is also Man that is also OffSpring that is also Parent that is also Person that is also Sibling that is also Son that is also Thing)) be considered a subcategory of 'Female'?, False
Can Thing that is also something that (hasParent some (Brother that is also Child that is also Father that is also GrandFather that is also GrandParent that is also Male that is also Man that is also OffSpring that is also Parent that is also Person that is also Sex that is also Son that is also Thing)) be considered a subcategory of 'Female'?, False
Can Thing that is also something that (hasParent some (Brother that is also Child that is also Father that is also GrandFather that is also GrandParent that is also Male that is also Man that is also OffSpring that is also Parent that is also Person that is also Sex that is also Sibling that is also Thing)) be considered a subcategory of 'Female'?, False
Can something that hasSibling some Sibling be considered a subcategory of 'Sibling'?, True
Can something that hasSibling some Sibling be considered a subcategory of 'GrandMother'?, False
Can something that hasSibling some Sibling be considered a subcategory of 'Son'?, False
Can something that hasSibling some Sibling be considered a subcategory of 'Female'?, False
Can something that hasSibling some Sibling be considered a subcategory of 'Father'?, False
Can something that hasSibling some Sibling be considered a subcategory of 'Child'?, False
Can something that hasSibling some Sibling be considered a subcategory of 'Person'?, True
Can Thing be considered a subcategory of 'Thing that is also something that (hasSibling some (Brother that is also Child that is also Father that is also GrandFather that is also GrandParent that is also Male that is also Man that is also OffSpring that is also Parent that is also Person that is also Sex that is also Sibling that is also Son that is also Thing))'?, True
Can Thing that is also something that (hasSibling some Brother) that is also something that (hasSibling some (Child that is also Father that is also GrandFather that is also GrandParent that is also Male that is also Man that is also OffSpring that is also Parent that is also Person that is also Sex that is also Sibling that is also Son that is also Thing)) be considered a subcategory of 'Thing that is also something that (hasSibling some (Brother that is also Child that is also Father that is also GrandFather that is also GrandParent that is also Male that is also Man that is also OffSpring that is also Parent that is also Person that is also Sex that is also Sibling that is also Son that is also Thing))'?, True
Can Thing that is also something that (hasSibling some (Brother that is also Child that is also Father that is also GrandFather that is also GrandParent that is also Male that is also Man that is also OffSpring that is also Parent that is also Person that is also Sex that is also Sibling that is also Son that is also Thing)) be considered a subcategory of 'Thing that is also something that (hasSibling some (Brother that is also Child that is also Father that is also GrandFather that is also GrandParent that is also Male that is also Man that is also OffSpring that is also Parent that is also Person that is also Sex that is also Sibling that is also Son that is also Thing))'?, False
Can Thing that is also something that (hasSibling some (Brother that is also Child that is also Father that is also GrandFather that is also GrandParent that is also Male that is also Man that is also OffSpring that is also Parent that is also Person that is also Sex that is also Sibling that is also Son that is also Thing)) be considered a subcategory of 'Person'?, True
Can Thing that is also something that (hasSibling some (Child that is also Father that is also GrandFather that is also GrandParent that is also Male that is also Man that is also OffSpring that is also Parent that is also Person that is also Sex that is also Sibling that is also Son that is also Thing)) be considered a subcategory of 'Person'?, True
Can Thing that is also something that (hasSibling some (Father that is also GrandFather that is also GrandParent that is also Male that is also Man that is also OffSpring that is also Parent that is also Person that is also Sex that is also Sibling that is also Son that is also Thing)) be considered a subcategory of 'Person'?, True
Can Thing that is also something that (hasSibling some (GrandFather that is also GrandParent that is also Male that is also Man that is also OffSpring that is also Parent that is also Person that is also Sex that is also Sibling that is also Son that is also Thing)) be considered a subcategory of 'Person'?, True
Can Thing that is also something that (hasSibling some (GrandParent that is also Male that is also Man that is also OffSpring that is also Parent that is also Person that is also Sex that is also Sibling that is also Son that is also Thing)) be considered a subcategory of 'Person'?, True
Can Thing that is also something that (hasSibling some (Male that is also Man that is also OffSpring that is also Parent that is also Person that is also Sex that is also Sibling that is also Son that is also Thing)) be considered a subcategory of 'Person'?, True
Can Thing that is also something that (hasSibling some (Man that is also OffSpring that is also Parent that is also Person that is also Sex that is also Sibling that is also Son that is also Thing)) be considered a subcategory of 'Person'?, False
Can Thing that is also something that (hasSibling some (Male that is also OffSpring that is also Parent that is also Person that is also Sex that is also Sibling that is also Son that is also Thing)) be considered a subcategory of 'Person'?, True
Can Thing that is also something that (hasSibling some (Male that is also Parent that is also Person that is also Sex that is also Sibling that is also Son that is also Thing)) be considered a subcategory of 'Person'?, True
Can Thing that is also something that (hasSibling some (Male that is also Person that is also Sex that is also Sibling that is also Son that is also Thing)) be considered a subcategory of 'Person'?, False
Can Thing that is also something that (hasSibling some (Male that is also Parent that is also Sex that is also Sibling that is also Son that is also Thing)) be considered a subcategory of 'Person'?, True
Can Thing that is also something that (hasSibling some (Male that is also Parent that is also Sibling that is also Son that is also Thing)) be considered a subcategory of 'Person'?, True
Can Thing that is also something that (hasSibling some (Male that is also Parent that is also Son that is also Thing)) be considered a subcategory of 'Person'?, False
Can Thing that is also something that (hasSibling some (Male that is also Parent that is also Sibling that is also Thing)) be considered a subcategory of 'Person'?, True
Can Female be considered a subcategory of 'something that hasChild some GrandFather'?, True
Can GrandMother be considered a subcategory of 'something that hasChild some GrandFather'?, True
Can Thing that is also something that (hasChild some GrandFather) be considered a subcategory of 'Thing that is also something that (hasChild some GrandFather)'?, True
Can GrandMother be considered a subcategory of 'Person that is also Thing that is also something that (hasChild some GrandFather)'?, True
Can GrandMother be considered a subcategory of 'GrandParent that is also Person that is also Thing that is also something that (hasChild some GrandFather)'?, False
Can GrandMother be considered a subcategory of 'Person that is also Woman that is also Thing that is also something that (hasChild some GrandFather)'?, False
Can GrandMother be considered a subcategory of 'Person that is also Thing that is also something that (hasChild some (GrandFather that is also Person))'?, True
Can GrandMother be considered a subcategory of 'Person that is also Thing that is also something that (hasChild some (GrandFather that is also GrandParent that is also Person))'?, True
Can GrandMother be considered a subcategory of 'Person that is also Thing that is also something that (hasChild some (GrandFather that is also GrandParent that is also Person that is also Woman))'?, True
Can Person that is also Son that is also Thing that is also something that (hasChild some (GrandFather that is also GrandParent that is also Person that is also Woman)) be considered a subcategory of 'Person that is also Son that is also Thing that is also something that (hasChild some (GrandFather that is also GrandParent that is also Person that is also Woman))'?, True
Can GrandMother be considered a subcategory of 'GrandFather that is also GrandParent that is also Person that is also Woman'?, False
Can Thing be considered a subcategory of 'GrandFather that is also GrandParent that is also Person that is also Woman'?, False
Can Son be considered a subcategory of 'GrandFather that is also GrandParent that is also Person that is also Woman'?, False
Can Father be considered a subcategory of 'GrandFather that is also GrandParent that is also Person that is also Woman'?, False
Can Child be considered a subcategory of 'GrandFather that is also GrandParent that is also Person that is also Woman'?, False
Can Person be considered a subcategory of 'GrandFather that is also GrandParent that is also Person that is also Woman'?, False
Can Brother be considered a subcategory of 'GrandFather that is also GrandParent that is also Person that is also Woman'?, False
Can Parent be considered a subcategory of 'GrandFather that is also GrandParent that is also Person that is also Woman'?, False
Can Man be considered a subcategory of 'GrandFather that is also GrandParent that is also Person that is also Woman'?, False
Can Mother be considered a subcategory of 'GrandFather that is also GrandParent that is also Person that is also Woman'?, False
Can GrandParent be considered a subcategory of 'GrandFather that is also GrandParent that is also Person that is also Woman'?, False
Can Sex be considered a subcategory of 'GrandFather that is also GrandParent that is also Person that is also Woman'?, False
Can Sister be considered a subcategory of 'GrandFather that is also GrandParent that is also Person that is also Woman'?, False
Can OffSpring be considered a subcategory of 'GrandFather that is also GrandParent that is also Person that is also Woman'?, False
Can Woman be considered a subcategory of 'GrandFather that is also GrandParent that is also Person that is also Woman'?, True
Can Woman be considered a subcategory of 'GrandMother'?, False
Can Woman be considered a subcategory of 'Thing'?, False
Can Woman be considered a subcategory of 'Son'?, False
Can Woman be considered a subcategory of 'Father'?, False
Can Woman be considered a subcategory of 'Parent'?, False
Can Woman be considered a subcategory of 'Daughter'?, False
Can Woman be considered a subcategory of 'Mother'?, False
Can Woman be considered a subcategory of 'Sex'?, False
Can Woman be considered a subcategory of 'Sister'?, False
Can Woman be considered a subcategory of 'OffSpring'?, False
Can Woman be considered a subcategory of 'Male'?, False
Can Woman be considered a subcategory of 'Sibling'?, False
Can something that hasSibling some Daughter be considered a subcategory of 'Parent'?, True
Can something that hasSibling some Daughter be considered a subcategory of 'GrandMother'?, False
Can something that hasSibling some Daughter be considered a subcategory of 'Son'?, False
Can something that hasSibling some Daughter be considered a subcategory of 'Female'?, False
Can something that hasSibling some Daughter be considered a subcategory of 'Father'?, False
Can something that hasSibling some Daughter be considered a subcategory of 'Child'?, False
Can something that hasSibling some Daughter be considered a subcategory of 'Brother'?, False
Can Person that is also Thing be considered a subcategory of 'Person that is also Thing that is also something that (hasSibling some (Brother that is also Child that is also Daughter that is also Father that is also Female that is also GrandFather that is also GrandParent that is also Male that is also Man that is also Mother that is also OffSpring that is also Parent that is also Person that is also Sex that is also Sibling that is also Son that is also Woman that is also Thing))'?, True
Can Brother that is also Child that is also Daughter that is also Father that is also Female that is also GrandFather that is also GrandParent that is also Male that is also Man that is also Mother that is also OffSpring that is also Parent that is also Person that is also Sex that is also Sibling that is also Son that is also Woman that is also Thing be considered a subcategory of 'GrandMother'?, True
Can Child that is also Daughter that is also Father that is also Female that is also GrandFather that is also GrandParent that is also Male that is also Man that is also Mother that is also OffSpring that is also Parent that is also Person that is also Sex that is also Sibling that is also Son that is also Woman that is also Thing be considered a subcategory of 'GrandMother'?, True
Can Daughter that is also Father that is also Female that is also GrandFather that is also GrandParent that is also Male that is also Man that is also Mother that is also OffSpring that is also Parent that is also Person that is also Sex that is also Sibling that is also Son that is also Woman that is also Thing be considered a subcategory of 'GrandMother'?, False
Can Child that is also Father that is also Female that is also GrandFather that is also GrandParent that is also Male that is also Man that is also Mother that is also OffSpring that is also Parent that is also Person that is also Sex that is also Sibling that is also Son that is also Woman that is also Thing be considered a subcategory of 'GrandMother'?, False
Can Child that is also Daughter that is also Female that is also GrandFather that is also GrandParent that is also Male that is also Man that is also Mother that is also OffSpring that is also Parent that is also Person that is also Sex that is also Sibling that is also Son that is also Woman that is also Thing be considered a subcategory of 'GrandMother'?, False
Can Child that is also Daughter that is also Father that is also GrandFather that is also GrandParent that is also Male that is also Man that is also Mother that is also OffSpring that is also Parent that is also Person that is also Sex that is also Sibling that is also Son that is also Woman that is also Thing be considered a subcategory of 'GrandMother'?, False
Can Child that is also Daughter that is also Father that is also Female that is also GrandParent that is also Male that is also Man that is also Mother that is also OffSpring that is also Parent that is also Person that is also Sex that is also Sibling that is also Son that is also Woman that is also Thing be considered a subcategory of 'GrandMother'?, False
Can Child that is also Daughter that is also Father that is also Female that is also GrandFather that is also Male that is also Man that is also Mother that is also OffSpring that is also Parent that is also Person that is also Sex that is also Sibling that is also Son that is also Woman that is also Thing be considered a subcategory of 'GrandMother'?, False
Can Child that is also Daughter that is also Father that is also Female that is also GrandFather that is also GrandParent that is also Man that is also Mother that is also OffSpring that is also Parent that is also Person that is also Sex that is also Sibling that is also Son that is also Woman that is also Thing be considered a subcategory of 'GrandMother'?, False
Can Child that is also Daughter that is also Father that is also Female that is also GrandFather that is also GrandParent that is also Male that is also Mother that is also OffSpring that is also Parent that is also Person that is also Sex that is also Sibling that is also Son that is also Woman that is also Thing be considered a subcategory of 'GrandMother'?, False
Can Child that is also Daughter that is also Father that is also Female that is also GrandFather that is also GrandParent that is also Male that is also Man that is also OffSpring that is also Parent that is also Person that is also Sex that is also Sibling that is also Son that is also Woman that is also Thing be considered a subcategory of 'GrandMother'?, False
Can Child that is also Daughter that is also Father that is also Female that is also GrandFather that is also GrandParent that is also Male that is also Man that is also Mother that is also Parent that is also Person that is also Sex that is also Sibling that is also Son that is also Woman that is also Thing be considered a subcategory of 'GrandMother'?, False
Can Child that is also Daughter that is also Father that is also Female that is also GrandFather that is also GrandParent that is also Male that is also Man that is also Mother that is also OffSpring that is also Person that is also Sex that is also Sibling that is also Son that is also Woman that is also Thing be considered a subcategory of 'GrandMother'?, True
Can Child that is also Daughter that is also Father that is also Female that is also GrandFather that is also GrandParent that is also Male that is also Man that is also Mother that is also OffSpring that is also Sex that is also Sibling that is also Son that is also Woman that is also Thing be considered a subcategory of 'GrandMother'?, True
Can Child that is also Daughter that is also Father that is also Female that is also GrandFather that is also GrandParent that is also Male that is also Man that is also Mother that is also OffSpring that is also Sibling that is also Son that is also Woman that is also Thing be considered a subcategory of 'GrandMother'?, False
Can Child that is also Daughter that is also Father that is also Female that is also GrandFather that is also GrandParent that is also Male that is also Man that is also Mother that is also OffSpring that is also Sex that is also Son that is also Woman that is also Thing be considered a subcategory of 'GrandMother'?, False
Can Child that is also Daughter that is also Father that is also Female that is also GrandFather that is also GrandParent that is also Male that is also Man that is also Mother that is also OffSpring that is also Sex that is also Sibling that is also Woman that is also Thing be considered a subcategory of 'GrandMother'?, False
Can Child that is also Daughter that is also Father that is also Female that is also GrandFather that is also GrandParent that is also Male that is also Man that is also Mother that is also OffSpring that is also Sex that is also Sibling that is also Son that is also Thing be considered a subcategory of 'GrandMother'?, False
Can Child that is also Sister be considered a subcategory of 'GrandMother'?, False
Can something that hasSex some Person be considered a subcategory of 'Parent'?, False
Can Female that is also Woman be considered a subcategory of 'Sister'?, False
Can GrandParent be considered a subcategory of 'something that hasSibling some OffSpring'?, True
Can GrandMother be considered a subcategory of 'something that hasSibling some OffSpring'?, TRUE
Can Thing that is also something that (hasSibling some OffSpring) be considered a subcategory of 'Thing that is also something that (hasSibling some OffSpring)'?, True
Can Mother be considered a subcategory of 'OffSpring'?, False
Can Sex be considered a subcategory of 'OffSpring'?, False
Can Sister be considered a subcategory of 'OffSpring'?, False
Can GrandMother be considered a subcategory of 'Person that is also Thing that is also something that (hasSibling some OffSpring)'?, True
Can GrandMother be considered a subcategory of 'GrandParent that is also Person that is also Thing that is also something that (hasSibling some OffSpring)'?, True
Can GrandMother be considered a subcategory of 'GrandParent that is also Person that is also Woman that is also Thing that is also something that (hasSibling some OffSpring)'?, True
Can GrandMother be considered a subcategory of 'GrandParent that is also Person that is also Woman that is also Thing that is also something that (hasSibling some (OffSpring that is also Person))'?, True
Can GrandMother be considered a subcategory of 'GrandParent that is also Person that is also Woman that is also Thing that is also something that (hasSibling some (GrandParent that is also OffSpring that is also Person))'?, True
Can GrandMother be considered a subcategory of 'GrandParent that is also Person that is also Woman that is also Thing that is also something that (hasSibling some (GrandParent that is also OffSpring that is also Person that is also Woman))'?, False
Can GrandMother that is also GrandParent that is also Person that is also Woman that is also Thing that is also something that (hasSibling some (GrandParent that is also OffSpring that is also Person)) be considered a subcategory of 'GrandMother that is also GrandParent that is also Person that is also Woman that is also Thing that is also something that (hasSibling some (GrandParent that is also OffSpring that is also Person))'?, False
Can Person be considered a subcategory of 'GrandMother that is also GrandParent that is also Person that is also Woman that is also Thing that is also something that (hasSibling some (GrandParent that is also OffSpring that is also Person))'?, False
Can GrandParent be considered a subcategory of 'GrandMother that is also GrandParent that is also Person that is also Woman that is also Thing that is also something that (hasSibling some (GrandParent that is also OffSpring that is also Person))'?, True
Can Thing be considered a subcategory of 'GrandMother that is also GrandParent that is also Person that is also Woman that is also Thing that is also something that (hasSibling some (GrandParent that is also OffSpring that is also Person))'?, True
Can GrandMother be considered a subcategory of 'GrandParent that is also OffSpring that is also Person'?, False
Can Thing be considered a subcategory of 'GrandParent that is also OffSpring that is also Person'?, False
Can Person be considered a subcategory of 'GrandParent that is also OffSpring that is also Person'?, True
Can Person be considered a subcategory of 'GrandParent that is also OffSpring that is also Person that is also Thing'?, True
Can Woman be considered a subcategory of 'something that hasChild some Child'?, False
Can Daughter that is also Woman be considered a subcategory of 'Sister'?, False
Can GrandMother that is also Sister be considered a subcategory of 'Sibling'?, False
Can Male that is also Sex be considered a subcategory of 'Female'?, False
Can Child that is also GrandParent be considered a subcategory of 'Sister'?, False
Can Man that is also Parent be considered a subcategory of 'Woman'?, False
Can something that hasChild some GrandParent be considered a subcategory of 'Woman'?, False
Can Child that is also Sister be considered a subcategory of 'Female'?, True
Can Sibling be considered a subcategory of 'something that hasSex some Mother'?, True
Can GrandMother be considered a subcategory of 'something that hasSex some Mother'?, False
Can Thing be considered a subcategory of 'something that hasSex some Mother'?, True
Can Thing that is also something that (hasSex some Mother) be considered a subcategory of 'Thing that is also something that (hasSex some Mother)'?, False
Can Sex be considered a subcategory of 'Mother'?, False
Can Sister be considered a subcategory of 'Mother'?, False
Can OffSpring be considered a subcategory of 'Mother'?, False
Can Thing be considered a subcategory of 'Thing that is also something that (hasSex some (Mother that is also Thing))'?, True
Can Thing that is also something that (hasSex some (Mother that is also Thing)) be considered a subcategory of 'Thing that is also something that (hasSex some (Mother that is also Thing))'?, True
Can GrandMother be considered a subcategory of 'Mother that is also Thing'?, False
Can Thing be considered a subcategory of 'Mother that is also Thing'?, True
Can Mother that is also Thing that is also something that (hasSex some (GrandFather that is also Son that is also Thing)) be considered a subcategory of 'Mother that is also Thing that is also something that (hasSex some (GrandFather that is also Son that is also Thing))'?, False
Can GrandMother be considered a subcategory of 'GrandFather that is also Son that is also Thing'?, False
Can Thing be considered a subcategory of 'GrandFather that is also Son that is also Thing'?, True
Can Child that is also Person be considered a subcategory of 'Daughter'?, False
Can GrandMother be considered a subcategory of 'something that hasSex some Female'?, True
Can GrandMother be considered a subcategory of 'Person that is also Woman'?, True
Can GrandMother be considered a subcategory of 'GrandParent that is also Person that is also Woman'?, True
Can Parent that is also Son be considered a subcategory of 'Mother'?, False
Can Man be considered a subcategory of 'something that hasChild some Female'?, False
Can GrandParent that is also Person be considered a subcategory of 'Daughter'?, False
Can Daughter that is also Parent be considered a subcategory of 'Sister'?, False
Can Man that is also Sex be considered a subcategory of 'GrandMother'?, False
Can Daughter be considered a subcategory of 'something that hasParent some Father'?, True
Can GrandMother be considered a subcategory of 'something that hasParent some Father'?, True
Can GrandMother that is also something that (hasParent some Father) be considered a subcategory of 'GrandMother that is also something that (hasParent some Father)'?, True
Can GrandMother be considered a subcategory of 'GrandMother that is also Person that is also something that (hasParent some Father)'?, True
Can GrandMother be considered a subcategory of 'GrandMother that is also GrandParent that is also Person that is also something that (hasParent some Father)'?, True
Can GrandMother be considered a subcategory of 'GrandMother that is also GrandParent that is also Person that is also Woman that is also something that (hasParent some Father)'?, True
Can GrandMother be considered a subcategory of 'GrandMother that is also GrandParent that is also Person that is also Woman that is also something that (hasParent some (Father that is also Person))'?, True
Can GrandMother be considered a subcategory of 'GrandMother that is also GrandParent that is also Person that is also Woman that is also something that (hasParent some (Father that is also GrandParent that is also Person))'?, True
Can GrandMother be considered a subcategory of 'GrandMother that is also GrandParent that is also Person that is also Woman that is also something that (hasParent some (Father that is also GrandParent that is also Person that is also Woman))'?, True
Can GrandMother that is also GrandParent that is also Person that is also Woman that is also Thing that is also something that (hasParent some (Father that is also GrandParent that is also Person that is also Woman)) be considered a subcategory of 'GrandMother that is also GrandParent that is also Person that is also Woman that is also Thing that is also something that (hasParent some (Father that is also GrandParent that is also Person that is also Woman))'?, True
Can Thing be considered a subcategory of 'Father that is also GrandParent that is also Person that is also Woman'?, False
Can Son be considered a subcategory of 'Father that is also GrandParent that is also Person that is also Woman'?, False
Can Father be considered a subcategory of 'Father that is also GrandParent that is also Person that is also Woman'?, False
Can Child be considered a subcategory of 'Father that is also GrandParent that is also Person that is also Woman'?, False
Can Person be considered a subcategory of 'Father that is also GrandParent that is also Person that is also Woman'?, False
Can Brother be considered a subcategory of 'Father that is also GrandParent that is also Person that is also Woman'?, False
Can Parent be considered a subcategory of 'Father that is also GrandParent that is also Person that is also Woman'?, False
Can Man be considered a subcategory of 'Father that is also GrandParent that is also Person that is also Woman'?, False
Can Mother be considered a subcategory of 'Father that is also GrandParent that is also Person that is also Woman'?, False
Can GrandParent be considered a subcategory of 'Father that is also GrandParent that is also Person that is also Woman'?, False
Can Sex be considered a subcategory of 'Father that is also GrandParent that is also Person that is also Woman'?, False
Can OffSpring be considered a subcategory of 'Father that is also GrandParent that is also Person that is also Woman'?, False
Can Male be considered a subcategory of 'Father that is also GrandParent that is also Person that is also Woman'?, False
Can Sibling be considered a subcategory of 'Father that is also GrandParent that is also Person that is also Woman'?, False
Can GrandFather be considered a subcategory of 'Father that is also GrandParent that is also Person that is also Woman'?, False
Can GrandMother that is also GrandParent that is also Person that is also Son that is also Woman that is also Thing that is also something that (hasParent some (Father that is also GrandParent that is also Person that is also Woman)) be considered a subcategory of 'GrandMother that is also GrandParent that is also Person that is also Son that is also Woman that is also Thing that is also something that (hasParent some (Father that is also GrandParent that is also Person that is also Woman))'?, True
Can Female that is also GrandMother that is also GrandParent that is also Person that is also Son that is also Woman that is also Thing that is also something that (hasParent some (Father that is also GrandParent that is also Person that is also Woman)) be considered a subcategory of 'Female that is also GrandMother that is also GrandParent that is also Person that is also Son that is also Woman that is also Thing that is also something that (hasParent some (Father that is also GrandParent that is also Person that is also Woman))'?, True
Can Daughter that is also Sibling be considered a subcategory of 'Sister'?, True
Can Father be considered a subcategory of 'something that hasChild some Father'?, False
Can Male be considered a subcategory of 'something that hasSibling some GrandParent'?, True
Can GrandMother be considered a subcategory of 'something that hasSibling some GrandParent'?, True
Can Thing that is also something that (hasSibling some GrandParent) be considered a subcategory of 'Thing that is also something that (hasSibling some GrandParent)'?, False
Can Person be considered a subcategory of 'Thing that is also something that (hasSibling some GrandParent)'?, False
Can GrandParent be considered a subcategory of 'Thing that is also something that (hasSibling some GrandParent)'?, False
Can Woman be considered a subcategory of 'Thing that is also something that (hasSibling some GrandParent)'?, False
Can GrandMother be considered a subcategory of 'Person that is also Thing that is also something that (hasSibling some GrandParent)'?, False
Can GrandMother be considered a subcategory of 'GrandParent that is also Thing that is also something that (hasSibling some GrandParent)'?, False
Can GrandMother be considered a subcategory of 'Woman that is also Thing that is also something that (hasSibling some GrandParent)'?, True
Can GrandMother be considered a subcategory of 'Woman that is also Thing that is also something that (hasSibling some (GrandParent that is also Person))'?, True
Can GrandMother be considered a subcategory of 'Woman that is also Thing that is also something that (hasSibling some (GrandParent that is also Person that is also Woman))'?, True
Can GrandMother that is also Woman that is also Thing that is also something that (hasSibling some (GrandParent that is also Person that is also Woman)) be considered a subcategory of 'GrandMother that is also Woman that is also Thing that is also something that (hasSibling some (GrandParent that is also Person that is also Woman))'?, False
Can Person be considered a subcategory of 'GrandMother that is also Woman that is also Thing that is also something that (hasSibling some (GrandParent that is also Person that is also Woman))'?, False
Can GrandParent be considered a subcategory of 'GrandMother that is also Woman that is also Thing that is also something that (hasSibling some (GrandParent that is also Person that is also Woman))'?, False
Can Woman be considered a subcategory of 'GrandMother that is also Woman that is also Thing that is also something that (hasSibling some (GrandParent that is also Person that is also Woman))'?, False
Can Thing be considered a subcategory of 'GrandParent that is also Person that is also Woman'?, False
Can Son be considered a subcategory of 'GrandParent that is also Person that is also Woman'?, False
Can Father be considered a subcategory of 'GrandParent that is also Person that is also Woman'?, False
Can Child be considered a subcategory of 'GrandParent that is also Person that is also Woman'?, False
Can Person be considered a subcategory of 'GrandParent that is also Person that is also Woman'?, False
Can Brother be considered a subcategory of 'GrandParent that is also Person that is also Woman'?, False
Can Parent be considered a subcategory of 'GrandParent that is also Person that is also Woman'?, False
Can Man be considered a subcategory of 'GrandParent that is also Person that is also Woman'?, False
Can Mother be considered a subcategory of 'GrandParent that is also Person that is also Woman'?, True
Can Mother be considered a subcategory of 'GrandMother'?, False
Can Mother be considered a subcategory of 'Thing'?, True
Can Mother be considered a subcategory of 'GrandParent that is also Person that is also Woman that is also Thing'?, True
Can Mother be considered a subcategory of 'Son'?, False
Can Mother be considered a subcategory of 'Female'?, True
Can Mother be considered a subcategory of 'Female that is also GrandParent that is also Person that is also Woman that is also Thing'?, True
Can Mother be considered a subcategory of 'Father'?, False
Can Mother be considered a subcategory of 'Parent'?, True
Can Mother be considered a subcategory of 'Female that is also GrandParent that is also Parent that is also Person that is also Woman that is also Thing'?, False
Can Mother be considered a subcategory of 'Daughter'?, False
Can Mother be considered a subcategory of 'Sex'?, False
Can Mother be considered a subcategory of 'Sister'?, False
Can Mother be considered a subcategory of 'Male'?, False
Can Mother be considered a subcategory of 'Sibling'?, False
Can GrandFather be considered a subcategory of 'something that hasChild some GrandParent'?, True
Can GrandMother be considered a subcategory of 'something that hasChild some GrandParent'?, True
Can Thing that is also something that (hasChild some GrandParent) be considered a subcategory of 'Thing that is also something that (hasChild some GrandParent)'?, False
Can Person be considered a subcategory of 'Thing that is also something that (hasChild some GrandParent)'?, False
Can GrandParent be considered a subcategory of 'Thing that is also something that (hasChild some GrandParent)'?, True
Can Thing be considered a subcategory of 'Thing that is also something that (hasChild some GrandParent)'?, True
Can Thing be considered a subcategory of 'Thing that is also something that (hasChild some (GrandParent that is also Thing))'?, False
Can Son that is also Thing that is also something that (hasChild some GrandParent) be considered a subcategory of 'Son that is also Thing that is also something that (hasChild some GrandParent)'?, True
Can Father that is also GrandFather that is also Son that is also Thing that is also something that (hasChild some GrandParent) be considered a subcategory of 'Father that is also GrandFather that is also Son that is also Thing that is also something that (hasChild some GrandParent) that is also something that (hasSex some (GrandFather that is also Thing))'?, False
Can Thing be considered a subcategory of 'Father that is also GrandFather that is also Son that is also Thing that is also something that (hasChild some (GrandParent that is also Thing)) that is also something that (hasSex some (GrandFather that is also Thing))'?, True
Can Father that is also GrandFather that is also Person that is also Son that is also Thing that is also something that (hasChild some (GrandParent that is also Thing)) be considered a subcategory of 'Father that is also GrandFather that is also Person that is also Son that is also Thing that is also something that (hasChild some (GrandParent that is also Thing)) that is also something that (hasSex some (GrandFather that is also Thing))'?, False
Can Male be considered a subcategory of 'something that hasParent some Daughter'?, True
Can Thing be considered a subcategory of 'something that hasParent some Daughter'?, True
Can GrandMother that is also something that (hasParent some Daughter) be considered a subcategory of 'GrandMother that is also something that (hasParent some Daughter)'?, True
Can Sex be considered a subcategory of 'Daughter'?, False
Can OffSpring be considered a subcategory of 'Daughter'?, False
Can Thing be considered a subcategory of 'GrandMother that is also something that (hasParent some (Daughter that is also Thing))'?, False
Can GrandMother that is also Thing that is also something that (hasParent some Daughter) be considered a subcategory of 'GrandMother that is also Thing that is also something that (hasParent some Daughter)'?, False
Can Father that is also Female that is also GrandFather that is also GrandMother that is also Person that is also Son that is also Thing that is also something that (hasChild some (GrandParent that is also Thing)) be considered a subcategory of 'Father that is also Female that is also GrandFather that is also GrandMother that is also Person that is also Son that is also Thing that is also something that (hasChild some (GrandParent that is also Thing)) that is also something that (hasParent some Daughter) that is also something that (hasSex some (GrandFather that is also Thing))'?, False
Can Thing be considered a subcategory of 'Father that is also Female that is also GrandFather that is also GrandMother that is also Person that is also Son that is also Thing that is also something that (hasChild some (GrandParent that is also Thing)) that is also something that (hasParent some (Daughter that is also Thing)) that is also something that (hasSex some (GrandFather that is also Thing))'?, False
Can Child that is also Father that is also Female that is also GrandFather that is also GrandMother that is also Person that is also Son that is also Thing that is also something that (hasChild some (GrandParent that is also Thing)) be considered a subcategory of 'Child that is also Father that is also Female that is also GrandFather that is also GrandMother that is also Person that is also Son that is also Thing that is also something that (hasChild some (GrandParent that is also Thing)) that is also something that (hasParent some Daughter) that is also something that (hasSex some (GrandFather that is also Thing))'?, False
Can Brother be considered a subcategory of 'something that hasSibling some GrandParent'?, False
Can Sex be considered a subcategory of 'something that hasSibling some Male'?, False
Can Man be considered a subcategory of 'something that hasSibling some Son'?, True
Can GrandMother be considered a subcategory of 'something that hasSibling some Son'?, False
Can Thing be considered a subcategory of 'something that hasSibling some Son'?, False
Can Son be considered a subcategory of 'something that hasSibling some Son'?, True
Can GrandMother that is also something that (hasSibling some Son) be considered a subcategory of 'GrandMother that is also something that (hasSibling some Son)'?, False
Can Person be considered a subcategory of 'GrandMother that is also something that (hasSibling some Son)'?, False
Can Brother be considered a subcategory of 'GrandMother that is also something that (hasSibling some Son)'?, False
Can Parent be considered a subcategory of 'GrandMother that is also something that (hasSibling some Son)'?, False
Can Man be considered a subcategory of 'GrandMother that is also something that (hasSibling some Son)'?, False
Can Sex be considered a subcategory of 'Son'?, False
Can Sex be considered a subcategory of 'GrandMother that is also something that (hasSibling some Son)'?, False
Can Sibling be considered a subcategory of 'GrandMother that is also something that (hasSibling some Son)'?, False
Can Son be considered a subcategory of 'GrandMother that is also Person that is also something that (hasSibling some Son)'?, False
Can Son be considered a subcategory of 'Brother that is also GrandMother that is also something that (hasSibling some Son)'?, False
Can Son be considered a subcategory of 'GrandMother that is also Parent that is also something that (hasSibling some Son)'?, False
Can Son be considered a subcategory of 'GrandMother that is also Man that is also something that (hasSibling some Son)'?, False
Can Son be considered a subcategory of 'GrandMother that is also Sex that is also something that (hasSibling some Son)'?, False
Can Son be considered a subcategory of 'GrandMother that is also Male that is also something that (hasSibling some Son)'?, False
Can Son be considered a subcategory of 'GrandMother that is also Sibling that is also something that (hasSibling some Son)'?, False
Can Son be considered a subcategory of 'GrandMother that is also something that (hasSibling some (Person that is also Son))'?, False
Can Son be considered a subcategory of 'GrandMother that is also something that (hasSibling some (Brother that is also Son))'?, False
Can Son be considered a subcategory of 'GrandMother that is also something that (hasSibling some (Parent that is also Son))'?, True
Can Son be considered a subcategory of 'GrandMother that is also something that (hasSibling some (Man that is also Parent that is also Son))'?, True
Can Son be considered a subcategory of 'GrandMother that is also something that (hasSibling some (Man that is also Parent that is also Sex that is also Son))'?, False
Can Son be considered a subcategory of 'GrandMother that is also something that (hasSibling some (Male that is also Man that is also Parent that is also Son))'?, True
Can Son be considered a subcategory of 'GrandMother that is also something that (hasSibling some (Male that is also Man that is also Parent that is also Sibling that is also Son))'?, True
Can GrandMother that is also Thing that is also something that (hasSibling some (Male that is also Man that is also Parent that is also Sibling that is also Son)) be considered a subcategory of 'GrandMother that is also Thing that is also something that (hasSibling some (Male that is also Man that is also Parent that is also Sibling that is also Son))'?, False
Can Person be considered a subcategory of 'GrandMother that is also Thing that is also something that (hasSibling some (Male that is also Man that is also Parent that is also Sibling that is also Son))'?, False
Can Brother be considered a subcategory of 'GrandMother that is also Thing that is also something that (hasSibling some (Male that is also Man that is also Parent that is also Sibling that is also Son))'?, False
Can Parent be considered a subcategory of 'GrandMother that is also Thing that is also something that (hasSibling some (Male that is also Man that is also Parent that is also Sibling that is also Son))'?, False
Can Man be considered a subcategory of 'GrandMother that is also Thing that is also something that (hasSibling some (Male that is also Man that is also Parent that is also Sibling that is also Son))'?, False
Can Sex be considered a subcategory of 'GrandMother that is also Thing that is also something that (hasSibling some (Male that is also Man that is also Parent that is also Sibling that is also Son))'?, False
Can Sibling be considered a subcategory of 'GrandMother that is also Thing that is also something that (hasSibling some (Male that is also Man that is also Parent that is also Sibling that is also Son))'?, False
Can Brother that is also GrandMother that is also Male that is also Man that is also Parent that is also Person that is also Sex that is also Sibling that is also Son that is also Thing that is also something that (hasSibling some (Male that is also Man that is also Parent that is also Sibling that is also Son)) be considered a subcategory of 'Brother that is also GrandMother that is also Male that is also Man that is also Parent that is also Person that is also Sex that is also Sibling that is also Son that is also Thing that is also something that (hasSibling some (Male that is also Man that is also Parent that is also Sibling that is also Son))'?, False
Can Person be considered a subcategory of 'Brother that is also GrandMother that is also Male that is also Man that is also Parent that is also Person that is also Sex that is also Sibling that is also Son that is also Thing that is also something that (hasSibling some (Male that is also Man that is also Parent that is also Sibling that is also Son))'?, False
Can Brother be considered a subcategory of 'Brother that is also GrandMother that is also Male that is also Man that is also Parent that is also Person that is also Sex that is also Sibling that is also Son that is also Thing that is also something that (hasSibling some (Male that is also Man that is also Parent that is also Sibling that is also Son))'?, True
Can Brother be considered a subcategory of 'Brother'?, True
Can Parent be considered a subcategory of 'Brother that is also GrandMother that is also Male that is also Man that is also Parent that is also Person that is also Sex that is also Sibling that is also Son that is also Thing that is also something that (hasSibling some (Male that is also Man that is also Parent that is also Sibling that is also Son))'?, True
Can Thing be considered a subcategory of 'Brother that is also GrandMother that is also Male that is also Man that is also Parent that is also Person that is also Sex that is also Sibling that is also Son that is also Thing that is also something that (hasSibling some (Male that is also Man that is also Parent that is also Sibling that is also Son))'?, True
Can Thing be considered a subcategory of 'Brother that is also GrandMother that is also Male that is also Man that is also Parent that is also Person that is also Sex that is also Sibling that is also Son that is also Thing that is also something that (hasSibling some (Male that is also Man that is also Parent that is also Sibling that is also Son that is also Thing))'?, False
Can Brother that is also Female that is also GrandMother that is also Male that is also Man that is also Parent that is also Person that is also Sex that is also Sibling that is also Son that is also Thing that is also something that (hasSibling some (Male that is also Man that is also Parent that is also Sibling that is also Son)) be considered a subcategory of 'Brother that is also Female that is also GrandMother that is also Male that is also Man that is also Parent that is also Person that is also Sex that is also Sibling that is also Son that is also Thing that is also something that (hasSibling some (Male that is also Man that is also Parent that is also Sibling that is also Son))'?, False
