Can Animal that is also Backbone be considered a subcategory of 'Carnivore'?, True
Can Animal that is also Backbone be considered a subcategory of 'Egg'?, \nFalse
Can Animal that is also Backbone be considered a subcategory of 'Meat'?, True
Can Animal be considered a subcategory of 'Meat'?, True
Can Animal be considered a subcategory of 'Egg'?, True
Can Animal be considered a subcategory of 'Egg that is also Meat'?, True
Can Animal be considered a subcategory of 'Carnivore'?, True
Can Animal be considered a subcategory of 'Carnivore that is also Egg that is also Meat'?, True
Can Animal be considered a subcategory of 'Water'?, True
Can Animal be considered a subcategory of 'Carnivore that is also Egg that is also Meat that is also Water'?, True
Can Animal be considered a subcategory of 'Reptile'?, True
Can Animal be considered a subcategory of 'Carnivore that is also Egg that is also Meat that is also Reptile that is also Water'?, \nFalse
Can Animal be considered a subcategory of 'Plant'?, True
Can Animal be considered a subcategory of 'Carnivore that is also Egg that is also Meat that is also Plant that is also Water'?, \nFalse
Can Animal be considered a subcategory of 'Vertebrate'?, True
Can Animal be considered a subcategory of 'Carnivore that is also Egg that is also Meat that is also Vertebrate that is also Water'?, \nFalse
Can Animal be considered a subcategory of 'Cat'?, True
Can Animal be considered a subcategory of 'Carnivore that is also Cat that is also Egg that is also Meat that is also Water'?, \nFalse
Can Animal be considered a subcategory of 'Fish'?, True
Can Animal be considered a subcategory of 'Carnivore that is also Egg that is also Fish that is also Meat that is also Water'?, \nFalse
Can Animal be considered a subcategory of 'Mammal'?, True
Can Animal be considered a subcategory of 'Carnivore that is also Egg that is also Mammal that is also Meat that is also Water'?, \nFalse
Can Animal be considered a subcategory of 'Herbivore'?, True
Can Animal be considered a subcategory of 'Carnivore that is also Egg that is also Herbivore that is also Meat that is also Water'?, \nFalse
Can Animal be considered a subcategory of 'Leg'?, True
Can Animal be considered a subcategory of 'Carnivore that is also Egg that is also Leg that is also Meat that is also Water'?, \nFalse
Can Animal be considered a subcategory of 'Elephant'?, True
Can Animal be considered a subcategory of 'Carnivore that is also Egg that is also Elephant that is also Meat that is also Water'?, \nFalse
Can Animal be considered a subcategory of 'Bird'?, True
Can Animal be considered a subcategory of 'Bird that is also Carnivore that is also Egg that is also Meat that is also Water'?, \nFalse
Can Animal be considered a subcategory of 'Backbone'?, True
Can Animal be considered a subcategory of 'Backbone that is also Carnivore that is also Egg that is also Meat that is also Water'?, \nFalse
Can Animal be considered a subcategory of 'Wing'?, True
Can Animal be considered a subcategory of 'Carnivore that is also Egg that is also Meat that is also Water that is also Wing'?, \nFalse
Can something that eats some Carnivore be considered a subcategory of 'Fish'?, True
Can something that eats some Carnivore be considered a subcategory of 'Egg'?, True
Can Carnivore be considered a subcategory of 'Egg'?, True
Can Carnivore be considered a subcategory of 'Meat'?, True
Can Carnivore be considered a subcategory of 'Egg that is also Meat'?, True
Can Carnivore be considered a subcategory of 'Water'?, True
Can Carnivore be considered a subcategory of 'Egg that is also Meat that is also Water'?, True
Can Carnivore be considered a subcategory of 'Animal'?, True
Can Carnivore be considered a subcategory of 'Animal that is also Egg that is also Meat that is also Water'?, True
Can Carnivore be considered a subcategory of 'Reptile'?, True
Can Carnivore be considered a subcategory of 'Animal that is also Egg that is also Meat that is also Reptile that is also Water'?, True
Can Carnivore be considered a subcategory of 'Plant'?, True
Can Carnivore be considered a subcategory of 'Animal that is also Egg that is also Meat that is also Plant that is also Reptile that is also Water'?, True
Can Carnivore be considered a subcategory of 'Vertebrate'?, True
Can Carnivore be considered a subcategory of 'Animal that is also Egg that is also Meat that is also Plant that is also Reptile that is also Vertebrate that is also Water'?, \nFalse
Can Carnivore be considered a subcategory of 'Cat'?, True
Can Carnivore be considered a subcategory of 'Animal that is also Cat that is also Egg that is also Meat that is also Plant that is also Reptile that is also Water'?, True
Can Carnivore be considered a subcategory of 'Fish'?, True
Can Carnivore be considered a subcategory of 'Animal that is also Cat that is also Egg that is also Fish that is also Meat that is also Plant that is also Reptile that is also Water'?, \nFalse
Can Carnivore be considered a subcategory of 'Mammal'?, True
Can Carnivore be considered a subcategory of 'Animal that is also Cat that is also Egg that is also Mammal that is also Meat that is also Plant that is also Reptile that is also Water'?, \nFalse
Can Carnivore be considered a subcategory of 'Herbivore'?, True
Can Carnivore be considered a subcategory of 'Animal that is also Cat that is also Egg that is also Herbivore that is also Meat that is also Plant that is also Reptile that is also Water'?, \nFalse
Can Carnivore be considered a subcategory of 'Leg'?, True
Can Carnivore be considered a subcategory of 'Animal that is also Cat that is also Egg that is also Leg that is also Meat that is also Plant that is also Reptile that is also Water'?, \nFalse
Can Carnivore be considered a subcategory of 'Elephant'?, True
Can Carnivore be considered a subcategory of 'Animal that is also Cat that is also Egg that is also Elephant that is also Meat that is also Plant that is also Reptile that is also Water'?, \nFalse
Can Carnivore be considered a subcategory of 'Bird'?, True
Can Carnivore be considered a subcategory of 'Animal that is also Bird that is also Cat that is also Egg that is also Meat that is also Plant that is also Reptile that is also Water'?, \nFalse
Can Carnivore be considered a subcategory of 'Backbone'?, True
Can Carnivore be considered a subcategory of 'Animal that is also Backbone that is also Cat that is also Egg that is also Meat that is also Plant that is also Reptile that is also Water'?, \nFalse
Can Carnivore be considered a subcategory of 'Wing'?, True
Can Carnivore be considered a subcategory of 'Animal that is also Cat that is also Egg that is also Meat that is also Plant that is also Reptile that is also Water that is also Wing'?, \nFalse
Can Carnivore be considered a subcategory of 'Animal that is also Cat that is also Egg that is also Meat that is also Plant that is also Reptile that is also Vertebrate that is also Water'?, \nFalse
Can something that has_part some Reptile be considered a subcategory of 'Egg'?, True
Can Reptile be considered a subcategory of 'Egg'?, True
Can Reptile be considered a subcategory of 'Meat'?, True
Can Reptile be considered a subcategory of 'Egg that is also Meat'?, True
Can Reptile be considered a subcategory of 'Carnivore'?, True
Can Reptile be considered a subcategory of 'Carnivore that is also Egg that is also Meat'?, True
Can Reptile be considered a subcategory of 'Water'?, True
Can Reptile be considered a subcategory of 'Carnivore that is also Egg that is also Meat that is also Water'?, True
Can Reptile be considered a subcategory of 'Animal'?, True
Can Reptile be considered a subcategory of 'Animal that is also Carnivore that is also Egg that is also Meat that is also Water'?, \nFalse
Can Reptile be considered a subcategory of 'Plant'?, \nFalse
Can Reptile be considered a subcategory of 'Vertebrate'?, True
Can Reptile be considered a subcategory of 'Carnivore that is also Egg that is also Meat that is also Vertebrate that is also Water'?, \nTrue
Can Reptile be considered a subcategory of 'Cat'?, True
Can Reptile be considered a subcategory of 'Carnivore that is also Cat that is also Egg that is also Meat that is also Vertebrate that is also Water'?, \nFalse
Can Reptile be considered a subcategory of 'Fish'?, \nFalse
Can Reptile be considered a subcategory of 'Mammal'?, True
Can Reptile be considered a subcategory of 'Carnivore that is also Egg that is also Mammal that is also Meat that is also Vertebrate that is also Water'?, \nFalse
Can Reptile be considered a subcategory of 'Herbivore'?, True
Can Reptile be considered a subcategory of 'Carnivore that is also Egg that is also Herbivore that is also Meat that is also Vertebrate that is also Water'?, \nFalse
Can Reptile be considered a subcategory of 'Leg'?, True
Can Reptile be considered a subcategory of 'Carnivore that is also Egg that is also Leg that is also Meat that is also Vertebrate that is also Water'?, True
Can Reptile be considered a subcategory of 'Elephant'?, True
Can Reptile be considered a subcategory of 'Carnivore that is also Egg that is also Elephant that is also Leg that is also Meat that is also Vertebrate that is also Water'?, \nFalse
Can Reptile be considered a subcategory of 'Bird'?, True
Can Reptile be considered a subcategory of 'Bird that is also Carnivore that is also Egg that is also Leg that is also Meat that is also Vertebrate that is also Water'?, \nFalse
Can Reptile be considered a subcategory of 'Backbone'?, True
Can Reptile be considered a subcategory of 'Backbone that is also Carnivore that is also Egg that is also Leg that is also Meat that is also Vertebrate that is also Water'?, \nFalse
Can Reptile be considered a subcategory of 'Wing'?, True
Can Reptile be considered a subcategory of 'Carnivore that is also Egg that is also Leg that is also Meat that is also Vertebrate that is also Water that is also Wing'?, \nFalse
Can Reptile be considered a subcategory of 'Animal that is also Carnivore that is also Egg that is also Leg that is also Meat that is also Vertebrate that is also Water'?, \nFalse
Can Reptile be considered a subcategory of 'Carnivore that is also Cat that is also Egg that is also Leg that is also Meat that is also Vertebrate that is also Water'?, \nFalse
Can Reptile be considered a subcategory of 'Carnivore that is also Egg that is also Leg that is also Mammal that is also Meat that is also Vertebrate that is also Water'?, \nFalse
Can Reptile be considered a subcategory of 'Carnivore that is also Egg that is also Herbivore that is also Leg that is also Meat that is also Vertebrate that is also Water'?, \nFalse
Can Meat be considered a subcategory of 'Water'?, False
Can something that lives_in some Backbone be considered a subcategory of 'Reptile'?, True
Can something that lives_in some Backbone be considered a subcategory of 'Egg'?, True
Can Backbone be considered a subcategory of 'Egg'?, True
Can Backbone be considered a subcategory of 'Meat'?, True
Can Backbone be considered a subcategory of 'Egg that is also Meat'?, True
Can Backbone be considered a subcategory of 'Carnivore'?, True
Can Backbone be considered a subcategory of 'Carnivore that is also Egg that is also Meat'?, \nTrue
Can Backbone be considered a subcategory of 'Water'?, True
Can Backbone be considered a subcategory of 'Carnivore that is also Egg that is also Meat that is also Water'?, \nFalse
Can Backbone be considered a subcategory of 'Animal'?, True
Can Backbone be considered a subcategory of 'Animal that is also Carnivore that is also Egg that is also Meat'?, \nFalse
Can Backbone be considered a subcategory of 'Reptile'?, True
Can Backbone be considered a subcategory of 'Carnivore that is also Egg that is also Meat that is also Reptile'?, \nFalse
Can Backbone be considered a subcategory of 'Plant'?, True
Can Backbone be considered a subcategory of 'Carnivore that is also Egg that is also Meat that is also Plant'?, \nFalse
Can Backbone be considered a subcategory of 'Vertebrate'?, True
Can Backbone be considered a subcategory of 'Carnivore that is also Egg that is also Meat that is also Vertebrate'?, \nFalse
Can Backbone be considered a subcategory of 'Cat'?, True
Can Backbone be considered a subcategory of 'Carnivore that is also Cat that is also Egg that is also Meat'?, True
Can Backbone be considered a subcategory of 'Fish'?, True
Can Backbone be considered a subcategory of 'Carnivore that is also Cat that is also Egg that is also Fish that is also Meat'?, \nFalse
Can Backbone be considered a subcategory of 'Mammal'?, True
Can Backbone be considered a subcategory of 'Carnivore that is also Cat that is also Egg that is also Mammal that is also Meat'?, \nFalse
Can Backbone be considered a subcategory of 'Herbivore'?, True
Can Backbone be considered a subcategory of 'Carnivore that is also Cat that is also Egg that is also Herbivore that is also Meat'?, \nFalse
Can Backbone be considered a subcategory of 'Leg'?, True
Can Backbone be considered a subcategory of 'Carnivore that is also Cat that is also Egg that is also Leg that is also Meat'?, \nFalse
Can Backbone be considered a subcategory of 'Elephant'?, True
Can Backbone be considered a subcategory of 'Carnivore that is also Cat that is also Egg that is also Elephant that is also Meat'?, \nFalse
Can Backbone be considered a subcategory of 'Bird'?, True
Can Backbone be considered a subcategory of 'Bird that is also Carnivore that is also Cat that is also Egg that is also Meat'?, \nFalse
Can Backbone be considered a subcategory of 'Wing'?, True
Can Backbone be considered a subcategory of 'Carnivore that is also Cat that is also Egg that is also Meat that is also Wing'?, \nFalse
Can Backbone be considered a subcategory of 'Carnivore that is also Cat that is also Egg that is also Meat that is also Water'?, \nFalse
Can Backbone be considered a subcategory of 'Animal that is also Carnivore that is also Cat that is also Egg that is also Meat'?, \nFalse
Can Backbone be considered a subcategory of 'Carnivore that is also Cat that is also Egg that is also Meat that is also Reptile'?, \nFalse
Can Backbone be considered a subcategory of 'Carnivore that is also Cat that is also Egg that is also Meat that is also Plant'?, \nFalse
Can Backbone be considered a subcategory of 'Carnivore that is also Cat that is also Egg that is also Meat that is also Vertebrate'?, \nFalse
Can something that eats some Bird be considered a subcategory of 'Cat'?, True
Can something that eats some Bird be considered a subcategory of 'Egg'?, True
Can Bird be considered a subcategory of 'Egg'?, True
Can Bird be considered a subcategory of 'Meat'?, True
Can Bird be considered a subcategory of 'Egg that is also Meat'?, True
Can Bird be considered a subcategory of 'Carnivore'?, True
Can Bird be considered a subcategory of 'Carnivore that is also Egg that is also Meat'?, True
Can Bird be considered a subcategory of 'Water'?, False
Can Bird be considered a subcategory of 'Animal'?, True
Can Bird be considered a subcategory of 'Animal that is also Carnivore that is also Egg that is also Meat'?, True
Can Bird be considered a subcategory of 'Reptile'?, True
Can Bird be considered a subcategory of 'Animal that is also Carnivore that is also Egg that is also Meat that is also Reptile'?, \nFalse
Can Bird be considered a subcategory of 'Plant'?, False
Can Bird be considered a subcategory of 'Vertebrate'?, True
Can Bird be considered a subcategory of 'Animal that is also Carnivore that is also Egg that is also Meat that is also Vertebrate'?, \nFalse
Can Bird be considered a subcategory of 'Cat'?, True
Can Bird be considered a subcategory of 'Animal that is also Carnivore that is also Cat that is also Egg that is also Meat'?, \nFalse
Can Bird be considered a subcategory of 'Fish'?, False
Can Bird be considered a subcategory of 'Mammal'?, True
Can Bird be considered a subcategory of 'Animal that is also Carnivore that is also Egg that is also Mammal that is also Meat'?, \nTrue
Can Bird be considered a subcategory of 'Herbivore'?, True
Can Bird be considered a subcategory of 'Animal that is also Carnivore that is also Egg that is also Herbivore that is also Mammal that is also Meat'?, True
Can Bird be considered a subcategory of 'Leg'?, True
Can Bird be considered a subcategory of 'Animal that is also Carnivore that is also Egg that is also Herbivore that is also Leg that is also Mammal that is also Meat'?, \nFalse
Can Bird be considered a subcategory of 'Elephant'?, True
Can Bird be considered a subcategory of 'Animal that is also Carnivore that is also Egg that is also Elephant that is also Herbivore that is also Mammal that is also Meat'?, \nFalse
Can Bird be considered a subcategory of 'Backbone'?, True
Can Bird be considered a subcategory of 'Animal that is also Backbone that is also Carnivore that is also Egg that is also Herbivore that is also Mammal that is also Meat'?, \nFalse
Can Bird be considered a subcategory of 'Wing'?, True
Can Bird be considered a subcategory of 'Animal that is also Carnivore that is also Egg that is also Herbivore that is also Mammal that is also Meat that is also Wing'?, \nFalse
Can Bird be considered a subcategory of 'Animal that is also Carnivore that is also Egg that is also Herbivore that is also Mammal that is also Meat that is also Reptile'?, True
Can Bird be considered a subcategory of 'Animal that is also Carnivore that is also Egg that is also Herbivore that is also Mammal that is also Meat that is also Reptile that is also Vertebrate'?, True
Can Bird be considered a subcategory of 'Animal that is also Carnivore that is also Cat that is also Egg that is also Herbivore that is also Mammal that is also Meat that is also Reptile that is also Vertebrate'?, \nFalse
Can Bird be considered a subcategory of 'Animal that is also Carnivore that is also Egg that is also Herbivore that is also Leg that is also Mammal that is also Meat that is also Reptile that is also Vertebrate'?, \nFalse
Can Bird be considered a subcategory of 'Animal that is also Carnivore that is also Egg that is also Elephant that is also Herbivore that is also Mammal that is also Meat that is also Reptile that is also Vertebrate'?, \nFalse
Can Bird be considered a subcategory of 'Animal that is also Backbone that is also Carnivore that is also Egg that is also Herbivore that is also Mammal that is also Meat that is also Reptile that is also Vertebrate'?, \nFalse
Can Bird be considered a subcategory of 'Animal that is also Carnivore that is also Egg that is also Herbivore that is also Mammal that is also Meat that is also Reptile that is also Vertebrate that is also Wing'?, \nFalse
Can Backbone be considered a subcategory of 'something that has_part some Leg'?, True
Can Backbone be considered a subcategory of 'Egg that is also Fish'?, True
Can Backbone be considered a subcategory of 'Egg that is also Fish that is also Meat'?, True
Can Backbone be considered a subcategory of 'Carnivore that is also Egg that is also Fish that is also Meat'?, True
Can Backbone be considered a subcategory of 'Carnivore that is also Egg that is also Fish that is also Meat that is also Water'?, \nFalse
Can Backbone be considered a subcategory of 'Animal that is also Carnivore that is also Egg that is also Fish that is also Meat'?, \nFalse
Can Backbone be considered a subcategory of 'Carnivore that is also Egg that is also Fish that is also Meat that is also Reptile'?, \nFalse
Can Backbone be considered a subcategory of 'Carnivore that is also Egg that is also Fish that is also Meat that is also Plant'?, \nFalse
Can Backbone be considered a subcategory of 'Carnivore that is also Egg that is also Fish that is also Meat that is also Vertebrate'?, True
Can Backbone be considered a subcategory of 'Carnivore that is also Cat that is also Egg that is also Fish that is also Meat that is also Vertebrate'?, \nFalse
Can Backbone be considered a subcategory of 'Carnivore that is also Egg that is also Fish that is also Mammal that is also Meat that is also Vertebrate'?, True
Can Backbone be considered a subcategory of 'Carnivore that is also Egg that is also Fish that is also Herbivore that is also Mammal that is also Meat that is also Vertebrate'?, \nFalse
Can Backbone be considered a subcategory of 'Carnivore that is also Egg that is also Fish that is also Leg that is also Mammal that is also Meat that is also Vertebrate'?, \nFalse
Can Backbone be considered a subcategory of 'Carnivore that is also Egg that is also Elephant that is also Fish that is also Mammal that is also Meat that is also Vertebrate'?, \nFalse
Can Backbone be considered a subcategory of 'Bird that is also Carnivore that is also Egg that is also Fish that is also Mammal that is also Meat that is also Vertebrate'?, \nFalse
Can Backbone be considered a subcategory of 'Carnivore that is also Egg that is also Fish that is also Mammal that is also Meat that is also Vertebrate that is also Wing'?, \nFalse
Can Backbone be considered a subcategory of 'Carnivore that is also Cat that is also Egg that is also Fish that is also Mammal that is also Meat that is also Vertebrate that is also Water'?, \nFalse
Can Backbone be considered a subcategory of 'Animal that is also Carnivore that is also Cat that is also Egg that is also Fish that is also Mammal that is also Meat that is also Vertebrate'?, \nFalse
Can Backbone be considered a subcategory of 'Carnivore that is also Cat that is also Egg that is also Fish that is also Mammal that is also Meat that is also Reptile that is also Vertebrate'?, \nFalse
Can Backbone be considered a subcategory of 'Carnivore that is also Cat that is also Egg that is also Fish that is also Mammal that is also Meat that is also Plant that is also Vertebrate'?, \nFalse
Can Backbone be considered a subcategory of 'Carnivore that is also Cat that is also Egg that is also Fish that is also Herbivore that is also Mammal that is also Meat that is also Vertebrate'?, \nFalse
Can Backbone be considered a subcategory of 'Carnivore that is also Cat that is also Egg that is also Fish that is also Leg that is also Mammal that is also Meat that is also Vertebrate'?, \nFalse
Can Backbone be considered a subcategory of 'Carnivore that is also Cat that is also Egg that is also Elephant that is also Fish that is also Mammal that is also Meat that is also Vertebrate'?, True
Can Backbone be considered a subcategory of 'Bird that is also Carnivore that is also Cat that is also Egg that is also Elephant that is also Fish that is also Mammal that is also Meat that is also Vertebrate'?, \nFalse
Can Backbone be considered a subcategory of 'Carnivore that is also Cat that is also Egg that is also Elephant that is also Fish that is also Mammal that is also Meat that is also Vertebrate that is also Wing'?, \nFalse
Can Carnivore that is also Herbivore be considered a subcategory of 'Fish'?, True
Can Carnivore be considered a subcategory of 'Egg that is also Fish'?, \nFalse
Can Carnivore be considered a subcategory of 'Fish that is also Meat'?, True
Can Carnivore be considered a subcategory of 'Fish that is also Meat that is also Water'?, True
Can Carnivore be considered a subcategory of 'Animal that is also Fish that is also Meat that is also Water'?, True
Can Carnivore be considered a subcategory of 'Animal that is also Fish that is also Meat that is also Reptile that is also Water'?, \nTrue
Can Carnivore be considered a subcategory of 'Animal that is also Fish that is also Meat that is also Plant that is also Reptile that is also Water'?, \nFalse
Can Carnivore be considered a subcategory of 'Animal that is also Fish that is also Meat that is also Reptile that is also Vertebrate that is also Water'?, \nFalse
Can Carnivore be considered a subcategory of 'Animal that is also Cat that is also Fish that is also Meat that is also Reptile that is also Water'?, True
Can Carnivore be considered a subcategory of 'Animal that is also Cat that is also Fish that is also Mammal that is also Meat that is also Reptile that is also Water'?, \nFalse
Can Carnivore be considered a subcategory of 'Animal that is also Cat that is also Fish that is also Herbivore that is also Meat that is also Reptile that is also Water'?, \nFalse
Can Carnivore be considered a subcategory of 'Animal that is also Cat that is also Fish that is also Leg that is also Meat that is also Reptile that is also Water'?, \nFalse
Can Carnivore be considered a subcategory of 'Animal that is also Cat that is also Elephant that is also Fish that is also Meat that is also Reptile that is also Water'?, \nFalse
Can Carnivore be considered a subcategory of 'Animal that is also Bird that is also Cat that is also Fish that is also Meat that is also Reptile that is also Water'?, \nFalse
Can Carnivore be considered a subcategory of 'Animal that is also Backbone that is also Cat that is also Fish that is also Meat that is also Reptile that is also Water'?, \nFalse
Can Carnivore be considered a subcategory of 'Animal that is also Cat that is also Fish that is also Meat that is also Reptile that is also Water that is also Wing'?, \nFalse
Can Carnivore be considered a subcategory of 'Animal that is also Cat that is also Egg that is also Fish that is also Meat that is also Plant that is also Reptile that is also Vertebrate that is also Water'?, \nFalse
Can Carnivore be considered a subcategory of 'Animal that is also Cat that is also Egg that is also Fish that is also Mammal that is also Meat that is also Plant that is also Reptile that is also Water'?, \nFalse
Can Carnivore be considered a subcategory of 'Animal that is also Cat that is also Egg that is also Fish that is also Herbivore that is also Meat that is also Plant that is also Reptile that is also Water'?, \nTrue
Can Carnivore be considered a subcategory of 'Animal that is also Cat that is also Egg that is also Fish that is also Herbivore that is also Leg that is also Meat that is also Plant that is also Reptile that is also Water'?, \nTrue
Can Carnivore be considered a subcategory of 'Animal that is also Cat that is also Egg that is also Elephant that is also Fish that is also Herbivore that is also Leg that is also Meat that is also Plant that is also Reptile that is also Water'?, True
Can Carnivore be considered a subcategory of 'Animal that is also Bird that is also Cat that is also Egg that is also Elephant that is also Fish that is also Herbivore that is also Leg that is also Meat that is also Plant that is also Reptile that is also Water'?, \nFalse
Can Carnivore be considered a subcategory of 'Animal that is also Backbone that is also Cat that is also Egg that is also Elephant that is also Fish that is also Herbivore that is also Leg that is also Meat that is also Plant that is also Reptile that is also Water'?, \nFalse
Can Carnivore be considered a subcategory of 'Animal that is also Cat that is also Egg that is also Elephant that is also Fish that is also Herbivore that is also Leg that is also Meat that is also Plant that is also Reptile that is also Water that is also Wing'?, \nFalse
Can Cat that is also Water be considered a subcategory of 'Leg'?, True.
Can Cat that is also Water be considered a subcategory of 'Egg'?, True.
Can Cat be considered a subcategory of 'Egg'?, True
Can Cat be considered a subcategory of 'Meat'?, True
Can Cat be considered a subcategory of 'Egg that is also Meat'?, \nFalse
Can Cat be considered a subcategory of 'Carnivore'?, True
Can Cat be considered a subcategory of 'Carnivore that is also Egg'?, True
Can Cat be considered a subcategory of 'Water'?, False
Can Cat be considered a subcategory of 'Animal'?, True
Can Cat be considered a subcategory of 'Animal that is also Carnivore that is also Egg'?, \nFalse
Can Cat be considered a subcategory of 'Reptile'?, True
Can Cat be considered a subcategory of 'Carnivore that is also Egg that is also Reptile'?, True
Can Cat be considered a subcategory of 'Plant'?, True
Can Cat be considered a subcategory of 'Carnivore that is also Egg that is also Plant that is also Reptile'?, \nFalse
Can Cat be considered a subcategory of 'Vertebrate'?, True
Can Cat be considered a subcategory of 'Carnivore that is also Egg that is also Reptile that is also Vertebrate'?, \nFalse
Can Cat be considered a subcategory of 'Fish'?, True
Can Cat be considered a subcategory of 'Carnivore that is also Egg that is also Fish that is also Reptile'?, True
Can Cat be considered a subcategory of 'Mammal'?, True
Can Cat be considered a subcategory of 'Carnivore that is also Egg that is also Fish that is also Mammal that is also Reptile'?, \nFalse
Can Cat be considered a subcategory of 'Herbivore'?, True
Can Cat be considered a subcategory of 'Carnivore that is also Egg that is also Fish that is also Herbivore that is also Reptile'?, \nFalse
Can Cat be considered a subcategory of 'Leg'?, True
Can Cat be considered a subcategory of 'Carnivore that is also Egg that is also Fish that is also Leg that is also Reptile'?, \nFalse
Can Cat be considered a subcategory of 'Elephant'?, True
Can Cat be considered a subcategory of 'Carnivore that is also Egg that is also Elephant that is also Fish that is also Reptile'?, \nFalse
Can Cat be considered a subcategory of 'Bird'?, False
Can Cat be considered a subcategory of 'Backbone'?, True
Can Cat be considered a subcategory of 'Backbone that is also Carnivore that is also Egg that is also Fish that is also Reptile'?, \nFalse
Can Cat be considered a subcategory of 'Wing'?, True
Can Cat be considered a subcategory of 'Carnivore that is also Egg that is also Fish that is also Reptile that is also Wing'?, \nFalse
Can Cat be considered a subcategory of 'Carnivore that is also Egg that is also Fish that is also Meat that is also Reptile'?, \nFalse
Can Cat be considered a subcategory of 'Animal that is also Carnivore that is also Egg that is also Fish that is also Reptile'?, \nFalse
Can Cat be considered a subcategory of 'Carnivore that is also Egg that is also Fish that is also Plant that is also Reptile'?, \nFalse
Can Cat be considered a subcategory of 'Carnivore that is also Egg that is also Fish that is also Reptile that is also Vertebrate'?, True
Can Cat be considered a subcategory of 'Carnivore that is also Egg that is also Fish that is also Mammal that is also Reptile that is also Vertebrate'?, True
Can Cat be considered a subcategory of 'Carnivore that is also Egg that is also Fish that is also Herbivore that is also Mammal that is also Reptile that is also Vertebrate'?, \nFalse
Can Cat be considered a subcategory of 'Carnivore that is also Egg that is also Fish that is also Leg that is also Mammal that is also Reptile that is also Vertebrate'?, \nFalse
Can Cat be considered a subcategory of 'Carnivore that is also Egg that is also Elephant that is also Fish that is also Mammal that is also Reptile that is also Vertebrate'?, True
Can Cat be considered a subcategory of 'Backbone that is also Carnivore that is also Egg that is also Elephant that is also Fish that is also Mammal that is also Reptile that is also Vertebrate'?, \nFalse
Can Cat be considered a subcategory of 'Carnivore that is also Egg that is also Elephant that is also Fish that is also Mammal that is also Reptile that is also Vertebrate that is also Wing'?, \nFalse
Can Meat be considered a subcategory of 'Egg'?, False.
Can Meat that is also Plant be considered a subcategory of 'Backbone'?, True.
Can Meat that is also Plant be considered a subcategory of 'Egg'?, True.
Can Plant be considered a subcategory of 'Egg'?, False
Can something that eats some Water be considered a subcategory of 'Carnivore'?, True
Can something that eats some Water be considered a subcategory of 'Egg'?, True
Can Water be considered a subcategory of 'Egg'?, False.
Can Thing be considered a subcategory of 'something that eats some Water'?, True
Can Water be considered a subcategory of 'Meat'?, True
Can Thing be considered a subcategory of 'Meat'?, True
Can Meat be considered a subcategory of 'Elephant'?, \nFalse
Can Meat that is also Thing be considered a subcategory of 'Meat that is also Thing that is also something that (lives_in some (Animal that is also Backbone that is also Carnivore that is also Cat that is also Egg that is also Elephant that is also Fish that is also Herbivore that is also Leg that is also Mammal that is also Meat that is also Plant that is also Reptile that is also Vertebrate that is also Water that is also Thing))'?, True
Can Animal that is also Backbone that is also Carnivore that is also Cat that is also Egg that is also Elephant that is also Fish that is also Herbivore that is also Leg that is also Mammal that is also Meat that is also Plant that is also Reptile that is also Vertebrate that is also Water that is also Thing be considered a subcategory of 'Bird'?, \nFalse
Can Animal that is also Backbone that is also Carnivore that is also Cat that is also Egg that is also Elephant that is also Fish that is also Herbivore that is also Leg that is also Mammal that is also Meat that is also Plant that is also Reptile that is also Vertebrate that is also Water that is also Thing be considered a subcategory of 'Wing'?, \nFalse
Can Meat that is also Thing that is also something that (lives_in some Animal) that is also something that (lives_in some (Backbone that is also Carnivore that is also Cat that is also Egg that is also Elephant that is also Fish that is also Herbivore that is also Leg that is also Mammal that is also Meat that is also Plant that is also Reptile that is also Vertebrate that is also Water that is also Thing)) be considered a subcategory of 'Meat that is also Thing that is also something that (lives_in some (Animal that is also Backbone that is also Carnivore that is also Cat that is also Egg that is also Elephant that is also Fish that is also Herbivore that is also Leg that is also Mammal that is also Meat that is also Plant that is also Reptile that is also Vertebrate that is also Water that is also Thing))'?, True.
Can Meat that is also Thing that is also something that (lives_in some (Animal that is also Backbone that is also Carnivore that is also Cat that is also Egg that is also Elephant that is also Fish that is also Herbivore that is also Leg that is also Mammal that is also Meat that is also Plant that is also Reptile that is also Vertebrate that is also Water that is also Thing)) be considered a subcategory of 'Meat that is also Thing that is also something that (lives_in some (Animal that is also Backbone that is also Carnivore that is also Cat that is also Egg that is also Elephant that is also Fish that is also Herbivore that is also Leg that is also Mammal that is also Meat that is also Plant that is also Reptile that is also Vertebrate that is also Water that is also Thing))'?, True.
Can Thing that is also something that (lives_in some (Animal that is also Backbone that is also Carnivore that is also Cat that is also Egg that is also Elephant that is also Fish that is also Herbivore that is also Leg that is also Mammal that is also Meat that is also Plant that is also Reptile that is also Vertebrate that is also Water that is also Thing)) be considered a subcategory of 'Egg'?, \nFalse
Can Meat that is also Thing that is also something that (lives_in some (Backbone that is also Carnivore that is also Cat that is also Egg that is also Elephant that is also Fish that is also Herbivore that is also Leg that is also Mammal that is also Meat that is also Plant that is also Reptile that is also Vertebrate that is also Water that is also Thing)) be considered a subcategory of 'Egg'?, True
Can Meat that is also Thing that is also something that (lives_in some (Carnivore that is also Cat that is also Egg that is also Elephant that is also Fish that is also Herbivore that is also Leg that is also Mammal that is also Meat that is also Plant that is also Reptile that is also Vertebrate that is also Water that is also Thing)) be considered a subcategory of 'Egg'?, \nFalse
Can Meat that is also Thing that is also something that (lives_in some (Backbone that is also Cat that is also Egg that is also Elephant that is also Fish that is also Herbivore that is also Leg that is also Mammal that is also Meat that is also Plant that is also Reptile that is also Vertebrate that is also Water that is also Thing)) be considered a subcategory of 'Egg'?, True
Can Meat that is also Thing that is also something that (lives_in some (Backbone that is also Egg that is also Elephant that is also Fish that is also Herbivore that is also Leg that is also Mammal that is also Meat that is also Plant that is also Reptile that is also Vertebrate that is also Water that is also Thing)) be considered a subcategory of 'Egg'?, True.
Can Meat that is also Thing that is also something that (lives_in some (Backbone that is also Elephant that is also Fish that is also Herbivore that is also Leg that is also Mammal that is also Meat that is also Plant that is also Reptile that is also Vertebrate that is also Water that is also Thing)) be considered a subcategory of 'Egg'?, \nTrue
Can Meat that is also Thing that is also something that (lives_in some (Backbone that is also Fish that is also Herbivore that is also Leg that is also Mammal that is also Meat that is also Plant that is also Reptile that is also Vertebrate that is also Water that is also Thing)) be considered a subcategory of 'Egg'?, True
Can Meat that is also Thing that is also something that (lives_in some (Backbone that is also Herbivore that is also Leg that is also Mammal that is also Meat that is also Plant that is also Reptile that is also Vertebrate that is also Water that is also Thing)) be considered a subcategory of 'Egg'?, \nFalse
Can Meat that is also Thing that is also something that (lives_in some (Backbone that is also Fish that is also Leg that is also Mammal that is also Meat that is also Plant that is also Reptile that is also Vertebrate that is also Water that is also Thing)) be considered a subcategory of 'Egg'?, True.
Can Meat that is also Thing that is also something that (lives_in some (Backbone that is also Fish that is also Mammal that is also Meat that is also Plant that is also Reptile that is also Vertebrate that is also Water that is also Thing)) be considered a subcategory of 'Egg'?, \nFalse
Can Meat that is also Thing that is also something that (lives_in some (Backbone that is also Fish that is also Leg that is also Meat that is also Plant that is also Reptile that is also Vertebrate that is also Water that is also Thing)) be considered a subcategory of 'Egg'?, \nFalse
Can Meat that is also Thing that is also something that (lives_in some (Backbone that is also Fish that is also Leg that is also Mammal that is also Plant that is also Reptile that is also Vertebrate that is also Water that is also Thing)) be considered a subcategory of 'Egg'?, True.
Can Meat that is also Thing that is also something that (lives_in some (Backbone that is also Fish that is also Leg that is also Mammal that is also Reptile that is also Vertebrate that is also Water that is also Thing)) be considered a subcategory of 'Egg'?, \nFalse
Can Meat that is also Thing that is also something that (lives_in some (Backbone that is also Fish that is also Leg that is also Mammal that is also Plant that is also Vertebrate that is also Water that is also Thing)) be considered a subcategory of 'Egg'?, \nFalse
Can Meat that is also Thing that is also something that (lives_in some (Backbone that is also Fish that is also Leg that is also Mammal that is also Plant that is also Reptile that is also Water that is also Thing)) be considered a subcategory of 'Egg'?, \nFalse
Can Meat that is also Thing that is also something that (lives_in some (Backbone that is also Fish that is also Leg that is also Mammal that is also Plant that is also Reptile that is also Vertebrate that is also Thing)) be considered a subcategory of 'Egg'?, True
Can Vertebrate that is also Water be considered a subcategory of 'Leg'?, True
Can Vertebrate that is also Water be considered a subcategory of 'Egg'?, \nFalse
Can Vertebrate that is also Water be considered a subcategory of 'Carnivore'?, True
Can Vertebrate be considered a subcategory of 'Carnivore'?, True
Can Vertebrate be considered a subcategory of 'Egg'?, True
Can Vertebrate be considered a subcategory of 'Carnivore that is also Egg'?, True
Can Vertebrate be considered a subcategory of 'Meat'?, True
Can Vertebrate be considered a subcategory of 'Carnivore that is also Egg that is also Meat'?, True
Can Vertebrate be considered a subcategory of 'Water'?, False
Can Vertebrate be considered a subcategory of 'Animal'?, True
Can Vertebrate be considered a subcategory of 'Animal that is also Carnivore that is also Egg that is also Meat'?, \nTrue
Can Vertebrate be considered a subcategory of 'Reptile'?, True
Can Vertebrate be considered a subcategory of 'Animal that is also Carnivore that is also Egg that is also Meat that is also Reptile'?, True
Can Vertebrate be considered a subcategory of 'Plant'?, True
Can Vertebrate be considered a subcategory of 'Animal that is also Carnivore that is also Egg that is also Meat that is also Plant that is also Reptile'?, \nFalse
Can Vertebrate be considered a subcategory of 'Cat'?, True
Can Vertebrate be considered a subcategory of 'Animal that is also Carnivore that is also Cat that is also Egg that is also Meat that is also Reptile'?, \nFalse
Can Vertebrate be considered a subcategory of 'Fish'?, True
Can Vertebrate be considered a subcategory of 'Animal that is also Carnivore that is also Egg that is also Fish that is also Meat that is also Reptile'?, \nFalse
Can Vertebrate be considered a subcategory of 'Mammal'?, True
Can Vertebrate be considered a subcategory of 'Animal that is also Carnivore that is also Egg that is also Mammal that is also Meat that is also Reptile'?, True
Can Vertebrate be considered a subcategory of 'Herbivore'?, True
Can Vertebrate be considered a subcategory of 'Animal that is also Carnivore that is also Egg that is also Herbivore that is also Mammal that is also Meat that is also Reptile'?, \nFalse
Can Vertebrate be considered a subcategory of 'Leg'?, True
Can Vertebrate be considered a subcategory of 'Animal that is also Carnivore that is also Egg that is also Leg that is also Mammal that is also Meat that is also Reptile'?, \nFalse
Can Vertebrate be considered a subcategory of 'Elephant'?, True
Can Vertebrate be considered a subcategory of 'Animal that is also Carnivore that is also Egg that is also Elephant that is also Mammal that is also Meat that is also Reptile'?, \nFalse
Can Vertebrate be considered a subcategory of 'Bird'?, True
Can Vertebrate be considered a subcategory of 'Animal that is also Bird that is also Carnivore that is also Egg that is also Mammal that is also Meat that is also Reptile'?, \nFalse
Can Vertebrate be considered a subcategory of 'Backbone'?, True
Can Vertebrate be considered a subcategory of 'Animal that is also Backbone that is also Carnivore that is also Egg that is also Mammal that is also Meat that is also Reptile'?, \nFalse
Can Vertebrate be considered a subcategory of 'Wing'?, True
Can Vertebrate be considered a subcategory of 'Animal that is also Carnivore that is also Egg that is also Mammal that is also Meat that is also Reptile that is also Wing'?, \nFalse
Can Vertebrate be considered a subcategory of 'Animal that is also Carnivore that is also Egg that is also Mammal that is also Meat that is also Plant that is also Reptile'?, True
Can Vertebrate be considered a subcategory of 'Animal that is also Carnivore that is also Cat that is also Egg that is also Mammal that is also Meat that is also Plant that is also Reptile'?, \nFalse
Can Vertebrate be considered a subcategory of 'Animal that is also Carnivore that is also Egg that is also Fish that is also Mammal that is also Meat that is also Plant that is also Reptile'?, True
Can Vertebrate be considered a subcategory of 'Animal that is also Carnivore that is also Egg that is also Fish that is also Herbivore that is also Mammal that is also Meat that is also Plant that is also Reptile'?, True
Can Vertebrate be considered a subcategory of 'Animal that is also Carnivore that is also Egg that is also Fish that is also Herbivore that is also Leg that is also Mammal that is also Meat that is also Plant that is also Reptile'?, \nFalse
Can Vertebrate be considered a subcategory of 'Animal that is also Carnivore that is also Egg that is also Elephant that is also Fish that is also Herbivore that is also Mammal that is also Meat that is also Plant that is also Reptile'?, True
Can Vertebrate be considered a subcategory of 'Animal that is also Bird that is also Carnivore that is also Egg that is also Elephant that is also Fish that is also Herbivore that is also Mammal that is also Meat that is also Plant that is also Reptile'?, \nFalse
Can Vertebrate be considered a subcategory of 'Animal that is also Backbone that is also Carnivore that is also Egg that is also Elephant that is also Fish that is also Herbivore that is also Mammal that is also Meat that is also Plant that is also Reptile'?, \nFalse
Can Vertebrate be considered a subcategory of 'Animal that is also Carnivore that is also Egg that is also Elephant that is also Fish that is also Herbivore that is also Mammal that is also Meat that is also Plant that is also Reptile that is also Wing'?, \nFalse
Can Bird be considered a subcategory of 'something that lays some Backbone'?, True
Can Bird be considered a subcategory of 'Backbone that is also Egg'?, True
Can Bird be considered a subcategory of 'Backbone that is also Egg that is also Meat'?, True
Can Bird be considered a subcategory of 'Backbone that is also Carnivore that is also Egg that is also Meat'?, \nFalse
Can Bird be considered a subcategory of 'Animal that is also Backbone that is also Egg that is also Meat'?, \nTrue
Can Bird be considered a subcategory of 'Animal that is also Backbone that is also Egg that is also Meat that is also Reptile'?, \nTrue
Can Bird be considered a subcategory of 'Animal that is also Backbone that is also Egg that is also Meat that is also Reptile that is also Vertebrate'?, \nTrue
Can Bird be considered a subcategory of 'Animal that is also Backbone that is also Cat that is also Egg that is also Meat that is also Reptile that is also Vertebrate'?, \nFalse
Can Bird be considered a subcategory of 'Animal that is also Backbone that is also Egg that is also Mammal that is also Meat that is also Reptile that is also Vertebrate'?, True
Can Bird be considered a subcategory of 'Animal that is also Backbone that is also Egg that is also Herbivore that is also Mammal that is also Meat that is also Reptile that is also Vertebrate'?, \nFalse
Can Bird be considered a subcategory of 'Animal that is also Backbone that is also Egg that is also Leg that is also Mammal that is also Meat that is also Reptile that is also Vertebrate'?, \nFalse
Can Bird be considered a subcategory of 'Animal that is also Backbone that is also Egg that is also Elephant that is also Mammal that is also Meat that is also Reptile that is also Vertebrate'?, True
Can Bird be considered a subcategory of 'Animal that is also Backbone that is also Egg that is also Elephant that is also Mammal that is also Meat that is also Reptile that is also Vertebrate that is also Wing'?, \nFalse
Can Bird be considered a subcategory of 'Animal that is also Backbone that is also Carnivore that is also Cat that is also Egg that is also Elephant that is also Herbivore that is also Mammal that is also Meat that is also Reptile that is also Vertebrate'?, True
Can Bird be considered a subcategory of 'Animal that is also Backbone that is also Carnivore that is also Cat that is also Egg that is also Elephant that is also Herbivore that is also Leg that is also Mammal that is also Meat that is also Reptile that is also Vertebrate'?, True
Can Bird be considered a subcategory of 'Animal that is also Backbone that is also Carnivore that is also Cat that is also Egg that is also Elephant that is also Herbivore that is also Leg that is also Mammal that is also Meat that is also Reptile that is also Vertebrate that is also Wing'?, \nFalse
Can Elephant that is also Water be considered a subcategory of 'Vertebrate'?, True
Can Elephant that is also Water be considered a subcategory of 'Egg'?, True
Can Elephant be considered a subcategory of 'Egg'?, False
Can Fish that is also Leg be considered a subcategory of 'Vertebrate'?, True
Can Fish that is also Leg be considered a subcategory of 'Egg'?, True
Can Fish be considered a subcategory of 'Egg'?, True
Can Fish be considered a subcategory of 'Meat'?, True
Can Fish be considered a subcategory of 'Egg that is also Meat'?, True
Can Fish be considered a subcategory of 'Carnivore'?, True
Can Fish be considered a subcategory of 'Carnivore that is also Egg that is also Meat'?, \nFalse
Can Fish be considered a subcategory of 'Water'?, True
Can Fish be considered a subcategory of 'Egg that is also Meat that is also Water'?, True
Can Fish be considered a subcategory of 'Animal'?, True
Can Fish be considered a subcategory of 'Animal that is also Egg that is also Meat that is also Water'?, True
Can Fish be considered a subcategory of 'Reptile'?, True
Can Fish be considered a subcategory of 'Animal that is also Egg that is also Meat that is also Reptile that is also Water'?, \nFalse
Can Fish be considered a subcategory of 'Plant'?, True
Can Fish be considered a subcategory of 'Animal that is also Egg that is also Meat that is also Plant that is also Water'?, \nTrue
Can Fish be considered a subcategory of 'Vertebrate'?, True
Can Fish be considered a subcategory of 'Animal that is also Egg that is also Meat that is also Plant that is also Vertebrate that is also Water'?, \nTrue
Can Fish be considered a subcategory of 'Cat'?, True
Can Fish be considered a subcategory of 'Animal that is also Cat that is also Egg that is also Meat that is also Plant that is also Vertebrate that is also Water'?, \nFalse
Can Fish be considered a subcategory of 'Mammal'?, True
Can Fish be considered a subcategory of 'Animal that is also Egg that is also Mammal that is also Meat that is also Plant that is also Vertebrate that is also Water'?, \nFalse
Can Fish be considered a subcategory of 'Herbivore'?, True
Can Fish be considered a subcategory of 'Animal that is also Egg that is also Herbivore that is also Meat that is also Plant that is also Vertebrate that is also Water'?, True
Can Fish be considered a subcategory of 'Leg'?, False
Can Fish be considered a subcategory of 'Elephant'?, False
Can Fish be considered a subcategory of 'Bird'?, True
Can Fish be considered a subcategory of 'Animal that is also Bird that is also Egg that is also Herbivore that is also Meat that is also Plant that is also Vertebrate that is also Water'?, True
Can Fish be considered a subcategory of 'Backbone'?, True
Can Fish be considered a subcategory of 'Animal that is also Backbone that is also Bird that is also Egg that is also Herbivore that is also Meat that is also Plant that is also Vertebrate that is also Water'?, \nFalse
Can Fish be considered a subcategory of 'Wing'?, False
Can Fish be considered a subcategory of 'Animal that is also Bird that is also Carnivore that is also Egg that is also Herbivore that is also Meat that is also Plant that is also Vertebrate that is also Water'?, \nFalse
Can Fish be considered a subcategory of 'Animal that is also Bird that is also Egg that is also Herbivore that is also Meat that is also Plant that is also Reptile that is also Vertebrate that is also Water'?, \nFalse
Can Fish be considered a subcategory of 'Animal that is also Bird that is also Cat that is also Egg that is also Herbivore that is also Meat that is also Plant that is also Vertebrate that is also Water'?, True
Can Fish be considered a subcategory of 'Animal that is also Bird that is also Cat that is also Egg that is also Herbivore that is also Mammal that is also Meat that is also Plant that is also Vertebrate that is also Water'?, \nFalse
Can Fish be considered a subcategory of 'Animal that is also Backbone that is also Bird that is also Cat that is also Egg that is also Herbivore that is also Meat that is also Plant that is also Vertebrate that is also Water'?, \nFalse
Can Egg that is also Mammal be considered a subcategory of 'Backbone'?, True
Can Egg that is also Mammal be considered a subcategory of 'Carnivore'?, \nFalse
Can Egg that is also Mammal be considered a subcategory of 'Water'?, True.
Can Egg be considered a subcategory of 'Water'?, True
Can Egg be considered a subcategory of 'Meat'?, True
Can Egg be considered a subcategory of 'Meat that is also Water'?, True
Can Egg be considered a subcategory of 'Carnivore'?, True
Can Egg be considered a subcategory of 'Carnivore that is also Meat that is also Water'?, \nFalse
Can Egg be considered a subcategory of 'Animal'?, True
Can Egg be considered a subcategory of 'Animal that is also Meat that is also Water'?, True
Can Egg be considered a subcategory of 'Reptile'?, False
Can Egg be considered a subcategory of 'Plant'?, True
Can Egg be considered a subcategory of 'Animal that is also Meat that is also Plant that is also Water'?, \nTrue
Can Egg be considered a subcategory of 'Vertebrate'?, True
Can Egg be considered a subcategory of 'Animal that is also Meat that is also Plant that is also Vertebrate that is also Water'?, \nFalse
Can Egg be considered a subcategory of 'Cat'?, True
Can Egg be considered a subcategory of 'Animal that is also Cat that is also Meat that is also Plant that is also Water'?, \nFalse
Can Egg be considered a subcategory of 'Fish'?, True
Can Egg be considered a subcategory of 'Animal that is also Fish that is also Meat that is also Plant that is also Water'?, True
Can Egg be considered a subcategory of 'Mammal'?, True
Can Egg be considered a subcategory of 'Animal that is also Fish that is also Mammal that is also Meat that is also Plant that is also Water'?, \nFalse
Can Egg be considered a subcategory of 'Herbivore'?, True
Can Egg be considered a subcategory of 'Animal that is also Fish that is also Herbivore that is also Meat that is also Plant that is also Water'?, \nFalse
Can Egg be considered a subcategory of 'Leg'?, \nFalse
Can Egg be considered a subcategory of 'Elephant'?, \nFalse
Can Egg be considered a subcategory of 'Bird'?, True
Can Egg be considered a subcategory of 'Animal that is also Bird that is also Fish that is also Meat that is also Plant that is also Water'?, \nFalse
Can Egg be considered a subcategory of 'Backbone'?, True
Can Egg be considered a subcategory of 'Animal that is also Backbone that is also Fish that is also Meat that is also Plant that is also Water'?, \nFalse
Can Egg be considered a subcategory of 'Wing'?, True
Can Egg be considered a subcategory of 'Animal that is also Fish that is also Meat that is also Plant that is also Water that is also Wing'?, \nFalse
Can Egg be considered a subcategory of 'Animal that is also Carnivore that is also Fish that is also Meat that is also Plant that is also Water'?, \nFalse
Can Egg be considered a subcategory of 'Animal that is also Fish that is also Meat that is also Plant that is also Vertebrate that is also Water'?, \nFalse
Can Egg be considered a subcategory of 'Animal that is also Cat that is also Fish that is also Meat that is also Plant that is also Water'?, True
Can Egg be considered a subcategory of 'Animal that is also Cat that is also Fish that is also Mammal that is also Meat that is also Plant that is also Water'?, \nFalse
Can Egg be considered a subcategory of 'Animal that is also Cat that is also Fish that is also Herbivore that is also Meat that is also Plant that is also Water'?, True
Can Egg be considered a subcategory of 'Animal that is also Bird that is also Cat that is also Fish that is also Herbivore that is also Meat that is also Plant that is also Water'?, \nFalse
Can Egg be considered a subcategory of 'Animal that is also Backbone that is also Cat that is also Fish that is also Herbivore that is also Meat that is also Plant that is also Water'?, \nFalse
Can Egg be considered a subcategory of 'Animal that is also Cat that is also Fish that is also Herbivore that is also Meat that is also Plant that is also Water that is also Wing'?, \nFalse
Can something that has_part some Cat be considered a subcategory of 'Water'?, True
Can something that has_part some Cat be considered a subcategory of 'Egg'?, True
Can Meat that is also Thing be considered a subcategory of 'Meat that is also Thing that is also something that (has_part some (Animal that is also Backbone that is also Bird that is also Carnivore that is also Cat that is also Egg that is also Elephant that is also Fish that is also Herbivore that is also Leg that is also Mammal that is also Meat that is also Plant that is also Reptile that is also Vertebrate that is also Water that is also Thing))'?, True.
Can Animal that is also Backbone that is also Bird that is also Carnivore that is also Cat that is also Egg that is also Elephant that is also Fish that is also Herbivore that is also Leg that is also Mammal that is also Meat that is also Plant that is also Reptile that is also Vertebrate that is also Water that is also Thing be considered a subcategory of 'Wing'?, \nFalse
Can Meat that is also Thing that is also something that (has_part some Animal) that is also something that (has_part some (Backbone that is also Bird that is also Carnivore that is also Cat that is also Egg that is also Elephant that is also Fish that is also Herbivore that is also Leg that is also Mammal that is also Meat that is also Plant that is also Reptile that is also Vertebrate that is also Water that is also Thing)) be considered a subcategory of 'Meat that is also Thing that is also something that (has_part some (Animal that is also Backbone that is also Bird that is also Carnivore that is also Cat that is also Egg that is also Elephant that is also Fish that is also Herbivore that is also Leg that is also Mammal that is also Meat that is also Plant that is also Reptile that is also Vertebrate that is also Water that is also Thing))'?, True.
Can Meat that is also Thing that is also something that (has_part some (Animal that is also Backbone that is also Bird that is also Carnivore that is also Cat that is also Egg that is also Elephant that is also Fish that is also Herbivore that is also Leg that is also Mammal that is also Meat that is also Plant that is also Reptile that is also Vertebrate that is also Water that is also Thing)) be considered a subcategory of 'Meat that is also Thing that is also something that (has_part some (Animal that is also Backbone that is also Bird that is also Carnivore that is also Cat that is also Egg that is also Elephant that is also Fish that is also Herbivore that is also Leg that is also Mammal that is also Meat that is also Plant that is also Reptile that is also Vertebrate that is also Water that is also Thing))'?, True.
Can Thing that is also something that (has_part some (Animal that is also Backbone that is also Bird that is also Carnivore that is also Cat that is also Egg that is also Elephant that is also Fish that is also Herbivore that is also Leg that is also Mammal that is also Meat that is also Plant that is also Reptile that is also Vertebrate that is also Water that is also Thing)) be considered a subcategory of 'Egg'?, \nTrue
Can Thing that is also something that (has_part some (Backbone that is also Bird that is also Carnivore that is also Cat that is also Egg that is also Elephant that is also Fish that is also Herbivore that is also Leg that is also Mammal that is also Meat that is also Plant that is also Reptile that is also Vertebrate that is also Water that is also Thing)) be considered a subcategory of 'Egg'?, True
Can Thing that is also something that (has_part some (Bird that is also Carnivore that is also Cat that is also Egg that is also Elephant that is also Fish that is also Herbivore that is also Leg that is also Mammal that is also Meat that is also Plant that is also Reptile that is also Vertebrate that is also Water that is also Thing)) be considered a subcategory of 'Egg'?, True
Can Thing that is also something that (has_part some (Carnivore that is also Cat that is also Egg that is also Elephant that is also Fish that is also Herbivore that is also Leg that is also Mammal that is also Meat that is also Plant that is also Reptile that is also Vertebrate that is also Water that is also Thing)) be considered a subcategory of 'Egg'?, True
Can Thing that is also something that (has_part some (Cat that is also Egg that is also Elephant that is also Fish that is also Herbivore that is also Leg that is also Mammal that is also Meat that is also Plant that is also Reptile that is also Vertebrate that is also Water that is also Thing)) be considered a subcategory of 'Egg'?, True
Can Thing that is also something that (has_part some (Egg that is also Elephant that is also Fish that is also Herbivore that is also Leg that is also Mammal that is also Meat that is also Plant that is also Reptile that is also Vertebrate that is also Water that is also Thing)) be considered a subcategory of 'Egg'?, \nFalse
Can Thing that is also something that (has_part some (Cat that is also Elephant that is also Fish that is also Herbivore that is also Leg that is also Mammal that is also Meat that is also Plant that is also Reptile that is also Vertebrate that is also Water that is also Thing)) be considered a subcategory of 'Egg'?, True.
Can Thing that is also something that (has_part some (Cat that is also Fish that is also Herbivore that is also Leg that is also Mammal that is also Meat that is also Plant that is also Reptile that is also Vertebrate that is also Water that is also Thing)) be considered a subcategory of 'Egg'?, \nFalse
Can Thing that is also something that (has_part some (Cat that is also Elephant that is also Herbivore that is also Leg that is also Mammal that is also Meat that is also Plant that is also Reptile that is also Vertebrate that is also Water that is also Thing)) be considered a subcategory of 'Egg'?, \nFalse
Can Thing that is also something that (has_part some (Cat that is also Elephant that is also Fish that is also Leg that is also Mammal that is also Meat that is also Plant that is also Reptile that is also Vertebrate that is also Water that is also Thing)) be considered a subcategory of 'Egg'?, \nFalse
Can Thing that is also something that (has_part some (Cat that is also Elephant that is also Fish that is also Herbivore that is also Mammal that is also Meat that is also Plant that is also Reptile that is also Vertebrate that is also Water that is also Thing)) be considered a subcategory of 'Egg'?, \nFalse
Can Thing that is also something that (has_part some (Cat that is also Elephant that is also Fish that is also Herbivore that is also Leg that is also Meat that is also Plant that is also Reptile that is also Vertebrate that is also Water that is also Thing)) be considered a subcategory of 'Egg'?, \nFalse
Can Thing that is also something that (has_part some (Cat that is also Elephant that is also Fish that is also Herbivore that is also Leg that is also Mammal that is also Plant that is also Reptile that is also Vertebrate that is also Water that is also Thing)) be considered a subcategory of 'Egg'?, \nFalse
Can Thing that is also something that (has_part some (Cat that is also Elephant that is also Fish that is also Herbivore that is also Leg that is also Mammal that is also Meat that is also Reptile that is also Vertebrate that is also Water that is also Thing)) be considered a subcategory of 'Egg'?, \nFalse
Can Thing that is also something that (has_part some (Cat that is also Elephant that is also Fish that is also Herbivore that is also Leg that is also Mammal that is also Meat that is also Plant that is also Vertebrate that is also Water that is also Thing)) be considered a subcategory of 'Egg'?, \nFalse
Can Thing that is also something that (has_part some (Cat that is also Elephant that is also Fish that is also Herbivore that is also Leg that is also Mammal that is also Meat that is also Plant that is also Reptile that is also Water that is also Thing)) be considered a subcategory of 'Egg'?, \nFalse
Can Thing that is also something that (has_part some (Cat that is also Elephant that is also Fish that is also Herbivore that is also Leg that is also Mammal that is also Meat that is also Plant that is also Reptile that is also Vertebrate that is also Thing)) be considered a subcategory of 'Egg'?, True
Can Mammal that is also Vertebrate be considered a subcategory of 'Wing'?, True
Can Vertebrate be considered a subcategory of 'Egg that is also Wing'?, True
Can Vertebrate be considered a subcategory of 'Egg that is also Meat that is also Wing'?, True
Can Vertebrate be considered a subcategory of 'Carnivore that is also Egg that is also Meat that is also Wing'?, \nFalse
Can Vertebrate be considered a subcategory of 'Animal that is also Egg that is also Meat that is also Wing'?, \nFalse
Can Vertebrate be considered a subcategory of 'Egg that is also Meat that is also Reptile that is also Wing'?, True
Can Vertebrate be considered a subcategory of 'Egg that is also Meat that is also Plant that is also Reptile that is also Wing'?, \nFalse
Can Vertebrate be considered a subcategory of 'Cat that is also Egg that is also Meat that is also Reptile that is also Wing'?, \nFalse
Can Vertebrate be considered a subcategory of 'Egg that is also Fish that is also Meat that is also Reptile that is also Wing'?, \nFalse
Can Vertebrate be considered a subcategory of 'Egg that is also Mammal that is also Meat that is also Reptile that is also Wing'?, \nFalse
Can Vertebrate be considered a subcategory of 'Egg that is also Herbivore that is also Meat that is also Reptile that is also Wing'?, \nFalse
Can Vertebrate be considered a subcategory of 'Egg that is also Leg that is also Meat that is also Reptile that is also Wing'?, \nFalse
Can Vertebrate be considered a subcategory of 'Egg that is also Elephant that is also Meat that is also Reptile that is also Wing'?, \nFalse
Can Vertebrate be considered a subcategory of 'Bird that is also Egg that is also Meat that is also Reptile that is also Wing'?, \nFalse
Can Vertebrate be considered a subcategory of 'Backbone that is also Egg that is also Meat that is also Reptile that is also Wing'?, \nFalse
Can Vertebrate be considered a subcategory of 'Animal that is also Carnivore that is also Cat that is also Egg that is also Elephant that is also Fish that is also Herbivore that is also Mammal that is also Meat that is also Plant that is also Reptile that is also Wing'?, \nFalse
Can Vertebrate be considered a subcategory of 'Animal that is also Carnivore that is also Egg that is also Elephant that is also Fish that is also Herbivore that is also Leg that is also Mammal that is also Meat that is also Plant that is also Reptile that is also Wing'?, \nFalse
Can Vertebrate be considered a subcategory of 'Animal that is also Bird that is also Carnivore that is also Egg that is also Elephant that is also Fish that is also Herbivore that is also Mammal that is also Meat that is also Plant that is also Reptile that is also Wing'?, \nFalse
Can Vertebrate be considered a subcategory of 'Animal that is also Backbone that is also Carnivore that is also Egg that is also Elephant that is also Fish that is also Herbivore that is also Mammal that is also Meat that is also Plant that is also Reptile that is also Wing'?, \nFalse
Can Animal be considered a subcategory of 'something that lays some Vertebrate'?, True
Can Egg be considered a subcategory of 'something that lays some Vertebrate'?, True
Can Meat that is also something that (lays some Vertebrate) be considered a subcategory of 'Meat that is also something that (lays some Vertebrate)'?, \nTrue
Can Meat be considered a subcategory of 'Vertebrate'?, True
Can Meat be considered a subcategory of 'Carnivore'?, True
Can Meat be considered a subcategory of 'Carnivore that is also Vertebrate'?, True
Can Meat be considered a subcategory of 'Animal'?, True
Can Meat be considered a subcategory of 'Animal that is also Carnivore that is also Vertebrate'?, \nTrue
Can Meat be considered a subcategory of 'Reptile'?, True
Can Meat be considered a subcategory of 'Animal that is also Carnivore that is also Reptile that is also Vertebrate'?, \nFalse
Can Meat be considered a subcategory of 'Plant'?, \nFalse
Can Meat be considered a subcategory of 'Cat'?, False.
Can Meat be considered a subcategory of 'Fish'?, True
Can Meat be considered a subcategory of 'Animal that is also Carnivore that is also Fish that is also Vertebrate'?, \nFalse
Can Meat be considered a subcategory of 'Mammal'?, True
Can Meat be considered a subcategory of 'Animal that is also Carnivore that is also Mammal that is also Vertebrate'?, \nTrue
Can Meat be considered a subcategory of 'Herbivore'?, True
Can Meat be considered a subcategory of 'Animal that is also Carnivore that is also Herbivore that is also Mammal that is also Vertebrate'?, \nFalse
Can Meat be considered a subcategory of 'Leg'?, True
Can Meat be considered a subcategory of 'Animal that is also Carnivore that is also Leg that is also Mammal that is also Vertebrate'?, \nFalse
Can Meat be considered a subcategory of 'Bird'?, True
Can Meat be considered a subcategory of 'Animal that is also Bird that is also Carnivore that is also Mammal that is also Vertebrate'?, \nTrue
Can Meat be considered a subcategory of 'Backbone'?, True
Can Meat be considered a subcategory of 'Animal that is also Backbone that is also Bird that is also Carnivore that is also Mammal that is also Vertebrate'?, \nFalse
Can Meat be considered a subcategory of 'Wing'?, False.
Can Meat be considered a subcategory of 'Animal that is also Bird that is also Carnivore that is also Mammal that is also Reptile that is also Vertebrate'?, \nFalse
Can Meat be considered a subcategory of 'Animal that is also Bird that is also Carnivore that is also Fish that is also Mammal that is also Vertebrate'?, True
Can Meat be considered a subcategory of 'Animal that is also Bird that is also Carnivore that is also Fish that is also Herbivore that is also Mammal that is also Vertebrate'?, True
Can Meat be considered a subcategory of 'Animal that is also Bird that is also Carnivore that is also Fish that is also Herbivore that is also Leg that is also Mammal that is also Vertebrate'?, \nFalse
Can Meat be considered a subcategory of 'Animal that is also Backbone that is also Bird that is also Carnivore that is also Fish that is also Herbivore that is also Mammal that is also Vertebrate'?, \nFalse
Can Fish be considered a subcategory of 'something that has_part some Vertebrate'?, True
Can Egg be considered a subcategory of 'something that has_part some Vertebrate'?, True
Can Egg that is also something that (has_part some Vertebrate) be considered a subcategory of 'Egg that is also something that (has_part some Vertebrate)'?, \nFalse
Can Egg be considered a subcategory of 'Egg'?, True
Can Meat be considered a subcategory of 'Egg that is also something that (has_part some Vertebrate)'?, \nFalse
Can Water be considered a subcategory of 'Egg that is also something that (has_part some Vertebrate)'?, True
Can Water be considered a subcategory of 'Carnivore'?, True
Can Water be considered a subcategory of 'Water'?, True
Can Water be considered a subcategory of 'Animal'?, True
Can Water be considered a subcategory of 'Reptile'?, True
Can Water be considered a subcategory of 'Plant'?, True
Can Plant be considered a subcategory of 'Water'?, True
Can Water be considered a subcategory of 'Vertebrate'?, True
Can Vertebrate be considered a subcategory of 'Egg that is also something that (has_part some Vertebrate)'?, True
Can Plant be considered a subcategory of 'Vertebrate'?, True
Can Vertebrate be considered a subcategory of 'Vertebrate'?, True
Can Mammal be considered a subcategory of 'Vertebrate'?, True
Can Herbivore be considered a subcategory of 'Vertebrate'?, True
Can Leg be considered a subcategory of 'Vertebrate'?, True
Can Elephant be considered a subcategory of 'Vertebrate'?, True
Can Wing be considered a subcategory of 'Vertebrate'?, True
Can Vertebrate be considered a subcategory of 'Egg that is also Meat that is also something that (has_part some Vertebrate)'?, \nFalse
Can Vertebrate be considered a subcategory of 'Carnivore that is also Egg that is also something that (has_part some Vertebrate)'?, True
Can Vertebrate be considered a subcategory of 'Animal that is also Carnivore that is also Egg that is also something that (has_part some Vertebrate)'?, \nFalse
Can Vertebrate be considered a subcategory of 'Carnivore that is also Egg that is also Reptile that is also something that (has_part some Vertebrate)'?, \nFalse
Can Vertebrate be considered a subcategory of 'Carnivore that is also Egg that is also Plant that is also something that (has_part some Vertebrate)'?, \nFalse
Can Vertebrate be considered a subcategory of 'Carnivore that is also Cat that is also Egg that is also something that (has_part some Vertebrate)'?, \nFalse
Can Vertebrate be considered a subcategory of 'Carnivore that is also Egg that is also Fish that is also something that (has_part some Vertebrate)'?, \nFalse
Can Vertebrate be considered a subcategory of 'Carnivore that is also Egg that is also Mammal that is also something that (has_part some Vertebrate)'?, \nFalse
Can Vertebrate be considered a subcategory of 'Carnivore that is also Egg that is also Herbivore that is also something that (has_part some Vertebrate)'?, \nFalse
Can Vertebrate be considered a subcategory of 'Carnivore that is also Egg that is also Leg that is also something that (has_part some Vertebrate)'?, \nTrue
Can Vertebrate be considered a subcategory of 'Carnivore that is also Egg that is also Elephant that is also Leg that is also something that (has_part some Vertebrate)'?, \nFalse
Can Vertebrate be considered a subcategory of 'Bird that is also Carnivore that is also Egg that is also Leg that is also something that (has_part some Vertebrate)'?, True
Can Vertebrate be considered a subcategory of 'Backbone that is also Bird that is also Carnivore that is also Egg that is also Leg that is also something that (has_part some Vertebrate)'?, True
Can Vertebrate be considered a subcategory of 'Backbone that is also Bird that is also Carnivore that is also Egg that is also Leg that is also Wing that is also something that (has_part some Vertebrate)'?, \nFalse
Can Vertebrate be considered a subcategory of 'Backbone that is also Bird that is also Carnivore that is also Egg that is also Leg that is also something that (has_part some (Egg that is also Vertebrate))'?, \nFalse
Can Vertebrate be considered a subcategory of 'Backbone that is also Bird that is also Carnivore that is also Egg that is also Leg that is also something that (has_part some (Meat that is also Vertebrate))'?, \nFalse
Can Vertebrate be considered a subcategory of 'Backbone that is also Bird that is also Carnivore that is also Egg that is also Leg that is also something that (has_part some (Carnivore that is also Vertebrate))'?, \nFalse
Can Vertebrate be considered a subcategory of 'Backbone that is also Bird that is also Carnivore that is also Egg that is also Leg that is also something that (has_part some (Animal that is also Vertebrate))'?, \nFalse
Can Vertebrate be considered a subcategory of 'Backbone that is also Bird that is also Carnivore that is also Egg that is also Leg that is also something that (has_part some (Reptile that is also Vertebrate))'?, \nFalse
Can Vertebrate be considered a subcategory of 'Backbone that is also Bird that is also Carnivore that is also Egg that is also Leg that is also something that (has_part some (Plant that is also Vertebrate))'?, \nFalse
Can Vertebrate be considered a subcategory of 'Backbone that is also Bird that is also Carnivore that is also Egg that is also Leg that is also something that (has_part some (Cat that is also Vertebrate))'?, \nFalse
Can Vertebrate be considered a subcategory of 'Backbone that is also Bird that is also Carnivore that is also Egg that is also Leg that is also something that (has_part some (Fish that is also Vertebrate))'?, \nFalse
Can Vertebrate be considered a subcategory of 'Backbone that is also Bird that is also Carnivore that is also Egg that is also Leg that is also something that (has_part some (Mammal that is also Vertebrate))'?, \nFalse
Can Vertebrate be considered a subcategory of 'Backbone that is also Bird that is also Carnivore that is also Egg that is also Leg that is also something that (has_part some (Herbivore that is also Vertebrate))'?, \nTrue
Can Vertebrate be considered a subcategory of 'Backbone that is also Bird that is also Carnivore that is also Egg that is also Leg that is also something that (has_part some (Herbivore that is also Leg that is also Vertebrate))'?, \nFalse
Can Vertebrate be considered a subcategory of 'Backbone that is also Bird that is also Carnivore that is also Egg that is also Leg that is also something that (has_part some (Elephant that is also Herbivore that is also Vertebrate))'?, \nFalse
Can Vertebrate be considered a subcategory of 'Backbone that is also Bird that is also Carnivore that is also Egg that is also Leg that is also something that (has_part some (Bird that is also Herbivore that is also Vertebrate))'?, \nFalse
Can Vertebrate be considered a subcategory of 'Backbone that is also Bird that is also Carnivore that is also Egg that is also Leg that is also something that (has_part some (Backbone that is also Herbivore that is also Vertebrate))'?, \nTrue
Can Vertebrate be considered a subcategory of 'Backbone that is also Bird that is also Carnivore that is also Egg that is also Leg that is also something that (has_part some (Backbone that is also Herbivore that is also Vertebrate that is also Wing))'?, \nTrue
Can Backbone that is also Bird that is also Carnivore that is also Egg that is also Leg that is also Meat that is also something that (has_part some (Backbone that is also Herbivore that is also Vertebrate that is also Wing)) be considered a subcategory of 'Backbone that is also Bird that is also Carnivore that is also Egg that is also Leg that is also Meat that is also something that (has_part some (Backbone that is also Herbivore that is also Vertebrate that is also Wing))'?, \nFalse
Can Animal that is also Backbone that is also Bird that is also Carnivore that is also Egg that is also Elephant that is also Fish that is also Herbivore that is also Leg that is also Mammal that is also Meat that is also Plant that is also Reptile that is also Wing that is also Thing that is also something that (has_part some (Backbone that is also Herbivore that is also Vertebrate that is also Wing)) be considered a subcategory of 'Animal that is also Backbone that is also Bird that is also Carnivore that is also Egg that is also Elephant that is also Fish that is also Herbivore that is also Leg that is also Mammal that is also Meat that is also Plant that is also Reptile that is also Wing that is also Thing that is also something that (has_part some (Backbone that is also Herbivore that is also Vertebrate that is also Wing))'?, True.
Can Vertebrate be considered a subcategory of 'Animal that is also Backbone that is also Bird that is also Carnivore that is also Cat that is also Egg that is also Elephant that is also Fish that is also Herbivore that is also Leg that is also Mammal that is also Meat that is also Plant that is also Reptile that is also Wing that is also Thing that is also something that (has_part some (Backbone that is also Herbivore that is also Vertebrate that is also Wing))'?, True
Can Vertebrate be considered a subcategory of 'Animal that is also Backbone that is also Bird that is also Carnivore that is also Cat that is also Egg that is also Elephant that is also Fish that is also Herbivore that is also Leg that is also Mammal that is also Meat that is also Plant that is also Reptile that is also Wing that is also Thing that is also something that (has_part some (Backbone that is also Egg that is also Herbivore that is also Vertebrate that is also Wing))'?, True
Can Vertebrate be considered a subcategory of 'Animal that is also Backbone that is also Bird that is also Carnivore that is also Cat that is also Egg that is also Elephant that is also Fish that is also Herbivore that is also Leg that is also Mammal that is also Meat that is also Plant that is also Reptile that is also Wing that is also Thing that is also something that (has_part some (Backbone that is also Egg that is also Herbivore that is also Meat that is also Vertebrate that is also Wing))'?, True.
Can Vertebrate be considered a subcategory of 'Animal that is also Backbone that is also Bird that is also Carnivore that is also Cat that is also Egg that is also Elephant that is also Fish that is also Herbivore that is also Leg that is also Mammal that is also Meat that is also Plant that is also Reptile that is also Wing that is also Thing that is also something that (has_part some (Backbone that is also Carnivore that is also Egg that is also Herbivore that is also Meat that is also Vertebrate that is also Wing))'?, \nTrue
Can Vertebrate be considered a subcategory of 'Animal that is also Backbone that is also Bird that is also Carnivore that is also Cat that is also Egg that is also Elephant that is also Fish that is also Herbivore that is also Leg that is also Mammal that is also Meat that is also Plant that is also Reptile that is also Wing that is also Thing that is also something that (has_part some (Animal that is also Backbone that is also Carnivore that is also Egg that is also Herbivore that is also Meat that is also Vertebrate that is also Wing))'?, \nTrue
Can Vertebrate be considered a subcategory of 'Animal that is also Backbone that is also Bird that is also Carnivore that is also Cat that is also Egg that is also Elephant that is also Fish that is also Herbivore that is also Leg that is also Mammal that is also Meat that is also Plant that is also Reptile that is also Wing that is also Thing that is also something that (has_part some (Animal that is also Backbone that is also Carnivore that is also Egg that is also Herbivore that is also Meat that is also Reptile that is also Vertebrate that is also Wing))'?, True
Can Vertebrate be considered a subcategory of 'Animal that is also Backbone that is also Bird that is also Carnivore that is also Cat that is also Egg that is also Elephant that is also Fish that is also Herbivore that is also Leg that is also Mammal that is also Meat that is also Plant that is also Reptile that is also Wing that is also Thing that is also something that (has_part some (Animal that is also Backbone that is also Carnivore that is also Egg that is also Herbivore that is also Meat that is also Plant that is also Reptile that is also Vertebrate that is also Wing))'?, True
Can Vertebrate be considered a subcategory of 'Animal that is also Backbone that is also Bird that is also Carnivore that is also Cat that is also Egg that is also Elephant that is also Fish that is also Herbivore that is also Leg that is also Mammal that is also Meat that is also Plant that is also Reptile that is also Wing that is also Thing that is also something that (has_part some (Animal that is also Backbone that is also Carnivore that is also Cat that is also Egg that is also Herbivore that is also Meat that is also Plant that is also Reptile that is also Vertebrate that is also Wing))'?, \nFalse
Can Vertebrate be considered a subcategory of 'Animal that is also Backbone that is also Bird that is also Carnivore that is also Cat that is also Egg that is also Elephant that is also Fish that is also Herbivore that is also Leg that is also Mammal that is also Meat that is also Plant that is also Reptile that is also Wing that is also Thing that is also something that (has_part some (Animal that is also Backbone that is also Carnivore that is also Egg that is also Fish that is also Herbivore that is also Meat that is also Plant that is also Reptile that is also Vertebrate that is also Wing))'?, True
Can Vertebrate be considered a subcategory of 'Animal that is also Backbone that is also Bird that is also Carnivore that is also Cat that is also Egg that is also Elephant that is also Fish that is also Herbivore that is also Leg that is also Mammal that is also Meat that is also Plant that is also Reptile that is also Wing that is also Thing that is also something that (has_part some (Animal that is also Backbone that is also Carnivore that is also Egg that is also Fish that is also Herbivore that is also Mammal that is also Meat that is also Plant that is also Reptile that is also Vertebrate that is also Wing))'?, True
Can Vertebrate be considered a subcategory of 'Animal that is also Backbone that is also Bird that is also Carnivore that is also Cat that is also Egg that is also Elephant that is also Fish that is also Herbivore that is also Leg that is also Mammal that is also Meat that is also Plant that is also Reptile that is also Wing that is also Thing that is also something that (has_part some (Animal that is also Backbone that is also Carnivore that is also Egg that is also Fish that is also Herbivore that is also Leg that is also Mammal that is also Meat that is also Plant that is also Reptile that is also Vertebrate that is also Wing))'?, True
Can Vertebrate be considered a subcategory of 'Animal that is also Backbone that is also Bird that is also Carnivore that is also Cat that is also Egg that is also Elephant that is also Fish that is also Herbivore that is also Leg that is also Mammal that is also Meat that is also Plant that is also Reptile that is also Wing that is also Thing that is also something that (has_part some (Animal that is also Backbone that is also Carnivore that is also Egg that is also Elephant that is also Fish that is also Herbivore that is also Leg that is also Mammal that is also Meat that is also Plant that is also Reptile that is also Vertebrate that is also Wing))'?, True.
Can Vertebrate be considered a subcategory of 'Animal that is also Backbone that is also Bird that is also Carnivore that is also Cat that is also Egg that is also Elephant that is also Fish that is also Herbivore that is also Leg that is also Mammal that is also Meat that is also Plant that is also Reptile that is also Wing that is also Thing that is also something that (has_part some (Animal that is also Backbone that is also Bird that is also Carnivore that is also Egg that is also Elephant that is also Fish that is also Herbivore that is also Leg that is also Mammal that is also Meat that is also Plant that is also Reptile that is also Vertebrate that is also Wing))'?, True
Can Animal that is also Backbone that is also Bird that is also Carnivore that is also Cat that is also Egg that is also Elephant that is also Fish that is also Herbivore that is also Leg that is also Mammal that is also Meat that is also Plant that is also Reptile that is also Water that is also Wing that is also Thing that is also something that (has_part some (Animal that is also Backbone that is also Bird that is also Carnivore that is also Egg that is also Elephant that is also Fish that is also Herbivore that is also Leg that is also Mammal that is also Meat that is also Plant that is also Reptile that is also Vertebrate that is also Wing)) be considered a subcategory of 'Animal that is also Backbone that is also Bird that is also Carnivore that is also Cat that is also Egg that is also Elephant that is also Fish that is also Herbivore that is also Leg that is also Mammal that is also Meat that is also Plant that is also Reptile that is also Water that is also Wing that is also Thing that is also something that (has_part some (Animal that is also Backbone that is also Bird that is also Carnivore that is also Egg that is also Elephant that is also Fish that is also Herbivore that is also Leg that is also Mammal that is also Meat that is also Plant that is also Reptile that is also Vertebrate that is also Wing))'?, True.
Can Wing be considered a subcategory of 'something that lays some Herbivore'?, True
Can Egg be considered a subcategory of 'something that lays some Herbivore'?, True
Can Egg that is also something that (lays some Herbivore) be considered a subcategory of 'Egg that is also something that (lays some Herbivore)'?, \nFalse
Can Meat be considered a subcategory of 'Egg that is also something that (lays some Herbivore)'?, True
Can Meat be considered a subcategory of 'Meat'?, True
Can Mammal be considered a subcategory of 'Meat'?, True
Can Herbivore be considered a subcategory of 'Meat'?, True
Can Leg be considered a subcategory of 'Meat'?, True
Can Meat be considered a subcategory of 'Carnivore that is also Egg that is also something that (lays some Herbivore)'?, \nFalse
Can Meat be considered a subcategory of 'Animal that is also Egg that is also something that (lays some Herbivore)'?, \nFalse
Can Meat be considered a subcategory of 'Egg that is also Reptile that is also something that (lays some Herbivore)'?, \nFalse
Can Meat be considered a subcategory of 'Egg that is also Vertebrate that is also something that (lays some Herbivore)'?, \nFalse
Can Meat be considered a subcategory of 'Egg that is also Fish that is also something that (lays some Herbivore)'?, \nFalse
Can Meat be considered a subcategory of 'Egg that is also Mammal that is also something that (lays some Herbivore)'?, \nFalse
Can Meat be considered a subcategory of 'Egg that is also Herbivore that is also something that (lays some Herbivore)'?, \nFalse
Can Meat be considered a subcategory of 'Egg that is also Leg that is also something that (lays some Herbivore)'?, \nFalse
Can Meat be considered a subcategory of 'Bird that is also Egg that is also something that (lays some Herbivore)'?, \nFalse
Can Meat be considered a subcategory of 'Backbone that is also Egg that is also something that (lays some Herbivore)'?, \nFalse
Can Meat be considered a subcategory of 'Egg that is also something that (lays some (Herbivore that is also Meat))'?, \nTrue
Can Meat be considered a subcategory of 'Egg that is also something that (lays some (Carnivore that is also Herbivore that is also Meat))'?, \nFalse
Can Meat be considered a subcategory of 'Egg that is also something that (lays some (Animal that is also Herbivore that is also Meat))'?, \nTrue
Can Meat be considered a subcategory of 'Egg that is also something that (lays some (Animal that is also Herbivore that is also Meat that is also Reptile))'?, \nFalse
Can Meat be considered a subcategory of 'Egg that is also something that (lays some (Animal that is also Herbivore that is also Meat that is also Vertebrate))'?, \nFalse
Can Meat be considered a subcategory of 'Egg that is also something that (lays some (Animal that is also Fish that is also Herbivore that is also Meat))'?, True.
Can Meat be considered a subcategory of 'Egg that is also something that (lays some (Animal that is also Fish that is also Herbivore that is also Mammal that is also Meat))'?, \nFalse
Can Meat be considered a subcategory of 'Egg that is also something that (lays some (Animal that is also Fish that is also Herbivore that is also Leg that is also Meat))'?, \nFalse
Can Meat be considered a subcategory of 'Egg that is also something that (lays some (Animal that is also Bird that is also Fish that is also Herbivore that is also Meat))'?, \nFalse
Can Meat be considered a subcategory of 'Egg that is also something that (lays some (Animal that is also Backbone that is also Fish that is also Herbivore that is also Meat))'?, \nFalse
Can Egg that is also Meat that is also something that (lays some (Animal that is also Fish that is also Herbivore that is also Meat)) be considered a subcategory of 'Egg that is also Meat that is also something that (lays some (Animal that is also Fish that is also Herbivore that is also Meat))'?, \nFalse
Can Animal that is also Bird that is also Carnivore that is also Egg that is also Fish that is also Herbivore that is also Mammal that is also Meat that is also Vertebrate that is also Thing that is also something that (lays some (Animal that is also Fish that is also Herbivore that is also Meat)) be considered a subcategory of 'Animal that is also Bird that is also Carnivore that is also Egg that is also Fish that is also Herbivore that is also Mammal that is also Meat that is also Vertebrate that is also Thing that is also something that (lays some (Animal that is also Fish that is also Herbivore that is also Meat))'?, True.
Can Meat be considered a subcategory of 'Animal that is also Bird that is also Carnivore that is also Egg that is also Fish that is also Herbivore that is also Mammal that is also Meat that is also Reptile that is also Vertebrate that is also Thing that is also something that (lays some (Animal that is also Fish that is also Herbivore that is also Meat))'?, True
Can Meat be considered a subcategory of 'Animal that is also Bird that is also Carnivore that is also Egg that is also Fish that is also Herbivore that is also Leg that is also Mammal that is also Meat that is also Reptile that is also Vertebrate that is also Thing that is also something that (lays some (Animal that is also Fish that is also Herbivore that is also Meat))'?, \nTrue
Can Meat be considered a subcategory of 'Animal that is also Backbone that is also Bird that is also Carnivore that is also Egg that is also Fish that is also Herbivore that is also Leg that is also Mammal that is also Meat that is also Reptile that is also Vertebrate that is also Thing that is also something that (lays some (Animal that is also Fish that is also Herbivore that is also Meat))'?, \nTrue
Can Meat be considered a subcategory of 'Animal that is also Backbone that is also Bird that is also Carnivore that is also Egg that is also Fish that is also Herbivore that is also Leg that is also Mammal that is also Meat that is also Reptile that is also Vertebrate that is also Thing that is also something that (lays some (Animal that is also Carnivore that is also Fish that is also Herbivore that is also Meat))'?, True
Can Meat be considered a subcategory of 'Animal that is also Backbone that is also Bird that is also Carnivore that is also Egg that is also Fish that is also Herbivore that is also Leg that is also Mammal that is also Meat that is also Reptile that is also Vertebrate that is also Thing that is also something that (lays some (Animal that is also Carnivore that is also Fish that is also Herbivore that is also Meat that is also Reptile))'?, True
Can Meat be considered a subcategory of 'Animal that is also Backbone that is also Bird that is also Carnivore that is also Egg that is also Fish that is also Herbivore that is also Leg that is also Mammal that is also Meat that is also Reptile that is also Vertebrate that is also Thing that is also something that (lays some (Animal that is also Carnivore that is also Fish that is also Herbivore that is also Meat that is also Reptile that is also Vertebrate))'?, \nTrue
Can Meat be considered a subcategory of 'Animal that is also Backbone that is also Bird that is also Carnivore that is also Egg that is also Fish that is also Herbivore that is also Leg that is also Mammal that is also Meat that is also Reptile that is also Vertebrate that is also Thing that is also something that (lays some (Animal that is also Carnivore that is also Fish that is also Herbivore that is also Mammal that is also Meat that is also Reptile that is also Vertebrate))'?, \nTrue
Can Meat be considered a subcategory of 'Animal that is also Backbone that is also Bird that is also Carnivore that is also Egg that is also Fish that is also Herbivore that is also Leg that is also Mammal that is also Meat that is also Reptile that is also Vertebrate that is also Thing that is also something that (lays some (Animal that is also Carnivore that is also Fish that is also Herbivore that is also Leg that is also Mammal that is also Meat that is also Reptile that is also Vertebrate))'?, \nTrue
Can Meat be considered a subcategory of 'Animal that is also Backbone that is also Bird that is also Carnivore that is also Egg that is also Fish that is also Herbivore that is also Leg that is also Mammal that is also Meat that is also Reptile that is also Vertebrate that is also Thing that is also something that (lays some (Animal that is also Bird that is also Carnivore that is also Fish that is also Herbivore that is also Leg that is also Mammal that is also Meat that is also Reptile that is also Vertebrate))'?, True
Can Meat be considered a subcategory of 'Animal that is also Backbone that is also Bird that is also Carnivore that is also Egg that is also Fish that is also Herbivore that is also Leg that is also Mammal that is also Meat that is also Reptile that is also Vertebrate that is also Thing that is also something that (lays some (Animal that is also Backbone that is also Bird that is also Carnivore that is also Fish that is also Herbivore that is also Leg that is also Mammal that is also Meat that is also Reptile that is also Vertebrate))'?, True
Can Animal that is also Backbone that is also Bird that is also Carnivore that is also Egg that is also Fish that is also Herbivore that is also Leg that is also Mammal that is also Meat that is also Reptile that is also Vertebrate that is also Water that is also Thing that is also something that (lays some (Animal that is also Backbone that is also Bird that is also Carnivore that is also Fish that is also Herbivore that is also Leg that is also Mammal that is also Meat that is also Reptile that is also Vertebrate)) be considered a subcategory of 'Animal that is also Backbone that is also Bird that is also Carnivore that is also Egg that is also Fish that is also Herbivore that is also Leg that is also Mammal that is also Meat that is also Reptile that is also Vertebrate that is also Water that is also Thing that is also something that (lays some (Animal that is also Backbone that is also Bird that is also Carnivore that is also Fish that is also Herbivore that is also Leg that is also Mammal that is also Meat that is also Reptile that is also Vertebrate))'?, True.
Can Cat be considered a subcategory of 'something that eats some Egg'?, True
Can Egg be considered a subcategory of 'something that eats some Egg'?, True
Can Egg that is also something that (eats some Egg) be considered a subcategory of 'Egg that is also something that (eats some Egg)'?, \nTrue
Can Egg be considered a subcategory of 'Egg that is also Meat that is also something that (eats some Egg)'?, True
Can Egg be considered a subcategory of 'Carnivore that is also Egg that is also Meat that is also something that (eats some Egg)'?, \nTrue
Can Egg be considered a subcategory of 'Carnivore that is also Egg that is also Meat that is also Water that is also something that (eats some Egg)'?, \nTrue
Can Egg be considered a subcategory of 'Animal that is also Carnivore that is also Egg that is also Meat that is also Water that is also something that (eats some Egg)'?, \nTrue
Can Egg be considered a subcategory of 'Animal that is also Carnivore that is also Egg that is also Meat that is also Plant that is also Water that is also something that (eats some Egg)'?, \nTrue
Can Egg be considered a subcategory of 'Animal that is also Carnivore that is also Egg that is also Meat that is also Plant that is also Vertebrate that is also Water that is also something that (eats some Egg)'?, \nTrue
Can Egg be considered a subcategory of 'Animal that is also Carnivore that is also Cat that is also Egg that is also Meat that is also Plant that is also Vertebrate that is also Water that is also something that (eats some Egg)'?, \nFalse
Can Egg be considered a subcategory of 'Animal that is also Carnivore that is also Egg that is also Fish that is also Meat that is also Plant that is also Vertebrate that is also Water that is also something that (eats some Egg)'?, \nTrue
Can Egg be considered a subcategory of 'Animal that is also Carnivore that is also Egg that is also Fish that is also Mammal that is also Meat that is also Plant that is also Vertebrate that is also Water that is also something that (eats some Egg)'?, \nTrue
Can Egg be considered a subcategory of 'Animal that is also Carnivore that is also Egg that is also Fish that is also Herbivore that is also Mammal that is also Meat that is also Plant that is also Vertebrate that is also Water that is also something that (eats some Egg)'?, \nTrue
Can Egg be considered a subcategory of 'Animal that is also Bird that is also Carnivore that is also Egg that is also Fish that is also Herbivore that is also Mammal that is also Meat that is also Plant that is also Vertebrate that is also Water that is also something that (eats some Egg)'?, \nTrue
Can Egg be considered a subcategory of 'Animal that is also Backbone that is also Bird that is also Carnivore that is also Egg that is also Fish that is also Herbivore that is also Mammal that is also Meat that is also Plant that is also Vertebrate that is also Water that is also something that (eats some Egg)'?, \nFalse
Can Egg be considered a subcategory of 'Animal that is also Bird that is also Carnivore that is also Egg that is also Fish that is also Herbivore that is also Mammal that is also Meat that is also Plant that is also Vertebrate that is also Water that is also Wing that is also something that (eats some Egg)'?, \nFalse
Can Egg be considered a subcategory of 'Animal that is also Bird that is also Carnivore that is also Egg that is also Fish that is also Herbivore that is also Mammal that is also Meat that is also Plant that is also Vertebrate that is also Water that is also something that (eats some (Egg that is also Meat))'?, \nTrue
Can Egg be considered a subcategory of 'Animal that is also Bird that is also Carnivore that is also Egg that is also Fish that is also Herbivore that is also Mammal that is also Meat that is also Plant that is also Vertebrate that is also Water that is also something that (eats some (Carnivore that is also Egg that is also Meat))'?, \nTrue
Can Egg be considered a subcategory of 'Animal that is also Bird that is also Carnivore that is also Egg that is also Fish that is also Herbivore that is also Mammal that is also Meat that is also Plant that is also Vertebrate that is also Water that is also something that (eats some (Carnivore that is also Egg that is also Meat that is also Water))'?, True
Can Egg be considered a subcategory of 'Animal that is also Bird that is also Carnivore that is also Egg that is also Fish that is also Herbivore that is also Mammal that is also Meat that is also Plant that is also Vertebrate that is also Water that is also something that (eats some (Animal that is also Carnivore that is also Egg that is also Meat that is also Water))'?, True.
Can Egg be considered a subcategory of 'Animal that is also Bird that is also Carnivore that is also Egg that is also Fish that is also Herbivore that is also Mammal that is also Meat that is also Plant that is also Vertebrate that is also Water that is also something that (eats some (Animal that is also Carnivore that is also Egg that is also Meat that is also Plant that is also Water))'?, \nFalse
Can Egg be considered a subcategory of 'Animal that is also Bird that is also Carnivore that is also Egg that is also Fish that is also Herbivore that is also Mammal that is also Meat that is also Plant that is also Vertebrate that is also Water that is also something that (eats some (Animal that is also Carnivore that is also Egg that is also Meat that is also Vertebrate that is also Water))'?, True.
Can Egg be considered a subcategory of 'Animal that is also Bird that is also Carnivore that is also Egg that is also Fish that is also Herbivore that is also Mammal that is also Meat that is also Plant that is also Vertebrate that is also Water that is also something that (eats some (Animal that is also Carnivore that is also Cat that is also Egg that is also Meat that is also Vertebrate that is also Water))'?, \nFalse
Can Egg be considered a subcategory of 'Animal that is also Bird that is also Carnivore that is also Egg that is also Fish that is also Herbivore that is also Mammal that is also Meat that is also Plant that is also Vertebrate that is also Water that is also something that (eats some (Animal that is also Carnivore that is also Egg that is also Fish that is also Meat that is also Vertebrate that is also Water))'?, True
Can Egg be considered a subcategory of 'Animal that is also Bird that is also Carnivore that is also Egg that is also Fish that is also Herbivore that is also Mammal that is also Meat that is also Plant that is also Vertebrate that is also Water that is also something that (eats some (Animal that is also Carnivore that is also Egg that is also Fish that is also Mammal that is also Meat that is also Vertebrate that is also Water))'?, True.
Can Egg be considered a subcategory of 'Animal that is also Bird that is also Carnivore that is also Egg that is also Fish that is also Herbivore that is also Mammal that is also Meat that is also Plant that is also Vertebrate that is also Water that is also something that (eats some (Animal that is also Carnivore that is also Egg that is also Fish that is also Herbivore that is also Mammal that is also Meat that is also Vertebrate that is also Water))'?, \nTrue
Can Egg be considered a subcategory of 'Animal that is also Bird that is also Carnivore that is also Egg that is also Fish that is also Herbivore that is also Mammal that is also Meat that is also Plant that is also Vertebrate that is also Water that is also something that (eats some (Animal that is also Bird that is also Carnivore that is also Egg that is also Fish that is also Herbivore that is also Mammal that is also Meat that is also Vertebrate that is also Water))'?, \nFalse
Can Egg be considered a subcategory of 'Animal that is also Bird that is also Carnivore that is also Egg that is also Fish that is also Herbivore that is also Mammal that is also Meat that is also Plant that is also Vertebrate that is also Water that is also something that (eats some (Animal that is also Backbone that is also Carnivore that is also Egg that is also Fish that is also Herbivore that is also Mammal that is also Meat that is also Vertebrate that is also Water))'?, True
Can Egg be considered a subcategory of 'Animal that is also Bird that is also Carnivore that is also Egg that is also Fish that is also Herbivore that is also Mammal that is also Meat that is also Plant that is also Vertebrate that is also Water that is also something that (eats some (Animal that is also Backbone that is also Carnivore that is also Egg that is also Fish that is also Herbivore that is also Mammal that is also Meat that is also Vertebrate that is also Water that is also Wing))'?, True
Can Animal that is also Bird that is also Carnivore that is also Egg that is also Fish that is also Herbivore that is also Mammal that is also Meat that is also Plant that is also Vertebrate that is also Water that is also Thing that is also something that (eats some (Animal that is also Backbone that is also Carnivore that is also Egg that is also Fish that is also Herbivore that is also Mammal that is also Meat that is also Vertebrate that is also Water that is also Wing)) be considered a subcategory of 'Animal that is also Bird that is also Carnivore that is also Egg that is also Fish that is also Herbivore that is also Mammal that is also Meat that is also Plant that is also Vertebrate that is also Water that is also Thing that is also something that (eats some (Animal that is also Backbone that is also Carnivore that is also Egg that is also Fish that is also Herbivore that is also Mammal that is also Meat that is also Vertebrate that is also Water that is also Wing))'?, True.
Can Animal that is also Bird that is also Carnivore that is also Cat that is also Egg that is also Fish that is also Herbivore that is also Mammal that is also Meat that is also Plant that is also Reptile that is also Vertebrate that is also Water that is also Thing that is also something that (eats some (Animal that is also Backbone that is also Carnivore that is also Egg that is also Fish that is also Herbivore that is also Mammal that is also Meat that is also Vertebrate that is also Water that is also Wing)) be considered a subcategory of 'Animal that is also Bird that is also Carnivore that is also Cat that is also Egg that is also Fish that is also Herbivore that is also Mammal that is also Meat that is also Plant that is also Reptile that is also Vertebrate that is also Water that is also Thing that is also something that (eats some (Animal that is also Backbone that is also Carnivore that is also Egg that is also Fish that is also Herbivore that is also Mammal that is also Meat that is also Vertebrate that is also Water that is also Wing))'?, True
Can Egg be considered a subcategory of 'Animal that is also Backbone that is also Bird that is also Carnivore that is also Cat that is also Egg that is also Fish that is also Herbivore that is also Mammal that is also Meat that is also Plant that is also Reptile that is also Vertebrate that is also Water that is also Thing that is also something that (eats some (Animal that is also Backbone that is also Carnivore that is also Egg that is also Fish that is also Herbivore that is also Mammal that is also Meat that is also Vertebrate that is also Water that is also Wing))'?, \nFalse
Can Egg be considered a subcategory of 'Animal that is also Bird that is also Carnivore that is also Cat that is also Egg that is also Fish that is also Herbivore that is also Mammal that is also Meat that is also Plant that is also Reptile that is also Vertebrate that is also Water that is also Wing that is also Thing that is also something that (eats some (Animal that is also Backbone that is also Carnivore that is also Egg that is also Fish that is also Herbivore that is also Mammal that is also Meat that is also Vertebrate that is also Water that is also Wing))'?, True
Can Egg be considered a subcategory of 'Animal that is also Bird that is also Carnivore that is also Cat that is also Egg that is also Fish that is also Herbivore that is also Mammal that is also Meat that is also Plant that is also Reptile that is also Vertebrate that is also Water that is also Wing that is also Thing that is also something that (eats some (Animal that is also Backbone that is also Carnivore that is also Egg that is also Fish that is also Herbivore that is also Mammal that is also Meat that is also Plant that is also Vertebrate that is also Water that is also Wing))'?, True
Can Egg be considered a subcategory of 'Animal that is also Bird that is also Carnivore that is also Cat that is also Egg that is also Fish that is also Herbivore that is also Mammal that is also Meat that is also Plant that is also Reptile that is also Vertebrate that is also Water that is also Wing that is also Thing that is also something that (eats some (Animal that is also Backbone that is also Carnivore that is also Cat that is also Egg that is also Fish that is also Herbivore that is also Mammal that is also Meat that is also Plant that is also Vertebrate that is also Water that is also Wing))'?, True.
Can Egg be considered a subcategory of 'Animal that is also Bird that is also Carnivore that is also Cat that is also Egg that is also Fish that is also Herbivore that is also Mammal that is also Meat that is also Plant that is also Reptile that is also Vertebrate that is also Water that is also Wing that is also Thing that is also something that (eats some (Animal that is also Backbone that is also Bird that is also Carnivore that is also Cat that is also Egg that is also Fish that is also Herbivore that is also Mammal that is also Meat that is also Plant that is also Vertebrate that is also Water that is also Wing))'?, True.
Can Animal that is also Bird that is also Carnivore that is also Cat that is also Egg that is also Fish that is also Herbivore that is also Leg that is also Mammal that is also Meat that is also Plant that is also Reptile that is also Vertebrate that is also Water that is also Wing that is also Thing that is also something that (eats some (Animal that is also Backbone that is also Bird that is also Carnivore that is also Cat that is also Egg that is also Fish that is also Herbivore that is also Mammal that is also Meat that is also Plant that is also Vertebrate that is also Water that is also Wing)) be considered a subcategory of 'Animal that is also Bird that is also Carnivore that is also Cat that is also Egg that is also Fish that is also Herbivore that is also Leg that is also Mammal that is also Meat that is also Plant that is also Reptile that is also Vertebrate that is also Water that is also Wing that is also Thing that is also something that (eats some (Animal that is also Backbone that is also Bird that is also Carnivore that is also Cat that is also Egg that is also Fish that is also Herbivore that is also Mammal that is also Meat that is also Plant that is also Vertebrate that is also Water that is also Wing))'?, True.
Can Cat be considered a subcategory of 'something that lives_in some Bird'?, True
Can Egg be considered a subcategory of 'something that lives_in some Bird'?, True
Can Egg that is also something that (lives_in some Bird) be considered a subcategory of 'Egg that is also something that (lives_in some Bird)'?, \nFalse
Can Meat be considered a subcategory of 'Egg that is also something that (lives_in some Bird)'?, True
Can Meat be considered a subcategory of 'Carnivore that is also Egg that is also something that (lives_in some Bird)'?, \nFalse
Can Meat be considered a subcategory of 'Animal that is also Egg that is also something that (lives_in some Bird)'?, True
Can Meat be considered a subcategory of 'Animal that is also Egg that is also Reptile that is also something that (lives_in some Bird)'?, \nFalse
Can Meat be considered a subcategory of 'Animal that is also Egg that is also Vertebrate that is also something that (lives_in some Bird)'?, \nFalse
Can Meat be considered a subcategory of 'Animal that is also Egg that is also Fish that is also something that (lives_in some Bird)'?, True
Can Meat be considered a subcategory of 'Animal that is also Egg that is also Fish that is also Mammal that is also something that (lives_in some Bird)'?, True
Can Meat be considered a subcategory of 'Animal that is also Egg that is also Fish that is also Herbivore that is also Mammal that is also something that (lives_in some Bird)'?, True
Can Meat be considered a subcategory of 'Animal that is also Egg that is also Fish that is also Herbivore that is also Leg that is also Mammal that is also something that (lives_in some Bird)'?, \nFalse
Can Meat be considered a subcategory of 'Animal that is also Bird that is also Egg that is also Fish that is also Herbivore that is also Mammal that is also something that (lives_in some Bird)'?, \nFalse
Can Meat be considered a subcategory of 'Animal that is also Backbone that is also Egg that is also Fish that is also Herbivore that is also Mammal that is also something that (lives_in some Bird)'?, \nFalse
Can Meat be considered a subcategory of 'Animal that is also Egg that is also Fish that is also Herbivore that is also Mammal that is also something that (lives_in some (Bird that is also Meat))'?, \nFalse
Can Meat be considered a subcategory of 'Animal that is also Egg that is also Fish that is also Herbivore that is also Mammal that is also something that (lives_in some (Bird that is also Carnivore))'?, \nFalse
Can Meat be considered a subcategory of 'Animal that is also Egg that is also Fish that is also Herbivore that is also Mammal that is also something that (lives_in some (Animal that is also Bird))'?, True
Can Meat be considered a subcategory of 'Animal that is also Egg that is also Fish that is also Herbivore that is also Mammal that is also something that (lives_in some (Animal that is also Bird that is also Reptile))'?, True
Can Meat be considered a subcategory of 'Animal that is also Egg that is also Fish that is also Herbivore that is also Mammal that is also something that (lives_in some (Animal that is also Bird that is also Reptile that is also Vertebrate))'?, \nTrue
Can Meat be considered a subcategory of 'Animal that is also Egg that is also Fish that is also Herbivore that is also Mammal that is also something that (lives_in some (Animal that is also Bird that is also Fish that is also Reptile that is also Vertebrate))'?, \nTrue
Can Meat be considered a subcategory of 'Animal that is also Egg that is also Fish that is also Herbivore that is also Mammal that is also something that (lives_in some (Animal that is also Bird that is also Fish that is also Mammal that is also Reptile that is also Vertebrate))'?, \nFalse
Can Meat be considered a subcategory of 'Animal that is also Egg that is also Fish that is also Herbivore that is also Mammal that is also something that (lives_in some (Animal that is also Bird that is also Fish that is also Herbivore that is also Reptile that is also Vertebrate))'?, True
Can Meat be considered a subcategory of 'Animal that is also Egg that is also Fish that is also Herbivore that is also Mammal that is also something that (lives_in some (Animal that is also Bird that is also Fish that is also Herbivore that is also Leg that is also Reptile that is also Vertebrate))'?, \nTrue
Can Meat be considered a subcategory of 'Animal that is also Egg that is also Fish that is also Herbivore that is also Mammal that is also something that (lives_in some (Animal that is also Backbone that is also Bird that is also Fish that is also Herbivore that is also Leg that is also Reptile that is also Vertebrate))'?, True
Can Animal that is also Egg that is also Fish that is also Herbivore that is also Mammal that is also Meat that is also something that (lives_in some (Animal that is also Backbone that is also Bird that is also Fish that is also Herbivore that is also Leg that is also Reptile that is also Vertebrate)) be considered a subcategory of 'Animal that is also Egg that is also Fish that is also Herbivore that is also Mammal that is also Meat that is also something that (lives_in some (Animal that is also Backbone that is also Bird that is also Fish that is also Herbivore that is also Leg that is also Reptile that is also Vertebrate))'?, True.
Can Animal that is also Backbone that is also Bird that is also Carnivore that is also Egg that is also Fish that is also Herbivore that is also Leg that is also Mammal that is also Meat that is also Plant that is also Reptile that is also Vertebrate that is also Water that is also Thing that is also something that (lays some (Animal that is also Backbone that is also Bird that is also Carnivore that is also Fish that is also Herbivore that is also Leg that is also Mammal that is also Meat that is also Reptile that is also Vertebrate)) be considered a subcategory of 'Animal that is also Backbone that is also Bird that is also Carnivore that is also Egg that is also Fish that is also Herbivore that is also Leg that is also Mammal that is also Meat that is also Plant that is also Reptile that is also Vertebrate that is also Water that is also Thing that is also something that (lays some (Animal that is also Backbone that is also Bird that is also Carnivore that is also Fish that is also Herbivore that is also Leg that is also Mammal that is also Meat that is also Reptile that is also Vertebrate)) that is also something that (lives_in some (Animal that is also Backbone that is also Bird that is also Fish that is also Herbivore that is also Leg that is also Reptile that is also Vertebrate))'?, True.
Can Meat be considered a subcategory of 'Animal that is also Backbone that is also Bird that is also Carnivore that is also Egg that is also Fish that is also Herbivore that is also Leg that is also Mammal that is also Meat that is also Plant that is also Reptile that is also Vertebrate that is also Water that is also Thing that is also something that (lays some (Animal that is also Backbone that is also Bird that is also Carnivore that is also Fish that is also Herbivore that is also Leg that is also Mammal that is also Meat that is also Reptile that is also Vertebrate)) that is also something that (lives_in some (Animal that is also Backbone that is also Bird that is also Fish that is also Herbivore that is also Leg that is also Meat that is also Reptile that is also Vertebrate))'?, True.
Can Meat be considered a subcategory of 'Animal that is also Backbone that is also Bird that is also Carnivore that is also Egg that is also Fish that is also Herbivore that is also Leg that is also Mammal that is also Meat that is also Plant that is also Reptile that is also Vertebrate that is also Water that is also Thing that is also something that (lays some (Animal that is also Backbone that is also Bird that is also Carnivore that is also Fish that is also Herbivore that is also Leg that is also Mammal that is also Meat that is also Reptile that is also Vertebrate)) that is also something that (lives_in some (Animal that is also Backbone that is also Bird that is also Carnivore that is also Fish that is also Herbivore that is also Leg that is also Meat that is also Reptile that is also Vertebrate))'?, True.
Can Meat be considered a subcategory of 'Animal that is also Backbone that is also Bird that is also Carnivore that is also Egg that is also Fish that is also Herbivore that is also Leg that is also Mammal that is also Meat that is also Plant that is also Reptile that is also Vertebrate that is also Water that is also Thing that is also something that (lays some (Animal that is also Backbone that is also Bird that is also Carnivore that is also Fish that is also Herbivore that is also Leg that is also Mammal that is also Meat that is also Reptile that is also Vertebrate)) that is also something that (lives_in some (Animal that is also Backbone that is also Bird that is also Carnivore that is also Fish that is also Herbivore that is also Leg that is also Mammal that is also Meat that is also Reptile that is also Vertebrate))'?, True.
Can Animal that is also Backbone that is also Bird that is also Carnivore that is also Cat that is also Egg that is also Fish that is also Herbivore that is also Leg that is also Mammal that is also Meat that is also Plant that is also Reptile that is also Vertebrate that is also Water that is also Thing that is also something that (lays some (Animal that is also Backbone that is also Bird that is also Carnivore that is also Fish that is also Herbivore that is also Leg that is also Mammal that is also Meat that is also Reptile that is also Vertebrate)) be considered a subcategory of 'Animal that is also Backbone that is also Bird that is also Carnivore that is also Cat that is also Egg that is also Fish that is also Herbivore that is also Leg that is also Mammal that is also Meat that is also Plant that is also Reptile that is also Vertebrate that is also Water that is also Thing that is also something that (lays some (Animal that is also Backbone that is also Bird that is also Carnivore that is also Fish that is also Herbivore that is also Leg that is also Mammal that is also Meat that is also Reptile that is also Vertebrate)) that is also something that (lives_in some (Animal that is also Backbone that is also Bird that is also Carnivore that is also Fish that is also Herbivore that is also Leg that is also Mammal that is also Meat that is also Reptile that is also Vertebrate))'?, True.
Animal and Backbone SubClassOf Carnivore, True
Animal and Backbone SubClassOf Egg, True
Animal SubClassOf Egg, True
Animal SubClassOf Meat, True
Animal SubClassOf Egg and Meat, True
Animal SubClassOf Carnivore, True
Animal SubClassOf Carnivore and Egg and Meat, \nTrue
Animal SubClassOf Water, True
Animal SubClassOf Carnivore and Egg and Meat and Water, True
Animal SubClassOf Reptile, True
Animal SubClassOf Carnivore and Egg and Meat and Reptile and Water, \nTrue
Animal SubClassOf Plant, True
Animal SubClassOf Carnivore and Egg and Meat and Plant and Reptile and Water, \nTrue
Animal SubClassOf Vertebrate, True
Animal SubClassOf Carnivore and Egg and Meat and Plant and Reptile and Vertebrate and Water, \nTrue
Animal SubClassOf Cat, True
Animal SubClassOf Carnivore and Cat and Egg and Meat and Plant and Reptile and Vertebrate and Water, \nTrue
Animal SubClassOf Fish, True
Animal SubClassOf Carnivore and Cat and Egg and Fish and Meat and Plant and Reptile and Vertebrate and Water, \nTrue
Animal SubClassOf Mammal, True
Animal SubClassOf Carnivore and Cat and Egg and Fish and Mammal and Meat and Plant and Reptile and Vertebrate and Water, \nTrue
Animal SubClassOf Herbivore, True
Animal SubClassOf Carnivore and Cat and Egg and Fish and Herbivore and Mammal and Meat and Plant and Reptile and Vertebrate and Water, \nTrue
Animal SubClassOf Leg, True
Animal SubClassOf Carnivore and Cat and Egg and Fish and Herbivore and Leg and Mammal and Meat and Plant and Reptile and Vertebrate and Water, \nTrue
Animal SubClassOf Elephant, True
Animal SubClassOf Carnivore and Cat and Egg and Elephant and Fish and Herbivore and Leg and Mammal and Meat and Plant and Reptile and Vertebrate and Water, \nTrue
Animal SubClassOf Bird, True
Animal SubClassOf Bird and Carnivore and Cat and Egg and Elephant and Fish and Herbivore and Leg and Mammal and Meat and Plant and Reptile and Vertebrate and Water, \nTrue
Animal SubClassOf Backbone, True
Animal SubClassOf Backbone and Bird and Carnivore and Cat and Egg and Elephant and Fish and Herbivore and Leg and Mammal and Meat and Plant and Reptile and Vertebrate and Water, \nTrue
Animal SubClassOf Wing, True
Animal SubClassOf Backbone and Bird and Carnivore and Cat and Egg and Elephant and Fish and Herbivore and Leg and Mammal and Meat and Plant and Reptile and Vertebrate and Water and Wing, \nTrue
eats some Carnivore SubClassOf Fish, True
eats some Carnivore SubClassOf Egg, True
Carnivore SubClassOf Egg, True
Carnivore SubClassOf Meat, True
Carnivore SubClassOf Egg and Meat, True
Carnivore SubClassOf Water, True
Carnivore SubClassOf Egg and Meat and Water, \nFalse
Carnivore SubClassOf Animal, True
Carnivore SubClassOf Animal and Egg and Meat, True
Carnivore SubClassOf Reptile, True
Carnivore SubClassOf Animal and Egg and Meat and Reptile, \nTrue
Carnivore SubClassOf Plant, False
Carnivore SubClassOf Vertebrate, True
Carnivore SubClassOf Animal and Egg and Meat and Reptile and Vertebrate, True
Carnivore SubClassOf Cat, True
Carnivore SubClassOf Animal and Cat and Egg and Meat and Reptile and Vertebrate, \nTrue
Carnivore SubClassOf Fish, True
Carnivore SubClassOf Animal and Cat and Egg and Fish and Meat and Reptile and Vertebrate, \nTrue
Carnivore SubClassOf Mammal, True
Carnivore SubClassOf Animal and Cat and Egg and Fish and Mammal and Meat and Reptile and Vertebrate, \nTrue
Carnivore SubClassOf Herbivore, True
Carnivore SubClassOf Animal and Cat and Egg and Fish and Herbivore and Mammal and Meat and Reptile and Vertebrate, \nTrue
Carnivore SubClassOf Leg, True
Carnivore SubClassOf Animal and Cat and Egg and Fish and Herbivore and Leg and Mammal and Meat and Reptile and Vertebrate, \nTrue
Carnivore SubClassOf Elephant, \nFalse
Carnivore SubClassOf Bird, True
Carnivore SubClassOf Animal and Bird and Cat and Egg and Fish and Herbivore and Leg and Mammal and Meat and Reptile and Vertebrate, \nTrue
Carnivore SubClassOf Backbone, True
Carnivore SubClassOf Animal and Backbone and Bird and Cat and Egg and Fish and Herbivore and Leg and Mammal and Meat and Reptile and Vertebrate, \nTrue
Carnivore SubClassOf Wing, \nFalse
Carnivore SubClassOf Animal and Backbone and Bird and Cat and Egg and Fish and Herbivore and Leg and Mammal and Meat and Reptile and Vertebrate and Water, \nTrue
has_part some Reptile SubClassOf Egg, True
Reptile SubClassOf Egg, True
Reptile SubClassOf Meat, True
Reptile SubClassOf Egg and Meat, True
Reptile SubClassOf Carnivore, True
Reptile SubClassOf Carnivore and Egg and Meat, True
Reptile SubClassOf Water, \nFalse
Reptile SubClassOf Animal, True
Reptile SubClassOf Animal and Carnivore and Egg and Meat, \nTrue
Reptile SubClassOf Plant, True
Reptile SubClassOf Animal and Carnivore and Egg and Meat and Plant, \nTrue
Reptile SubClassOf Vertebrate, True
Reptile SubClassOf Animal and Carnivore and Egg and Meat and Plant and Vertebrate, \nTrue
Reptile SubClassOf Cat, True
Reptile SubClassOf Animal and Carnivore and Cat and Egg and Meat and Plant and Vertebrate, \nTrue
Reptile SubClassOf Fish, False
Reptile SubClassOf Mammal, False
Reptile SubClassOf Herbivore, True
Reptile SubClassOf Animal and Carnivore and Cat and Egg and Herbivore and Meat and Plant and Vertebrate, \nTrue
Reptile SubClassOf Leg, True
Reptile SubClassOf Animal and Carnivore and Cat and Egg and Herbivore and Leg and Meat and Plant and Vertebrate, \nTrue
Reptile SubClassOf Elephant, False
Reptile SubClassOf Bird, True
Reptile SubClassOf Animal and Bird and Carnivore and Cat and Egg and Herbivore and Leg and Meat and Plant and Vertebrate, \nTrue
Reptile SubClassOf Backbone, True
Reptile SubClassOf Animal and Backbone and Bird and Carnivore and Cat and Egg and Herbivore and Leg and Meat and Plant and Vertebrate, \nTrue
Reptile SubClassOf Wing, \nFalse
Meat SubClassOf Water, True
Meat SubClassOf Egg, True
Meat SubClassOf Carnivore, True
Meat SubClassOf Carnivore and Egg, True
Meat SubClassOf Carnivore and Egg and Water, \nTrue
Meat SubClassOf Animal, True
Meat SubClassOf Animal and Carnivore and Egg and Water, \nTrue
Meat SubClassOf Reptile, True
Meat SubClassOf Animal and Carnivore and Egg and Reptile and Water, \nTrue
Meat SubClassOf Plant, True
Meat SubClassOf Animal and Carnivore and Egg and Plant and Reptile and Water, \nTrue
Meat SubClassOf Vertebrate, True
Meat SubClassOf Animal and Carnivore and Egg and Plant and Reptile and Vertebrate and Water, \nTrue
Meat SubClassOf Cat, True
Meat SubClassOf Animal and Carnivore and Cat and Egg and Plant and Reptile and Vertebrate and Water, \nTrue
Meat SubClassOf Fish, True
Meat SubClassOf Animal and Carnivore and Cat and Egg and Fish and Plant and Reptile and Vertebrate and Water, \nTrue
Meat SubClassOf Mammal, True
Meat SubClassOf Animal and Carnivore and Cat and Egg and Fish and Mammal and Plant and Reptile and Vertebrate and Water, \nTrue
Meat SubClassOf Herbivore, True
Meat SubClassOf Animal and Carnivore and Cat and Egg and Fish and Herbivore and Mammal and Plant and Reptile and Vertebrate and Water, \nTrue
Meat SubClassOf Leg, True
Meat SubClassOf Animal and Carnivore and Cat and Egg and Fish and Herbivore and Leg and Mammal and Plant and Reptile and Vertebrate and Water, \nTrue
Meat SubClassOf Elephant, True
Meat SubClassOf Animal and Carnivore and Cat and Egg and Elephant and Fish and Herbivore and Leg and Mammal and Plant and Reptile and Vertebrate and Water, \nTrue
Meat SubClassOf Bird, True
Meat SubClassOf Animal and Bird and Carnivore and Cat and Egg and Elephant and Fish and Herbivore and Leg and Mammal and Plant and Reptile and Vertebrate and Water, \nTrue
Meat SubClassOf Backbone, True
Meat SubClassOf Animal and Backbone and Bird and Carnivore and Cat and Egg and Elephant and Fish and Herbivore and Leg and Mammal and Plant and Reptile and Vertebrate and Water, \nTrue
Meat SubClassOf Wing, True
Meat SubClassOf Animal and Backbone and Bird and Carnivore and Cat and Egg and Elephant and Fish and Herbivore and Leg and Mammal and Plant and Reptile and Vertebrate and Water and Wing, \nTrue
lives_in some Backbone SubClassOf Reptile, True
lives_in some Backbone SubClassOf Egg, True
Backbone SubClassOf Egg, True
Backbone SubClassOf Meat, True
Backbone SubClassOf Egg and Meat, True
Backbone SubClassOf Carnivore, True
Backbone SubClassOf Carnivore and Egg and Meat, True
Backbone SubClassOf Water, True
Backbone SubClassOf Carnivore and Egg and Meat and Water, \nTrue
Backbone SubClassOf Animal, True
Backbone SubClassOf Animal and Carnivore and Egg and Meat and Water, \nTrue
Backbone SubClassOf Reptile, True
Backbone SubClassOf Animal and Carnivore and Egg and Meat and Reptile and Water, \nTrue
Backbone SubClassOf Plant, True
Backbone SubClassOf Animal and Carnivore and Egg and Meat and Plant and Reptile and Water, \nTrue
Backbone SubClassOf Vertebrate, True
Backbone SubClassOf Animal and Carnivore and Egg and Meat and Plant and Reptile and Vertebrate and Water, \nTrue
Backbone SubClassOf Cat, True
Backbone SubClassOf Animal and Carnivore and Cat and Egg and Meat and Plant and Reptile and Vertebrate and Water, \nTrue
Backbone SubClassOf Fish, True
Backbone SubClassOf Animal and Carnivore and Cat and Egg and Fish and Meat and Plant and Reptile and Vertebrate and Water, \nTrue
Backbone SubClassOf Mammal, True
Backbone SubClassOf Animal and Carnivore and Cat and Egg and Fish and Mammal and Meat and Plant and Reptile and Vertebrate and Water, \nTrue
Backbone SubClassOf Herbivore, True
Backbone SubClassOf Animal and Carnivore and Cat and Egg and Fish and Herbivore and Mammal and Meat and Plant and Reptile and Vertebrate and Water, \nTrue
Backbone SubClassOf Leg, True
Backbone SubClassOf Animal and Carnivore and Cat and Egg and Fish and Herbivore and Leg and Mammal and Meat and Plant and Reptile and Vertebrate and Water, \nTrue
Backbone SubClassOf Elephant, True
Backbone SubClassOf Animal and Carnivore and Cat and Egg and Elephant and Fish and Herbivore and Leg and Mammal and Meat and Plant and Reptile and Vertebrate and Water, \nTrue
Backbone SubClassOf Bird, True
Backbone SubClassOf Animal and Bird and Carnivore and Cat and Egg and Elephant and Fish and Herbivore and Leg and Mammal and Meat and Plant and Reptile and Vertebrate and Water, \nTrue
Backbone SubClassOf Wing, True
Backbone SubClassOf Animal and Bird and Carnivore and Cat and Egg and Elephant and Fish and Herbivore and Leg and Mammal and Meat and Plant and Reptile and Vertebrate and Water and Wing, \nTrue
eats some Bird SubClassOf Cat, True
eats some Bird SubClassOf Egg, True
Bird SubClassOf Egg, True
Bird SubClassOf Meat, \nFalse
Bird SubClassOf Carnivore, True
Bird SubClassOf Carnivore and Egg, \nTrue
Bird SubClassOf Water, True
Bird SubClassOf Carnivore and Egg and Water, \nTrue
Bird SubClassOf Animal, True
Bird SubClassOf Animal and Carnivore and Egg and Water, \nTrue
Bird SubClassOf Reptile, False
Bird SubClassOf Plant, False
Bird SubClassOf Vertebrate, True
Bird SubClassOf Animal and Carnivore and Egg and Vertebrate and Water, \nTrue
Bird SubClassOf Cat, \nFalse
Bird SubClassOf Fish, False
Bird SubClassOf Mammal, True
Bird SubClassOf Animal and Carnivore and Egg and Mammal and Vertebrate and Water, \nTrue
Bird SubClassOf Herbivore, True
Bird SubClassOf Animal and Carnivore and Egg and Herbivore and Mammal and Vertebrate and Water, \nTrue
Bird SubClassOf Leg, True
Bird SubClassOf Animal and Carnivore and Egg and Herbivore and Leg and Mammal and Vertebrate and Water, \nTrue
Bird SubClassOf Elephant, False
Bird SubClassOf Backbone, True
Bird SubClassOf Animal and Backbone and Carnivore and Egg and Herbivore and Leg and Mammal and Vertebrate and Water, \nTrue
Bird SubClassOf Wing, True
Bird SubClassOf Animal and Backbone and Carnivore and Egg and Herbivore and Leg and Mammal and Vertebrate and Water and Wing, \nTrue
Backbone SubClassOf has_part some Leg, \nTrue
Egg SubClassOf has_part some Leg, True
has_part some Leg SubClassOf has_part some Leg, \nTrue
Egg SubClassOf Leg, True
Egg SubClassOf Meat, True
Egg SubClassOf Leg and Meat, True
Egg SubClassOf Carnivore, True
Egg SubClassOf Carnivore and Leg and Meat, True
Egg SubClassOf Water, True
Egg SubClassOf Carnivore and Leg and Meat and Water, \nTrue
Egg SubClassOf Animal, True
Egg SubClassOf Animal and Carnivore and Leg and Meat and Water, \nTrue
Egg SubClassOf Reptile, True
Egg SubClassOf Animal and Carnivore and Leg and Meat and Reptile and Water, \nTrue
Egg SubClassOf Plant, True
Egg SubClassOf Animal and Carnivore and Leg and Meat and Plant and Reptile and Water, \nTrue
Egg SubClassOf Vertebrate, True
Egg SubClassOf Animal and Carnivore and Leg and Meat and Plant and Reptile and Vertebrate and Water, \nTrue
Egg SubClassOf Cat, True
Egg SubClassOf Animal and Carnivore and Cat and Leg and Meat and Plant and Reptile and Vertebrate and Water, \nTrue
Egg SubClassOf Fish, True
Egg SubClassOf Animal and Carnivore and Cat and Fish and Leg and Meat and Plant and Reptile and Vertebrate and Water, \nTrue
Egg SubClassOf Mammal, True
Egg SubClassOf Animal and Carnivore and Cat and Fish and Leg and Mammal and Meat and Plant and Reptile and Vertebrate and Water, \nTrue
Egg SubClassOf Herbivore, True
Egg SubClassOf Animal and Carnivore and Cat and Fish and Herbivore and Leg and Mammal and Meat and Plant and Reptile and Vertebrate and Water, \nTrue
Egg SubClassOf Elephant, \nFalse
Egg SubClassOf Bird, True
Egg SubClassOf Animal and Bird and Carnivore and Cat and Fish and Herbivore and Leg and Mammal and Meat and Plant and Reptile and Vertebrate and Water, \nTrue
Egg SubClassOf Backbone, True
Egg SubClassOf Animal and Backbone and Bird and Carnivore and Cat and Fish and Herbivore and Leg and Mammal and Meat and Plant and Reptile and Vertebrate and Water, \nTrue
Egg SubClassOf Wing, True
Egg SubClassOf Animal and Backbone and Bird and Carnivore and Cat and Fish and Herbivore and Leg and Mammal and Meat and Plant and Reptile and Vertebrate and Water and Wing, \nTrue
Cat and Water SubClassOf Leg, True
Cat and Water SubClassOf Egg, True
Cat SubClassOf Egg, True
Cat SubClassOf Meat, True
Cat SubClassOf Egg and Meat, True
Cat SubClassOf Carnivore, True
Cat SubClassOf Carnivore and Egg and Meat, True
Cat SubClassOf Water, True
Cat SubClassOf Carnivore and Egg and Meat and Water, \nTrue
Cat SubClassOf Animal, True
Cat SubClassOf Animal and Carnivore and Egg and Meat and Water, \nTrue
Cat SubClassOf Reptile, True
Cat SubClassOf Animal and Carnivore and Egg and Meat and Reptile and Water, \nTrue
Cat SubClassOf Plant, False
Cat SubClassOf Vertebrate, True
Cat SubClassOf Animal and Carnivore and Egg and Meat and Reptile and Vertebrate and Water, \nTrue
Cat SubClassOf Fish, False
Cat SubClassOf Mammal, True
Cat SubClassOf Animal and Carnivore and Egg and Mammal and Meat and Reptile and Vertebrate and Water, \nTrue
Cat SubClassOf Herbivore, True
Cat SubClassOf Animal and Carnivore and Egg and Herbivore and Mammal and Meat and Reptile and Vertebrate and Water, \nTrue
Cat SubClassOf Leg, True
Cat SubClassOf Animal and Carnivore and Egg and Herbivore and Leg and Mammal and Meat and Reptile and Vertebrate and Water, \nTrue
Cat SubClassOf Elephant, False
Cat SubClassOf Bird, False
Cat SubClassOf Backbone, True
Cat SubClassOf Animal and Backbone and Carnivore and Egg and Herbivore and Leg and Mammal and Meat and Reptile and Vertebrate and Water, \nTrue
Cat SubClassOf Wing, \nFalse
eats some Water SubClassOf Carnivore, True
eats some Water SubClassOf Egg, True
Water SubClassOf Egg, True
Water SubClassOf Meat, \nFalse
Water SubClassOf Carnivore, True
Water SubClassOf Carnivore and Egg, \nTrue
Water SubClassOf Animal, True
Water SubClassOf Animal and Carnivore and Egg, \nFalse
Water SubClassOf Reptile, True
Water SubClassOf Carnivore and Egg and Reptile, \nFalse
Water SubClassOf Plant, True
Water SubClassOf Carnivore and Egg and Plant, \nTrue
Water SubClassOf Vertebrate, True
Water SubClassOf Carnivore and Egg and Plant and Vertebrate, \nTrue
Water SubClassOf Cat, False
Water SubClassOf Fish, True
Water SubClassOf Carnivore and Egg and Fish and Plant and Vertebrate, \nTrue
Water SubClassOf Mammal, True
Water SubClassOf Carnivore and Egg and Fish and Mammal and Plant and Vertebrate, \nTrue
Water SubClassOf Herbivore, True
Water SubClassOf Carnivore and Egg and Fish and Herbivore and Mammal and Plant and Vertebrate, \nTrue
Water SubClassOf Leg, True
Water SubClassOf Carnivore and Egg and Fish and Herbivore and Leg and Mammal and Plant and Vertebrate, \nTrue
Water SubClassOf Elephant, False
Water SubClassOf Bird, \nFalse
Water SubClassOf Backbone, True
Water SubClassOf Backbone and Carnivore and Egg and Fish and Herbivore and Leg and Mammal and Plant and Vertebrate, \nTrue
Water SubClassOf Wing, \nFalse
Water SubClassOf Animal and Backbone and Carnivore and Egg and Fish and Herbivore and Leg and Mammal and Plant and Vertebrate, \nTrue
Water SubClassOf Animal and Backbone and Carnivore and Egg and Fish and Herbivore and Leg and Mammal and Plant and Reptile and Vertebrate, \nTrue
Thing SubClassOf lives_in some (Animal and Backbone and Bird and Carnivore and Cat and Egg and Elephant and Fish and Herbivore and Leg and Mammal and Meat and Plant and Reptile and Vertebrate and Water and Wing), \nTrue
(lives_in some Animal) and (lives_in some (Backbone and Bird and Carnivore and Cat and Egg and Elephant and Fish and Herbivore and Leg and Mammal and Meat and Plant and Reptile and Vertebrate and Water and Wing)) SubClassOf lives_in some (Animal and Backbone and Bird and Carnivore and Cat and Egg and Elephant and Fish and Herbivore and Leg and Mammal and Meat and Plant and Reptile and Vertebrate and Water and Wing), \nTrue
lives_in some (Animal and Backbone and Bird and Carnivore and Cat and Egg and Elephant and Fish and Herbivore and Leg and Mammal and Meat and Plant and Reptile and Vertebrate and Water and Wing) SubClassOf lives_in some (Animal and Backbone and Bird and Carnivore and Cat and Egg and Elephant and Fish and Herbivore and Leg and Mammal and Meat and Plant and Reptile and Vertebrate and Water and Wing), \nTrue
lives_in some (Backbone and Bird and Carnivore and Cat and Egg and Elephant and Fish and Herbivore and Leg and Mammal and Meat and Plant and Reptile and Vertebrate and Water and Wing) SubClassOf Egg, \nTrue
lives_in some (Bird and Carnivore and Cat and Egg and Elephant and Fish and Herbivore and Leg and Mammal and Meat and Plant and Reptile and Vertebrate and Water and Wing) SubClassOf Egg, \nTrue
lives_in some (Carnivore and Cat and Egg and Elephant and Fish and Herbivore and Leg and Mammal and Meat and Plant and Reptile and Vertebrate and Water and Wing) SubClassOf Egg, \nTrue
lives_in some (Cat and Egg and Elephant and Fish and Herbivore and Leg and Mammal and Meat and Plant and Reptile and Vertebrate and Water and Wing) SubClassOf Egg, \nTrue
lives_in some (Egg and Elephant and Fish and Herbivore and Leg and Mammal and Meat and Plant and Reptile and Vertebrate and Water and Wing) SubClassOf Egg, \nTrue
lives_in some (Elephant and Fish and Herbivore and Leg and Mammal and Meat and Plant and Reptile and Vertebrate and Water and Wing) SubClassOf Egg, \nTrue
lives_in some (Fish and Herbivore and Leg and Mammal and Meat and Plant and Reptile and Vertebrate and Water and Wing) SubClassOf Egg, \nTrue
lives_in some (Herbivore and Leg and Mammal and Meat and Plant and Reptile and Vertebrate and Water and Wing) SubClassOf Egg, \nTrue
lives_in some (Leg and Mammal and Meat and Plant and Reptile and Vertebrate and Water and Wing) SubClassOf Egg, \nTrue
lives_in some (Mammal and Meat and Plant and Reptile and Vertebrate and Water and Wing) SubClassOf Egg, \nTrue
lives_in some (Meat and Plant and Reptile and Vertebrate and Water and Wing) SubClassOf Egg, \nTrue
lives_in some (Plant and Reptile and Vertebrate and Water and Wing) SubClassOf Egg, \nTrue
lives_in some (Reptile and Vertebrate and Water and Wing) SubClassOf Egg, \nTrue
lives_in some (Vertebrate and Water and Wing) SubClassOf Egg, \nTrue
lives_in some (Water and Wing) SubClassOf Egg, \nTrue
lives_in some Wing SubClassOf Egg, True
lives_in some Thing SubClassOf Egg, True
Bird SubClassOf lays some Backbone, True
Egg SubClassOf lays some Backbone, True
Thing and (lays some Backbone) SubClassOf Thing and (lays some Backbone), True
Plant SubClassOf Backbone, True
Plant SubClassOf Egg, \nFalse
Plant SubClassOf Meat, False
Plant SubClassOf Carnivore, True
Plant SubClassOf Backbone and Carnivore, True
Plant SubClassOf Water, True
Plant SubClassOf Backbone and Carnivore and Water, \nTrue
Plant SubClassOf Animal, \nFalse
Plant SubClassOf Reptile, False
Plant SubClassOf Vertebrate, False
Plant SubClassOf Cat, \nFalse
Plant SubClassOf Fish, False
Plant SubClassOf Mammal, False.
Plant SubClassOf Herbivore, True
Plant SubClassOf Backbone and Carnivore and Herbivore and Water, \nTrue
Plant SubClassOf Leg, True
Plant SubClassOf Backbone and Carnivore and Herbivore and Leg and Water, \nTrue
Plant SubClassOf Elephant, False
Plant SubClassOf Bird, True
Plant SubClassOf Backbone and Bird and Carnivore and Herbivore and Leg and Water, \nTrue
Plant SubClassOf Wing, True
Plant SubClassOf Backbone and Bird and Carnivore and Herbivore and Leg and Water and Wing, \nTrue
Fish and Leg SubClassOf Vertebrate, True
Fish and Leg SubClassOf Egg, True
Fish SubClassOf Egg, True
Fish SubClassOf Meat, \nFalse
Fish SubClassOf Carnivore, True
Fish SubClassOf Carnivore and Egg, True
Fish SubClassOf Water, True
Fish SubClassOf Carnivore and Egg and Water, \nTrue
Fish SubClassOf Animal, True
Fish SubClassOf Animal and Carnivore and Egg and Water, \nTrue
Fish SubClassOf Reptile, False
Fish SubClassOf Plant, False
Fish SubClassOf Vertebrate, True
Fish SubClassOf Animal and Carnivore and Egg and Vertebrate and Water, \nTrue
Fish SubClassOf Cat, False
Fish SubClassOf Mammal, \nFalse
Fish SubClassOf Herbivore, True
Fish SubClassOf Animal and Carnivore and Egg and Herbivore and Vertebrate and Water, \nTrue
Fish SubClassOf Leg, True
Fish SubClassOf Animal and Carnivore and Egg and Herbivore and Leg and Vertebrate and Water, \nTrue
Fish SubClassOf Elephant, \nFalse
Fish SubClassOf Bird, True
Fish SubClassOf Animal and Bird and Carnivore and Egg and Herbivore and Leg and Vertebrate and Water, \nTrue
Fish SubClassOf Backbone, True
Fish SubClassOf Animal and Backbone and Bird and Carnivore and Egg and Herbivore and Leg and Vertebrate and Water, \nTrue
Fish SubClassOf Wing, \nFalse
has_part some Cat SubClassOf Water, True
has_part some Cat SubClassOf Egg, True
Thing SubClassOf Thing and (has_part some (Animal and Backbone and Bird and Carnivore and Cat and Egg and Elephant and Fish and Herbivore and Leg and Mammal and Meat and Plant and Reptile and Vertebrate and Water and Wing and Thing)), \nTrue
Thing and (has_part some Animal) and (has_part some (Backbone and Bird and Carnivore and Cat and Egg and Elephant and Fish and Herbivore and Leg and Mammal and Meat and Plant and Reptile and Vertebrate and Water and Wing and Thing)) SubClassOf Thing and (has_part some (Animal and Backbone and Bird and Carnivore and Cat and Egg and Elephant and Fish and Herbivore and Leg and Mammal and Meat and Plant and Reptile and Vertebrate and Water and Wing and Thing)), \nTrue
Thing and (has_part some (Animal and Backbone and Bird and Carnivore and Cat and Egg and Elephant and Fish and Herbivore and Leg and Mammal and Meat and Plant and Reptile and Vertebrate and Water and Wing and Thing)) SubClassOf Thing and (has_part some (Animal and Backbone and Bird and Carnivore and Cat and Egg and Elephant and Fish and Herbivore and Leg and Mammal and Meat and Plant and Reptile and Vertebrate and Water and Wing and Thing)), \nTrue
Thing and (has_part some (Backbone and Bird and Carnivore and Cat and Egg and Elephant and Fish and Herbivore and Leg and Mammal and Meat and Plant and Reptile and Vertebrate and Water and Wing and Thing)) SubClassOf Egg, \nTrue
Thing and (has_part some (Bird and Carnivore and Cat and Egg and Elephant and Fish and Herbivore and Leg and Mammal and Meat and Plant and Reptile and Vertebrate and Water and Wing and Thing)) SubClassOf Egg, \nTrue
Thing and (has_part some (Carnivore and Cat and Egg and Elephant and Fish and Herbivore and Leg and Mammal and Meat and Plant and Reptile and Vertebrate and Water and Wing and Thing)) SubClassOf Egg, \nTrue
Thing and (has_part some (Cat and Egg and Elephant and Fish and Herbivore and Leg and Mammal and Meat and Plant and Reptile and Vertebrate and Water and Wing and Thing)) SubClassOf Egg, \nTrue
Thing and (has_part some (Egg and Elephant and Fish and Herbivore and Leg and Mammal and Meat and Plant and Reptile and Vertebrate and Water and Wing and Thing)) SubClassOf Egg, \nTrue
Thing and (has_part some (Elephant and Fish and Herbivore and Leg and Mammal and Meat and Plant and Reptile and Vertebrate and Water and Wing and Thing)) SubClassOf Egg, \nTrue
Thing and (has_part some (Fish and Herbivore and Leg and Mammal and Meat and Plant and Reptile and Vertebrate and Water and Wing and Thing)) SubClassOf Egg, \nTrue
Thing and (has_part some (Herbivore and Leg and Mammal and Meat and Plant and Reptile and Vertebrate and Water and Wing and Thing)) SubClassOf Egg, \nTrue
Thing and (has_part some (Leg and Mammal and Meat and Plant and Reptile and Vertebrate and Water and Wing and Thing)) SubClassOf Egg, \nTrue
Thing and (has_part some (Mammal and Meat and Plant and Reptile and Vertebrate and Water and Wing and Thing)) SubClassOf Egg, \nTrue
Thing and (has_part some (Meat and Plant and Reptile and Vertebrate and Water and Wing and Thing)) SubClassOf Egg, \nTrue
Thing and (has_part some (Plant and Reptile and Vertebrate and Water and Wing and Thing)) SubClassOf Egg, \nTrue
Thing and (has_part some (Reptile and Vertebrate and Water and Wing and Thing)) SubClassOf Egg, True
Thing and (has_part some (Vertebrate and Water and Wing and Thing)) SubClassOf Egg, True
Thing and (has_part some (Water and Wing and Thing)) SubClassOf Egg, True
Thing and (has_part some (Wing and Thing)) SubClassOf Egg, True
Thing and (has_part some Thing) SubClassOf Egg, True
Mammal and Vertebrate SubClassOf Wing, \nFalse
Animal SubClassOf lays some Vertebrate, True
Egg SubClassOf lays some Vertebrate, True
Thing and (lays some Vertebrate) SubClassOf Thing and (lays some Vertebrate), \nTrue
Mammal SubClassOf Vertebrate, True
Mammal SubClassOf Egg, \nFalse
Mammal SubClassOf Meat, \nTrue
Mammal SubClassOf Meat and Vertebrate, True
Mammal SubClassOf Carnivore, True
Mammal SubClassOf Carnivore and Meat and Vertebrate, \nTrue
Mammal SubClassOf Water, \nFalse
Mammal SubClassOf Animal, True
Mammal SubClassOf Animal and Carnivore and Meat and Vertebrate, \nTrue
Mammal SubClassOf Reptile, \nFalse
Mammal SubClassOf Plant, False.
Mammal SubClassOf Cat, True
Mammal SubClassOf Animal and Carnivore and Cat and Meat and Vertebrate, \nTrue
Mammal SubClassOf Fish, False
Mammal SubClassOf Herbivore, True
Mammal SubClassOf Animal and Carnivore and Cat and Herbivore and Meat and Vertebrate, \nTrue
Mammal SubClassOf Leg, \nFalse
Mammal SubClassOf Elephant, True
Mammal SubClassOf Animal and Carnivore and Cat and Elephant and Herbivore and Meat and Vertebrate, \nTrue
Mammal SubClassOf Bird, True
Mammal SubClassOf Animal and Bird and Carnivore and Cat and Elephant and Herbivore and Meat and Vertebrate, \nTrue
Mammal SubClassOf Backbone, True
Mammal SubClassOf Animal and Backbone and Bird and Carnivore and Cat and Elephant and Herbivore and Meat and Vertebrate, \nTrue
Mammal SubClassOf Wing, \nFalse
lays some Vertebrate SubClassOf Leg, True
lays some Vertebrate SubClassOf Egg, True
Vertebrate SubClassOf Egg, True
Vertebrate SubClassOf Meat, True
Vertebrate SubClassOf Egg and Meat, True
Vertebrate SubClassOf Carnivore, True
Vertebrate SubClassOf Carnivore and Egg and Meat, True
Vertebrate SubClassOf Water, True
Vertebrate SubClassOf Carnivore and Egg and Meat and Water, \nTrue
Vertebrate SubClassOf Animal, True
Vertebrate SubClassOf Animal and Carnivore and Egg and Meat and Water, \nTrue
Vertebrate SubClassOf Reptile, True
Vertebrate SubClassOf Animal and Carnivore and Egg and Meat and Reptile and Water, \nTrue
Vertebrate SubClassOf Plant, False
Vertebrate SubClassOf Cat, True
Vertebrate SubClassOf Animal and Carnivore and Cat and Egg and Meat and Reptile and Water, \nTrue
Vertebrate SubClassOf Fish, True
Vertebrate SubClassOf Animal and Carnivore and Cat and Egg and Fish and Meat and Reptile and Water, \nTrue
Vertebrate SubClassOf Mammal, True
Vertebrate SubClassOf Animal and Carnivore and Cat and Egg and Fish and Mammal and Meat and Reptile and Water, \nTrue
Vertebrate SubClassOf Herbivore, True
Vertebrate SubClassOf Animal and Carnivore and Cat and Egg and Fish and Herbivore and Mammal and Meat and Reptile and Water, \nTrue
Vertebrate SubClassOf Leg, True
Vertebrate SubClassOf Animal and Carnivore and Cat and Egg and Fish and Herbivore and Leg and Mammal and Meat and Reptile and Water, \nTrue
Vertebrate SubClassOf Elephant, True
Vertebrate SubClassOf Animal and Carnivore and Cat and Egg and Elephant and Fish and Herbivore and Leg and Mammal and Meat and Reptile and Water, \nTrue
Vertebrate SubClassOf Bird, True
Vertebrate SubClassOf Animal and Bird and Carnivore and Cat and Egg and Elephant and Fish and Herbivore and Leg and Mammal and Meat and Reptile and Water, \nTrue
Vertebrate SubClassOf Backbone, True
Vertebrate SubClassOf Animal and Backbone and Bird and Carnivore and Cat and Egg and Elephant and Fish and Herbivore and Leg and Mammal and Meat and Reptile and Water, \nTrue
Vertebrate SubClassOf Wing, True
Vertebrate SubClassOf Animal and Backbone and Bird and Carnivore and Cat and Egg and Elephant and Fish and Herbivore and Leg and Mammal and Meat and Reptile and Water and Wing, \nTrue
lays some Wing SubClassOf Herbivore, True
lays some Wing SubClassOf Egg, True
Wing SubClassOf Egg, True
Wing SubClassOf Meat, \nTrue
Wing SubClassOf Egg and Meat, True
Wing SubClassOf Carnivore, True
Wing SubClassOf Carnivore and Egg and Meat, \nTrue
Wing SubClassOf Water, True
Wing SubClassOf Carnivore and Egg and Meat and Water, \nTrue
Wing SubClassOf Animal, True
Wing SubClassOf Animal and Carnivore and Egg and Meat and Water, \nTrue
Wing SubClassOf Reptile, True
Wing SubClassOf Animal and Carnivore and Egg and Meat and Reptile and Water, \nTrue
Wing SubClassOf Plant, True
Wing SubClassOf Animal and Carnivore and Egg and Meat and Plant and Reptile and Water, \nTrue
Wing SubClassOf Vertebrate, True
Wing SubClassOf Animal and Carnivore and Egg and Meat and Plant and Reptile and Vertebrate and Water, \nTrue
Wing SubClassOf Cat, True
Wing SubClassOf Animal and Carnivore and Cat and Egg and Meat and Plant and Reptile and Vertebrate and Water, \nTrue
Wing SubClassOf Fish, True
Wing SubClassOf Animal and Carnivore and Cat and Egg and Fish and Meat and Plant and Reptile and Vertebrate and Water, \nTrue
Wing SubClassOf Mammal, True
Wing SubClassOf Animal and Carnivore and Cat and Egg and Fish and Mammal and Meat and Plant and Reptile and Vertebrate and Water, \nHere
Wing SubClassOf Herbivore, True
Wing SubClassOf Animal and Carnivore and Cat and Egg and Fish and Herbivore and Meat and Plant and Reptile and Vertebrate and Water, \nTrue
Wing SubClassOf Leg, True
Wing SubClassOf Animal and Carnivore and Cat and Egg and Fish and Herbivore and Leg and Meat and Plant and Reptile and Vertebrate and Water, \nTrue
Wing SubClassOf Elephant, \nFalse
Wing SubClassOf Bird, True
Wing SubClassOf Animal and Bird and Carnivore and Cat and Egg and Fish and Herbivore and Leg and Meat and Plant and Reptile and Vertebrate and Water, \nTrue
Wing SubClassOf Backbone, True
Wing SubClassOf Animal and Backbone and Bird and Carnivore and Cat and Egg and Fish and Herbivore and Leg and Meat and Plant and Reptile and Vertebrate and Water, \nHere
Wing SubClassOf Animal and Bird and Carnivore and Cat and Egg and Fish and Herbivore and Leg and Mammal and Meat and Plant and Reptile and Vertebrate and Water, \nTrue
Wing SubClassOf Animal and Backbone and Bird and Carnivore and Cat and Egg and Fish and Herbivore and Leg and Mammal and Meat and Plant and Reptile and Vertebrate and Water, \nTrue
lays some Vertebrate SubClassOf Reptile, True
Thing SubClassOf Thing and (lays some (Animal and Backbone and Bird and Carnivore and Cat and Egg and Elephant and Fish and Herbivore and Leg and Mammal and Meat and Plant and Reptile and Vertebrate and Water and Wing and Thing)), \nTrue
Thing and (lays some Animal) and (lays some (Backbone and Bird and Carnivore and Cat and Egg and Elephant and Fish and Herbivore and Leg and Mammal and Meat and Plant and Reptile and Vertebrate and Water and Wing and Thing)) SubClassOf Thing and (lays some (Animal and Backbone and Bird and Carnivore and Cat and Egg and Elephant and Fish and Herbivore and Leg and Mammal and Meat and Plant and Reptile and Vertebrate and Water and Wing and Thing)), \nTrue
Thing and (lays some (Animal and Backbone and Bird and Carnivore and Cat and Egg and Elephant and Fish and Herbivore and Leg and Mammal and Meat and Plant and Reptile and Vertebrate and Water and Wing and Thing)) SubClassOf Thing and (lays some (Animal and Backbone and Bird and Carnivore and Cat and Egg and Elephant and Fish and Herbivore and Leg and Mammal and Meat and Plant and Reptile and Vertebrate and Water and Wing and Thing)), \nTrue
Thing and (lays some (Backbone and Bird and Carnivore and Cat and Egg and Elephant and Fish and Herbivore and Leg and Mammal and Meat and Plant and Reptile and Vertebrate and Water and Wing and Thing)) SubClassOf Egg, \nTrue
Thing and (lays some (Bird and Carnivore and Cat and Egg and Elephant and Fish and Herbivore and Leg and Mammal and Meat and Plant and Reptile and Vertebrate and Water and Wing and Thing)) SubClassOf Egg, \nTrue
Thing and (lays some (Carnivore and Cat and Egg and Elephant and Fish and Herbivore and Leg and Mammal and Meat and Plant and Reptile and Vertebrate and Water and Wing and Thing)) SubClassOf Egg, \nTrue
Thing and (lays some (Cat and Egg and Elephant and Fish and Herbivore and Leg and Mammal and Meat and Plant and Reptile and Vertebrate and Water and Wing and Thing)) SubClassOf Egg, \nTrue
Thing and (lays some (Egg and Elephant and Fish and Herbivore and Leg and Mammal and Meat and Plant and Reptile and Vertebrate and Water and Wing and Thing)) SubClassOf Egg, \nTrue
Thing and (lays some (Elephant and Fish and Herbivore and Leg and Mammal and Meat and Plant and Reptile and Vertebrate and Water and Wing and Thing)) SubClassOf Egg, \nTrue
Thing and (lays some (Fish and Herbivore and Leg and Mammal and Meat and Plant and Reptile and Vertebrate and Water and Wing and Thing)) SubClassOf Egg, \nTrue
Thing and (lays some (Herbivore and Leg and Mammal and Meat and Plant and Reptile and Vertebrate and Water and Wing and Thing)) SubClassOf Egg, \nTrue
Thing and (lays some (Leg and Mammal and Meat and Plant and Reptile and Vertebrate and Water and Wing and Thing)) SubClassOf Egg, \nTrue
Thing and (lays some (Mammal and Meat and Plant and Reptile and Vertebrate and Water and Wing and Thing)) SubClassOf Egg, \nTrue
Thing and (lays some (Meat and Plant and Reptile and Vertebrate and Water and Wing and Thing)) SubClassOf Egg, \nTrue
Thing and (lays some (Plant and Reptile and Vertebrate and Water and Wing and Thing)) SubClassOf Egg, \nTrue
Thing and (lays some (Reptile and Vertebrate and Water and Wing and Thing)) SubClassOf Egg, \nTrue
Thing and (lays some (Vertebrate and Water and Wing and Thing)) SubClassOf Egg, \nTrue
Thing and (lays some (Water and Wing and Thing)) SubClassOf Egg, \nTrue
Thing and (lays some (Wing and Thing)) SubClassOf Egg, \nTrue
Thing and (lays some Thing) SubClassOf Egg, \nTrue
eats some Wing SubClassOf Plant, True
eats some Wing SubClassOf Egg, True
Thing SubClassOf Thing and (eats some (Animal and Backbone and Bird and Carnivore and Cat and Egg and Elephant and Fish and Herbivore and Leg and Mammal and Meat and Plant and Reptile and Vertebrate and Water and Wing and Thing)), \nTrue
Thing and (eats some Animal) and (eats some (Backbone and Bird and Carnivore and Cat and Egg and Elephant and Fish and Herbivore and Leg and Mammal and Meat and Plant and Reptile and Vertebrate and Water and Wing and Thing)) SubClassOf Thing and (eats some (Animal and Backbone and Bird and Carnivore and Cat and Egg and Elephant and Fish and Herbivore and Leg and Mammal and Meat and Plant and Reptile and Vertebrate and Water and Wing and Thing)), \nTrue
Thing and (eats some (Animal and Backbone and Bird and Carnivore and Cat and Egg and Elephant and Fish and Herbivore and Leg and Mammal and Meat and Plant and Reptile and Vertebrate and Water and Wing and Thing)) SubClassOf Thing and (eats some (Animal and Backbone and Bird and Carnivore and Cat and Egg and Elephant and Fish and Herbivore and Leg and Mammal and Meat and Plant and Reptile and Vertebrate and Water and Wing and Thing)), \nTrue
Thing and (eats some (Backbone and Bird and Carnivore and Cat and Egg and Elephant and Fish and Herbivore and Leg and Mammal and Meat and Plant and Reptile and Vertebrate and Water and Wing and Thing)) SubClassOf Egg, \nTrue
Thing and (eats some (Bird and Carnivore and Cat and Egg and Elephant and Fish and Herbivore and Leg and Mammal and Meat and Plant and Reptile and Vertebrate and Water and Wing and Thing)) SubClassOf Egg, \nTrue
Thing and (eats some (Carnivore and Cat and Egg and Elephant and Fish and Herbivore and Leg and Mammal and Meat and Plant and Reptile and Vertebrate and Water and Wing and Thing)) SubClassOf Egg, \nTrue
Thing and (eats some (Cat and Egg and Elephant and Fish and Herbivore and Leg and Mammal and Meat and Plant and Reptile and Vertebrate and Water and Wing and Thing)) SubClassOf Egg, \nTrue
Thing and (eats some (Egg and Elephant and Fish and Herbivore and Leg and Mammal and Meat and Plant and Reptile and Vertebrate and Water and Wing and Thing)) SubClassOf Egg, \nTrue
Thing and (eats some (Elephant and Fish and Herbivore and Leg and Mammal and Meat and Plant and Reptile and Vertebrate and Water and Wing and Thing)) SubClassOf Egg, \nTrue
Thing and (eats some (Fish and Herbivore and Leg and Mammal and Meat and Plant and Reptile and Vertebrate and Water and Wing and Thing)) SubClassOf Egg, \nTrue
Thing and (eats some (Herbivore and Leg and Mammal and Meat and Plant and Reptile and Vertebrate and Water and Wing and Thing)) SubClassOf Egg, \nTrue
Thing and (eats some (Leg and Mammal and Meat and Plant and Reptile and Vertebrate and Water and Wing and Thing)) SubClassOf Egg, \nTrue
Thing and (eats some (Mammal and Meat and Plant and Reptile and Vertebrate and Water and Wing and Thing)) SubClassOf Egg, \nTrue
Thing and (eats some (Meat and Plant and Reptile and Vertebrate and Water and Wing and Thing)) SubClassOf Egg, \nTrue
Thing and (eats some (Plant and Reptile and Vertebrate and Water and Wing and Thing)) SubClassOf Egg, \nTrue
Thing and (eats some (Reptile and Vertebrate and Water and Wing and Thing)) SubClassOf Egg, \nTrue
Thing and (eats some (Vertebrate and Water and Wing and Thing)) SubClassOf Egg, True
Thing and (eats some (Water and Wing and Thing)) SubClassOf Egg, \nTrue
Thing and (eats some (Wing and Thing)) SubClassOf Egg, True
Thing and (eats some Thing) SubClassOf Egg, True
Fish SubClassOf has_part some Vertebrate, True
Egg SubClassOf has_part some Vertebrate, True
Egg and (has_part some Vertebrate) SubClassOf Egg and (has_part some Vertebrate), True
Herbivore SubClassOf Vertebrate, True
Herbivore SubClassOf Egg, \nFalse
Herbivore SubClassOf Meat, True
Herbivore SubClassOf Meat and Vertebrate, True
Herbivore SubClassOf Carnivore, True
Herbivore SubClassOf Carnivore and Meat and Vertebrate, \nFalse
Herbivore SubClassOf Water, \nFalse
Herbivore SubClassOf Animal, True
Herbivore SubClassOf Animal and Meat and Vertebrate, \nTrue
Herbivore SubClassOf Reptile, True
Herbivore SubClassOf Animal and Meat and Reptile and Vertebrate, \nTrue
Herbivore SubClassOf Plant, True
Herbivore SubClassOf Animal and Meat and Plant and Reptile and Vertebrate, \nTrue
Herbivore SubClassOf Cat, \nFalse
Herbivore SubClassOf Fish, True
Herbivore SubClassOf Animal and Fish and Meat and Plant and Reptile and Vertebrate, \nTrue
Herbivore SubClassOf Mammal, True
Herbivore SubClassOf Animal and Fish and Mammal and Meat and Plant and Reptile and Vertebrate, \nTrue
Herbivore SubClassOf Leg, True
Herbivore SubClassOf Animal and Fish and Leg and Mammal and Meat and Plant and Reptile and Vertebrate, \nTrue
Herbivore SubClassOf Elephant, True
Herbivore SubClassOf Animal and Elephant and Fish and Leg and Mammal and Meat and Plant and Reptile and Vertebrate, \nTrue
Herbivore SubClassOf Bird, True
Herbivore SubClassOf Animal and Bird and Elephant and Fish and Leg and Mammal and Meat and Plant and Reptile and Vertebrate, \nTrue
Herbivore SubClassOf Backbone, \nTrue
Herbivore SubClassOf Animal and Backbone and Bird and Elephant and Fish and Leg and Mammal and Meat and Plant and Reptile and Vertebrate, \nTrue
Herbivore SubClassOf Wing, True
Herbivore SubClassOf Animal and Backbone and Bird and Elephant and Fish and Leg and Mammal and Meat and Plant and Reptile and Vertebrate and Wing, \nTrue
Herbivore SubClassOf Animal and Backbone and Bird and Carnivore and Elephant and Fish and Leg and Mammal and Meat and Plant and Reptile and Vertebrate and Wing, \nTrue
Wing SubClassOf lays some Herbivore, True
Egg SubClassOf lays some Herbivore, True
Egg and (lays some Herbivore) SubClassOf Egg and (lays some Herbivore), \nTrue
Leg SubClassOf Herbivore, True
Leg SubClassOf Egg, True
Leg SubClassOf Egg and Herbivore, True
Leg SubClassOf Meat, True
Leg SubClassOf Egg and Herbivore and Meat, \nTrue
Leg SubClassOf Carnivore, True
Leg SubClassOf Carnivore and Egg and Herbivore and Meat, \nTrue
Leg SubClassOf Water, True
Leg SubClassOf Carnivore and Egg and Herbivore and Meat and Water, \nTrue
Leg SubClassOf Animal, True
Leg SubClassOf Animal and Carnivore and Egg and Herbivore and Meat and Water, \nTrue
Leg SubClassOf Reptile, True
Leg SubClassOf Animal and Carnivore and Egg and Herbivore and Meat and Reptile and Water, \nTrue
Leg SubClassOf Plant, True
Leg SubClassOf Animal and Carnivore and Egg and Herbivore and Meat and Plant and Reptile and Water, \nTrue
Leg SubClassOf Vertebrate, True
Leg SubClassOf Animal and Carnivore and Egg and Herbivore and Meat and Plant and Reptile and Vertebrate and Water, \nTrue
Leg SubClassOf Cat, True
Leg SubClassOf Animal and Carnivore and Cat and Egg and Herbivore and Meat and Plant and Reptile and Vertebrate and Water, \nTrue
Leg SubClassOf Fish, True
Leg SubClassOf Animal and Carnivore and Cat and Egg and Fish and Herbivore and Meat and Plant and Reptile and Vertebrate and Water, \nTrue
Leg SubClassOf Mammal, True
Leg SubClassOf Animal and Carnivore and Cat and Egg and Fish and Herbivore and Mammal and Meat and Plant and Reptile and Vertebrate and Water, \nTrue
Leg SubClassOf Elephant, True
Leg SubClassOf Animal and Carnivore and Cat and Egg and Elephant and Fish and Herbivore and Mammal and Meat and Plant and Reptile and Vertebrate and Water, \nTrue
Leg SubClassOf Bird, True
Leg SubClassOf Animal and Bird and Carnivore and Cat and Egg and Elephant and Fish and Herbivore and Mammal and Meat and Plant and Reptile and Vertebrate and Water, \nTrue
Leg SubClassOf Backbone, True
Leg SubClassOf Animal and Backbone and Bird and Carnivore and Cat and Egg and Elephant and Fish and Herbivore and Mammal and Meat and Plant and Reptile and Vertebrate and Water, \nTrue
Leg SubClassOf Wing, True
Leg SubClassOf Animal and Backbone and Bird and Carnivore and Cat and Egg and Elephant and Fish and Herbivore and Mammal and Meat and Plant and Reptile and Vertebrate and Water and Wing, \nTrue
Water SubClassOf has_part some Animal, True
Egg SubClassOf has_part some Animal, True
Egg and (has_part some Animal) SubClassOf Egg and (has_part some Animal), True
Elephant SubClassOf Animal, True
Elephant SubClassOf Egg, True
Elephant SubClassOf Animal and Egg, True
Elephant SubClassOf Meat, True
Elephant SubClassOf Animal and Egg and Meat, True
Elephant SubClassOf Carnivore, True
Elephant SubClassOf Animal and Carnivore and Egg and Meat, \nTrue
Elephant SubClassOf Water, \nFalse
Elephant SubClassOf Reptile, True
Elephant SubClassOf Animal and Carnivore and Egg and Meat and Reptile, \nTrue
Elephant SubClassOf Plant, False
Elephant SubClassOf Vertebrate, True
Elephant SubClassOf Animal and Carnivore and Egg and Meat and Reptile and Vertebrate, \nTrue
Elephant SubClassOf Cat, \nFalse
Elephant SubClassOf Fish, \nFalse
Elephant SubClassOf Mammal, True
Elephant SubClassOf Animal and Carnivore and Egg and Mammal and Meat and Reptile and Vertebrate, \nTrue
Elephant SubClassOf Herbivore, True
Elephant SubClassOf Animal and Carnivore and Egg and Herbivore and Mammal and Meat and Reptile and Vertebrate, \nTrue
Elephant SubClassOf Leg, \nFalse
Elephant SubClassOf Bird, True
Elephant SubClassOf Animal and Bird and Carnivore and Egg and Herbivore and Mammal and Meat and Reptile and Vertebrate, \nTrue
Elephant SubClassOf Backbone, \nTrue
Elephant SubClassOf Animal and Backbone and Bird and Carnivore and Egg and Herbivore and Mammal and Meat and Reptile and Vertebrate, \nTrue
Elephant SubClassOf Wing, \nFalse
Egg SubClassOf Egg and Meat and (has_part some Vertebrate), True
Egg SubClassOf Carnivore and Egg and Meat and (has_part some Vertebrate), True
Egg SubClassOf Carnivore and Egg and Meat and Water and (has_part some Vertebrate), \nTrue
Egg SubClassOf Animal and Carnivore and Egg and Meat and Water and (has_part some Vertebrate), \nTrue
Egg SubClassOf Animal and Carnivore and Egg and Meat and Reptile and Water and (has_part some Vertebrate), \nTrue
Egg SubClassOf Animal and Carnivore and Egg and Meat and Plant and Reptile and Water and (has_part some Vertebrate), \nTrue
Egg SubClassOf Animal and Carnivore and Egg and Meat and Plant and Reptile and Vertebrate and Water and (has_part some Vertebrate), \nTrue
Egg SubClassOf Animal and Carnivore and Cat and Egg and Meat and Plant and Reptile and Vertebrate and Water and (has_part some Vertebrate), \nTrue
Egg SubClassOf Animal and Carnivore and Cat and Egg and Fish and Meat and Plant and Reptile and Vertebrate and Water and (has_part some Vertebrate), \nTrue
Egg SubClassOf Animal and Carnivore and Cat and Egg and Fish and Mammal and Meat and Plant and Reptile and Vertebrate and Water and (has_part some Vertebrate), \nTrue
Egg SubClassOf Animal and Carnivore and Cat and Egg and Fish and Herbivore and Mammal and Meat and Plant and Reptile and Vertebrate and Water and (has_part some Vertebrate), \nTrue
Egg SubClassOf Animal and Carnivore and Cat and Egg and Fish and Herbivore and Leg and Mammal and Meat and Plant and Reptile and Vertebrate and Water and (has_part some Vertebrate), \nTrue
Egg SubClassOf Animal and Bird and Carnivore and Cat and Egg and Fish and Herbivore and Leg and Mammal and Meat and Plant and Reptile and Vertebrate and Water and (has_part some Vertebrate), \nTrue
Egg SubClassOf Animal and Backbone and Bird and Carnivore and Cat and Egg and Fish and Herbivore and Leg and Mammal and Meat and Plant and Reptile and Vertebrate and Water and (has_part some Vertebrate), \nTrue
Egg SubClassOf Animal and Backbone and Bird and Carnivore and Cat and Egg and Fish and Herbivore and Leg and Mammal and Meat and Plant and Reptile and Vertebrate and Water and Wing and (has_part some Vertebrate), \nTrue
Egg SubClassOf Egg, True
Egg SubClassOf Animal and Backbone and Bird and Carnivore and Cat and Egg and Fish and Herbivore and Leg and Mammal and Meat and Plant and Reptile and Vertebrate and Water and Wing and (has_part some (Egg and Vertebrate)), \nTrue
Egg SubClassOf Animal and Backbone and Bird and Carnivore and Cat and Egg and Fish and Herbivore and Leg and Mammal and Meat and Plant and Reptile and Vertebrate and Water and Wing and (has_part some (Egg and Meat and Vertebrate)), \nTrue
Egg SubClassOf Animal and Backbone and Bird and Carnivore and Cat and Egg and Fish and Herbivore and Leg and Mammal and Meat and Plant and Reptile and Vertebrate and Water and Wing and (has_part some (Carnivore and Egg and Meat and Vertebrate)), \nTrue
Egg SubClassOf Animal and Backbone and Bird and Carnivore and Cat and Egg and Fish and Herbivore and Leg and Mammal and Meat and Plant and Reptile and Vertebrate and Water and Wing and (has_part some (Carnivore and Egg and Meat and Vertebrate and Water)), \nTrue
Egg SubClassOf Animal and Backbone and Bird and Carnivore and Cat and Egg and Fish and Herbivore and Leg and Mammal and Meat and Plant and Reptile and Vertebrate and Water and Wing and (has_part some (Animal and Carnivore and Egg and Meat and Vertebrate and Water)), \nTrue
Egg SubClassOf Animal and Backbone and Bird and Carnivore and Cat and Egg and Fish and Herbivore and Leg and Mammal and Meat and Plant and Reptile and Vertebrate and Water and Wing and (has_part some (Animal and Carnivore and Egg and Meat and Reptile and Vertebrate and Water)), \nTrue
Egg SubClassOf Animal and Backbone and Bird and Carnivore and Cat and Egg and Fish and Herbivore and Leg and Mammal and Meat and Plant and Reptile and Vertebrate and Water and Wing and (has_part some (Animal and Carnivore and Egg and Meat and Plant and Reptile and Vertebrate and Water)), \nTrue
Egg SubClassOf Animal and Backbone and Bird and Carnivore and Cat and Egg and Fish and Herbivore and Leg and Mammal and Meat and Plant and Reptile and Vertebrate and Water and Wing and (has_part some (Animal and Carnivore and Cat and Egg and Meat and Plant and Reptile and Vertebrate and Water)), \nTrue
Egg SubClassOf Animal and Backbone and Bird and Carnivore and Cat and Egg and Fish and Herbivore and Leg and Mammal and Meat and Plant and Reptile and Vertebrate and Water and Wing and (has_part some (Animal and Carnivore and Cat and Egg and Fish and Meat and Plant and Reptile and Vertebrate and Water)), \nTrue
Egg SubClassOf Animal and Backbone and Bird and Carnivore and Cat and Egg and Fish and Herbivore and Leg and Mammal and Meat and Plant and Reptile and Vertebrate and Water and Wing and (has_part some (Animal and Carnivore and Cat and Egg and Fish and Mammal and Meat and Plant and Reptile and Vertebrate and Water)), \nTrue
Egg SubClassOf Animal and Backbone and Bird and Carnivore and Cat and Egg and Fish and Herbivore and Leg and Mammal and Meat and Plant and Reptile and Vertebrate and Water and Wing and (has_part some (Animal and Carnivore and Cat and Egg and Fish and Herbivore and Mammal and Meat and Plant and Reptile and Vertebrate and Water)), \nTrue
Egg SubClassOf Animal and Backbone and Bird and Carnivore and Cat and Egg and Fish and Herbivore and Leg and Mammal and Meat and Plant and Reptile and Vertebrate and Water and Wing and (has_part some (Animal and Carnivore and Cat and Egg and Fish and Herbivore and Leg and Mammal and Meat and Plant and Reptile and Vertebrate and Water)), \nTrue
Egg SubClassOf Animal and Backbone and Bird and Carnivore and Cat and Egg and Fish and Herbivore and Leg and Mammal and Meat and Plant and Reptile and Vertebrate and Water and Wing and (has_part some (Animal and Bird and Carnivore and Cat and Egg and Fish and Herbivore and Leg and Mammal and Meat and Plant and Reptile and Vertebrate and Water)), \nTrue
Egg SubClassOf Animal and Backbone and Bird and Carnivore and Cat and Egg and Fish and Herbivore and Leg and Mammal and Meat and Plant and Reptile and Vertebrate and Water and Wing and (has_part some (Animal and Backbone and Bird and Carnivore and Cat and Egg and Fish and Herbivore and Leg and Mammal and Meat and Plant and Reptile and Vertebrate and Water)), True.
Egg SubClassOf Animal and Backbone and Bird and Carnivore and Cat and Egg and Fish and Herbivore and Leg and Mammal and Meat and Plant and Reptile and Vertebrate and Water and Wing and (has_part some (Animal and Backbone and Bird and Carnivore and Cat and Egg and Fish and Herbivore and Leg and Mammal and Meat and Plant and Reptile and Vertebrate and Water and Wing)), True.
Animal and Backbone and Bird and Carnivore and Cat and Egg and Fish and Herbivore and Leg and Mammal and Meat and Plant and Reptile and Vertebrate and Water and Wing and Thing and (has_part some (Animal and Backbone and Bird and Carnivore and Cat and Egg and Fish and Herbivore and Leg and Mammal and Meat and Plant and Reptile and Vertebrate and Water and Wing)) SubClassOf Animal and Backbone and Bird and Carnivore and Cat and Egg and Fish and Herbivore and Leg and Mammal and Meat and Plant and Reptile and Vertebrate and Water and Wing and Thing and (has_part some (Animal and Backbone and Bird and Carnivore and Cat and Egg and Fish and Herbivore and Leg and Mammal and Meat and Plant and Reptile and Vertebrate and Water and Wing)), True.
Animal and Backbone and Bird and Carnivore and Cat and Egg and Elephant and Fish and Herbivore and Leg and Mammal and Meat and Plant and Reptile and Vertebrate and Water and Wing and Thing and (has_part some (Animal and Backbone and Bird and Carnivore and Cat and Egg and Fish and Herbivore and Leg and Mammal and Meat and Plant and Reptile and Vertebrate and Water and Wing)) SubClassOf Animal and Backbone and Bird and Carnivore and Cat and Egg and Elephant and Fish and Herbivore and Leg and Mammal and Meat and Plant and Reptile and Vertebrate and Water and Wing and Thing and (has_part some (Animal and Backbone and Bird and Carnivore and Cat and Egg and Fish and Herbivore and Leg and Mammal and Meat and Plant and Reptile and Vertebrate and Water and Wing)), True.
Animal and Backbone and Bird and Carnivore and Cat and Egg and Elephant and Fish and Herbivore and Leg and Mammal and Meat and Plant and Reptile and Vertebrate and Water and Wing and Thing and (has_part some (Animal and Backbone and Bird and Carnivore and Cat and Egg and Fish and Herbivore and Leg and Mammal and Meat and Plant and Reptile and Vertebrate and Water and Wing and Thing)) SubClassOf Animal and Backbone and Bird and Carnivore and Cat and Egg and Elephant and Fish and Herbivore and Leg and Mammal and Meat and Plant and Reptile and Vertebrate and Water and Wing and Thing and (has_part some (Animal and Backbone and Bird and Carnivore and Cat and Egg and Fish and Herbivore and Leg and Mammal and Meat and Plant and Reptile and Vertebrate and Water and Wing and Thing)), True.
Carnivore SubClassOf lays some Plant, \nFalse
Wing SubClassOf lays some Wing, True
Egg SubClassOf lays some Wing, True
Egg and (lays some Wing) SubClassOf Egg and (lays some Wing), True
Egg SubClassOf Egg and Meat and (lays some Wing), True
Egg SubClassOf Carnivore and Egg and Meat and (lays some Wing), \nTrue
Egg SubClassOf Carnivore and Egg and Meat and Water and (lays some Wing), \nTrue
Egg SubClassOf Animal and Carnivore and Egg and Meat and Water and (lays some Wing), \nTrue
Egg SubClassOf Animal and Carnivore and Egg and Meat and Reptile and Water and (lays some Wing), \nTrue
Egg SubClassOf Animal and Carnivore and Egg and Meat and Plant and Reptile and Water and (lays some Wing), \nTrue
Egg SubClassOf Animal and Carnivore and Egg and Meat and Plant and Reptile and Vertebrate and Water and (lays some Wing), \nTrue
Egg SubClassOf Animal and Carnivore and Cat and Egg and Meat and Plant and Reptile and Vertebrate and Water and (lays some Wing), \nTrue
Egg SubClassOf Animal and Carnivore and Cat and Egg and Fish and Meat and Plant and Reptile and Vertebrate and Water and (lays some Wing), \nTrue
Egg SubClassOf Animal and Carnivore and Cat and Egg and Fish and Mammal and Meat and Plant and Reptile and Vertebrate and Water and (lays some Wing), \nTrue
Egg SubClassOf Animal and Carnivore and Cat and Egg and Fish and Herbivore and Mammal and Meat and Plant and Reptile and Vertebrate and Water and (lays some Wing), \nTrue
Egg SubClassOf Animal and Carnivore and Cat and Egg and Fish and Herbivore and Leg and Mammal and Meat and Plant and Reptile and Vertebrate and Water and (lays some Wing), \nTrue
Egg SubClassOf Animal and Bird and Carnivore and Cat and Egg and Fish and Herbivore and Leg and Mammal and Meat and Plant and Reptile and Vertebrate and Water and (lays some Wing), \nTrue
Egg SubClassOf Animal and Backbone and Bird and Carnivore and Cat and Egg and Fish and Herbivore and Leg and Mammal and Meat and Plant and Reptile and Vertebrate and Water and (lays some Wing), \nTrue
Egg SubClassOf Animal and Backbone and Bird and Carnivore and Cat and Egg and Fish and Herbivore and Leg and Mammal and Meat and Plant and Reptile and Vertebrate and Water and Wing and (lays some Wing), \nHere
Egg SubClassOf Animal and Backbone and Bird and Carnivore and Cat and Egg and Fish and Herbivore and Leg and Mammal and Meat and Plant and Reptile and Vertebrate and Water and (lays some (Egg and Wing)), \nTrue
Egg SubClassOf Animal and Backbone and Bird and Carnivore and Cat and Egg and Fish and Herbivore and Leg and Mammal and Meat and Plant and Reptile and Vertebrate and Water and (lays some (Egg and Meat and Wing)), \nTrue
Egg SubClassOf Animal and Backbone and Bird and Carnivore and Cat and Egg and Fish and Herbivore and Leg and Mammal and Meat and Plant and Reptile and Vertebrate and Water and (lays some (Carnivore and Egg and Meat and Wing)), \nTrue
Egg SubClassOf Animal and Backbone and Bird and Carnivore and Cat and Egg and Fish and Herbivore and Leg and Mammal and Meat and Plant and Reptile and Vertebrate and Water and (lays some (Carnivore and Egg and Meat and Water and Wing)), \nTrue
Egg SubClassOf Animal and Backbone and Bird and Carnivore and Cat and Egg and Fish and Herbivore and Leg and Mammal and Meat and Plant and Reptile and Vertebrate and Water and (lays some (Animal and Carnivore and Egg and Meat and Water and Wing)), \nTrue
Egg SubClassOf Animal and Backbone and Bird and Carnivore and Cat and Egg and Fish and Herbivore and Leg and Mammal and Meat and Plant and Reptile and Vertebrate and Water and (lays some (Animal and Carnivore and Egg and Meat and Reptile and Water and Wing)), \nTrue
Egg SubClassOf Animal and Backbone and Bird and Carnivore and Cat and Egg and Fish and Herbivore and Leg and Mammal and Meat and Plant and Reptile and Vertebrate and Water and (lays some (Animal and Carnivore and Egg and Meat and Plant and Reptile and Water and Wing)), \nTrue
Egg SubClassOf Animal and Backbone and Bird and Carnivore and Cat and Egg and Fish and Herbivore and Leg and Mammal and Meat and Plant and Reptile and Vertebrate and Water and (lays some (Animal and Carnivore and Egg and Meat and Plant and Reptile and Vertebrate and Water and Wing)), \nTrue
Egg SubClassOf Animal and Backbone and Bird and Carnivore and Cat and Egg and Fish and Herbivore and Leg and Mammal and Meat and Plant and Reptile and Vertebrate and Water and (lays some (Animal and Carnivore and Cat and Egg and Meat and Plant and Reptile and Vertebrate and Water and Wing)), \nTrue
Egg SubClassOf Animal and Backbone and Bird and Carnivore and Cat and Egg and Fish and Herbivore and Leg and Mammal and Meat and Plant and Reptile and Vertebrate and Water and (lays some (Animal and Carnivore and Cat and Egg and Fish and Meat and Plant and Reptile and Vertebrate and Water and Wing)), \nTrue
Egg SubClassOf Animal and Backbone and Bird and Carnivore and Cat and Egg and Fish and Herbivore and Leg and Mammal and Meat and Plant and Reptile and Vertebrate and Water and (lays some (Animal and Carnivore and Cat and Egg and Fish and Mammal and Meat and Plant and Reptile and Vertebrate and Water and Wing)), \nTrue
Egg SubClassOf Animal and Backbone and Bird and Carnivore and Cat and Egg and Fish and Herbivore and Leg and Mammal and Meat and Plant and Reptile and Vertebrate and Water and (lays some (Animal and Carnivore and Cat and Egg and Fish and Herbivore and Mammal and Meat and Plant and Reptile and Vertebrate and Water and Wing)), \nTrue
Egg SubClassOf Animal and Backbone and Bird and Carnivore and Cat and Egg and Fish and Herbivore and Leg and Mammal and Meat and Plant and Reptile and Vertebrate and Water and (lays some (Animal and Carnivore and Cat and Egg and Fish and Herbivore and Leg and Mammal and Meat and Plant and Reptile and Vertebrate and Water and Wing)), \nTrue
Egg SubClassOf Animal and Backbone and Bird and Carnivore and Cat and Egg and Fish and Herbivore and Leg and Mammal and Meat and Plant and Reptile and Vertebrate and Water and (lays some (Animal and Bird and Carnivore and Cat and Egg and Fish and Herbivore and Leg and Mammal and Meat and Plant and Reptile and Vertebrate and Water and Wing)), \nTrue
Egg SubClassOf Animal and Backbone and Bird and Carnivore and Cat and Egg and Fish and Herbivore and Leg and Mammal and Meat and Plant and Reptile and Vertebrate and Water and (lays some (Animal and Backbone and Bird and Carnivore and Cat and Egg and Fish and Herbivore and Leg and Mammal and Meat and Plant and Reptile and Vertebrate and Water and Wing)), \nTrue
Animal and Backbone and Bird and Carnivore and Cat and Egg and Fish and Herbivore and Leg and Mammal and Meat and Plant and Reptile and Vertebrate and Water and Thing and (lays some (Animal and Backbone and Bird and Carnivore and Cat and Egg and Fish and Herbivore and Leg and Mammal and Meat and Plant and Reptile and Vertebrate and Water and Wing)) SubClassOf Animal and Backbone and Bird and Carnivore and Cat and Egg and Fish and Herbivore and Leg and Mammal and Meat and Plant and Reptile and Vertebrate and Water and Thing and (lays some (Animal and Backbone and Bird and Carnivore and Cat and Egg and Fish and Herbivore and Leg and Mammal and Meat and Plant and Reptile and Vertebrate and Water and Wing)), True.
Animal and Backbone and Bird and Carnivore and Cat and Egg and Elephant and Fish and Herbivore and Leg and Mammal and Meat and Plant and Reptile and Vertebrate and Water and Wing and Thing and (has_part some (Animal and Backbone and Bird and Carnivore and Cat and Egg and Elephant and Fish and Herbivore and Leg and Mammal and Meat and Plant and Reptile and Vertebrate and Water and Wing and Thing)) SubClassOf Animal and Backbone and Bird and Carnivore and Cat and Egg and Elephant and Fish and Herbivore and Leg and Mammal and Meat and Plant and Reptile and Vertebrate and Water and Wing and Thing and (has_part some (Animal and Backbone and Bird and Carnivore and Cat and Egg and Elephant and Fish and Herbivore and Leg and Mammal and Meat and Plant and Reptile and Vertebrate and Water and Wing and Thing)) and (lays some (Animal and Backbone and Bird and Carnivore and Cat and Egg and Fish and Herbivore and Leg and Mammal and Meat and Plant and Reptile and Vertebrate and Water and Wing)), Here are
Animal and Backbone and Bird and Carnivore and Cat and Egg and Elephant and Fish and Herbivore and Leg and Mammal and Meat and Plant and Reptile and Vertebrate and Water and Wing and Thing and (has_part some (Animal and Backbone and Bird and Carnivore and Cat and Egg and Elephant and Fish and Herbivore and Leg and Mammal and Meat and Plant and Reptile and Vertebrate and Water and Wing and Thing)) SubClassOf Animal and Backbone and Bird and Carnivore and Cat and Egg and Elephant and Fish and Herbivore and Leg and Mammal and Meat and Plant and Reptile and Vertebrate and Water and Wing and Thing and (has_part some (Animal and Backbone and Bird and Carnivore and Cat and Egg and Elephant and Fish and Herbivore and Leg and Mammal and Meat and Plant and Reptile and Vertebrate and Water and Wing and Thing)) and (lays some (Animal and Backbone and Bird and Carnivore and Cat and Egg and Fish and Herbivore and Leg and Mammal and Meat and Plant and Reptile and Vertebrate and Water and Wing and Thing)), Here are
Cat SubClassOf eats some Egg, True
Egg SubClassOf eats some Egg, True
Egg and (eats some Egg) SubClassOf Egg and (eats some Egg), \nTrue
Egg SubClassOf Egg and Meat and (eats some Egg), True
Egg SubClassOf Carnivore and Egg and Meat and (eats some Egg), \nTrue
Egg SubClassOf Carnivore and Egg and Meat and Water and (eats some Egg), \nTrue
Egg SubClassOf Animal and Carnivore and Egg and Meat and Water and (eats some Egg), \nTrue
Egg SubClassOf Animal and Carnivore and Egg and Meat and Reptile and Water and (eats some Egg), \nTrue
Egg SubClassOf Animal and Carnivore and Egg and Meat and Plant and Reptile and Water and (eats some Egg), \nTrue
Egg SubClassOf Animal and Carnivore and Egg and Meat and Plant and Reptile and Vertebrate and Water and (eats some Egg), \nTrue
Egg SubClassOf Animal and Carnivore and Cat and Egg and Meat and Plant and Reptile and Vertebrate and Water and (eats some Egg), \nTrue
Egg SubClassOf Animal and Carnivore and Cat and Egg and Fish and Meat and Plant and Reptile and Vertebrate and Water and (eats some Egg), \nTrue
Egg SubClassOf Animal and Carnivore and Cat and Egg and Fish and Mammal and Meat and Plant and Reptile and Vertebrate and Water and (eats some Egg), \nTrue
Egg SubClassOf Animal and Carnivore and Cat and Egg and Fish and Herbivore and Mammal and Meat and Plant and Reptile and Vertebrate and Water and (eats some Egg), \nTrue
Egg SubClassOf Animal and Carnivore and Cat and Egg and Fish and Herbivore and Leg and Mammal and Meat and Plant and Reptile and Vertebrate and Water and (eats some Egg), \nTrue
Egg SubClassOf Animal and Bird and Carnivore and Cat and Egg and Fish and Herbivore and Leg and Mammal and Meat and Plant and Reptile and Vertebrate and Water and (eats some Egg), \nTrue
Egg SubClassOf Animal and Backbone and Bird and Carnivore and Cat and Egg and Fish and Herbivore and Leg and Mammal and Meat and Plant and Reptile and Vertebrate and Water and (eats some Egg), \nTrue
Egg SubClassOf Animal and Backbone and Bird and Carnivore and Cat and Egg and Fish and Herbivore and Leg and Mammal and Meat and Plant and Reptile and Vertebrate and Water and Wing and (eats some Egg), \nTrue
Egg SubClassOf Animal and Backbone and Bird and Carnivore and Cat and Egg and Fish and Herbivore and Leg and Mammal and Meat and Plant and Reptile and Vertebrate and Water and Wing and (eats some (Egg and Meat)), \nTrue
Egg SubClassOf Animal and Backbone and Bird and Carnivore and Cat and Egg and Fish and Herbivore and Leg and Mammal and Meat and Plant and Reptile and Vertebrate and Water and Wing and (eats some (Carnivore and Egg and Meat)), \nTrue
Egg SubClassOf Animal and Backbone and Bird and Carnivore and Cat and Egg and Fish and Herbivore and Leg and Mammal and Meat and Plant and Reptile and Vertebrate and Water and Wing and (eats some (Carnivore and Egg and Meat and Water)), \nTrue
Egg SubClassOf Animal and Backbone and Bird and Carnivore and Cat and Egg and Fish and Herbivore and Leg and Mammal and Meat and Plant and Reptile and Vertebrate and Water and Wing and (eats some (Animal and Carnivore and Egg and Meat and Water)), \nTrue
Egg SubClassOf Animal and Backbone and Bird and Carnivore and Cat and Egg and Fish and Herbivore and Leg and Mammal and Meat and Plant and Reptile and Vertebrate and Water and Wing and (eats some (Animal and Carnivore and Egg and Meat and Reptile and Water)), \nTrue
Egg SubClassOf Animal and Backbone and Bird and Carnivore and Cat and Egg and Fish and Herbivore and Leg and Mammal and Meat and Plant and Reptile and Vertebrate and Water and Wing and (eats some (Animal and Carnivore and Egg and Meat and Plant and Reptile and Water)), \nTrue
Egg SubClassOf Animal and Backbone and Bird and Carnivore and Cat and Egg and Fish and Herbivore and Leg and Mammal and Meat and Plant and Reptile and Vertebrate and Water and Wing and (eats some (Animal and Carnivore and Egg and Meat and Plant and Reptile and Vertebrate and Water)), \nTrue
Egg SubClassOf Animal and Backbone and Bird and Carnivore and Cat and Egg and Fish and Herbivore and Leg and Mammal and Meat and Plant and Reptile and Vertebrate and Water and Wing and (eats some (Animal and Carnivore and Cat and Egg and Meat and Plant and Reptile and Vertebrate and Water)), \nTrue
Egg SubClassOf Animal and Backbone and Bird and Carnivore and Cat and Egg and Fish and Herbivore and Leg and Mammal and Meat and Plant and Reptile and Vertebrate and Water and Wing and (eats some (Animal and Carnivore and Cat and Egg and Fish and Meat and Plant and Reptile and Vertebrate and Water)), \nTrue
Egg SubClassOf Animal and Backbone and Bird and Carnivore and Cat and Egg and Fish and Herbivore and Leg and Mammal and Meat and Plant and Reptile and Vertebrate and Water and Wing and (eats some (Animal and Carnivore and Cat and Egg and Fish and Mammal and Meat and Plant and Reptile and Vertebrate and Water)), \nTrue
Egg SubClassOf Animal and Backbone and Bird and Carnivore and Cat and Egg and Fish and Herbivore and Leg and Mammal and Meat and Plant and Reptile and Vertebrate and Water and Wing and (eats some (Animal and Carnivore and Cat and Egg and Fish and Herbivore and Mammal and Meat and Plant and Reptile and Vertebrate and Water)), \nTrue
Egg SubClassOf Animal and Backbone and Bird and Carnivore and Cat and Egg and Fish and Herbivore and Leg and Mammal and Meat and Plant and Reptile and Vertebrate and Water and Wing and (eats some (Animal and Carnivore and Cat and Egg and Fish and Herbivore and Leg and Mammal and Meat and Plant and Reptile and Vertebrate and Water)), \nTrue
Egg SubClassOf Animal and Backbone and Bird and Carnivore and Cat and Egg and Fish and Herbivore and Leg and Mammal and Meat and Plant and Reptile and Vertebrate and Water and Wing and (eats some (Animal and Bird and Carnivore and Cat and Egg and Fish and Herbivore and Leg and Mammal and Meat and Plant and Reptile and Vertebrate and Water)), \nTrue
Egg SubClassOf Animal and Backbone and Bird and Carnivore and Cat and Egg and Fish and Herbivore and Leg and Mammal and Meat and Plant and Reptile and Vertebrate and Water and Wing and (eats some (Animal and Backbone and Bird and Carnivore and Cat and Egg and Fish and Herbivore and Leg and Mammal and Meat and Plant and Reptile and Vertebrate and Water)), \nTrue
Egg SubClassOf Animal and Backbone and Bird and Carnivore and Cat and Egg and Fish and Herbivore and Leg and Mammal and Meat and Plant and Reptile and Vertebrate and Water and Wing and (eats some (Animal and Backbone and Bird and Carnivore and Cat and Egg and Fish and Herbivore and Leg and Mammal and Meat and Plant and Reptile and Vertebrate and Water and Wing)), \nTrue
Animal and Backbone and Bird and Carnivore and Cat and Egg and Fish and Herbivore and Leg and Mammal and Meat and Plant and Reptile and Vertebrate and Water and Wing and Thing and (eats some (Animal and Backbone and Bird and Carnivore and Cat and Egg and Fish and Herbivore and Leg and Mammal and Meat and Plant and Reptile and Vertebrate and Water and Wing)) SubClassOf Animal and Backbone and Bird and Carnivore and Cat and Egg and Fish and Herbivore and Leg and Mammal and Meat and Plant and Reptile and Vertebrate and Water and Wing and Thing and (eats some (Animal and Backbone and Bird and Carnivore and Cat and Egg and Fish and Herbivore and Leg and Mammal and Meat and Plant and Reptile and Vertebrate and Water and Wing)), True.
Animal and Backbone and Bird and Carnivore and Cat and Egg and Elephant and Fish and Herbivore and Leg and Mammal and Meat and Plant and Reptile and Vertebrate and Water and Wing and Thing and (eats some (Animal and Backbone and Bird and Carnivore and Cat and Egg and Fish and Herbivore and Leg and Mammal and Meat and Plant and Reptile and Vertebrate and Water and Wing)) SubClassOf Animal and Backbone and Bird and Carnivore and Cat and Egg and Elephant and Fish and Herbivore and Leg and Mammal and Meat and Plant and Reptile and Vertebrate and Water and Wing and Thing and (eats some (Animal and Backbone and Bird and Carnivore and Cat and Egg and Fish and Herbivore and Leg and Mammal and Meat and Plant and Reptile and Vertebrate and Water and Wing)) and (has_part some (Animal and Backbone and Bird and Carnivore and Cat and Egg and Elephant and Fish and Herbivore and Leg and Mammal and Meat and Plant and Reptile and Vertebrate and Water and Wing and Thing)) and (lays some (Animal and Backbone and Bird and Carnivore and Cat and Egg and Fish and Herbivore and Leg and Mammal and Meat and Plant and Reptile and Vertebrate and Water and Wing and Thing)), Here are
Plant SubClassOf Animal and Backbone and Bird and Carnivore and Cat and Egg and Elephant and Fish and Herbivore and Leg and Mammal and Meat and Plant and Reptile and Vertebrate and Water and Wing and Thing and (eats some (Animal and Backbone and Bird and Carnivore and Cat and Egg and Fish and Herbivore and Leg and Mammal and Meat and Plant and Reptile and Vertebrate and Water and Wing)), \nTrue
Animal and Backbone and Bird and Carnivore and Cat and Egg and Elephant and Fish and Herbivore and Leg and Mammal and Meat and Plant and Reptile and Vertebrate and Water and Wing and Thing and (eats some (Animal and Backbone and Bird and Carnivore and Cat and Egg and Fish and Herbivore and Leg and Mammal and Meat and Plant and Reptile and Vertebrate and Water and Wing)) SubClassOf Animal and Backbone and Bird and Carnivore and Cat and Egg and Elephant and Fish and Herbivore and Leg and Mammal and Meat and Plant and Reptile and Vertebrate and Water and Wing and Thing and (eats some (Animal and Backbone and Bird and Carnivore and Cat and Egg and Fish and Herbivore and Leg and Mammal and Meat and Plant and Reptile and Vertebrate and Water and Wing)), True.
Animal and Backbone and Bird and Carnivore and Cat and Egg and Elephant and Fish and Herbivore and Leg and Mammal and Meat and Plant and Reptile and Vertebrate and Water and Wing and Thing and (eats some (Animal and Backbone and Bird and Carnivore and Cat and Egg and Fish and Herbivore and Leg and Mammal and Meat and Plant and Reptile and Vertebrate and Water and Wing and Thing)) SubClassOf Animal and Backbone and Bird and Carnivore and Cat and Egg and Elephant and Fish and Herbivore and Leg and Mammal and Meat and Plant and Reptile and Vertebrate and Water and Wing and Thing and (eats some (Animal and Backbone and Bird and Carnivore and Cat and Egg and Fish and Herbivore and Leg and Mammal and Meat and Plant and Reptile and Vertebrate and Water and Wing and Thing)), True.
Cat SubClassOf lives_in some Bird, True
Egg SubClassOf lives_in some Bird, True
Egg and (lives_in some Bird) SubClassOf Egg and (lives_in some Bird), True
Egg SubClassOf Egg and Meat and (lives_in some Bird), True
Egg SubClassOf Carnivore and Egg and Meat and (lives_in some Bird), True
Egg SubClassOf Carnivore and Egg and Meat and Water and (lives_in some Bird), \nTrue
Egg SubClassOf Animal and Carnivore and Egg and Meat and Water and (lives_in some Bird), \nTrue
Egg SubClassOf Animal and Carnivore and Egg and Meat and Reptile and Water and (lives_in some Bird), \nTrue
Egg SubClassOf Animal and Carnivore and Egg and Meat and Plant and Reptile and Water and (lives_in some Bird), \nTrue
Egg SubClassOf Animal and Carnivore and Egg and Meat and Plant and Reptile and Vertebrate and Water and (lives_in some Bird), \nTrue
Egg SubClassOf Animal and Carnivore and Cat and Egg and Meat and Plant and Reptile and Vertebrate and Water and (lives_in some Bird), \nTrue
Egg SubClassOf Animal and Carnivore and Cat and Egg and Fish and Meat and Plant and Reptile and Vertebrate and Water and (lives_in some Bird), \nTrue
Egg SubClassOf Animal and Carnivore and Cat and Egg and Fish and Mammal and Meat and Plant and Reptile and Vertebrate and Water and (lives_in some Bird), \nTrue
Egg SubClassOf Animal and Carnivore and Cat and Egg and Fish and Herbivore and Mammal and Meat and Plant and Reptile and Vertebrate and Water and (lives_in some Bird), \nHere
Egg SubClassOf Animal and Carnivore and Cat and Egg and Fish and Leg and Mammal and Meat and Plant and Reptile and Vertebrate and Water and (lives_in some Bird), \nTrue
Egg SubClassOf Animal and Bird and Carnivore and Cat and Egg and Fish and Leg and Mammal and Meat and Plant and Reptile and Vertebrate and Water and (lives_in some Bird), \nTrue
Egg SubClassOf Animal and Backbone and Bird and Carnivore and Cat and Egg and Fish and Leg and Mammal and Meat and Plant and Reptile and Vertebrate and Water and (lives_in some Bird), \nTrue
Egg SubClassOf Animal and Backbone and Bird and Carnivore and Cat and Egg and Fish and Leg and Mammal and Meat and Plant and Reptile and Vertebrate and Water and Wing and (lives_in some Bird), \nHere
Egg SubClassOf Animal and Backbone and Bird and Carnivore and Cat and Egg and Fish and Leg and Mammal and Meat and Plant and Reptile and Vertebrate and Water and (lives_in some (Bird and Egg)), \nTrue
Egg SubClassOf Animal and Backbone and Bird and Carnivore and Cat and Egg and Fish and Leg and Mammal and Meat and Plant and Reptile and Vertebrate and Water and (lives_in some (Bird and Egg and Meat)), \nTrue
Egg SubClassOf Animal and Backbone and Bird and Carnivore and Cat and Egg and Fish and Leg and Mammal and Meat and Plant and Reptile and Vertebrate and Water and (lives_in some (Bird and Carnivore and Egg and Meat)), \nTrue
Egg SubClassOf Animal and Backbone and Bird and Carnivore and Cat and Egg and Fish and Leg and Mammal and Meat and Plant and Reptile and Vertebrate and Water and (lives_in some (Bird and Carnivore and Egg and Meat and Water)), \nTrue
Egg SubClassOf Animal and Backbone and Bird and Carnivore and Cat and Egg and Fish and Leg and Mammal and Meat and Plant and Reptile and Vertebrate and Water and (lives_in some (Animal and Bird and Carnivore and Egg and Meat and Water)), \nTrue
Egg SubClassOf Animal and Backbone and Bird and Carnivore and Cat and Egg and Fish and Leg and Mammal and Meat and Plant and Reptile and Vertebrate and Water and (lives_in some (Animal and Bird and Carnivore and Egg and Meat and Reptile and Water)), \nTrue
Egg SubClassOf Animal and Backbone and Bird and Carnivore and Cat and Egg and Fish and Leg and Mammal and Meat and Plant and Reptile and Vertebrate and Water and (lives_in some (Animal and Bird and Carnivore and Egg and Meat and Plant and Reptile and Water)), \nTrue
Egg SubClassOf Animal and Backbone and Bird and Carnivore and Cat and Egg and Fish and Leg and Mammal and Meat and Plant and Reptile and Vertebrate and Water and (lives_in some (Animal and Bird and Carnivore and Egg and Meat and Plant and Reptile and Vertebrate and Water)), \nTrue
Egg SubClassOf Animal and Backbone and Bird and Carnivore and Cat and Egg and Fish and Leg and Mammal and Meat and Plant and Reptile and Vertebrate and Water and (lives_in some (Animal and Bird and Carnivore and Cat and Egg and Meat and Plant and Reptile and Vertebrate and Water)), \nTrue
Egg SubClassOf Animal and Backbone and Bird and Carnivore and Cat and Egg and Fish and Leg and Mammal and Meat and Plant and Reptile and Vertebrate and Water and (lives_in some (Animal and Bird and Carnivore and Cat and Egg and Fish and Meat and Plant and Reptile and Vertebrate and Water)), \nTrue
Egg SubClassOf Animal and Backbone and Bird and Carnivore and Cat and Egg and Fish and Leg and Mammal and Meat and Plant and Reptile and Vertebrate and Water and (lives_in some (Animal and Bird and Carnivore and Cat and Egg and Fish and Mammal and Meat and Plant and Reptile and Vertebrate and Water)), \nTrue
Egg SubClassOf Animal and Backbone and Bird and Carnivore and Cat and Egg and Fish and Leg and Mammal and Meat and Plant and Reptile and Vertebrate and Water and (lives_in some (Animal and Bird and Carnivore and Cat and Egg and Fish and Herbivore and Mammal and Meat and Plant and Reptile and Vertebrate and Water)), \nTrue
Egg SubClassOf Animal and Backbone and Bird and Carnivore and Cat and Egg and Fish and Leg and Mammal and Meat and Plant and Reptile and Vertebrate and Water and (lives_in some (Animal and Bird and Carnivore and Cat and Egg and Fish and Herbivore and Leg and Mammal and Meat and Plant and Reptile and Vertebrate and Water)), \nTrue
Egg SubClassOf Animal and Backbone and Bird and Carnivore and Cat and Egg and Fish and Leg and Mammal and Meat and Plant and Reptile and Vertebrate and Water and (lives_in some (Animal and Backbone and Bird and Carnivore and Cat and Egg and Fish and Herbivore and Leg and Mammal and Meat and Plant and Reptile and Vertebrate and Water)), \nTrue
Egg SubClassOf Animal and Backbone and Bird and Carnivore and Cat and Egg and Fish and Leg and Mammal and Meat and Plant and Reptile and Vertebrate and Water and (lives_in some (Animal and Backbone and Bird and Carnivore and Cat and Egg and Fish and Herbivore and Leg and Mammal and Meat and Plant and Reptile and Vertebrate and Water and Wing)), \nTrue
Animal and Backbone and Bird and Carnivore and Cat and Egg and Fish and Leg and Mammal and Meat and Plant and Reptile and Vertebrate and Water and Thing and (lives_in some (Animal and Backbone and Bird and Carnivore and Cat and Egg and Fish and Herbivore and Leg and Mammal and Meat and Plant and Reptile and Vertebrate and Water and Wing)) SubClassOf Animal and Backbone and Bird and Carnivore and Cat and Egg and Fish and Leg and Mammal and Meat and Plant and Reptile and Vertebrate and Water and Thing and (lives_in some (Animal and Backbone and Bird and Carnivore and Cat and Egg and Fish and Herbivore and Leg and Mammal and Meat and Plant and Reptile and Vertebrate and Water and Wing)), \nTrue
Animal and Backbone and Bird and Carnivore and Cat and Egg and Elephant and Fish and Herbivore and Leg and Mammal and Meat and Plant and Reptile and Vertebrate and Water and Wing and Thing and (has_part some (Animal and Backbone and Bird and Carnivore and Cat and Egg and Elephant and Fish and Herbivore and Leg and Mammal and Meat and Plant and Reptile and Vertebrate and Water and Wing and Thing)) SubClassOf Animal and Backbone and Bird and Carnivore and Cat and Egg and Elephant and Fish and Herbivore and Leg and Mammal and Meat and Plant and Reptile and Vertebrate and Water and Wing and Thing and (has_part some (Animal and Backbone and Bird and Carnivore and Cat and Egg and Elephant and Fish and Herbivore and Leg and Mammal and Meat and Plant and Reptile and Vertebrate and Water and Wing and Thing)) and (has_part some (Animal and Backbone and Bird and Carnivore and Cat and Egg and Fish and Herbivore and Leg and Mammal and Meat and Plant and Reptile and Vertebrate and Water and Wing and Thing)) and (lays some (Animal and Backbone and Bird and Carnivore and Cat and Egg and Elephant and Fish and Herbivore and Leg and Mammal and Meat and Plant and Reptile and Vertebrate and Water and Wing and Thing)) and (lives_in some (Animal and Backbone and Bird and Carnivore and Cat and Egg and Fish and Herbivore and Leg and Mammal and Meat and Plant and Reptile and Vertebrate and Water and Wing)), Here are
Animal and Backbone and Bird and Carnivore and Cat and Egg and Elephant and Fish and Herbivore and Leg and Mammal and Meat and Plant and Reptile and Vertebrate and Water and Wing and Thing and (has_part some (Animal and Backbone and Bird and Carnivore and Cat and Egg and Elephant and Fish and Herbivore and Leg and Mammal and Meat and Plant and Reptile and Vertebrate and Water and Wing and Thing)) SubClassOf Animal and Backbone and Bird and Carnivore and Cat and Egg and Elephant and Fish and Herbivore and Leg and Mammal and Meat and Plant and Reptile and Vertebrate and Water and Wing and Thing and (has_part some (Animal and Backbone and Bird and Carnivore and Cat and Egg and Elephant and Fish and Herbivore and Leg and Mammal and Meat and Plant and Reptile and Vertebrate and Water and Wing and Thing)) and (lays some (Animal and Backbone and Bird and Carnivore and Cat and Egg and Elephant and Fish and Herbivore and Leg and Mammal and Meat and Plant and Reptile and Vertebrate and Water and Wing and Thing)) and (lives_in some (Animal and Backbone and Bird and Carnivore and Cat and Egg and Fish and Herbivore and Leg and Mammal and Meat and Plant and Reptile and Vertebrate and Water and Wing)), Here are
Animal and Backbone and Bird and Carnivore and Cat and Egg and Elephant and Fish and Herbivore and Leg and Mammal and Meat and Plant and Reptile and Vertebrate and Water and Wing and Thing and (has_part some (Animal and Backbone and Bird and Carnivore and Cat and Egg and Elephant and Fish and Herbivore and Leg and Mammal and Meat and Plant and Reptile and Vertebrate and Water and Wing and Thing)) SubClassOf Animal and Backbone and Bird and Carnivore and Cat and Egg and Elephant and Fish and Herbivore and Leg and Mammal and Meat and Plant and Reptile and Vertebrate and Water and Wing and Thing and (has_part some (Animal and Backbone and Bird and Carnivore and Cat and Egg and Elephant and Fish and Herbivore and Leg and Mammal and Meat and Plant and Reptile and Vertebrate and Water and Wing and Thing)) and (lays some (Animal and Backbone and Bird and Carnivore and Cat and Egg and Fish and Herbivore and Leg and Mammal and Meat and Plant and Reptile and Vertebrate and Water and Wing and Thing)) and (lives_in some (Animal and Backbone and Bird and Carnivore and Cat and Egg and Fish and Herbivore and Leg and Mammal and Meat and Plant and Reptile and Vertebrate and Water and Wing)), Here are
Animal and Backbone and Bird and Carnivore and Cat and Egg and Elephant and Fish and Herbivore and Leg and Mammal and Meat and Plant and Reptile and Vertebrate and Water and Wing and Thing and (eats some (Animal and Backbone and Bird and Carnivore and Cat and Egg and Fish and Herbivore and Leg and Mammal and Meat and Plant and Reptile and Vertebrate and Water and Wing)) SubClassOf Animal and Backbone and Bird and Carnivore and Cat and Egg and Elephant and Fish and Herbivore and Leg and Mammal and Meat and Plant and Reptile and Vertebrate and Water and Wing and Thing and (eats some (Animal and Backbone and Bird and Carnivore and Cat and Egg and Fish and Herbivore and Leg and Mammal and Meat and Plant and Reptile and Vertebrate and Water and Wing)) and (has_part some (Animal and Backbone and Bird and Carnivore and Cat and Egg and Elephant and Fish and Herbivore and Leg and Mammal and Meat and Plant and Reptile and Vertebrate and Water and Wing and Thing)) and (has_part some (Animal and Backbone and Bird and Carnivore and Cat and Egg and Fish and Herbivore and Leg and Mammal and Meat and Plant and Reptile and Vertebrate and Water and Wing and Thing)) and (lays some (Animal and Backbone and Bird and Carnivore and Cat and Egg and Elephant and Fish and Herbivore and Leg and Mammal and Meat and Plant and Reptile and Vertebrate and Water and Wing and Thing)), Here are
Animal and Backbone and Bird and Carnivore and Cat and Egg and Elephant and Fish and Herbivore and Leg and Mammal and Meat and Plant and Reptile and Vertebrate and Water and Wing and Thing and (has_part some (Animal and Backbone and Bird and Carnivore and Cat and Egg and Elephant and Fish and Herbivore and Leg and Mammal and Meat and Plant and Reptile and Vertebrate and Water and Wing and Thing)) SubClassOf Animal and Backbone and Bird and Carnivore and Cat and Egg and Elephant and Fish and Herbivore and Leg and Mammal and Meat and Plant and Reptile and Vertebrate and Water and Wing and Thing and (has_part some (Animal and Backbone and Bird and Carnivore and Cat and Egg and Elephant and Fish and Herbivore and Leg and Mammal and Meat and Plant and Reptile and Vertebrate and Water and Wing and Thing)) and (lays some (Animal and Backbone and Bird and Carnivore and Cat and Egg and Fish and Herbivore and Leg and Mammal and Meat and Plant and Reptile and Vertebrate and Water and Wing and Thing)) and (lives_in some (Animal and Backbone and Bird and Carnivore and Cat and Egg and Fish and Herbivore and Leg and Mammal and Meat and Plant and Reptile and Vertebrate and Water and Wing and Thing)), Here are
