Parent and Person SubClassOf Father, True
Parent and Person SubClassOf GrandMother, True
Person SubClassOf GrandMother, True
Person SubClassOf Thing, True
Person SubClassOf GrandMother and Thing, True
Person SubClassOf Son, True
Person SubClassOf GrandMother and Son and Thing, \nTrue
Person SubClassOf Female, True
Person SubClassOf Female and GrandMother and Son and Thing, \nFalse
Person SubClassOf Father, True
Person SubClassOf Father and GrandMother and Son and Thing, True
Person SubClassOf Child, True
Person SubClassOf Child and Father and GrandMother and Son and Thing, \nTrue
Person SubClassOf Brother, True
Person SubClassOf Brother and Child and Father and GrandMother and Son and Thing, \nTrue
Person SubClassOf Parent, True
Person SubClassOf Brother and Child and Father and GrandMother and Parent and Son and Thing, \nTrue
Person SubClassOf Daughter, True
Person SubClassOf Brother and Child and Daughter and Father and GrandMother and Parent and Son and Thing, \nTrue
Person SubClassOf Man, True
Person SubClassOf Brother and Child and Daughter and Father and GrandMother and Man and Parent and Son and Thing, \nTrue
Person SubClassOf Mother, True
Person SubClassOf Brother and Child and Daughter and Father and GrandMother and Man and Mother and Parent and Son and Thing, \nTrue
Person SubClassOf GrandParent, True
Person SubClassOf Brother and Child and Daughter and Father and GrandMother and GrandParent and Man and Mother and Parent and Son and Thing, \nTrue
Person SubClassOf Sex, True
Person SubClassOf Brother and Child and Daughter and Father and GrandMother and GrandParent and Man and Mother and Parent and Sex and Son and Thing, \nTrue
Person SubClassOf Sister, True
Person SubClassOf Brother and Child and Daughter and Father and GrandMother and GrandParent and Man and Mother and Parent and Sex and Sister and Son and Thing, \nTrue
Person SubClassOf OffSpring, True
Person SubClassOf Brother and Child and Daughter and Father and GrandMother and GrandParent and Man and Mother and OffSpring and Parent and Sex and Sister and Son and Thing, \nTrue
Person SubClassOf Woman, True
Person SubClassOf Brother and Child and Daughter and Father and GrandMother and GrandParent and Man and Mother and OffSpring and Parent and Sex and Sister and Son and Woman and Thing, \nTrue
Person SubClassOf Male, True
Person SubClassOf Brother and Child and Daughter and Father and GrandMother and GrandParent and Male and Man and Mother and OffSpring and Parent and Sex and Sister and Son and Woman and Thing, \nTrue
Person SubClassOf Sibling, True
Person SubClassOf Brother and Child and Daughter and Father and GrandMother and GrandParent and Male and Man and Mother and OffSpring and Parent and Sex and Sibling and Sister and Son and Woman and Thing, \nTrue
Person SubClassOf GrandFather, True
Person SubClassOf Brother and Child and Daughter and Father and GrandFather and GrandMother and GrandParent and Male and Man and Mother and OffSpring and Parent and Sex and Sibling and Sister and Son and Woman and Thing, \nTrue
Person SubClassOf Brother and Child and Daughter and Father and Female and GrandFather and GrandMother and GrandParent and Male and Man and Mother and OffSpring and Parent and Sex and Sibling and Sister and Son and Woman and Thing, \nTrue
GrandFather SubClassOf OffSpring, True
GrandFather SubClassOf GrandMother, \nTrue
GrandFather SubClassOf Thing, True
GrandFather SubClassOf GrandMother and Thing, True
GrandFather SubClassOf Son, True
GrandFather SubClassOf GrandMother and Son and Thing, \nTrue
GrandFather SubClassOf Female, True
GrandFather SubClassOf Female and GrandMother and Son and Thing, \nTrue
GrandFather SubClassOf Father, True
GrandFather SubClassOf Father and Female and GrandMother and Son and Thing, \nTrue
GrandFather SubClassOf Child, True
GrandFather SubClassOf Child and Father and Female and GrandMother and Son and Thing, \nTrue
GrandFather SubClassOf Person, True
GrandFather SubClassOf Child and Father and Female and GrandMother and Person and Son and Thing, \nTrue
GrandFather SubClassOf Brother, \nFalse
GrandFather SubClassOf Parent, True
GrandFather SubClassOf Child and Father and Female and GrandMother and Parent and Person and Son and Thing, \nTrue
GrandFather SubClassOf Daughter, True
GrandFather SubClassOf Child and Daughter and Father and Female and GrandMother and Parent and Person and Son and Thing, \nTrue
GrandFather SubClassOf Man, True
GrandFather SubClassOf Child and Daughter and Father and Female and GrandMother and Man and Parent and Person and Son and Thing, \nTrue
GrandFather SubClassOf Mother, True
GrandFather SubClassOf Child and Daughter and Father and Female and GrandMother and Man and Mother and Parent and Person and Son and Thing, \nTrue
GrandFather SubClassOf GrandParent, True
GrandFather SubClassOf Child and Daughter and Father and Female and GrandMother and GrandParent and Man and Mother and Parent and Person and Son and Thing, \nTrue
GrandFather SubClassOf Sex, \nTrue
GrandFather SubClassOf Child and Daughter and Father and Female and GrandMother and GrandParent and Man and Mother and Parent and Person and Sex and Son and Thing, \nTrue
GrandFather SubClassOf Sister, \nFalse
GrandFather SubClassOf Child and Daughter and Father and Female and GrandMother and GrandParent and Man and Mother and OffSpring and Parent and Person and Sex and Son and Thing, \nTrue
GrandFather SubClassOf Woman, True
GrandFather SubClassOf Child and Daughter and Father and Female and GrandMother and GrandParent and Man and Mother and OffSpring and Parent and Person and Sex and Son and Woman and Thing, \nTrue
GrandFather SubClassOf Male, True
GrandFather SubClassOf Child and Daughter and Father and Female and GrandMother and GrandParent and Male and Man and Mother and OffSpring and Parent and Person and Sex and Son and Woman and Thing, \nTrue
GrandFather SubClassOf Sibling, True
GrandFather SubClassOf Child and Daughter and Father and Female and GrandMother and GrandParent and Male and Man and Mother and OffSpring and Parent and Person and Sex and Sibling and Son and Woman and Thing, \nTrue
hasParent some GrandMother SubClassOf Male, True
hasParent some GrandMother SubClassOf GrandMother, True
GrandMother SubClassOf GrandMother, True
Thing SubClassOf Thing and (hasParent some (GrandMother and Thing)), True
GrandMother and Thing SubClassOf Son, True
Thing SubClassOf Son, True
GrandMother and GrandParent SubClassOf OffSpring, \nTrue
GrandMother and GrandParent SubClassOf Female, True
GrandParent SubClassOf Female, True
GrandParent SubClassOf GrandMother, True
GrandParent SubClassOf Female and GrandMother, True
GrandParent SubClassOf Thing, True
GrandParent SubClassOf Female and GrandMother and Thing, \nFalse
GrandParent SubClassOf Son, True
GrandParent SubClassOf Female and GrandMother and Son, \nTrue
GrandParent SubClassOf Father, True
GrandParent SubClassOf Father and Female and GrandMother and Son, \nTrue
GrandParent SubClassOf Child, True
GrandParent SubClassOf Child and Father and Female and GrandMother and Son, \nTrue
GrandParent SubClassOf Person, True
GrandParent SubClassOf Child and Father and Female and GrandMother and Person and Son, \nTrue
GrandParent SubClassOf Brother, True
GrandParent SubClassOf Brother and Child and Father and Female and GrandMother and Person and Son, \nTrue
GrandParent SubClassOf Parent, True
GrandParent SubClassOf Brother and Child and Father and Female and GrandMother and Parent and Person and Son, \nTrue
GrandParent SubClassOf Daughter, True
GrandParent SubClassOf Brother and Child and Daughter and Father and Female and GrandMother and Parent and Person and Son, \nTrue
GrandParent SubClassOf Man, True
GrandParent SubClassOf Brother and Child and Daughter and Father and Female and GrandMother and Man and Parent and Person and Son, \nTrue
GrandParent SubClassOf Mother, True
GrandParent SubClassOf Brother and Child and Daughter and Father and Female and GrandMother and Man and Mother and Parent and Person and Son, \nTrue
GrandParent SubClassOf Sex, True
GrandParent SubClassOf Brother and Child and Daughter and Father and Female and GrandMother and Man and Mother and Parent and Person and Sex and Son, \nTrue
GrandParent SubClassOf Sister, \nFalse
GrandParent SubClassOf OffSpring, True
GrandParent SubClassOf Brother and Child and Daughter and Father and Female and GrandMother and Man and Mother and OffSpring and Parent and Person and Sex and Son, \nTrue
GrandParent SubClassOf Woman, True
GrandParent SubClassOf Brother and Child and Daughter and Father and Female and GrandMother and Man and Mother and OffSpring and Parent and Person and Sex and Son and Woman, \nTrue
GrandParent SubClassOf Male, True
GrandParent SubClassOf Brother and Child and Daughter and Father and Female and GrandMother and Male and Man and Mother and OffSpring and Parent and Person and Sex and Son and Woman, \nTrue
GrandParent SubClassOf Sibling, True
GrandParent SubClassOf Brother and Child and Daughter and Father and Female and GrandMother and Male and Man and Mother and OffSpring and Parent and Person and Sex and Sibling and Son and Woman, \nTrue
GrandParent SubClassOf GrandFather, True
GrandParent SubClassOf Brother and Child and Daughter and Father and Female and GrandFather and GrandMother and Male and Man and Mother and OffSpring and Parent and Person and Sex and Sibling and Son and Woman, \nTrue
GrandParent SubClassOf Brother and Child and Daughter and Father and Female and GrandFather and GrandMother and Male and Man and Mother and OffSpring and Parent and Person and Sex and Sibling and Son and Woman and Thing, \nTrue
Son SubClassOf hasSex some Parent, True
Son SubClassOf GrandMother, True
Son SubClassOf Thing, True
Son SubClassOf GrandMother and Thing, \nTrue
Son SubClassOf Female, \nTrue
Son SubClassOf Female and GrandMother and Thing, True
Son SubClassOf Father, True
Son SubClassOf Father and Female and GrandMother and Thing, True
Son SubClassOf Child, True
Son SubClassOf Child and Father and Female and GrandMother and Thing, \nTrue
Son SubClassOf Person, True
Son SubClassOf Child and Father and Female and GrandMother and Person and Thing, \nTrue
Son SubClassOf Brother, True
Son SubClassOf Brother and Child and Father and Female and GrandMother and Person and Thing, \nTrue
Son SubClassOf Parent, True
Son SubClassOf Brother and Child and Father and Female and GrandMother and Parent and Person and Thing, \nTrue
Son SubClassOf Daughter, True
Son SubClassOf Brother and Child and Daughter and Father and Female and GrandMother and Parent and Person and Thing, \nTrue
Son SubClassOf Man, True
Son SubClassOf Brother and Child and Daughter and Father and Female and GrandMother and Man and Parent and Person and Thing, \nTrue
Son SubClassOf Mother, True
Son SubClassOf Brother and Child and Daughter and Father and Female and GrandMother and Man and Mother and Parent and Person and Thing, \nTrue
Son SubClassOf GrandParent, True
Son SubClassOf Brother and Child and Daughter and Father and Female and GrandMother and GrandParent and Man and Mother and Parent and Person and Thing, \nTrue
Son SubClassOf Sex, True
Son SubClassOf Brother and Child and Daughter and Father and Female and GrandMother and GrandParent and Man and Mother and Parent and Person and Sex and Thing, \nTrue
Son SubClassOf Sister, True
Son SubClassOf Brother and Child and Daughter and Father and Female and GrandMother and GrandParent and Man and Mother and Parent and Person and Sex and Sister and Thing, \nTrue
Son SubClassOf OffSpring, True
Son SubClassOf Brother and Child and Daughter and Father and Female and GrandMother and GrandParent and Man and Mother and OffSpring and Parent and Person and Sex and Sister and Thing, \nTrue
Son SubClassOf Woman, \nTrue
Son SubClassOf Brother and Child and Daughter and Father and Female and GrandMother and GrandParent and Man and Mother and OffSpring and Parent and Person and Sex and Sister and Woman and Thing, \nTrue
Son SubClassOf Male, True
Son SubClassOf Brother and Child and Daughter and Father and Female and GrandMother and GrandParent and Male and Man and Mother and OffSpring and Parent and Person and Sex and Sister and Woman and Thing, \nTrue
Son SubClassOf Sibling, True
Son SubClassOf Brother and Child and Daughter and Father and Female and GrandMother and GrandParent and Male and Man and Mother and OffSpring and Parent and Person and Sex and Sibling and Sister and Woman and Thing, \nTrue
Son SubClassOf GrandFather, \nFalse
Parent SubClassOf hasChild some Male, True
GrandMother SubClassOf hasChild some Male, True
GrandMother and (hasChild some Male) SubClassOf GrandMother and (hasChild some Male), \nTrue
GrandMother SubClassOf Thing, True
GrandMother SubClassOf GrandMother and Thing and (hasChild some Male), True
GrandMother SubClassOf Son, True
GrandMother SubClassOf GrandMother and Son and Thing and (hasChild some Male), \nTrue
GrandMother SubClassOf Female, True
GrandMother SubClassOf Female and GrandMother and Son and Thing and (hasChild some Male), \nTrue
GrandMother SubClassOf Father, True
GrandMother SubClassOf Father and Female and GrandMother and Son and Thing and (hasChild some Male), \nTrue
GrandMother SubClassOf Child, True
GrandMother SubClassOf Child and Father and Female and GrandMother and Son and Thing and (hasChild some Male), \nTrue
GrandMother SubClassOf Person, True
GrandMother SubClassOf Child and Father and Female and GrandMother and Person and Son and Thing and (hasChild some Male), \nTrue
GrandMother SubClassOf Brother, \nFalse
GrandMother SubClassOf Parent, True
GrandMother SubClassOf Child and Father and Female and GrandMother and Parent and Person and Son and Thing and (hasChild some Male), \nTrue
GrandMother SubClassOf Daughter, True
GrandMother SubClassOf Child and Daughter and Father and Female and GrandMother and Parent and Person and Son and Thing and (hasChild some Male), \nTrue
GrandMother SubClassOf Man, True
GrandMother SubClassOf Child and Daughter and Father and Female and GrandMother and Man and Parent and Person and Son and Thing and (hasChild some Male), \nTrue
GrandMother SubClassOf Mother, True
GrandMother SubClassOf Child and Daughter and Father and Female and GrandMother and Man and Mother and Parent and Person and Son and Thing and (hasChild some Male), \nTrue
GrandMother SubClassOf GrandParent, True
GrandMother SubClassOf Child and Daughter and Father and Female and GrandMother and GrandParent and Man and Mother and Parent and Person and Son and Thing and (hasChild some Male), \nTrue
GrandMother SubClassOf Sex, True
GrandMother SubClassOf Child and Daughter and Father and Female and GrandMother and GrandParent and Man and Mother and Parent and Person and Sex and Son and Thing and (hasChild some Male), \nTrue
GrandMother SubClassOf Sister, True
GrandMother SubClassOf Child and Daughter and Father and Female and GrandMother and GrandParent and Man and Mother and Parent and Person and Sex and Sister and Son and Thing and (hasChild some Male), \nTrue
GrandMother SubClassOf OffSpring, \nFalse
GrandMother SubClassOf Woman, True
GrandMother SubClassOf Child and Daughter and Father and Female and GrandMother and GrandParent and Man and Mother and Parent and Person and Sex and Sister and Son and Woman and Thing and (hasChild some Male), \nTrue
GrandMother SubClassOf Male, False
GrandMother SubClassOf Sibling, False.
GrandMother SubClassOf GrandFather, True
GrandMother SubClassOf Child and Daughter and Father and Female and GrandFather and GrandMother and GrandParent and Man and Mother and Parent and Person and Sex and Sister and Son and Woman and Thing and (hasChild some Male), \nTrue
GrandMother SubClassOf Child and Daughter and Father and Female and GrandFather and GrandMother and GrandParent and Man and Mother and Parent and Person and Sex and Sister and Son and Woman and Thing and (hasChild some (GrandMother and Male)), \nTrue
GrandMother SubClassOf Child and Daughter and Father and Female and GrandFather and GrandMother and GrandParent and Man and Mother and Parent and Person and Sex and Sister and Son and Woman and Thing and (hasChild some (GrandMother and Male and Thing)), \nTrue
GrandMother SubClassOf Child and Daughter and Father and Female and GrandFather and GrandMother and GrandParent and Man and Mother and Parent and Person and Sex and Sister and Son and Woman and Thing and (hasChild some (GrandMother and Male and Son and Thing)), \nTrue
GrandMother SubClassOf Child and Daughter and Father and Female and GrandFather and GrandMother and GrandParent and Man and Mother and Parent and Person and Sex and Sister and Son and Woman and Thing and (hasChild some (Female and GrandMother and Male and Son and Thing)), \nTrue
GrandMother SubClassOf Child and Daughter and Father and Female and GrandFather and GrandMother and GrandParent and Man and Mother and Parent and Person and Sex and Sister and Son and Woman and Thing and (hasChild some (Father and Female and GrandMother and Male and Son and Thing)), \nTrue
GrandMother SubClassOf Child and Daughter and Father and Female and GrandFather and GrandMother and GrandParent and Man and Mother and Parent and Person and Sex and Sister and Son and Woman and Thing and (hasChild some (Child and Father and Female and GrandMother and Male and Son and Thing)), \nTrue
GrandMother SubClassOf Child and Daughter and Father and Female and GrandFather and GrandMother and GrandParent and Man and Mother and Parent and Person and Sex and Sister and Son and Woman and Thing and (hasChild some (Child and Father and Female and GrandMother and Male and Person and Son and Thing)), \nTrue
GrandMother SubClassOf Child and Daughter and Father and Female and GrandFather and GrandMother and GrandParent and Man and Mother and Parent and Person and Sex and Sister and Son and Woman and Thing and (hasChild some (Child and Father and Female and GrandMother and Male and Parent and Person and Son and Thing)), \nTrue
GrandMother SubClassOf Child and Daughter and Father and Female and GrandFather and GrandMother and GrandParent and Man and Mother and Parent and Person and Sex and Sister and Son and Woman and Thing and (hasChild some (Child and Daughter and Father and Female and GrandMother and Male and Parent and Person and Son and Thing)), \nTrue
GrandMother SubClassOf Child and Daughter and Father and Female and GrandFather and GrandMother and GrandParent and Man and Mother and Parent and Person and Sex and Sister and Son and Woman and Thing and (hasChild some (Child and Daughter and Father and Female and GrandMother and Male and Man and Parent and Person and Son and Thing)), \nTrue
GrandMother SubClassOf Child and Daughter and Father and Female and GrandFather and GrandMother and GrandParent and Man and Mother and Parent and Person and Sex and Sister and Son and Woman and Thing and (hasChild some (Child and Daughter and Father and Female and GrandMother and Male and Man and Mother and Parent and Person and Son and Thing)), \nTrue
GrandMother SubClassOf Child and Daughter and Father and Female and GrandFather and GrandMother and GrandParent and Man and Mother and Parent and Person and Sex and Sister and Son and Woman and Thing and (hasChild some (Child and Daughter and Father and Female and GrandMother and GrandParent and Male and Man and Mother and Parent and Person and Son and Thing)), \nTrue
GrandMother SubClassOf Child and Daughter and Father and Female and GrandFather and GrandMother and GrandParent and Man and Mother and Parent and Person and Sex and Sister and Son and Woman and Thing and (hasChild some (Child and Daughter and Father and Female and GrandMother and GrandParent and Male and Man and Mother and Parent and Person and Sex and Son and Thing)), \nTrue
GrandMother SubClassOf Child and Daughter and Father and Female and GrandFather and GrandMother and GrandParent and Man and Mother and Parent and Person and Sex and Sister and Son and Woman and Thing and (hasChild some (Child and Daughter and Father and Female and GrandMother and GrandParent and Male and Man and Mother and Parent and Person and Sex and Sister and Son and Thing)), \nTrue
GrandMother SubClassOf Child and Daughter and Father and Female and GrandFather and GrandMother and GrandParent and Man and Mother and Parent and Person and Sex and Sister and Son and Woman and Thing and (hasChild some (Child and Daughter and Father and Female and GrandMother and GrandParent and Male and Man and Mother and Parent and Person and Sex and Sister and Son and Woman and Thing)), \nTrue
GrandMother SubClassOf Child and Daughter and Father and Female and GrandFather and GrandMother and GrandParent and Man and Mother and Parent and Person and Sex and Sister and Son and Woman and Thing and (hasChild some (Child and Daughter and Father and Female and GrandFather and GrandMother and GrandParent and Male and Man and Mother and Parent and Person and Sex and Sister and Son and Woman and Thing)), \nTrue
Brother and Child and Daughter and Father and Female and GrandFather and GrandMother and GrandParent and Man and Mother and Parent and Person and Sex and Sister and Son and Woman and Thing and (hasChild some (Child and Daughter and Father and Female and GrandFather and GrandMother and GrandParent and Male and Man and Mother and Parent and Person and Sex and Sister and Son and Woman and Thing)) SubClassOf Brother and Child and Daughter and Father and Female and GrandFather and GrandMother and GrandParent and Man and Mother and Parent and Person and Sex and Sister and Son and Woman and Thing and (hasChild some (Child and Daughter and Father and Female and GrandFather and GrandMother and GrandParent and Male and Man and Mother and Parent and Person and Sex and Sister and Son and Woman and Thing)), True
Brother and Child and Daughter and Father and Female and GrandFather and GrandMother and GrandParent and Man and Mother and OffSpring and Parent and Person and Sex and Sister and Son and Woman and Thing and (hasChild some (Child and Daughter and Father and Female and GrandFather and GrandMother and GrandParent and Male and Man and Mother and Parent and Person and Sex and Sister and Son and Woman and Thing)) SubClassOf Brother and Child and Daughter and Father and Female and GrandFather and GrandMother and GrandParent and Man and Mother and OffSpring and Parent and Person and Sex and Sister and Son and Woman and Thing and (hasChild some (Child and Daughter and Father and Female and GrandFather and GrandMother and GrandParent and Male and Man and Mother and Parent and Person and Sex and Sister and Son and Woman and Thing)), \nTrue
Brother and Child and Daughter and Father and Female and GrandFather and GrandMother and GrandParent and Male and Man and Mother and OffSpring and Parent and Person and Sex and Sister and Son and Woman and Thing and (hasChild some (Child and Daughter and Father and Female and GrandFather and GrandMother and GrandParent and Male and Man and Mother and Parent and Person and Sex and Sister and Son and Woman and Thing)) SubClassOf Brother and Child and Daughter and Father and Female and GrandFather and GrandMother and GrandParent and Male and Man and Mother and OffSpring and Parent and Person and Sex and Sister and Son and Woman and Thing and (hasChild some (Child and Daughter and Father and Female and GrandFather and GrandMother and GrandParent and Male and Man and Mother and Parent and Person and Sex and Sister and Son and Woman and Thing)), True.
Male SubClassOf hasSibling some Mother, True
GrandMother SubClassOf hasSibling some Mother, True
GrandMother and (hasSibling some Mother) SubClassOf GrandMother and (hasSibling some Mother), True
GrandMother SubClassOf GrandMother and Thing and (hasSibling some Mother), True
GrandMother SubClassOf GrandMother and Son and Thing and (hasSibling some Mother), \nTrue
GrandMother SubClassOf Female and GrandMother and Son and Thing and (hasSibling some Mother), \nTrue
GrandMother SubClassOf Father and Female and GrandMother and Son and Thing and (hasSibling some Mother), \nTrue
GrandMother SubClassOf Child and Father and Female and GrandMother and Son and Thing and (hasSibling some Mother), \nTrue
GrandMother SubClassOf Child and Father and Female and GrandMother and Person and Son and Thing and (hasSibling some Mother), \nTrue
GrandMother SubClassOf Child and Father and Female and GrandMother and Parent and Person and Son and Thing and (hasSibling some Mother), \nTrue
GrandMother SubClassOf Child and Daughter and Father and Female and GrandMother and Parent and Person and Son and Thing and (hasSibling some Mother), \nTrue
GrandMother SubClassOf Child and Daughter and Father and Female and GrandMother and Man and Parent and Person and Son and Thing and (hasSibling some Mother), \nTrue
GrandMother SubClassOf Child and Daughter and Father and Female and GrandMother and Man and Mother and Parent and Person and Son and Thing and (hasSibling some Mother), \nTrue
GrandMother SubClassOf Child and Daughter and Father and Female and GrandMother and GrandParent and Man and Mother and Parent and Person and Son and Thing and (hasSibling some Mother), \nTrue
GrandMother SubClassOf Child and Daughter and Father and Female and GrandMother and GrandParent and Man and Mother and Parent and Person and Sex and Son and Thing and (hasSibling some Mother), \nTrue
GrandMother SubClassOf Child and Daughter and Father and Female and GrandMother and GrandParent and Man and Mother and Parent and Person and Sex and Sister and Son and Thing and (hasSibling some Mother), \nTrue
GrandMother SubClassOf Child and Daughter and Father and Female and GrandMother and GrandParent and Man and Mother and Parent and Person and Sex and Sister and Son and Woman and Thing and (hasSibling some Mother), \nTrue
GrandMother SubClassOf Child and Daughter and Father and Female and GrandFather and GrandMother and GrandParent and Man and Mother and Parent and Person and Sex and Sister and Son and Woman and Thing and (hasSibling some Mother), \nTrue
GrandMother SubClassOf Child and Daughter and Father and Female and GrandFather and GrandMother and GrandParent and Man and Mother and Parent and Person and Sex and Sister and Son and Woman and Thing and (hasSibling some (GrandMother and Mother)), \nTrue
GrandMother SubClassOf Child and Daughter and Father and Female and GrandFather and GrandMother and GrandParent and Man and Mother and Parent and Person and Sex and Sister and Son and Woman and Thing and (hasSibling some (GrandMother and Mother and Thing)), \nTrue
GrandMother SubClassOf Child and Daughter and Father and Female and GrandFather and GrandMother and GrandParent and Man and Mother and Parent and Person and Sex and Sister and Son and Woman and Thing and (hasSibling some (GrandMother and Mother and Son and Thing)), \nTrue
GrandMother SubClassOf Child and Daughter and Father and Female and GrandFather and GrandMother and GrandParent and Man and Mother and Parent and Person and Sex and Sister and Son and Woman and Thing and (hasSibling some (Female and GrandMother and Mother and Son and Thing)), \nTrue
GrandMother SubClassOf Child and Daughter and Father and Female and GrandFather and GrandMother and GrandParent and Man and Mother and Parent and Person and Sex and Sister and Son and Woman and Thing and (hasSibling some (Father and Female and GrandMother and Mother and Son and Thing)), \nTrue
GrandMother SubClassOf Child and Daughter and Father and Female and GrandFather and GrandMother and GrandParent and Man and Mother and Parent and Person and Sex and Sister and Son and Woman and Thing and (hasSibling some (Child and Father and Female and GrandMother and Mother and Son and Thing)), \nTrue
GrandMother SubClassOf Child and Daughter and Father and Female and GrandFather and GrandMother and GrandParent and Man and Mother and Parent and Person and Sex and Sister and Son and Woman and Thing and (hasSibling some (Child and Father and Female and GrandMother and Mother and Person and Son and Thing)), \nTrue
GrandMother SubClassOf Child and Daughter and Father and Female and GrandFather and GrandMother and GrandParent and Man and Mother and Parent and Person and Sex and Sister and Son and Woman and Thing and (hasSibling some (Child and Father and Female and GrandMother and Mother and Parent and Person and Son and Thing)), \nTrue
GrandMother SubClassOf Child and Daughter and Father and Female and GrandFather and GrandMother and GrandParent and Man and Mother and Parent and Person and Sex and Sister and Son and Woman and Thing and (hasSibling some (Child and Daughter and Father and Female and GrandMother and Mother and Parent and Person and Son and Thing)), \nTrue
GrandMother SubClassOf Child and Daughter and Father and Female and GrandFather and GrandMother and GrandParent and Man and Mother and Parent and Person and Sex and Sister and Son and Woman and Thing and (hasSibling some (Child and Daughter and Father and Female and GrandMother and Man and Mother and Parent and Person and Son and Thing)), \nTrue
GrandMother SubClassOf Child and Daughter and Father and Female and GrandFather and GrandMother and GrandParent and Man and Mother and Parent and Person and Sex and Sister and Son and Woman and Thing and (hasSibling some (Child and Daughter and Father and Female and GrandMother and GrandParent and Man and Mother and Parent and Person and Son and Thing)), \nTrue
GrandMother SubClassOf Child and Daughter and Father and Female and GrandFather and GrandMother and GrandParent and Man and Mother and Parent and Person and Sex and Sister and Son and Woman and Thing and (hasSibling some (Child and Daughter and Father and Female and GrandMother and GrandParent and Man and Mother and Parent and Person and Sex and Son and Thing)), \nTrue
GrandMother SubClassOf Child and Daughter and Father and Female and GrandFather and GrandMother and GrandParent and Man and Mother and Parent and Person and Sex and Sister and Son and Woman and Thing and (hasSibling some (Child and Daughter and Father and Female and GrandMother and GrandParent and Man and Mother and Parent and Person and Sex and Sister and Son and Thing)), \nTrue
GrandMother SubClassOf Child and Daughter and Father and Female and GrandFather and GrandMother and GrandParent and Man and Mother and Parent and Person and Sex and Sister and Son and Woman and Thing and (hasSibling some (Child and Daughter and Father and Female and GrandMother and GrandParent and Man and Mother and Parent and Person and Sex and Sister and Son and Woman and Thing)), \nTrue
GrandMother SubClassOf Child and Daughter and Father and Female and GrandFather and GrandMother and GrandParent and Man and Mother and Parent and Person and Sex and Sister and Son and Woman and Thing and (hasSibling some (Child and Daughter and Father and Female and GrandFather and GrandMother and GrandParent and Man and Mother and Parent and Person and Sex and Sister and Son and Woman and Thing)), \nTrue
Brother and Child and Daughter and Father and Female and GrandFather and GrandMother and GrandParent and Man and Mother and Parent and Person and Sex and Sister and Son and Woman and Thing and (hasSibling some (Child and Daughter and Father and Female and GrandFather and GrandMother and GrandParent and Man and Mother and Parent and Person and Sex and Sister and Son and Woman and Thing)) SubClassOf Brother and Child and Daughter and Father and Female and GrandFather and GrandMother and GrandParent and Man and Mother and Parent and Person and Sex and Sister and Son and Woman and Thing and (hasSibling some (Child and Daughter and Father and Female and GrandFather and GrandMother and GrandParent and Man and Mother and Parent and Person and Sex and Sister and Son and Woman and Thing)), True.
Brother and Child and Daughter and Father and Female and GrandFather and GrandMother and GrandParent and Male and Man and Mother and OffSpring and Parent and Person and Sex and Sibling and Sister and Son and Woman and Thing and (hasChild some (Child and Daughter and Father and Female and GrandFather and GrandMother and GrandParent and Male and Man and Mother and Parent and Person and Sex and Sister and Son and Woman and Thing)) SubClassOf Brother and Child and Daughter and Father and Female and GrandFather and GrandMother and GrandParent and Male and Man and Mother and OffSpring and Parent and Person and Sex and Sibling and Sister and Son and Woman and Thing and (hasChild some (Child and Daughter and Father and Female and GrandFather and GrandMother and GrandParent and Male and Man and Mother and Parent and Person and Sex and Sister and Son and Woman and Thing)) and (hasSibling some (Child and Daughter and Father and Female and GrandFather and GrandMother and GrandParent and Man and Mother and Parent and Person and Sex and Sister and Son and Woman and Thing)), \nTrue
Brother and Child and Daughter and Father and Female and GrandFather and GrandMother and GrandParent and Male and Man and Mother and OffSpring and Parent and Person and Sex and Sibling and Sister and Son and Woman and Thing and (hasChild some (Child and Daughter and Father and Female and GrandFather and GrandMother and GrandParent and Male and Man and Mother and Parent and Person and Sex and Sister and Son and Woman and Thing)) SubClassOf Brother and Child and Daughter and Father and Female and GrandFather and GrandMother and GrandParent and Male and Man and Mother and OffSpring and Parent and Person and Sex and Sibling and Sister and Son and Woman and Thing and (hasChild some (Child and Daughter and Father and Female and GrandFather and GrandMother and GrandParent and Male and Man and Mother and Parent and Person and Sex and Sister and Son and Woman and Thing)) and (hasSibling some (Brother and Child and Daughter and Father and Female and GrandFather and GrandMother and GrandParent and Man and Mother and Parent and Person and Sex and Sister and Son and Woman and Thing)), True.
Son SubClassOf hasParent some Brother, True
GrandMother SubClassOf hasParent some Brother, True
GrandMother and (hasParent some Brother) SubClassOf GrandMother and (hasParent some Brother), \nTrue
GrandMother SubClassOf GrandMother and Thing and (hasParent some Brother), \nTrue
GrandMother SubClassOf GrandMother and Son and Thing and (hasParent some Brother), True
GrandMother SubClassOf Female and GrandMother and Son and Thing and (hasParent some Brother), \nTrue
GrandMother SubClassOf Father and Female and GrandMother and Son and Thing and (hasParent some Brother), \nTrue
GrandMother SubClassOf Child and Father and Female and GrandMother and Son and Thing and (hasParent some Brother), \nTrue
GrandMother SubClassOf Child and Father and Female and GrandMother and Person and Son and Thing and (hasParent some Brother), \nTrue
GrandMother SubClassOf Child and Father and Female and GrandMother and Parent and Person and Son and Thing and (hasParent some Brother), \nTrue
GrandMother SubClassOf Child and Daughter and Father and Female and GrandMother and Parent and Person and Son and Thing and (hasParent some Brother), \nTrue
GrandMother SubClassOf Child and Daughter and Father and Female and GrandMother and Man and Parent and Person and Son and Thing and (hasParent some Brother), \nTrue
GrandMother SubClassOf Child and Daughter and Father and Female and GrandMother and Man and Mother and Parent and Person and Son and Thing and (hasParent some Brother), \nTrue
GrandMother SubClassOf Child and Daughter and Father and Female and GrandMother and GrandParent and Man and Mother and Parent and Person and Son and Thing and (hasParent some Brother), \nTrue
GrandMother SubClassOf Child and Daughter and Father and Female and GrandMother and GrandParent and Man and Mother and Parent and Person and Sex and Son and Thing and (hasParent some Brother), \nTrue
GrandMother SubClassOf Child and Daughter and Father and Female and GrandMother and GrandParent and Man and Mother and Parent and Person and Sex and Sister and Son and Thing and (hasParent some Brother), \nTrue
GrandMother SubClassOf Child and Daughter and Father and Female and GrandMother and GrandParent and Man and Mother and Parent and Person and Sex and Sister and Son and Woman and Thing and (hasParent some Brother), \nTrue
GrandMother SubClassOf Child and Daughter and Father and Female and GrandFather and GrandMother and GrandParent and Man and Mother and Parent and Person and Sex and Sister and Son and Woman and Thing and (hasParent some Brother), \nTrue
GrandMother SubClassOf Child and Daughter and Father and Female and GrandFather and GrandMother and GrandParent and Man and Mother and Parent and Person and Sex and Sister and Son and Woman and Thing and (hasParent some (Brother and GrandMother)), \nTrue
GrandMother SubClassOf Child and Daughter and Father and Female and GrandFather and GrandMother and GrandParent and Man and Mother and Parent and Person and Sex and Sister and Son and Woman and Thing and (hasParent some (Brother and GrandMother and Thing)), \nTrue
GrandMother SubClassOf Child and Daughter and Father and Female and GrandFather and GrandMother and GrandParent and Man and Mother and Parent and Person and Sex and Sister and Son and Woman and Thing and (hasParent some (Brother and GrandMother and Son and Thing)), \nTrue
GrandMother SubClassOf Child and Daughter and Father and Female and GrandFather and GrandMother and GrandParent and Man and Mother and Parent and Person and Sex and Sister and Son and Woman and Thing and (hasParent some (Brother and Female and GrandMother and Son and Thing)), \nTrue
GrandMother SubClassOf Child and Daughter and Father and Female and GrandFather and GrandMother and GrandParent and Man and Mother and Parent and Person and Sex and Sister and Son and Woman and Thing and (hasParent some (Brother and Father and Female and GrandMother and Son and Thing)), \nTrue
GrandMother SubClassOf Child and Daughter and Father and Female and GrandFather and GrandMother and GrandParent and Man and Mother and Parent and Person and Sex and Sister and Son and Woman and Thing and (hasParent some (Brother and Child and Father and Female and GrandMother and Son and Thing)), \nTrue
GrandMother SubClassOf Child and Daughter and Father and Female and GrandFather and GrandMother and GrandParent and Man and Mother and Parent and Person and Sex and Sister and Son and Woman and Thing and (hasParent some (Brother and Child and Father and Female and GrandMother and Person and Son and Thing)), \nTrue
GrandMother SubClassOf Child and Daughter and Father and Female and GrandFather and GrandMother and GrandParent and Man and Mother and Parent and Person and Sex and Sister and Son and Woman and Thing and (hasParent some (Brother and Child and Father and Female and GrandMother and Parent and Person and Son and Thing)), \nTrue
GrandMother SubClassOf Child and Daughter and Father and Female and GrandFather and GrandMother and GrandParent and Man and Mother and Parent and Person and Sex and Sister and Son and Woman and Thing and (hasParent some (Brother and Child and Daughter and Father and Female and GrandMother and Parent and Person and Son and Thing)), \nTrue
GrandMother SubClassOf Child and Daughter and Father and Female and GrandFather and GrandMother and GrandParent and Man and Mother and Parent and Person and Sex and Sister and Son and Woman and Thing and (hasParent some (Brother and Child and Daughter and Father and Female and GrandMother and Man and Parent and Person and Son and Thing)), \nTrue
GrandMother SubClassOf Child and Daughter and Father and Female and GrandFather and GrandMother and GrandParent and Man and Mother and Parent and Person and Sex and Sister and Son and Woman and Thing and (hasParent some (Brother and Child and Daughter and Father and Female and GrandMother and Man and Mother and Parent and Person and Son and Thing)), \nTrue
GrandMother SubClassOf Child and Daughter and Father and Female and GrandFather and GrandMother and GrandParent and Man and Mother and Parent and Person and Sex and Sister and Son and Woman and Thing and (hasParent some (Brother and Child and Daughter and Father and Female and GrandMother and GrandParent and Man and Mother and Parent and Person and Son and Thing)), \nTrue
GrandMother SubClassOf Child and Daughter and Father and Female and GrandFather and GrandMother and GrandParent and Man and Mother and Parent and Person and Sex and Sister and Son and Woman and Thing and (hasParent some (Brother and Child and Daughter and Father and Female and GrandMother and GrandParent and Man and Mother and Parent and Person and Sex and Son and Thing)), \nTrue
GrandMother SubClassOf Child and Daughter and Father and Female and GrandFather and GrandMother and GrandParent and Man and Mother and Parent and Person and Sex and Sister and Son and Woman and Thing and (hasParent some (Brother and Child and Daughter and Father and Female and GrandMother and GrandParent and Man and Mother and Parent and Person and Sex and Sister and Son and Thing)), \nTrue
GrandMother SubClassOf Child and Daughter and Father and Female and GrandFather and GrandMother and GrandParent and Man and Mother and Parent and Person and Sex and Sister and Son and Woman and Thing and (hasParent some (Brother and Child and Daughter and Father and Female and GrandMother and GrandParent and Man and Mother and Parent and Person and Sex and Sister and Son and Woman and Thing)), \nTrue
GrandMother SubClassOf Child and Daughter and Father and Female and GrandFather and GrandMother and GrandParent and Man and Mother and Parent and Person and Sex and Sister and Son and Woman and Thing and (hasParent some (Brother and Child and Daughter and Father and Female and GrandFather and GrandMother and GrandParent and Man and Mother and Parent and Person and Sex and Sister and Son and Woman and Thing)), \nTrue
Brother and Child and Daughter and Father and Female and GrandFather and GrandMother and GrandParent and Man and Mother and Parent and Person and Sex and Sister and Son and Woman and Thing and (hasParent some (Brother and Child and Daughter and Father and Female and GrandFather and GrandMother and GrandParent and Man and Mother and Parent and Person and Sex and Sister and Son and Woman and Thing)) SubClassOf Brother and Child and Daughter and Father and Female and GrandFather and GrandMother and GrandParent and Man and Mother and Parent and Person and Sex and Sister and Son and Woman and Thing and (hasParent some (Brother and Child and Daughter and Father and Female and GrandFather and GrandMother and GrandParent and Man and Mother and Parent and Person and Sex and Sister and Son and Woman and Thing)), True.
Brother and Child and Daughter and Father and Female and GrandFather and GrandMother and GrandParent and Male and Man and Mother and OffSpring and Parent and Person and Sex and Sibling and Sister and Son and Woman and Thing and (hasChild some (Child and Daughter and Father and Female and GrandFather and GrandMother and GrandParent and Male and Man and Mother and Parent and Person and Sex and Sister and Son and Woman and Thing)) SubClassOf Brother and Child and Daughter and Father and Female and GrandFather and GrandMother and GrandParent and Male and Man and Mother and OffSpring and Parent and Person and Sex and Sibling and Sister and Son and Woman and Thing and (hasChild some (Child and Daughter and Father and Female and GrandFather and GrandMother and GrandParent and Male and Man and Mother and Parent and Person and Sex and Sister and Son and Woman and Thing)) and (hasParent some (Brother and Child and Daughter and Father and Female and GrandFather and GrandMother and GrandParent and Man and Mother and OffSpring and Parent and Person and Sex and Sister and Son and Woman and Thing)) and (hasSibling some (Brother and Child and Daughter and Father and Female and GrandFather and GrandMother and GrandParent and Man and Mother and Parent and Person and Sex and Sister and Son and Woman and Thing)), Here are
Thing SubClassOf GrandMother, True
Female SubClassOf GrandMother, True
Father SubClassOf GrandMother, True
Child SubClassOf GrandMother, True
Parent SubClassOf GrandMother, \nFalse
Daughter SubClassOf GrandMother, True
Man SubClassOf GrandMother, True
Mother SubClassOf GrandMother, True
Sex SubClassOf GrandMother, \nFalse
Sister SubClassOf GrandMother, True
Woman SubClassOf GrandMother, True
Brother and Child and Daughter and Father and Female and GrandFather and GrandMother and GrandParent and Male and Man and Mother and OffSpring and Parent and Person and Sex and Sibling and Sister and Son and Woman and Thing and (hasChild some (Child and Daughter and Father and Female and GrandFather and GrandMother and GrandParent and Male and Man and Mother and Parent and Person and Sex and Sister and Son and Woman and Thing)) SubClassOf Brother and Child and Daughter and Father and Female and GrandFather and GrandMother and GrandParent and Male and Man and Mother and OffSpring and Parent and Person and Sex and Sibling and Sister and Son and Woman and Thing and (hasChild some (Child and Daughter and Father and Female and GrandFather and GrandMother and GrandParent and Male and Man and Mother and Parent and Person and Sex and Sister and Son and Woman and Thing)) and (hasParent some (Brother and Child and Daughter and Father and Female and GrandFather and GrandMother and GrandParent and Male and Man and Mother and OffSpring and Parent and Person and Sex and Sister and Son and Woman and Thing)) and (hasSibling some (Brother and Child and Daughter and Father and Female and GrandFather and GrandMother and GrandParent and Man and Mother and Parent and Person and Sex and Sister and Son and Woman and Thing)), Here are
Child SubClassOf hasSex some Sister, True
GrandMother SubClassOf hasSex some Sister, True
GrandMother and (hasSex some Sister) SubClassOf GrandMother and (hasSex some Sister), \nTrue
GrandMother SubClassOf GrandMother and Thing and (hasSex some Sister), \nTrue
GrandMother SubClassOf GrandMother and Son and Thing and (hasSex some Sister), \nTrue
GrandMother SubClassOf Female and GrandMother and Son and Thing and (hasSex some Sister), \nTrue
GrandMother SubClassOf Father and Female and GrandMother and Son and Thing and (hasSex some Sister), \nTrue
GrandMother SubClassOf Child and Father and Female and GrandMother and Son and Thing and (hasSex some Sister), \nTrue
GrandMother SubClassOf Child and Father and Female and GrandMother and Person and Son and Thing and (hasSex some Sister), \nTrue
GrandMother SubClassOf Child and Father and Female and GrandMother and Parent and Person and Son and Thing and (hasSex some Sister), \nTrue
GrandMother SubClassOf Child and Daughter and Father and Female and GrandMother and Parent and Person and Son and Thing and (hasSex some Sister), \nTrue
GrandMother SubClassOf Child and Daughter and Father and Female and GrandMother and Man and Parent and Person and Son and Thing and (hasSex some Sister), \nTrue
GrandMother SubClassOf Child and Daughter and Father and Female and GrandMother and Man and Mother and Parent and Person and Son and Thing and (hasSex some Sister), \nTrue
GrandMother SubClassOf Child and Daughter and Father and Female and GrandMother and GrandParent and Man and Mother and Parent and Person and Son and Thing and (hasSex some Sister), \nTrue
GrandMother SubClassOf Child and Daughter and Father and Female and GrandMother and GrandParent and Man and Mother and Parent and Person and Sex and Son and Thing and (hasSex some Sister), \nTrue
GrandMother SubClassOf Child and Daughter and Father and Female and GrandMother and GrandParent and Man and Mother and Parent and Person and Sex and Sister and Son and Thing and (hasSex some Sister), \nTrue
GrandMother SubClassOf Child and Daughter and Father and Female and GrandMother and GrandParent and Man and Mother and Parent and Person and Sex and Sister and Son and Woman and Thing and (hasSex some Sister), \nTrue
GrandMother SubClassOf Child and Daughter and Father and Female and GrandFather and GrandMother and GrandParent and Man and Mother and Parent and Person and Sex and Sister and Son and Woman and Thing and (hasSex some Sister), \nTrue
GrandMother SubClassOf Child and Daughter and Father and Female and GrandFather and GrandMother and GrandParent and Man and Mother and Parent and Person and Sex and Sister and Son and Woman and Thing and (hasSex some (GrandMother and Sister)), \nTrue
GrandMother SubClassOf Child and Daughter and Father and Female and GrandFather and GrandMother and GrandParent and Man and Mother and Parent and Person and Sex and Sister and Son and Woman and Thing and (hasSex some (GrandMother and Sister and Thing)), \nTrue
GrandMother SubClassOf Child and Daughter and Father and Female and GrandFather and GrandMother and GrandParent and Man and Mother and Parent and Person and Sex and Sister and Son and Woman and Thing and (hasSex some (GrandMother and Sister and Son and Thing)), \nTrue
GrandMother SubClassOf Child and Daughter and Father and Female and GrandFather and GrandMother and GrandParent and Man and Mother and Parent and Person and Sex and Sister and Son and Woman and Thing and (hasSex some (Female and GrandMother and Sister and Son and Thing)), \nTrue
GrandMother SubClassOf Child and Daughter and Father and Female and GrandFather and GrandMother and GrandParent and Man and Mother and Parent and Person and Sex and Sister and Son and Woman and Thing and (hasSex some (Father and Female and GrandMother and Sister and Son and Thing)), \nTrue
GrandMother SubClassOf Child and Daughter and Father and Female and GrandFather and GrandMother and GrandParent and Man and Mother and Parent and Person and Sex and Sister and Son and Woman and Thing and (hasSex some (Child and Father and Female and GrandMother and Sister and Son and Thing)), \nTrue
GrandMother SubClassOf Child and Daughter and Father and Female and GrandFather and GrandMother and GrandParent and Man and Mother and Parent and Person and Sex and Sister and Son and Woman and Thing and (hasSex some (Child and Father and Female and GrandMother and Person and Sister and Son and Thing)), \nTrue
GrandMother SubClassOf Child and Daughter and Father and Female and GrandFather and GrandMother and GrandParent and Man and Mother and Parent and Person and Sex and Sister and Son and Woman and Thing and (hasSex some (Child and Father and Female and GrandMother and Parent and Person and Sister and Son and Thing)), \nTrue
GrandMother SubClassOf Child and Daughter and Father and Female and GrandFather and GrandMother and GrandParent and Man and Mother and Parent and Person and Sex and Sister and Son and Woman and Thing and (hasSex some (Child and Daughter and Father and Female and GrandMother and Parent and Person and Sister and Son and Thing)), \nTrue
GrandMother SubClassOf Child and Daughter and Father and Female and GrandFather and GrandMother and GrandParent and Man and Mother and Parent and Person and Sex and Sister and Son and Woman and Thing and (hasSex some (Child and Daughter and Father and Female and GrandMother and Man and Parent and Person and Sister and Son and Thing)), \nTrue
GrandMother SubClassOf Child and Daughter and Father and Female and GrandFather and GrandMother and GrandParent and Man and Mother and Parent and Person and Sex and Sister and Son and Woman and Thing and (hasSex some (Child and Daughter and Father and Female and GrandMother and Man and Mother and Parent and Person and Sister and Son and Thing)), \nTrue
GrandMother SubClassOf Child and Daughter and Father and Female and GrandFather and GrandMother and GrandParent and Man and Mother and Parent and Person and Sex and Sister and Son and Woman and Thing and (hasSex some (Child and Daughter and Father and Female and GrandMother and GrandParent and Man and Mother and Parent and Person and Sister and Son and Thing)), \nTrue
GrandMother SubClassOf Child and Daughter and Father and Female and GrandFather and GrandMother and GrandParent and Man and Mother and Parent and Person and Sex and Sister and Son and Woman and Thing and (hasSex some (Child and Daughter and Father and Female and GrandMother and GrandParent and Man and Mother and Parent and Person and Sex and Sister and Son and Thing)), \nTrue
GrandMother SubClassOf Child and Daughter and Father and Female and GrandFather and GrandMother and GrandParent and Man and Mother and Parent and Person and Sex and Sister and Son and Woman and Thing and (hasSex some (Child and Daughter and Father and Female and GrandMother and GrandParent and Man and Mother and Parent and Person and Sex and Sister and Son and Woman and Thing)), \nTrue
GrandMother SubClassOf Child and Daughter and Father and Female and GrandFather and GrandMother and GrandParent and Man and Mother and Parent and Person and Sex and Sister and Son and Woman and Thing and (hasSex some (Child and Daughter and Father and Female and GrandFather and GrandMother and GrandParent and Man and Mother and Parent and Person and Sex and Sister and Son and Woman and Thing)), \nTrue
Brother and Child and Daughter and Father and Female and GrandFather and GrandMother and GrandParent and Man and Mother and Parent and Person and Sex and Sister and Son and Woman and Thing and (hasSex some (Child and Daughter and Father and Female and GrandFather and GrandMother and GrandParent and Man and Mother and Parent and Person and Sex and Sister and Son and Woman and Thing)) SubClassOf Brother and Child and Daughter and Father and Female and GrandFather and GrandMother and GrandParent and Man and Mother and Parent and Person and Sex and Sister and Son and Woman and Thing and (hasSex some (Child and Daughter and Father and Female and GrandFather and GrandMother and GrandParent and Man and Mother and Parent and Person and Sex and Sister and Son and Woman and Thing)), \nTrue
Brother and Child and Daughter and Father and Female and GrandFather and GrandMother and GrandParent and Male and Man and Mother and OffSpring and Parent and Person and Sex and Sibling and Sister and Son and Woman and Thing and (hasChild some (Child and Daughter and Father and Female and GrandFather and GrandMother and GrandParent and Male and Man and Mother and Parent and Person and Sex and Sister and Son and Woman and Thing)) SubClassOf Brother and Child and Daughter and Father and Female and GrandFather and GrandMother and GrandParent and Male and Man and Mother and OffSpring and Parent and Person and Sex and Sibling and Sister and Son and Woman and Thing and (hasChild some (Child and Daughter and Father and Female and GrandFather and GrandMother and GrandParent and Male and Man and Mother and Parent and Person and Sex and Sister and Son and Woman and Thing)) and (hasParent some (Brother and Child and Daughter and Father and Female and GrandFather and GrandMother and GrandParent and Male and Man and Mother and OffSpring and Parent and Person and Sex and Sister and Son and Woman and Thing)) and (hasSex some (Brother and Child and Daughter and Father and Female and GrandFather and GrandMother and GrandParent and Man and Mother and Parent and Person and Sex and Sister and Son and Woman and Thing)) and (hasSibling some (Brother and Child and Daughter and Father and Female and GrandFather and GrandMother and GrandParent and Man and Mother and Parent and Person and Sex and Sister and Son and Woman and Thing)), Here are
Brother and Child and Daughter and Father and Female and GrandFather and GrandMother and GrandParent and Male and Man and Mother and OffSpring and Parent and Person and Sex and Sibling and Sister and Son and Woman and Thing and (hasChild some (Brother and Child and Daughter and Father and Female and GrandFather and GrandMother and GrandParent and Male and Man and Mother and Parent and Person and Sex and Sister and Son and Woman and Thing)) SubClassOf Brother and Child and Daughter and Father and Female and GrandFather and GrandMother and GrandParent and Male and Man and Mother and OffSpring and Parent and Person and Sex and Sibling and Sister and Son and Woman and Thing and (hasChild some (Brother and Child and Daughter and Father and Female and GrandFather and GrandMother and GrandParent and Male and Man and Mother and Parent and Person and Sex and Sister and Son and Woman and Thing)) and (hasParent some (Brother and Child and Daughter and Father and Female and GrandFather and GrandMother and GrandParent and Male and Man and Mother and OffSpring and Parent and Person and Sex and Sister and Son and Woman and Thing)) and (hasSex some (Brother and Child and Daughter and Father and Female and GrandFather and GrandMother and GrandParent and Man and Mother and Parent and Person and Sex and Sister and Son and Woman and Thing)) and (hasSibling some (Brother and Child and Daughter and Father and Female and GrandFather and GrandMother and GrandParent and Man and Mother and Parent and Person and Sex and Sister and Son and Woman and Thing)), Here are
Brother and Child and Daughter and Father and Female and GrandFather and GrandMother and GrandParent and Male and Man and Mother and OffSpring and Parent and Person and Sex and Sibling and Sister and Son and Woman and Thing and (hasChild some (Child and Daughter and Father and Female and GrandFather and GrandMother and GrandParent and Male and Man and Mother and Parent and Person and Sex and Sister and Son and Woman and Thing)) SubClassOf Brother and Child and Daughter and Father and Female and GrandFather and GrandMother and GrandParent and Male and Man and Mother and OffSpring and Parent and Person and Sex and Sibling and Sister and Son and Woman and Thing and (hasChild some (Child and Daughter and Father and Female and GrandFather and GrandMother and GrandParent and Male and Man and Mother and Parent and Person and Sex and Sister and Son and Woman and Thing)) and (hasParent some (Brother and Child and Daughter and Father and Female and GrandFather and GrandMother and GrandParent and Man and Mother and OffSpring and Parent and Person and Sex and Sister and Son and Woman and Thing)) and (hasSibling some (Brother and Child and Daughter and Father and Female and GrandFather and GrandMother and GrandParent and Man and Mother and OffSpring and Parent and Person and Sex and Sister and Son and Woman and Thing)), Here is
Brother and Child and Daughter and Father and Female and GrandFather and GrandMother and GrandParent and Male and Man and Mother and OffSpring and Parent and Person and Sex and Sibling and Sister and Son and Woman and Thing and (hasChild some (Child and Daughter and Father and Female and GrandFather and GrandMother and GrandParent and Male and Man and Mother and Parent and Person and Sex and Sister and Son and Woman and Thing)) SubClassOf Brother and Child and Daughter and Father and Female and GrandFather and GrandMother and GrandParent and Male and Man and Mother and OffSpring and Parent and Person and Sex and Sibling and Sister and Son and Woman and Thing and (hasChild some (Child and Daughter and Father and Female and GrandFather and GrandMother and GrandParent and Male and Man and Mother and Parent and Person and Sex and Sister and Son and Woman and Thing)) and (hasParent some (Brother and Child and Daughter and Father and Female and GrandFather and GrandMother and GrandParent and Male and Man and Mother and OffSpring and Parent and Person and Sex and Sister and Son and Woman and Thing)) and (hasSex some (Child and Daughter and Father and Female and GrandFather and GrandMother and GrandParent and Man and Mother and Parent and Person and Sex and Sister and Son and Woman and Thing)) and (hasSibling some (Brother and Child and Daughter and Father and Female and GrandFather and GrandMother and GrandParent and Man and Mother and OffSpring and Parent and Person and Sex and Sister and Son and Woman and Thing)) and (hasSibling some (Brother and Child and Daughter and Father and Female and GrandFather and GrandMother and GrandParent and Man and Mother and Parent and Person and Sex and Sister and Son and Woman and Thing)), Here are
Brother and Child and Daughter and Father and Female and GrandFather and GrandMother and GrandParent and Male and Man and Mother and OffSpring and Parent and Person and Sex and Sibling and Sister and Son and Woman and Thing and (hasChild some (Child and Daughter and Father and Female and GrandFather and GrandMother and GrandParent and Male and Man and Mother and Parent and Person and Sex and Sister and Son and Woman and Thing)) SubClassOf Brother and Child and Daughter and Father and Female and GrandFather and GrandMother and GrandParent and Male and Man and Mother and OffSpring and Parent and Person and Sex and Sibling and Sister and Son and Woman and Thing and (hasChild some (Child and Daughter and Father and Female and GrandFather and GrandMother and GrandParent and Male and Man and Mother and Parent and Person and Sex and Sister and Son and Woman and Thing)) and (hasParent some (Brother and Child and Daughter and Father and Female and GrandFather and GrandMother and GrandParent and Male and Man and Mother and OffSpring and Parent and Person and Sex and Sister and Son and Woman and Thing)) and (hasSex some (Brother and Child and Daughter and Father and Female and GrandFather and GrandMother and GrandParent and Man and Mother and Parent and Person and Sex and Sister and Son and Woman and Thing)) and (hasSibling some (Brother and Child and Daughter and Father and Female and GrandFather and GrandMother and GrandParent and Man and Mother and OffSpring and Parent and Person and Sex and Sister and Son and Woman and Thing)) and (hasSibling some (Brother and Child and Daughter and Father and Female and GrandFather and GrandMother and GrandParent and Man and Mother and Parent and Person and Sex and Sister and Son and Woman and Thing)), True:
Can Parent that is also Person be considered a subcategory of 'Father'?, True
Can Parent that is also Person be considered a subcategory of 'GrandMother'?, True
Can Person be considered a subcategory of 'GrandMother'?, True
Can Person be considered a subcategory of 'Thing'?, True
Can Person be considered a subcategory of 'GrandMother that is also Thing'?, True
Can Person be considered a subcategory of 'Son'?, True
Can Person be considered a subcategory of 'GrandMother that is also Son that is also Thing'?, True
Can Person be considered a subcategory of 'Female'?, True
Can Person be considered a subcategory of 'Female that is also GrandMother that is also Son that is also Thing'?, True
Can Person be considered a subcategory of 'Father'?, True
Can Person be considered a subcategory of 'Father that is also Female that is also GrandMother that is also Son that is also Thing'?, \nFalse
Can Person be considered a subcategory of 'Child'?, True
Can Person be considered a subcategory of 'Child that is also Female that is also GrandMother that is also Son that is also Thing'?, True
Can Person be considered a subcategory of 'Brother'?, True
Can Person be considered a subcategory of 'Brother that is also Child that is also Female that is also GrandMother that is also Son that is also Thing'?, \nFalse
Can Person be considered a subcategory of 'Parent'?, True
Can Person be considered a subcategory of 'Child that is also Female that is also GrandMother that is also Parent that is also Son that is also Thing'?, \nFalse
Can Person be considered a subcategory of 'Daughter'?, True
Can Person be considered a subcategory of 'Child that is also Daughter that is also Female that is also GrandMother that is also Son that is also Thing'?, True
Can Person be considered a subcategory of 'Man'?, True
Can Person be considered a subcategory of 'Child that is also Daughter that is also Female that is also GrandMother that is also Man that is also Son that is also Thing'?, \nFalse
Can Person be considered a subcategory of 'Mother'?, True
Can Person be considered a subcategory of 'Child that is also Daughter that is also Female that is also GrandMother that is also Mother that is also Son that is also Thing'?, \nFalse
Can Person be considered a subcategory of 'GrandParent'?, True
Can Person be considered a subcategory of 'Child that is also Daughter that is also Female that is also GrandMother that is also GrandParent that is also Son that is also Thing'?, \nFalse
Can Person be considered a subcategory of 'Sex'?, True
Can Person be considered a subcategory of 'Child that is also Daughter that is also Female that is also GrandMother that is also Sex that is also Son that is also Thing'?, True
Can Person be considered a subcategory of 'Sister'?, True
Can Person be considered a subcategory of 'Child that is also Daughter that is also Female that is also GrandMother that is also Sex that is also Sister that is also Son that is also Thing'?, True
Can Person be considered a subcategory of 'OffSpring'?, True
Can Person be considered a subcategory of 'Child that is also Daughter that is also Female that is also GrandMother that is also OffSpring that is also Sex that is also Sister that is also Son that is also Thing'?, \nTrue
Can Person be considered a subcategory of 'Woman'?, True
Can Person be considered a subcategory of 'Child that is also Daughter that is also Female that is also GrandMother that is also OffSpring that is also Sex that is also Sister that is also Son that is also Woman that is also Thing'?, \nTrue
Can Person be considered a subcategory of 'Male'?, True
Can Person be considered a subcategory of 'Child that is also Daughter that is also Female that is also GrandMother that is also Male that is also OffSpring that is also Sex that is also Sister that is also Son that is also Woman that is also Thing'?, \nFalse
Can Person be considered a subcategory of 'Sibling'?, True
Can Person be considered a subcategory of 'Child that is also Daughter that is also Female that is also GrandMother that is also OffSpring that is also Sex that is also Sibling that is also Sister that is also Son that is also Woman that is also Thing'?, \nFalse
Can Person be considered a subcategory of 'GrandFather'?, True
Can Person be considered a subcategory of 'Child that is also Daughter that is also Female that is also GrandFather that is also GrandMother that is also OffSpring that is also Sex that is also Sister that is also Son that is also Woman that is also Thing'?, \nFalse
Can Person be considered a subcategory of 'Child that is also Daughter that is also Father that is also Female that is also GrandMother that is also OffSpring that is also Sex that is also Sister that is also Son that is also Woman that is also Thing'?, \nFalse
Can Person be considered a subcategory of 'Brother that is also Child that is also Daughter that is also Female that is also GrandMother that is also OffSpring that is also Sex that is also Sister that is also Son that is also Woman that is also Thing'?, \nFalse
Can Person be considered a subcategory of 'Child that is also Daughter that is also Female that is also GrandMother that is also OffSpring that is also Parent that is also Sex that is also Sister that is also Son that is also Woman that is also Thing'?, \nTrue
Can Person be considered a subcategory of 'Child that is also Daughter that is also Female that is also GrandMother that is also Man that is also OffSpring that is also Parent that is also Sex that is also Sister that is also Son that is also Woman that is also Thing'?, \nFalse
Can Person be considered a subcategory of 'Child that is also Daughter that is also Female that is also GrandMother that is also Mother that is also OffSpring that is also Parent that is also Sex that is also Sister that is also Son that is also Woman that is also Thing'?, \nFalse
Can Person be considered a subcategory of 'Child that is also Daughter that is also Female that is also GrandMother that is also GrandParent that is also OffSpring that is also Parent that is also Sex that is also Sister that is also Son that is also Woman that is also Thing'?, \nTrue
Can Person be considered a subcategory of 'Child that is also Daughter that is also Female that is also GrandMother that is also GrandParent that is also Male that is also OffSpring that is also Parent that is also Sex that is also Sister that is also Son that is also Woman that is also Thing'?, \nFalse
Can Person be considered a subcategory of 'Child that is also Daughter that is also Female that is also GrandMother that is also GrandParent that is also OffSpring that is also Parent that is also Sex that is also Sibling that is also Sister that is also Son that is also Woman that is also Thing'?, \nTrue
Can Person be considered a subcategory of 'Child that is also Daughter that is also Female that is also GrandFather that is also GrandMother that is also GrandParent that is also OffSpring that is also Parent that is also Sex that is also Sibling that is also Sister that is also Son that is also Woman that is also Thing'?, \nFalse
Can GrandFather be considered a subcategory of 'OffSpring'?, \nFalse
Can something that hasParent some GrandMother be considered a subcategory of 'Male'?, True
Can something that hasParent some GrandMother be considered a subcategory of 'GrandMother'?, True
Can GrandMother be considered a subcategory of 'GrandMother'?, True
Can Thing be considered a subcategory of 'Thing that is also something that (hasParent some (GrandMother that is also Thing))'?, \nFalse
Can Thing be considered a subcategory of 'GrandMother'?, True
Can GrandMother that is also GrandParent be considered a subcategory of 'OffSpring'?, True
Can GrandMother that is also GrandParent be considered a subcategory of 'Son'?, True
Can GrandParent be considered a subcategory of 'Son'?, True
Can GrandParent be considered a subcategory of 'GrandMother'?, True
Can GrandParent be considered a subcategory of 'GrandMother that is also Son'?, True
Can GrandParent be considered a subcategory of 'Thing'?, True
Can GrandParent be considered a subcategory of 'GrandMother that is also Son that is also Thing'?, \nFalse
Can GrandParent be considered a subcategory of 'Female'?, True
Can GrandParent be considered a subcategory of 'Female that is also GrandMother that is also Son'?, \nFalse
Can GrandParent be considered a subcategory of 'Father'?, True
Can GrandParent be considered a subcategory of 'Father that is also GrandMother that is also Son'?, True
Can GrandParent be considered a subcategory of 'Child'?, True
Can GrandParent be considered a subcategory of 'Child that is also Father that is also GrandMother that is also Son'?, True
Can GrandParent be considered a subcategory of 'Person'?, True
Can GrandParent be considered a subcategory of 'Child that is also Father that is also GrandMother that is also Person that is also Son'?, True
Can GrandParent be considered a subcategory of 'Brother'?, True
Can GrandParent be considered a subcategory of 'Brother that is also Child that is also Father that is also GrandMother that is also Person that is also Son'?, \nFalse
Can GrandParent be considered a subcategory of 'Parent'?, True
Can GrandParent be considered a subcategory of 'Child that is also Father that is also GrandMother that is also Parent that is also Person that is also Son'?, \nFalse
Can GrandParent be considered a subcategory of 'Daughter'?, True
Can GrandParent be considered a subcategory of 'Child that is also Daughter that is also Father that is also GrandMother that is also Person that is also Son'?, True
Can GrandParent be considered a subcategory of 'Man'?, True
Can GrandParent be considered a subcategory of 'Child that is also Daughter that is also Father that is also GrandMother that is also Man that is also Person that is also Son'?, \nFalse
Can GrandParent be considered a subcategory of 'Mother'?, True
Can GrandParent be considered a subcategory of 'Child that is also Daughter that is also Father that is also GrandMother that is also Mother that is also Person that is also Son'?, \nFalse
Can GrandParent be considered a subcategory of 'Sex'?, True
Can GrandParent be considered a subcategory of 'Child that is also Daughter that is also Father that is also GrandMother that is also Person that is also Sex that is also Son'?, \nFalse
Can GrandParent be considered a subcategory of 'Sister'?, True
Can GrandParent be considered a subcategory of 'Child that is also Daughter that is also Father that is also GrandMother that is also Person that is also Sister that is also Son'?, \nFalse
Can GrandParent be considered a subcategory of 'OffSpring'?, True
Can GrandParent be considered a subcategory of 'Child that is also Daughter that is also Father that is also GrandMother that is also OffSpring that is also Person that is also Son'?, True
Can GrandParent be considered a subcategory of 'Woman'?, True
Can GrandParent be considered a subcategory of 'Child that is also Daughter that is also Father that is also GrandMother that is also OffSpring that is also Person that is also Son that is also Woman'?, True
Can GrandParent be considered a subcategory of 'Male'?, True
Can GrandParent be considered a subcategory of 'Child that is also Daughter that is also Father that is also GrandMother that is also Male that is also OffSpring that is also Person that is also Son that is also Woman'?, \nTrue
Can GrandParent be considered a subcategory of 'Sibling'?, True
Can GrandParent be considered a subcategory of 'Child that is also Daughter that is also Father that is also GrandMother that is also Male that is also OffSpring that is also Person that is also Sibling that is also Son that is also Woman'?, \nFalse
Can GrandParent be considered a subcategory of 'GrandFather'?, True
Can GrandParent be considered a subcategory of 'Child that is also Daughter that is also Father that is also GrandFather that is also GrandMother that is also Male that is also OffSpring that is also Person that is also Son that is also Woman'?, \nFalse
Can GrandParent be considered a subcategory of 'Child that is also Daughter that is also Father that is also GrandMother that is also Male that is also OffSpring that is also Person that is also Son that is also Woman that is also Thing'?, \nFalse
Can GrandParent be considered a subcategory of 'Child that is also Daughter that is also Father that is also Female that is also GrandMother that is also Male that is also OffSpring that is also Person that is also Son that is also Woman'?, \nFalse
Can GrandParent be considered a subcategory of 'Brother that is also Child that is also Daughter that is also Father that is also GrandMother that is also Male that is also OffSpring that is also Person that is also Son that is also Woman'?, \nTrue
Can GrandParent be considered a subcategory of 'Brother that is also Child that is also Daughter that is also Father that is also GrandMother that is also Male that is also OffSpring that is also Parent that is also Person that is also Son that is also Woman'?, \nFalse
Can GrandParent be considered a subcategory of 'Brother that is also Child that is also Daughter that is also Father that is also GrandMother that is also Male that is also Man that is also OffSpring that is also Person that is also Son that is also Woman'?, \nTrue
Can GrandParent be considered a subcategory of 'Brother that is also Child that is also Daughter that is also Father that is also GrandMother that is also Male that is also Man that is also Mother that is also OffSpring that is also Person that is also Son that is also Woman'?, \nFalse
Can GrandParent be considered a subcategory of 'Brother that is also Child that is also Daughter that is also Father that is also GrandMother that is also Male that is also Man that is also OffSpring that is also Person that is also Sex that is also Son that is also Woman'?, \nTrue
Can GrandParent be considered a subcategory of 'Brother that is also Child that is also Daughter that is also Father that is also GrandMother that is also Male that is also Man that is also OffSpring that is also Person that is also Sex that is also Sister that is also Son that is also Woman'?, \nFalse
Can GrandParent be considered a subcategory of 'Brother that is also Child that is also Daughter that is also Father that is also GrandMother that is also Male that is also Man that is also OffSpring that is also Person that is also Sex that is also Sibling that is also Son that is also Woman'?, \nFalse
Can GrandParent be considered a subcategory of 'Brother that is also Child that is also Daughter that is also Father that is also GrandFather that is also GrandMother that is also Male that is also Man that is also OffSpring that is also Person that is also Sex that is also Son that is also Woman'?, \nFalse
Can Son be considered a subcategory of 'something that hasSex some Parent'?, True
Can Son be considered a subcategory of 'Female'?, True
Can Son be considered a subcategory of 'GrandMother'?, True
Can Son be considered a subcategory of 'Female that is also GrandMother'?, \nFalse
Can Son be considered a subcategory of 'Thing'?, True
Can Son be considered a subcategory of 'Female that is also Thing'?, True
Can Son be considered a subcategory of 'Father'?, True
Can Son be considered a subcategory of 'Father that is also Female that is also Thing'?, True
Can Son be considered a subcategory of 'Child'?, True
Can Son be considered a subcategory of 'Child that is also Father that is also Female that is also Thing'?, \nTrue
Can Son be considered a subcategory of 'Person'?, True
Can Son be considered a subcategory of 'Child that is also Father that is also Female that is also Person that is also Thing'?, \nFalse
Can Son be considered a subcategory of 'Brother'?, True
Can Son be considered a subcategory of 'Brother that is also Child that is also Father that is also Female that is also Thing'?, True
Can Son be considered a subcategory of 'Parent'?, True
Can Son be considered a subcategory of 'Brother that is also Child that is also Father that is also Female that is also Parent that is also Thing'?, \nTrue
Can Son be considered a subcategory of 'Daughter'?, True
Can Son be considered a subcategory of 'Brother that is also Child that is also Daughter that is also Father that is also Female that is also Parent that is also Thing'?, \nFalse
Can Son be considered a subcategory of 'Man'?, True
Can Son be considered a subcategory of 'Brother that is also Child that is also Father that is also Female that is also Man that is also Parent that is also Thing'?, \nFalse
Can Son be considered a subcategory of 'Mother'?, True
Can Son be considered a subcategory of 'Brother that is also Child that is also Father that is also Female that is also Mother that is also Parent that is also Thing'?, \nFalse
Can Son be considered a subcategory of 'GrandParent'?, True
Can Son be considered a subcategory of 'Brother that is also Child that is also Father that is also Female that is also GrandParent that is also Parent that is also Thing'?, True
Can Son be considered a subcategory of 'Sex'?, True
Can Son be considered a subcategory of 'Brother that is also Child that is also Father that is also Female that is also GrandParent that is also Parent that is also Sex that is also Thing'?, \nFalse
Can Son be considered a subcategory of 'Sister'?, True
Can Son be considered a subcategory of 'Brother that is also Child that is also Father that is also Female that is also GrandParent that is also Parent that is also Sister that is also Thing'?, \nFalse
Can Son be considered a subcategory of 'OffSpring'?, True
Can Son be considered a subcategory of 'Brother that is also Child that is also Father that is also Female that is also GrandParent that is also OffSpring that is also Parent that is also Thing'?, \nFalse
Can Son be considered a subcategory of 'Woman'?, False
Can Son be considered a subcategory of 'Male'?, True
Can Son be considered a subcategory of 'Brother that is also Child that is also Father that is also Female that is also GrandParent that is also Male that is also Parent that is also Thing'?, \nTrue
Can Son be considered a subcategory of 'Sibling'?, True
Can Son be considered a subcategory of 'Brother that is also Child that is also Father that is also Female that is also GrandParent that is also Male that is also Parent that is also Sibling that is also Thing'?, \nFalse
Can Son be considered a subcategory of 'GrandFather'?, True
Can Son be considered a subcategory of 'Brother that is also Child that is also Father that is also Female that is also GrandFather that is also GrandParent that is also Male that is also Parent that is also Thing'?, \nFalse
Can Son be considered a subcategory of 'Brother that is also Child that is also Father that is also Female that is also GrandMother that is also GrandParent that is also Male that is also Parent that is also Thing'?, \nFalse
Can Son be considered a subcategory of 'Brother that is also Child that is also Father that is also Female that is also GrandParent that is also Male that is also Parent that is also Person that is also Thing'?, True
Can Son be considered a subcategory of 'Brother that is also Child that is also Daughter that is also Father that is also Female that is also GrandParent that is also Male that is also Parent that is also Person that is also Thing'?, \nTrue
Can Son be considered a subcategory of 'Brother that is also Child that is also Daughter that is also Father that is also Female that is also GrandParent that is also Male that is also Man that is also Parent that is also Person that is also Thing'?, \nTrue
Can Son be considered a subcategory of 'Brother that is also Child that is also Daughter that is also Father that is also Female that is also GrandParent that is also Male that is also Man that is also Mother that is also Parent that is also Person that is also Thing'?, \nTrue
Can Son be considered a subcategory of 'Brother that is also Child that is also Daughter that is also Father that is also Female that is also GrandParent that is also Male that is also Man that is also Mother that is also Parent that is also Person that is also Sex that is also Thing'?, \nFalse
Can Son be considered a subcategory of 'Brother that is also Child that is also Daughter that is also Father that is also Female that is also GrandParent that is also Male that is also Man that is also Mother that is also Parent that is also Person that is also Sister that is also Thing'?, \nFalse
Can Son be considered a subcategory of 'Brother that is also Child that is also Daughter that is also Father that is also Female that is also GrandParent that is also Male that is also Man that is also Mother that is also OffSpring that is also Parent that is also Person that is also Thing'?, \nTrue
Can Son be considered a subcategory of 'Brother that is also Child that is also Daughter that is also Father that is also Female that is also GrandParent that is also Male that is also Man that is also Mother that is also OffSpring that is also Parent that is also Person that is also Sibling that is also Thing'?, \nTrue
Can Son be considered a subcategory of 'Brother that is also Child that is also Daughter that is also Father that is also Female that is also GrandFather that is also GrandParent that is also Male that is also Man that is also Mother that is also OffSpring that is also Parent that is also Person that is also Sibling that is also Thing'?, \nFalse
Can Parent be considered a subcategory of 'something that hasChild some Male'?, True
Can Parent be considered a subcategory of 'Son'?, True
Can Parent be considered a subcategory of 'GrandMother'?, True
Can Parent be considered a subcategory of 'GrandMother that is also Son'?, True
Can Parent be considered a subcategory of 'Thing'?, True
Can Parent be considered a subcategory of 'GrandMother that is also Son that is also Thing'?, True
Can Parent be considered a subcategory of 'Female'?, True
Can Parent be considered a subcategory of 'Female that is also GrandMother that is also Son that is also Thing'?, True
Can Parent be considered a subcategory of 'Father'?, True
Can Parent be considered a subcategory of 'Father that is also Female that is also GrandMother that is also Son that is also Thing'?, True
Can Parent be considered a subcategory of 'Child'?, True
Can Parent be considered a subcategory of 'Child that is also Father that is also Female that is also GrandMother that is also Son that is also Thing'?, \nFalse
Can Parent be considered a subcategory of 'Person'?, True
Can Parent be considered a subcategory of 'Father that is also Female that is also GrandMother that is also Person that is also Son that is also Thing'?, True
Can Parent be considered a subcategory of 'Brother'?, True
Can Parent be considered a subcategory of 'Brother that is also Father that is also Female that is also GrandMother that is also Person that is also Son that is also Thing'?, True
Can Parent be considered a subcategory of 'Daughter'?, True
Can Parent be considered a subcategory of 'Brother that is also Daughter that is also Father that is also Female that is also GrandMother that is also Person that is also Son that is also Thing'?, True
Can Parent be considered a subcategory of 'Man'?, True
Can Parent be considered a subcategory of 'Brother that is also Daughter that is also Father that is also Female that is also GrandMother that is also Man that is also Person that is also Son that is also Thing'?, \nFalse
Can Parent be considered a subcategory of 'Mother'?, True
Can Parent be considered a subcategory of 'Brother that is also Daughter that is also Father that is also Female that is also GrandMother that is also Mother that is also Person that is also Son that is also Thing'?, \nFalse
Can Parent be considered a subcategory of 'GrandParent'?, True
Can Parent be considered a subcategory of 'Brother that is also Daughter that is also Father that is also Female that is also GrandMother that is also GrandParent that is also Person that is also Son that is also Thing'?, \nFalse
Can Parent be considered a subcategory of 'Sex'?, True
Can Parent be considered a subcategory of 'Brother that is also Daughter that is also Father that is also Female that is also GrandMother that is also Person that is also Sex that is also Son that is also Thing'?, \nFalse
Can Parent be considered a subcategory of 'Sister'?, True
Can Parent be considered a subcategory of 'Brother that is also Daughter that is also Father that is also Female that is also GrandMother that is also Person that is also Sister that is also Son that is also Thing'?, \nFalse
Can Parent be considered a subcategory of 'OffSpring'?, True
Can Parent be considered a subcategory of 'Brother that is also Daughter that is also Father that is also Female that is also GrandMother that is also OffSpring that is also Person that is also Son that is also Thing'?, \nFalse
Can Parent be considered a subcategory of 'Woman'?, True
Can Parent be considered a subcategory of 'Brother that is also Daughter that is also Father that is also Female that is also GrandMother that is also Person that is also Son that is also Woman that is also Thing'?, True
Can Parent be considered a subcategory of 'Male'?, True
Can Parent be considered a subcategory of 'Brother that is also Daughter that is also Father that is also Female that is also GrandMother that is also Male that is also Person that is also Son that is also Woman that is also Thing'?, \nFalse
Can Parent be considered a subcategory of 'Sibling'?, True
Can Parent be considered a subcategory of 'Brother that is also Daughter that is also Father that is also Female that is also GrandMother that is also Person that is also Sibling that is also Son that is also Woman that is also Thing'?, True
Can Parent be considered a subcategory of 'GrandFather'?, True
Can Parent be considered a subcategory of 'Brother that is also Daughter that is also Father that is also Female that is also GrandFather that is also GrandMother that is also Person that is also Sibling that is also Son that is also Woman that is also Thing'?, \nFalse
Can Parent be considered a subcategory of 'Brother that is also Child that is also Daughter that is also Father that is also Female that is also GrandMother that is also Person that is also Sibling that is also Son that is also Woman that is also Thing'?, \nFalse
Can Parent be considered a subcategory of 'Brother that is also Daughter that is also Father that is also Female that is also GrandMother that is also Man that is also Person that is also Sibling that is also Son that is also Woman that is also Thing'?, \nFalse
Can Parent be considered a subcategory of 'Brother that is also Daughter that is also Father that is also Female that is also GrandMother that is also Mother that is also Person that is also Sibling that is also Son that is also Woman that is also Thing'?, \nFalse
Can Parent be considered a subcategory of 'Brother that is also Daughter that is also Father that is also Female that is also GrandMother that is also GrandParent that is also Person that is also Sibling that is also Son that is also Woman that is also Thing'?, \nFalse
Can Parent be considered a subcategory of 'Brother that is also Daughter that is also Father that is also Female that is also GrandMother that is also Person that is also Sex that is also Sibling that is also Son that is also Woman that is also Thing'?, \nTrue
Can Parent be considered a subcategory of 'Brother that is also Daughter that is also Father that is also Female that is also GrandMother that is also Person that is also Sex that is also Sibling that is also Sister that is also Son that is also Woman that is also Thing'?, \nFalse
Can Parent be considered a subcategory of 'Brother that is also Daughter that is also Father that is also Female that is also GrandMother that is also OffSpring that is also Person that is also Sex that is also Sibling that is also Son that is also Woman that is also Thing'?, \nTrue
Can Parent be considered a subcategory of 'Brother that is also Daughter that is also Father that is also Female that is also GrandMother that is also Male that is also OffSpring that is also Person that is also Sex that is also Sibling that is also Son that is also Woman that is also Thing'?, \nFalse
Can Parent be considered a subcategory of 'Brother that is also Daughter that is also Father that is also Female that is also GrandFather that is also GrandMother that is also OffSpring that is also Person that is also Sex that is also Sibling that is also Son that is also Woman that is also Thing'?, \nTrue
Can Female that is also GrandMother be considered a subcategory of 'Daughter'?, True
Can Female that is also GrandMother be considered a subcategory of 'Son'?, True.
Can GrandMother be considered a subcategory of 'Son'?, True
Can GrandMother be considered a subcategory of 'Thing'?, True
Can GrandMother be considered a subcategory of 'Son that is also Thing'?, True.
Can GrandMother be considered a subcategory of 'Female'?, True
Can GrandMother be considered a subcategory of 'Female that is also Son that is also Thing'?, True.
Can GrandMother be considered a subcategory of 'Father'?, True
Can GrandMother be considered a subcategory of 'Father that is also Female that is also Son that is also Thing'?, \nFalse
Can GrandMother be considered a subcategory of 'Child'?, True
Can GrandMother be considered a subcategory of 'Child that is also Female that is also Son that is also Thing'?, True
Can GrandMother be considered a subcategory of 'Person'?, True
Can GrandMother be considered a subcategory of 'Child that is also Female that is also Person that is also Son that is also Thing'?, True
Can GrandMother be considered a subcategory of 'Brother'?, True
Can GrandMother be considered a subcategory of 'Brother that is also Child that is also Female that is also Person that is also Son that is also Thing'?, \nFalse
Can GrandMother be considered a subcategory of 'Parent'?, True
Can GrandMother be considered a subcategory of 'Child that is also Female that is also Parent that is also Person that is also Son that is also Thing'?, \nFalse
Can GrandMother be considered a subcategory of 'Daughter'?, True
Can GrandMother be considered a subcategory of 'Child that is also Daughter that is also Female that is also Person that is also Son that is also Thing'?, \nTrue
Can GrandMother be considered a subcategory of 'Man'?, False.
Can GrandMother be considered a subcategory of 'Mother'?, True
Can GrandMother be considered a subcategory of 'Child that is also Daughter that is also Female that is also Mother that is also Person that is also Son that is also Thing'?, \nFalse
Can GrandMother be considered a subcategory of 'GrandParent'?, True
Can GrandMother be considered a subcategory of 'Child that is also Daughter that is also Female that is also GrandParent that is also Person that is also Son that is also Thing'?, \nFalse
Can GrandMother be considered a subcategory of 'Sex'?, True.
Can GrandMother be considered a subcategory of 'Child that is also Daughter that is also Female that is also Person that is also Sex that is also Son that is also Thing'?, \nFalse
Can GrandMother be considered a subcategory of 'Sister'?, True
Can GrandMother be considered a subcategory of 'Child that is also Daughter that is also Female that is also Person that is also Sister that is also Son that is also Thing'?, True
Can GrandMother be considered a subcategory of 'OffSpring'?, True
Can GrandMother be considered a subcategory of 'Child that is also Daughter that is also Female that is also OffSpring that is also Person that is also Sister that is also Son that is also Thing'?, \nFalse
Can GrandMother be considered a subcategory of 'Woman'?, True
Can GrandMother be considered a subcategory of 'Child that is also Daughter that is also Female that is also Person that is also Sister that is also Son that is also Woman that is also Thing'?, True
Can GrandMother be considered a subcategory of 'Male'?, True
Can GrandMother be considered a subcategory of 'Child that is also Daughter that is also Female that is also Male that is also Person that is also Sister that is also Son that is also Woman that is also Thing'?, \nFalse
Can GrandMother be considered a subcategory of 'Sibling'?, True
Can GrandMother be considered a subcategory of 'Child that is also Daughter that is also Female that is also Person that is also Sibling that is also Sister that is also Son that is also Woman that is also Thing'?, \nTrue
Can GrandMother be considered a subcategory of 'GrandFather'?, True
Can GrandMother be considered a subcategory of 'Child that is also Daughter that is also Female that is also GrandFather that is also Person that is also Sibling that is also Sister that is also Son that is also Woman that is also Thing'?, True
Can GrandMother be considered a subcategory of 'Child that is also Daughter that is also Father that is also Female that is also GrandFather that is also Person that is also Sibling that is also Sister that is also Son that is also Woman that is also Thing'?, \nFalse
Can GrandMother be considered a subcategory of 'Brother that is also Child that is also Daughter that is also Female that is also GrandFather that is also Person that is also Sibling that is also Sister that is also Son that is also Woman that is also Thing'?, \nFalse
Can GrandMother be considered a subcategory of 'Child that is also Daughter that is also Female that is also GrandFather that is also Parent that is also Person that is also Sibling that is also Sister that is also Son that is also Woman that is also Thing'?, True
Can GrandMother be considered a subcategory of 'Child that is also Daughter that is also Female that is also GrandFather that is also Mother that is also Parent that is also Person that is also Sibling that is also Sister that is also Son that is also Woman that is also Thing'?, True
Can GrandMother be considered a subcategory of 'Child that is also Daughter that is also Female that is also GrandFather that is also GrandParent that is also Mother that is also Parent that is also Person that is also Sibling that is also Sister that is also Son that is also Woman that is also Thing'?, \nFalse
Can GrandMother be considered a subcategory of 'Child that is also Daughter that is also Female that is also GrandFather that is also Mother that is also Parent that is also Person that is also Sex that is also Sibling that is also Sister that is also Son that is also Woman that is also Thing'?, \nFalse
Can GrandMother be considered a subcategory of 'Child that is also Daughter that is also Female that is also GrandFather that is also Mother that is also OffSpring that is also Parent that is also Person that is also Sibling that is also Sister that is also Son that is also Woman that is also Thing'?, \nFalse
Can GrandMother be considered a subcategory of 'Child that is also Daughter that is also Female that is also GrandFather that is also Male that is also Mother that is also Parent that is also Person that is also Sibling that is also Sister that is also Son that is also Woman that is also Thing'?, \nFalse
Can Male be considered a subcategory of 'something that hasSibling some Mother'?, True
Can GrandMother be considered a subcategory of 'something that hasSibling some Mother'?, True
Can GrandMother that is also something that (hasSibling some Mother) be considered a subcategory of 'GrandMother that is also something that (hasSibling some Mother)'?, \nFalse
Can Female be considered a subcategory of 'GrandMother'?, True
Can Father be considered a subcategory of 'GrandMother'?, True
Can Child be considered a subcategory of 'GrandMother'?, True
Can Brother be considered a subcategory of 'GrandMother'?, False.
Can Brother be considered a subcategory of 'GrandMother that is also something that (hasSibling some Mother)'?, \nFalse
Can Daughter be considered a subcategory of 'GrandMother'?, True
Can Mother be considered a subcategory of 'GrandMother'?, True
Can Sex be considered a subcategory of 'GrandMother'?, False.
Can Sex be considered a subcategory of 'GrandMother that is also something that (hasSibling some Mother)'?, \nFalse
Can Sister be considered a subcategory of 'GrandMother'?, True
Can OffSpring be considered a subcategory of 'GrandMother'?, True
Can Woman be considered a subcategory of 'GrandMother'?, True
Can Male be considered a subcategory of 'GrandMother'?, True.
Can Sibling be considered a subcategory of 'GrandMother'?, True
Can GrandFather be considered a subcategory of 'GrandMother'?, True
Can GrandMother be considered a subcategory of 'GrandMother that is also Thing that is also something that (hasSibling some Mother)'?, \nFalse
Can GrandMother be considered a subcategory of 'GrandMother that is also Son that is also something that (hasSibling some Mother)'?, \nFalse
Can GrandMother be considered a subcategory of 'Female that is also GrandMother that is also something that (hasSibling some Mother)'?, \nTrue
Can GrandMother be considered a subcategory of 'Father that is also Female that is also GrandMother that is also something that (hasSibling some Mother)'?, \nFalse
Can GrandMother be considered a subcategory of 'Child that is also Female that is also GrandMother that is also something that (hasSibling some Mother)'?, \nFalse
Can GrandMother be considered a subcategory of 'Female that is also GrandMother that is also Person that is also something that (hasSibling some Mother)'?, \nFalse
Can GrandMother be considered a subcategory of 'Brother that is also Female that is also GrandMother that is also something that (hasSibling some Mother)'?, \nTrue
Can GrandMother be considered a subcategory of 'Brother that is also Female that is also GrandMother that is also Parent that is also something that (hasSibling some Mother)'?, \nFalse
Can GrandMother be considered a subcategory of 'Brother that is also Daughter that is also Female that is also GrandMother that is also something that (hasSibling some Mother)'?, True
Can GrandMother be considered a subcategory of 'Brother that is also Daughter that is also Female that is also GrandMother that is also Mother that is also something that (hasSibling some Mother)'?, \nFalse
Can GrandMother be considered a subcategory of 'Brother that is also Daughter that is also Female that is also GrandMother that is also GrandParent that is also something that (hasSibling some Mother)'?, \nFalse
Can GrandMother be considered a subcategory of 'Brother that is also Daughter that is also Female that is also GrandMother that is also Sex that is also something that (hasSibling some Mother)'?, \nFalse
Can GrandMother be considered a subcategory of 'Brother that is also Daughter that is also Female that is also GrandMother that is also Sister that is also something that (hasSibling some Mother)'?, \nFalse
Can GrandMother be considered a subcategory of 'Brother that is also Daughter that is also Female that is also GrandMother that is also OffSpring that is also something that (hasSibling some Mother)'?, \nFalse
Can GrandMother be considered a subcategory of 'Brother that is also Daughter that is also Female that is also GrandMother that is also Woman that is also something that (hasSibling some Mother)'?, \nTrue
Can GrandMother be considered a subcategory of 'Brother that is also Daughter that is also Female that is also GrandMother that is also Male that is also Woman that is also something that (hasSibling some Mother)'?, \nFalse
Can GrandMother be considered a subcategory of 'Brother that is also Daughter that is also Female that is also GrandMother that is also Sibling that is also Woman that is also something that (hasSibling some Mother)'?, \nFalse
Can GrandMother be considered a subcategory of 'Brother that is also Daughter that is also Female that is also GrandFather that is also GrandMother that is also Woman that is also something that (hasSibling some Mother)'?, \nTrue
Can GrandMother be considered a subcategory of 'Brother that is also Daughter that is also Female that is also GrandFather that is also GrandMother that is also Woman that is also something that (hasSibling some (GrandMother that is also Mother))'?, \nFalse
Can GrandMother be considered a subcategory of 'Brother that is also Daughter that is also Female that is also GrandFather that is also GrandMother that is also Woman that is also something that (hasSibling some (Mother that is also Thing))'?, \nFalse
Can GrandMother be considered a subcategory of 'Brother that is also Daughter that is also Female that is also GrandFather that is also GrandMother that is also Woman that is also something that (hasSibling some (Mother that is also Son))'?, \nFalse
Can GrandMother be considered a subcategory of 'Brother that is also Daughter that is also Female that is also GrandFather that is also GrandMother that is also Woman that is also something that (hasSibling some (Female that is also Mother))'?, \nFalse
Can GrandMother be considered a subcategory of 'Brother that is also Daughter that is also Female that is also GrandFather that is also GrandMother that is also Woman that is also something that (hasSibling some (Father that is also Mother))'?, \nFalse
Can GrandMother be considered a subcategory of 'Brother that is also Daughter that is also Female that is also GrandFather that is also GrandMother that is also Woman that is also something that (hasSibling some (Child that is also Mother))'?, \nFalse
Can GrandMother be considered a subcategory of 'Brother that is also Daughter that is also Female that is also GrandFather that is also GrandMother that is also Woman that is also something that (hasSibling some (Mother that is also Person))'?, \nFalse
Can GrandMother be considered a subcategory of 'Brother that is also Daughter that is also Female that is also GrandFather that is also GrandMother that is also Woman that is also something that (hasSibling some (Brother that is also Mother))'?, \nFalse
Can GrandMother be considered a subcategory of 'Brother that is also Daughter that is also Female that is also GrandFather that is also GrandMother that is also Woman that is also something that (hasSibling some (Mother that is also Parent))'?, \nTrue
Can GrandMother be considered a subcategory of 'Brother that is also Daughter that is also Female that is also GrandFather that is also GrandMother that is also Woman that is also something that (hasSibling some (Daughter that is also Mother that is also Parent))'?, \nFalse
Can GrandMother be considered a subcategory of 'Brother that is also Daughter that is also Female that is also GrandFather that is also GrandMother that is also Woman that is also something that (hasSibling some (GrandParent that is also Mother that is also Parent))'?, \nFalse
Can GrandMother be considered a subcategory of 'Brother that is also Daughter that is also Female that is also GrandFather that is also GrandMother that is also Woman that is also something that (hasSibling some (Mother that is also Parent that is also Sex))'?, \nTrue
Can GrandMother be considered a subcategory of 'Brother that is also Daughter that is also Female that is also GrandFather that is also GrandMother that is also Woman that is also something that (hasSibling some (Mother that is also Parent that is also Sex that is also Sister))'?, \nTrue
Can GrandMother be considered a subcategory of 'Brother that is also Daughter that is also Female that is also GrandFather that is also GrandMother that is also Woman that is also something that (hasSibling some (Mother that is also OffSpring that is also Parent that is also Sex that is also Sister))'?, \nTrue
Can GrandMother be considered a subcategory of 'Brother that is also Daughter that is also Female that is also GrandFather that is also GrandMother that is also Woman that is also something that (hasSibling some (Mother that is also OffSpring that is also Parent that is also Sex that is also Sister that is also Woman))'?, \nFalse
Can GrandMother be considered a subcategory of 'Brother that is also Daughter that is also Female that is also GrandFather that is also GrandMother that is also Woman that is also something that (hasSibling some (Male that is also Mother that is also OffSpring that is also Parent that is also Sex that is also Sister))'?, \nTrue
Can GrandMother be considered a subcategory of 'Brother that is also Daughter that is also Female that is also GrandFather that is also GrandMother that is also Woman that is also something that (hasSibling some (Male that is also Mother that is also OffSpring that is also Parent that is also Sex that is also Sibling that is also Sister))'?, \nFalse
Can GrandMother be considered a subcategory of 'Brother that is also Daughter that is also Female that is also GrandFather that is also GrandMother that is also Woman that is also something that (hasSibling some (GrandFather that is also Male that is also Mother that is also OffSpring that is also Parent that is also Sex that is also Sister))'?, \nTrue
Can Brother that is also Daughter that is also Female that is also GrandFather that is also GrandMother that is also Woman that is also Thing that is also something that (hasSibling some (GrandFather that is also Male that is also Mother that is also OffSpring that is also Parent that is also Sex that is also Sister)) be considered a subcategory of 'Brother that is also Daughter that is also Female that is also GrandFather that is also GrandMother that is also Woman that is also Thing that is also something that (hasSibling some (GrandFather that is also Male that is also Mother that is also OffSpring that is also Parent that is also Sex that is also Sister))'?, \nTrue
Can Brother that is also Child that is also Daughter that is also Father that is also Female that is also GrandFather that is also GrandMother that is also Mother that is also Parent that is also Person that is also Sibling that is also Sister that is also Son that is also Woman that is also Thing that is also something that (hasSibling some (GrandFather that is also Male that is also Mother that is also OffSpring that is also Parent that is also Sex that is also Sister)) be considered a subcategory of 'Brother that is also Child that is also Daughter that is also Father that is also Female that is also GrandFather that is also GrandMother that is also Mother that is also Parent that is also Person that is also Sibling that is also Sister that is also Son that is also Woman that is also Thing that is also something that (hasSibling some (GrandFather that is also Male that is also Mother that is also OffSpring that is also Parent that is also Sex that is also Sister))'?, \nTrue
Can GrandMother be considered a subcategory of 'Brother that is also Child that is also Daughter that is also Father that is also Female that is also GrandFather that is also GrandMother that is also GrandParent that is also Mother that is also Parent that is also Person that is also Sibling that is also Sister that is also Son that is also Woman that is also Thing that is also something that (hasSibling some (GrandFather that is also Male that is also Mother that is also OffSpring that is also Parent that is also Sex that is also Sister))'?, \nTrue
Can GrandMother be considered a subcategory of 'Brother that is also Child that is also Daughter that is also Father that is also Female that is also GrandFather that is also GrandMother that is also GrandParent that is also Mother that is also Parent that is also Person that is also Sex that is also Sibling that is also Sister that is also Son that is also Woman that is also Thing that is also something that (hasSibling some (GrandFather that is also Male that is also Mother that is also OffSpring that is also Parent that is also Sex that is also Sister))'?, \nTrue
Can GrandMother be considered a subcategory of 'Brother that is also Child that is also Daughter that is also Father that is also Female that is also GrandFather that is also GrandMother that is also GrandParent that is also Mother that is also OffSpring that is also Parent that is also Person that is also Sex that is also Sibling that is also Sister that is also Son that is also Woman that is also Thing that is also something that (hasSibling some (GrandFather that is also Male that is also Mother that is also OffSpring that is also Parent that is also Sex that is also Sister))'?, \nTrue
Can GrandMother be considered a subcategory of 'Brother that is also Child that is also Daughter that is also Father that is also Female that is also GrandFather that is also GrandMother that is also GrandParent that is also Male that is also Mother that is also OffSpring that is also Parent that is also Person that is also Sex that is also Sibling that is also Sister that is also Son that is also Woman that is also Thing that is also something that (hasSibling some (GrandFather that is also Male that is also Mother that is also OffSpring that is also Parent that is also Sex that is also Sister))'?, \nTrue
Can GrandMother be considered a subcategory of 'Brother that is also Child that is also Daughter that is also Father that is also Female that is also GrandFather that is also GrandMother that is also GrandParent that is also Male that is also Mother that is also OffSpring that is also Parent that is also Person that is also Sex that is also Sibling that is also Sister that is also Son that is also Woman that is also Thing that is also something that (hasSibling some (GrandFather that is also GrandMother that is also Male that is also Mother that is also OffSpring that is also Parent that is also Sex that is also Sister))'?, \nTrue
Can GrandMother be considered a subcategory of 'Brother that is also Child that is also Daughter that is also Father that is also Female that is also GrandFather that is also GrandMother that is also GrandParent that is also Male that is also Mother that is also OffSpring that is also Parent that is also Person that is also Sex that is also Sibling that is also Sister that is also Son that is also Woman that is also Thing that is also something that (hasSibling some (GrandFather that is also GrandMother that is also Male that is also Mother that is also OffSpring that is also Parent that is also Sex that is also Sister that is also Thing))'?, \nTrue
Can GrandMother be considered a subcategory of 'Brother that is also Child that is also Daughter that is also Father that is also Female that is also GrandFather that is also GrandMother that is also GrandParent that is also Male that is also Mother that is also OffSpring that is also Parent that is also Person that is also Sex that is also Sibling that is also Sister that is also Son that is also Woman that is also Thing that is also something that (hasSibling some (GrandFather that is also GrandMother that is also Male that is also Mother that is also OffSpring that is also Parent that is also Sex that is also Sister that is also Son that is also Thing))'?, True.
Can GrandMother be considered a subcategory of 'Brother that is also Child that is also Daughter that is also Father that is also Female that is also GrandFather that is also GrandMother that is also GrandParent that is also Male that is also Mother that is also OffSpring that is also Parent that is also Person that is also Sex that is also Sibling that is also Sister that is also Son that is also Woman that is also Thing that is also something that (hasSibling some (Female that is also GrandFather that is also GrandMother that is also Male that is also Mother that is also OffSpring that is also Parent that is also Sex that is also Sister that is also Son that is also Thing))'?, True
Can GrandMother be considered a subcategory of 'Brother that is also Child that is also Daughter that is also Father that is also Female that is also GrandFather that is also GrandMother that is also GrandParent that is also Male that is also Mother that is also OffSpring that is also Parent that is also Person that is also Sex that is also Sibling that is also Sister that is also Son that is also Woman that is also Thing that is also something that (hasSibling some (Father that is also Female that is also GrandFather that is also GrandMother that is also Male that is also Mother that is also OffSpring that is also Parent that is also Sex that is also Sister that is also Son that is also Thing))'?, \nFalse
Can GrandMother be considered a subcategory of 'Brother that is also Child that is also Daughter that is also Father that is also Female that is also GrandFather that is also GrandMother that is also GrandParent that is also Male that is also Mother that is also OffSpring that is also Parent that is also Person that is also Sex that is also Sibling that is also Sister that is also Son that is also Woman that is also Thing that is also something that (hasSibling some (Child that is also Female that is also GrandFather that is also GrandMother that is also Male that is also Mother that is also OffSpring that is also Parent that is also Sex that is also Sister that is also Son that is also Thing))'?, True.
Can GrandMother be considered a subcategory of 'Brother that is also Child that is also Daughter that is also Father that is also Female that is also GrandFather that is also GrandMother that is also GrandParent that is also Male that is also Mother that is also OffSpring that is also Parent that is also Person that is also Sex that is also Sibling that is also Sister that is also Son that is also Woman that is also Thing that is also something that (hasSibling some (Child that is also Female that is also GrandFather that is also GrandMother that is also Male that is also Mother that is also OffSpring that is also Parent that is also Person that is also Sex that is also Sister that is also Son that is also Thing))'?, \nTrue
Can GrandMother be considered a subcategory of 'Brother that is also Child that is also Daughter that is also Father that is also Female that is also GrandFather that is also GrandMother that is also GrandParent that is also Male that is also Mother that is also OffSpring that is also Parent that is also Person that is also Sex that is also Sibling that is also Sister that is also Son that is also Woman that is also Thing that is also something that (hasSibling some (Brother that is also Child that is also Female that is also GrandFather that is also GrandMother that is also Male that is also Mother that is also OffSpring that is also Parent that is also Person that is also Sex that is also Sister that is also Son that is also Thing))'?, True.
Can GrandMother be considered a subcategory of 'Brother that is also Child that is also Daughter that is also Father that is also Female that is also GrandFather that is also GrandMother that is also GrandParent that is also Male that is also Mother that is also OffSpring that is also Parent that is also Person that is also Sex that is also Sibling that is also Sister that is also Son that is also Woman that is also Thing that is also something that (hasSibling some (Brother that is also Child that is also Daughter that is also Female that is also GrandFather that is also GrandMother that is also Male that is also Mother that is also OffSpring that is also Parent that is also Person that is also Sex that is also Sister that is also Son that is also Thing))'?, True.
Can GrandMother be considered a subcategory of 'Brother that is also Child that is also Daughter that is also Father that is also Female that is also GrandFather that is also GrandMother that is also GrandParent that is also Male that is also Mother that is also OffSpring that is also Parent that is also Person that is also Sex that is also Sibling that is also Sister that is also Son that is also Woman that is also Thing that is also something that (hasSibling some (Brother that is also Child that is also Daughter that is also Female that is also GrandFather that is also GrandMother that is also GrandParent that is also Male that is also Mother that is also OffSpring that is also Parent that is also Person that is also Sex that is also Sister that is also Son that is also Thing))'?, \nTrue
Can GrandMother be considered a subcategory of 'Brother that is also Child that is also Daughter that is also Father that is also Female that is also GrandFather that is also GrandMother that is also GrandParent that is also Male that is also Mother that is also OffSpring that is also Parent that is also Person that is also Sex that is also Sibling that is also Sister that is also Son that is also Woman that is also Thing that is also something that (hasSibling some (Brother that is also Child that is also Daughter that is also Female that is also GrandFather that is also GrandMother that is also GrandParent that is also Male that is also Mother that is also OffSpring that is also Parent that is also Person that is also Sex that is also Sister that is also Son that is also Woman that is also Thing))'?, True.
Can GrandMother be considered a subcategory of 'Brother that is also Child that is also Daughter that is also Father that is also Female that is also GrandFather that is also GrandMother that is also GrandParent that is also Male that is also Mother that is also OffSpring that is also Parent that is also Person that is also Sex that is also Sibling that is also Sister that is also Son that is also Woman that is also Thing that is also something that (hasSibling some (Brother that is also Child that is also Daughter that is also Female that is also GrandFather that is also GrandMother that is also GrandParent that is also Male that is also Mother that is also OffSpring that is also Parent that is also Person that is also Sex that is also Sibling that is also Sister that is also Son that is also Woman that is also Thing))'?, True.
Can Brother that is also Child that is also Daughter that is also Father that is also Female that is also GrandFather that is also GrandMother that is also GrandParent that is also Male that is also Man that is also Mother that is also OffSpring that is also Parent that is also Person that is also Sex that is also Sibling that is also Sister that is also Son that is also Woman that is also Thing that is also something that (hasSibling some (Brother that is also Child that is also Daughter that is also Female that is also GrandFather that is also GrandMother that is also GrandParent that is also Male that is also Mother that is also OffSpring that is also Parent that is also Person that is also Sex that is also Sibling that is also Sister that is also Son that is also Woman that is also Thing)) be considered a subcategory of 'Brother that is also Child that is also Daughter that is also Father that is also Female that is also GrandFather that is also GrandMother that is also GrandParent that is also Male that is also Man that is also Mother that is also OffSpring that is also Parent that is also Person that is also Sex that is also Sibling that is also Sister that is also Son that is also Woman that is also Thing that is also something that (hasSibling some (Brother that is also Child that is also Daughter that is also Female that is also GrandFather that is also GrandMother that is also GrandParent that is also Male that is also Mother that is also OffSpring that is also Parent that is also Person that is also Sex that is also Sibling that is also Sister that is also Son that is also Woman that is also Thing))'?, True.
Can Son be considered a subcategory of 'something that hasParent some Brother'?, True
Can GrandMother be considered a subcategory of 'something that hasParent some Brother'?, True
Can GrandMother that is also something that (hasParent some Brother) be considered a subcategory of 'GrandMother that is also something that (hasParent some Brother)'?, \nFalse
Can Brother be considered a subcategory of 'GrandMother that is also something that (hasParent some Brother)'?, \nFalse
Can Sex be considered a subcategory of 'GrandMother that is also something that (hasParent some Brother)'?, \nFalse
Can GrandMother be considered a subcategory of 'GrandMother that is also Thing that is also something that (hasParent some Brother)'?, \nTrue
Can GrandMother be considered a subcategory of 'GrandMother that is also Son that is also Thing that is also something that (hasParent some Brother)'?, \nFalse
Can GrandMother be considered a subcategory of 'Female that is also GrandMother that is also Thing that is also something that (hasParent some Brother)'?, \nFalse
Can GrandMother be considered a subcategory of 'Father that is also GrandMother that is also Thing that is also something that (hasParent some Brother)'?, \nFalse
Can GrandMother be considered a subcategory of 'Child that is also GrandMother that is also Thing that is also something that (hasParent some Brother)'?, \nFalse
Can GrandMother be considered a subcategory of 'GrandMother that is also Person that is also Thing that is also something that (hasParent some Brother)'?, \nTrue
Can GrandMother be considered a subcategory of 'Brother that is also GrandMother that is also Person that is also Thing that is also something that (hasParent some Brother)'?, \nTrue
Can GrandMother be considered a subcategory of 'Brother that is also GrandMother that is also Parent that is also Person that is also Thing that is also something that (hasParent some Brother)'?, \nFalse
Can GrandMother be considered a subcategory of 'Brother that is also Daughter that is also GrandMother that is also Person that is also Thing that is also something that (hasParent some Brother)'?, \nFalse
Can GrandMother be considered a subcategory of 'Brother that is also GrandMother that is also Mother that is also Person that is also Thing that is also something that (hasParent some Brother)'?, \nTrue
Can GrandMother be considered a subcategory of 'Brother that is also GrandMother that is also GrandParent that is also Mother that is also Person that is also Thing that is also something that (hasParent some Brother)'?, \nFalse
Can GrandMother be considered a subcategory of 'Brother that is also GrandMother that is also Mother that is also Person that is also Sex that is also Thing that is also something that (hasParent some Brother)'?, \nTrue
Can GrandMother be considered a subcategory of 'Brother that is also GrandMother that is also Mother that is also Person that is also Sex that is also Sister that is also Thing that is also something that (hasParent some Brother)'?, \nFalse
Can GrandMother be considered a subcategory of 'Brother that is also GrandMother that is also Mother that is also OffSpring that is also Person that is also Sex that is also Thing that is also something that (hasParent some Brother)'?, \nTrue
Can GrandMother be considered a subcategory of 'Brother that is also GrandMother that is also Mother that is also OffSpring that is also Person that is also Sex that is also Woman that is also Thing that is also something that (hasParent some Brother)'?, \nFalse
Can GrandMother be considered a subcategory of 'Brother that is also GrandMother that is also Male that is also Mother that is also OffSpring that is also Person that is also Sex that is also Thing that is also something that (hasParent some Brother)'?, \nTrue
Can GrandMother be considered a subcategory of 'Brother that is also GrandMother that is also Male that is also Mother that is also OffSpring that is also Person that is also Sex that is also Sibling that is also Thing that is also something that (hasParent some Brother)'?, \nTrue
Can GrandMother be considered a subcategory of 'Brother that is also GrandFather that is also GrandMother that is also Male that is also Mother that is also OffSpring that is also Person that is also Sex that is also Sibling that is also Thing that is also something that (hasParent some Brother)'?, \nFalse
Can GrandMother be considered a subcategory of 'Brother that is also GrandMother that is also Male that is also Mother that is also OffSpring that is also Person that is also Sex that is also Sibling that is also Thing that is also something that (hasParent some (Brother that is also GrandMother))'?, \nFalse
Can GrandMother be considered a subcategory of 'Brother that is also GrandMother that is also Male that is also Mother that is also OffSpring that is also Person that is also Sex that is also Sibling that is also Thing that is also something that (hasParent some (Brother that is also Thing))'?, \nTrue
Can GrandMother be considered a subcategory of 'Brother that is also GrandMother that is also Male that is also Mother that is also OffSpring that is also Person that is also Sex that is also Sibling that is also Thing that is also something that (hasParent some (Brother that is also Son that is also Thing))'?, \nFalse
Can GrandMother be considered a subcategory of 'Brother that is also GrandMother that is also Male that is also Mother that is also OffSpring that is also Person that is also Sex that is also Sibling that is also Thing that is also something that (hasParent some (Brother that is also Female that is also Thing))'?, \nTrue
Can GrandMother be considered a subcategory of 'Brother that is also GrandMother that is also Male that is also Mother that is also OffSpring that is also Person that is also Sex that is also Sibling that is also Thing that is also something that (hasParent some (Brother that is also Father that is also Female that is also Thing))'?, \nFalse
Can GrandMother be considered a subcategory of 'Brother that is also GrandMother that is also Male that is also Mother that is also OffSpring that is also Person that is also Sex that is also Sibling that is also Thing that is also something that (hasParent some (Brother that is also Child that is also Female that is also Thing))'?, \nTrue
Can GrandMother be considered a subcategory of 'Brother that is also GrandMother that is also Male that is also Mother that is also OffSpring that is also Person that is also Sex that is also Sibling that is also Thing that is also something that (hasParent some (Brother that is also Child that is also Female that is also Person that is also Thing))'?, \nFalse
Can GrandMother be considered a subcategory of 'Brother that is also GrandMother that is also Male that is also Mother that is also OffSpring that is also Person that is also Sex that is also Sibling that is also Thing that is also something that (hasParent some (Brother that is also Child that is also Female that is also Parent that is also Thing))'?, \nFalse
Can GrandMother be considered a subcategory of 'Brother that is also GrandMother that is also Male that is also Mother that is also OffSpring that is also Person that is also Sex that is also Sibling that is also Thing that is also something that (hasParent some (Brother that is also Child that is also Daughter that is also Female that is also Thing))'?, \nFalse
Can GrandMother be considered a subcategory of 'Brother that is also GrandMother that is also Male that is also Mother that is also OffSpring that is also Person that is also Sex that is also Sibling that is also Thing that is also something that (hasParent some (Brother that is also Child that is also Female that is also Mother that is also Thing))'?, \nFalse
Can GrandMother be considered a subcategory of 'Brother that is also GrandMother that is also Male that is also Mother that is also OffSpring that is also Person that is also Sex that is also Sibling that is also Thing that is also something that (hasParent some (Brother that is also Child that is also Female that is also GrandParent that is also Thing))'?, \nFalse
Can GrandMother be considered a subcategory of 'Brother that is also GrandMother that is also Male that is also Mother that is also OffSpring that is also Person that is also Sex that is also Sibling that is also Thing that is also something that (hasParent some (Brother that is also Child that is also Female that is also Sex that is also Thing))'?, \nTrue
Can GrandMother be considered a subcategory of 'Brother that is also GrandMother that is also Male that is also Mother that is also OffSpring that is also Person that is also Sex that is also Sibling that is also Thing that is also something that (hasParent some (Brother that is also Child that is also Female that is also Sex that is also Sister that is also Thing))'?, \nFalse
Can GrandMother be considered a subcategory of 'Brother that is also GrandMother that is also Male that is also Mother that is also OffSpring that is also Person that is also Sex that is also Sibling that is also Thing that is also something that (hasParent some (Brother that is also Child that is also Female that is also OffSpring that is also Sex that is also Thing))'?, \nTrue
Can GrandMother be considered a subcategory of 'Brother that is also GrandMother that is also Male that is also Mother that is also OffSpring that is also Person that is also Sex that is also Sibling that is also Thing that is also something that (hasParent some (Brother that is also Child that is also Female that is also OffSpring that is also Sex that is also Woman that is also Thing))'?, \nTrue
Can GrandMother be considered a subcategory of 'Brother that is also GrandMother that is also Male that is also Mother that is also OffSpring that is also Person that is also Sex that is also Sibling that is also Thing that is also something that (hasParent some (Brother that is also Child that is also Female that is also Male that is also OffSpring that is also Sex that is also Woman that is also Thing))'?, \nTrue
Can GrandMother be considered a subcategory of 'Brother that is also GrandMother that is also Male that is also Mother that is also OffSpring that is also Person that is also Sex that is also Sibling that is also Thing that is also something that (hasParent some (Brother that is also Child that is also Female that is also Male that is also OffSpring that is also Sex that is also Sibling that is also Woman that is also Thing))'?, \nTrue
Can GrandMother be considered a subcategory of 'Brother that is also GrandMother that is also Male that is also Mother that is also OffSpring that is also Person that is also Sex that is also Sibling that is also Thing that is also something that (hasParent some (Brother that is also Child that is also Female that is also GrandFather that is also Male that is also OffSpring that is also Sex that is also Sibling that is also Woman that is also Thing))'?, \nFalse
Can Brother that is also GrandMother that is also Male that is also Mother that is also OffSpring that is also Person that is also Sex that is also Sibling that is also Son that is also Thing that is also something that (hasParent some (Brother that is also Child that is also Female that is also Male that is also OffSpring that is also Sex that is also Sibling that is also Woman that is also Thing)) be considered a subcategory of 'Brother that is also GrandMother that is also Male that is also Mother that is also OffSpring that is also Person that is also Sex that is also Sibling that is also Son that is also Thing that is also something that (hasParent some (Brother that is also Child that is also Female that is also Male that is also OffSpring that is also Sex that is also Sibling that is also Woman that is also Thing))'?, True.
Can Brother that is also Child that is also Daughter that is also Father that is also Female that is also GrandFather that is also GrandMother that is also GrandParent that is also Male that is also Man that is also Mother that is also OffSpring that is also Parent that is also Person that is also Sex that is also Sibling that is also Sister that is also Son that is also Woman that is also Thing that is also something that (hasParent some (Brother that is also Child that is also Female that is also GrandMother that is also Male that is also OffSpring that is also Sex that is also Sibling that is also Woman that is also Thing)) be considered a subcategory of 'Brother that is also Child that is also Daughter that is also Father that is also Female that is also GrandFather that is also GrandMother that is also GrandParent that is also Male that is also Man that is also Mother that is also OffSpring that is also Parent that is also Person that is also Sex that is also Sibling that is also Sister that is also Son that is also Woman that is also Thing that is also something that (hasParent some (Brother that is also Child that is also Female that is also GrandMother that is also Male that is also OffSpring that is also Sex that is also Sibling that is also Woman that is also Thing)) that is also something that (hasSibling some (Brother that is also Child that is also Daughter that is also Female that is also GrandFather that is also GrandMother that is also GrandParent that is also Male that is also Mother that is also OffSpring that is also Parent that is also Person that is also Sex that is also Sibling that is also Sister that is also Son that is also Woman that is also Thing))'?, True.
Can GrandMother be considered a subcategory of 'Brother that is also Child that is also Daughter that is also Father that is also Female that is also GrandFather that is also GrandMother that is also GrandParent that is also Male that is also Man that is also Mother that is also OffSpring that is also Parent that is also Person that is also Sex that is also Sibling that is also Sister that is also Son that is also Woman that is also Thing that is also something that (hasParent some (Brother that is also Child that is also Female that is also GrandMother that is also Male that is also OffSpring that is also Sex that is also Sibling that is also Son that is also Woman that is also Thing)) that is also something that (hasSibling some (Brother that is also Child that is also Daughter that is also Female that is also GrandFather that is also GrandMother that is also GrandParent that is also Male that is also Mother that is also OffSpring that is also Parent that is also Person that is also Sex that is also Sibling that is also Sister that is also Son that is also Woman that is also Thing))'?, True.
Can GrandMother be considered a subcategory of 'Brother that is also Child that is also Daughter that is also Father that is also Female that is also GrandFather that is also GrandMother that is also GrandParent that is also Male that is also Man that is also Mother that is also OffSpring that is also Parent that is also Person that is also Sex that is also Sibling that is also Sister that is also Son that is also Woman that is also Thing that is also something that (hasParent some (Brother that is also Child that is also Father that is also Female that is also GrandMother that is also Male that is also OffSpring that is also Sex that is also Sibling that is also Son that is also Woman that is also Thing)) that is also something that (hasSibling some (Brother that is also Child that is also Daughter that is also Female that is also GrandFather that is also GrandMother that is also GrandParent that is also Male that is also Mother that is also OffSpring that is also Parent that is also Person that is also Sex that is also Sibling that is also Sister that is also Son that is also Woman that is also Thing))'?, True.
Can GrandMother be considered a subcategory of 'Brother that is also Child that is also Daughter that is also Father that is also Female that is also GrandFather that is also GrandMother that is also GrandParent that is also Male that is also Man that is also Mother that is also OffSpring that is also Parent that is also Person that is also Sex that is also Sibling that is also Sister that is also Son that is also Woman that is also Thing that is also something that (hasParent some (Brother that is also Child that is also Father that is also Female that is also GrandMother that is also Male that is also OffSpring that is also Person that is also Sex that is also Sibling that is also Son that is also Woman that is also Thing)) that is also something that (hasSibling some (Brother that is also Child that is also Daughter that is also Female that is also GrandFather that is also GrandMother that is also GrandParent that is also Male that is also Mother that is also OffSpring that is also Parent that is also Person that is also Sex that is also Sibling that is also Sister that is also Son that is also Woman that is also Thing))'?, True.
Can GrandMother be considered a subcategory of 'Brother that is also Child that is also Daughter that is also Father that is also Female that is also GrandFather that is also GrandMother that is also GrandParent that is also Male that is also Man that is also Mother that is also OffSpring that is also Parent that is also Person that is also Sex that is also Sibling that is also Sister that is also Son that is also Woman that is also Thing that is also something that (hasParent some (Brother that is also Child that is also Father that is also Female that is also GrandMother that is also Male that is also OffSpring that is also Parent that is also Person that is also Sex that is also Sibling that is also Son that is also Woman that is also Thing)) that is also something that (hasSibling some (Brother that is also Child that is also Daughter that is also Female that is also GrandFather that is also GrandMother that is also GrandParent that is also Male that is also Mother that is also OffSpring that is also Parent that is also Person that is also Sex that is also Sibling that is also Sister that is also Son that is also Woman that is also Thing))'?, True.
Can GrandMother be considered a subcategory of 'Brother that is also Child that is also Daughter that is also Father that is also Female that is also GrandFather that is also GrandMother that is also GrandParent that is also Male that is also Man that is also Mother that is also OffSpring that is also Parent that is also Person that is also Sex that is also Sibling that is also Sister that is also Son that is also Woman that is also Thing that is also something that (hasParent some (Brother that is also Child that is also Daughter that is also Father that is also Female that is also GrandMother that is also Male that is also OffSpring that is also Parent that is also Person that is also Sex that is also Sibling that is also Son that is also Woman that is also Thing)) that is also something that (hasSibling some (Brother that is also Child that is also Daughter that is also Female that is also GrandFather that is also GrandMother that is also GrandParent that is also Male that is also Mother that is also OffSpring that is also Parent that is also Person that is also Sex that is also Sibling that is also Sister that is also Son that is also Woman that is also Thing))'?, True.
Can GrandMother be considered a subcategory of 'Brother that is also Child that is also Daughter that is also Father that is also Female that is also GrandFather that is also GrandMother that is also GrandParent that is also Male that is also Man that is also Mother that is also OffSpring that is also Parent that is also Person that is also Sex that is also Sibling that is also Sister that is also Son that is also Woman that is also Thing that is also something that (hasParent some (Brother that is also Child that is also Daughter that is also Father that is also Female that is also GrandMother that is also Male that is also Mother that is also OffSpring that is also Parent that is also Person that is also Sex that is also Sibling that is also Son that is also Woman that is also Thing)) that is also something that (hasSibling some (Brother that is also Child that is also Daughter that is also Female that is also GrandFather that is also GrandMother that is also GrandParent that is also Male that is also Mother that is also OffSpring that is also Parent that is also Person that is also Sex that is also Sibling that is also Sister that is also Son that is also Woman that is also Thing))'?, True.
Can GrandMother be considered a subcategory of 'Brother that is also Child that is also Daughter that is also Father that is also Female that is also GrandFather that is also GrandMother that is also GrandParent that is also Male that is also Man that is also Mother that is also OffSpring that is also Parent that is also Person that is also Sex that is also Sibling that is also Sister that is also Son that is also Woman that is also Thing that is also something that (hasParent some (Brother that is also Child that is also Daughter that is also Father that is also Female that is also GrandMother that is also GrandParent that is also Male that is also Mother that is also OffSpring that is also Parent that is also Person that is also Sex that is also Sibling that is also Son that is also Woman that is also Thing)) that is also something that (hasSibling some (Brother that is also Child that is also Daughter that is also Female that is also GrandFather that is also GrandMother that is also GrandParent that is also Male that is also Mother that is also OffSpring that is also Parent that is also Person that is also Sex that is also Sibling that is also Sister that is also Son that is also Woman that is also Thing))'?, True.
Can GrandMother be considered a subcategory of 'Brother that is also Child that is also Daughter that is also Father that is also Female that is also GrandFather that is also GrandMother that is also GrandParent that is also Male that is also Man that is also Mother that is also OffSpring that is also Parent that is also Person that is also Sex that is also Sibling that is also Sister that is also Son that is also Woman that is also Thing that is also something that (hasParent some (Brother that is also Child that is also Daughter that is also Father that is also Female that is also GrandMother that is also GrandParent that is also Male that is also Mother that is also OffSpring that is also Parent that is also Person that is also Sex that is also Sibling that is also Sister that is also Son that is also Woman that is also Thing)) that is also something that (hasSibling some (Brother that is also Child that is also Daughter that is also Female that is also GrandFather that is also GrandMother that is also GrandParent that is also Male that is also Mother that is also OffSpring that is also Parent that is also Person that is also Sex that is also Sibling that is also Sister that is also Son that is also Woman that is also Thing))'?, True.
Can GrandMother be considered a subcategory of 'Brother that is also Child that is also Daughter that is also Father that is also Female that is also GrandFather that is also GrandMother that is also GrandParent that is also Male that is also Man that is also Mother that is also OffSpring that is also Parent that is also Person that is also Sex that is also Sibling that is also Sister that is also Son that is also Woman that is also Thing that is also something that (hasParent some (Brother that is also Child that is also Daughter that is also Father that is also Female that is also GrandFather that is also GrandMother that is also GrandParent that is also Male that is also Mother that is also OffSpring that is also Parent that is also Person that is also Sex that is also Sibling that is also Sister that is also Son that is also Woman that is also Thing)) that is also something that (hasSibling some (Brother that is also Child that is also Daughter that is also Female that is also GrandFather that is also GrandMother that is also GrandParent that is also Male that is also Mother that is also OffSpring that is also Parent that is also Person that is also Sex that is also Sibling that is also Sister that is also Son that is also Woman that is also Thing))'?, True.
Can GrandMother be considered a subcategory of 'Brother that is also Child that is also Daughter that is also Father that is also Female that is also GrandFather that is also GrandMother that is also GrandParent that is also Male that is also Man that is also Mother that is also OffSpring that is also Parent that is also Person that is also Sex that is also Sibling that is also Sister that is also Son that is also Woman that is also Thing that is also something that (hasParent some (Brother that is also Child that is also Daughter that is also Father that is also Female that is also GrandFather that is also GrandMother that is also GrandParent that is also Male that is also Mother that is also OffSpring that is also Parent that is also Person that is also Sex that is also Sibling that is also Sister that is also Son that is also Woman that is also Thing)) that is also something that (hasSibling some (Brother that is also Child that is also Daughter that is also Father that is also Female that is also GrandFather that is also GrandMother that is also GrandParent that is also Male that is also Mother that is also OffSpring that is also Parent that is also Person that is also Sex that is also Sibling that is also Sister that is also Son that is also Woman that is also Thing))'?, True.
Can Brother that is also Child that is also Daughter that is also Father that is also Female that is also GrandFather that is also GrandMother that is also GrandParent that is also Male that is also Man that is also Mother that is also OffSpring that is also Parent that is also Person that is also Sex that is also Sibling that is also Sister that is also Son that is also Woman that is also Thing that is also something that (hasParent some (Brother that is also Child that is also Daughter that is also Father that is also Female that is also GrandFather that is also GrandMother that is also GrandParent that is also Male that is also Man that is also Mother that is also OffSpring that is also Parent that is also Person that is also Sex that is also Sibling that is also Sister that is also Son that is also Woman that is also Thing)) be considered a subcategory of 'Brother that is also Child that is also Daughter that is also Father that is also Female that is also GrandFather that is also GrandMother that is also GrandParent that is also Male that is also Man that is also Mother that is also OffSpring that is also Parent that is also Person that is also Sex that is also Sibling that is also Sister that is also Son that is also Woman that is also Thing that is also something that (hasParent some (Brother that is also Child that is also Daughter that is also Father that is also Female that is also GrandFather that is also GrandMother that is also GrandParent that is also Male that is also Man that is also Mother that is also OffSpring that is also Parent that is also Person that is also Sex that is also Sibling that is also Sister that is also Son that is also Woman that is also Thing)) that is also something that (hasSibling some (Brother that is also Child that is also Daughter that is also Father that is also Female that is also GrandFather that is also GrandMother that is also GrandParent that is also Male that is also Mother that is also OffSpring that is also Parent that is also Person that is also Sex that is also Sibling that is also Sister that is also Son that is also Woman that is also Thing))'?, True.
Can Child be considered a subcategory of 'something that hasSex some Sister'?, True
Can GrandMother be considered a subcategory of 'something that hasSex some Sister'?, True.
Can GrandMother that is also something that (hasSex some Sister) be considered a subcategory of 'GrandMother that is also something that (hasSex some Sister)'?, \nFalse
Can Brother be considered a subcategory of 'GrandMother that is also something that (hasSex some Sister)'?, \nFalse
Can Sex be considered a subcategory of 'GrandMother that is also something that (hasSex some Sister)'?, \nFalse
Can GrandMother be considered a subcategory of 'GrandMother that is also Thing that is also something that (hasSex some Sister)'?, \nFalse
Can GrandMother be considered a subcategory of 'GrandMother that is also Son that is also something that (hasSex some Sister)'?, True
Can GrandMother be considered a subcategory of 'Female that is also GrandMother that is also Son that is also something that (hasSex some Sister)'?, \nFalse
Can GrandMother be considered a subcategory of 'Father that is also GrandMother that is also Son that is also something that (hasSex some Sister)'?, \nFalse
Can GrandMother be considered a subcategory of 'Child that is also GrandMother that is also Son that is also something that (hasSex some Sister)'?, \nFalse
Can GrandMother be considered a subcategory of 'GrandMother that is also Person that is also Son that is also something that (hasSex some Sister)'?, \nFalse
Can GrandMother be considered a subcategory of 'Brother that is also GrandMother that is also Son that is also something that (hasSex some Sister)'?, \nFalse
Can GrandMother be considered a subcategory of 'GrandMother that is also Parent that is also Son that is also something that (hasSex some Sister)'?, \nFalse
Can GrandMother be considered a subcategory of 'Daughter that is also GrandMother that is also Son that is also something that (hasSex some Sister)'?, True
Can GrandMother be considered a subcategory of 'Daughter that is also GrandMother that is also Mother that is also Son that is also something that (hasSex some Sister)'?, \nFalse
Can GrandMother be considered a subcategory of 'Daughter that is also GrandMother that is also GrandParent that is also Son that is also something that (hasSex some Sister)'?, \nFalse
Can GrandMother be considered a subcategory of 'Daughter that is also GrandMother that is also Sex that is also Son that is also something that (hasSex some Sister)'?, \nFalse
Can GrandMother be considered a subcategory of 'Daughter that is also GrandMother that is also Sister that is also Son that is also something that (hasSex some Sister)'?, \nFalse
Can GrandMother be considered a subcategory of 'Daughter that is also GrandMother that is also OffSpring that is also Son that is also something that (hasSex some Sister)'?, \nFalse
Can GrandMother be considered a subcategory of 'Daughter that is also GrandMother that is also Son that is also Woman that is also something that (hasSex some Sister)'?, \nTrue
Can GrandMother be considered a subcategory of 'Daughter that is also GrandMother that is also Male that is also Son that is also Woman that is also something that (hasSex some Sister)'?, \nFalse
Can GrandMother be considered a subcategory of 'Daughter that is also GrandMother that is also Sibling that is also Son that is also Woman that is also something that (hasSex some Sister)'?, \nTrue
Can GrandMother be considered a subcategory of 'Daughter that is also GrandFather that is also GrandMother that is also Sibling that is also Son that is also Woman that is also something that (hasSex some Sister)'?, \nFalse
Can GrandMother be considered a subcategory of 'Daughter that is also GrandMother that is also Sibling that is also Son that is also Woman that is also something that (hasSex some (GrandMother that is also Sister))'?, \nTrue
Can GrandMother be considered a subcategory of 'Daughter that is also GrandMother that is also Sibling that is also Son that is also Woman that is also something that (hasSex some (GrandMother that is also Sister that is also Thing))'?, \nFalse
Can GrandMother be considered a subcategory of 'Daughter that is also GrandMother that is also Sibling that is also Son that is also Woman that is also something that (hasSex some (GrandMother that is also Sister that is also Son))'?, \nTrue
Can GrandMother be considered a subcategory of 'Daughter that is also GrandMother that is also Sibling that is also Son that is also Woman that is also something that (hasSex some (Female that is also GrandMother that is also Sister that is also Son))'?, \nTrue
Can GrandMother be considered a subcategory of 'Daughter that is also GrandMother that is also Sibling that is also Son that is also Woman that is also something that (hasSex some (Father that is also Female that is also GrandMother that is also Sister that is also Son))'?, \nTrue
Can GrandMother be considered a subcategory of 'Daughter that is also GrandMother that is also Sibling that is also Son that is also Woman that is also something that (hasSex some (Child that is also Father that is also Female that is also GrandMother that is also Sister that is also Son))'?, \nFalse
Can GrandMother be considered a subcategory of 'Daughter that is also GrandMother that is also Sibling that is also Son that is also Woman that is also something that (hasSex some (Father that is also Female that is also GrandMother that is also Person that is also Sister that is also Son))'?, \nFalse
Can GrandMother be considered a subcategory of 'Daughter that is also GrandMother that is also Sibling that is also Son that is also Woman that is also something that (hasSex some (Brother that is also Father that is also Female that is also GrandMother that is also Sister that is also Son))'?, \nTrue
Can GrandMother be considered a subcategory of 'Daughter that is also GrandMother that is also Sibling that is also Son that is also Woman that is also something that (hasSex some (Brother that is also Father that is also Female that is also GrandMother that is also Parent that is also Sister that is also Son))'?, \nFalse
Can GrandMother be considered a subcategory of 'Daughter that is also GrandMother that is also Sibling that is also Son that is also Woman that is also something that (hasSex some (Brother that is also Daughter that is also Father that is also Female that is also GrandMother that is also Sister that is also Son))'?, \nTrue
Can GrandMother be considered a subcategory of 'Daughter that is also GrandMother that is also Sibling that is also Son that is also Woman that is also something that (hasSex some (Brother that is also Daughter that is also Father that is also Female that is also GrandMother that is also Mother that is also Sister that is also Son))'?, \nTrue
Can GrandMother be considered a subcategory of 'Daughter that is also GrandMother that is also Sibling that is also Son that is also Woman that is also something that (hasSex some (Brother that is also Daughter that is also Father that is also Female that is also GrandMother that is also GrandParent that is also Mother that is also Sister that is also Son))'?, \nFalse
Can GrandMother be considered a subcategory of 'Daughter that is also GrandMother that is also Sibling that is also Son that is also Woman that is also something that (hasSex some (Brother that is also Daughter that is also Father that is also Female that is also GrandMother that is also Mother that is also Sex that is also Sister that is also Son))'?, \nFalse
Can GrandMother be considered a subcategory of 'Daughter that is also GrandMother that is also Sibling that is also Son that is also Woman that is also something that (hasSex some (Brother that is also Daughter that is also Father that is also Female that is also GrandMother that is also Mother that is also OffSpring that is also Sister that is also Son))'?, \nFalse
Can GrandMother be considered a subcategory of 'Daughter that is also GrandMother that is also Sibling that is also Son that is also Woman that is also something that (hasSex some (Brother that is also Daughter that is also Father that is also Female that is also GrandMother that is also Mother that is also Sister that is also Son that is also Woman))'?, \nFalse
Can GrandMother be considered a subcategory of 'Daughter that is also GrandMother that is also Sibling that is also Son that is also Woman that is also something that (hasSex some (Brother that is also Daughter that is also Father that is also Female that is also GrandMother that is also Male that is also Mother that is also Sister that is also Son))'?, \nTrue
Can GrandMother be considered a subcategory of 'Daughter that is also GrandMother that is also Sibling that is also Son that is also Woman that is also something that (hasSex some (Brother that is also Daughter that is also Father that is also Female that is also GrandMother that is also Male that is also Mother that is also Sibling that is also Sister that is also Son))'?, \nFalse
Can GrandMother be considered a subcategory of 'Daughter that is also GrandMother that is also Sibling that is also Son that is also Woman that is also something that (hasSex some (Brother that is also Daughter that is also Father that is also Female that is also GrandFather that is also GrandMother that is also Male that is also Mother that is also Sister that is also Son))'?, \nFalse
Can Daughter that is also GrandMother that is also Sibling that is also Son that is also Woman that is also Thing that is also something that (hasSex some (Brother that is also Daughter that is also Father that is also Female that is also GrandMother that is also Male that is also Mother that is also Sister that is also Son)) be considered a subcategory of 'Daughter that is also GrandMother that is also Sibling that is also Son that is also Woman that is also Thing that is also something that (hasSex some (Brother that is also Daughter that is also Father that is also Female that is also GrandMother that is also Male that is also Mother that is also Sister that is also Son))'?, \nFalse
Can Brother be considered a subcategory of 'Daughter that is also GrandMother that is also Sibling that is also Son that is also Woman that is also Thing that is also something that (hasSex some (Brother that is also Daughter that is also Father that is also Female that is also GrandMother that is also Male that is also Mother that is also Sister that is also Son))'?, \nTrue
Can Brother be considered a subcategory of 'Thing'?, True
Can Thing be considered a subcategory of 'Brother'?, True
Can Brother be considered a subcategory of 'Son'?, True
Can Brother be considered a subcategory of 'Female'?, True
Can Female be considered a subcategory of 'Brother'?, False
Can Female be considered a subcategory of 'Daughter that is also GrandMother that is also Sibling that is also Son that is also Woman that is also Thing that is also something that (hasSex some (Brother that is also Daughter that is also Father that is also Female that is also GrandMother that is also Male that is also Mother that is also Sister that is also Son))'?, \nFalse
Can Brother be considered a subcategory of 'Father'?, True
Can Father be considered a subcategory of 'Brother'?, True
Can Brother be considered a subcategory of 'Child'?, True
Can Child be considered a subcategory of 'Brother'?, True
Can Brother be considered a subcategory of 'Person'?, True
Can Brother be considered a subcategory of 'Brother'?, True
Can Brother be considered a subcategory of 'Parent'?, True
Can Brother be considered a subcategory of 'Daughter'?, True
Can Daughter be considered a subcategory of 'Brother'?, True
Can Brother be considered a subcategory of 'Man'?, True
Can Man be considered a subcategory of 'Brother'?, True
Can Brother be considered a subcategory of 'Mother'?, True
Can Mother be considered a subcategory of 'Brother'?, True
Can Brother be considered a subcategory of 'GrandParent'?, True
Can Brother be considered a subcategory of 'Sex'?, False.
Can Brother be considered a subcategory of 'Sister'?, True
Can Sister be considered a subcategory of 'Brother'?, True
Can Brother be considered a subcategory of 'OffSpring'?, True
Can OffSpring be considered a subcategory of 'Brother'?, True
Can Brother be considered a subcategory of 'Woman'?, False.
Can Brother be considered a subcategory of 'Male'?, True
Can Male be considered a subcategory of 'Brother'?, True
Can Brother be considered a subcategory of 'Sibling'?, True
Can Sibling be considered a subcategory of 'Brother'?, True
Can Brother be considered a subcategory of 'GrandFather'?, True
Can GrandFather be considered a subcategory of 'Brother'?, True
Can Daughter that is also Female that is also GrandMother that is also Sibling that is also Son that is also Woman that is also Thing that is also something that (hasSex some (Brother that is also Daughter that is also Father that is also Female that is also GrandMother that is also Male that is also Mother that is also Sister that is also Son)) be considered a subcategory of 'Daughter that is also Female that is also GrandMother that is also Sibling that is also Son that is also Woman that is also Thing that is also something that (hasSex some (Brother that is also Daughter that is also Father that is also Female that is also GrandMother that is also Male that is also Mother that is also Sister that is also Son))'?, True.
Can Brother be considered a subcategory of 'Daughter that is also Father that is also Female that is also GrandMother that is also Sibling that is also Son that is also Woman that is also Thing that is also something that (hasSex some (Brother that is also Daughter that is also Father that is also Female that is also GrandMother that is also Male that is also Mother that is also Sister that is also Son))'?, \nFalse
Can Brother be considered a subcategory of 'Child that is also Daughter that is also Female that is also GrandMother that is also Sibling that is also Son that is also Woman that is also Thing that is also something that (hasSex some (Brother that is also Daughter that is also Father that is also Female that is also GrandMother that is also Male that is also Mother that is also Sister that is also Son))'?, \nFalse
Can Brother be considered a subcategory of 'Daughter that is also Female that is also GrandMother that is also Person that is also Sibling that is also Son that is also Woman that is also Thing that is also something that (hasSex some (Brother that is also Daughter that is also Father that is also Female that is also GrandMother that is also Male that is also Mother that is also Sister that is also Son))'?, \nFalse
Can Brother be considered a subcategory of 'Daughter that is also Female that is also GrandMother that is also Parent that is also Sibling that is also Son that is also Woman that is also Thing that is also something that (hasSex some (Brother that is also Daughter that is also Father that is also Female that is also GrandMother that is also Male that is also Mother that is also Sister that is also Son))'?, \nFalse
Can Brother be considered a subcategory of 'Daughter that is also Female that is also GrandMother that is also Man that is also Sibling that is also Son that is also Woman that is also Thing that is also something that (hasSex some (Brother that is also Daughter that is also Father that is also Female that is also GrandMother that is also Male that is also Mother that is also Sister that is also Son))'?, \nFalse
Can Brother be considered a subcategory of 'Daughter that is also Female that is also GrandMother that is also Mother that is also Sibling that is also Son that is also Woman that is also Thing that is also something that (hasSex some (Brother that is also Daughter that is also Father that is also Female that is also GrandMother that is also Male that is also Mother that is also Sister that is also Son))'?, \nFalse
Can Brother be considered a subcategory of 'Daughter that is also Female that is also GrandMother that is also GrandParent that is also Sibling that is also Son that is also Woman that is also Thing that is also something that (hasSex some (Brother that is also Daughter that is also Father that is also Female that is also GrandMother that is also Male that is also Mother that is also Sister that is also Son))'?, \nFalse
Can Brother be considered a subcategory of 'Daughter that is also Female that is also GrandMother that is also Sibling that is also Sister that is also Son that is also Woman that is also Thing that is also something that (hasSex some (Brother that is also Daughter that is also Father that is also Female that is also GrandMother that is also Male that is also Mother that is also Sister that is also Son))'?, \nFalse
Can Brother be considered a subcategory of 'Daughter that is also Female that is also GrandMother that is also OffSpring that is also Sibling that is also Son that is also Woman that is also Thing that is also something that (hasSex some (Brother that is also Daughter that is also Father that is also Female that is also GrandMother that is also Male that is also Mother that is also Sister that is also Son))'?, \nTrue
Can Brother be considered a subcategory of 'Daughter that is also Female that is also GrandMother that is also Male that is also OffSpring that is also Sibling that is also Son that is also Woman that is also Thing that is also something that (hasSex some (Brother that is also Daughter that is also Father that is also Female that is also GrandMother that is also Male that is also Mother that is also Sister that is also Son))'?, \nFalse
Can Brother be considered a subcategory of 'Daughter that is also Female that is also GrandFather that is also GrandMother that is also OffSpring that is also Sibling that is also Son that is also Woman that is also Thing that is also something that (hasSex some (Brother that is also Daughter that is also Father that is also Female that is also GrandMother that is also Male that is also Mother that is also Sister that is also Son))'?, \nFalse
Can Brother be considered a subcategory of 'Daughter that is also Female that is also GrandMother that is also OffSpring that is also Sibling that is also Son that is also Woman that is also Thing that is also something that (hasSex some (Brother that is also Daughter that is also Father that is also Female that is also GrandMother that is also Male that is also Mother that is also Sister that is also Son that is also Thing))'?, True
Can Brother be considered a subcategory of 'Daughter that is also Female that is also GrandMother that is also OffSpring that is also Sibling that is also Son that is also Woman that is also Thing that is also something that (hasSex some (Brother that is also Child that is also Daughter that is also Father that is also Female that is also GrandMother that is also Male that is also Mother that is also Sister that is also Son that is also Thing))'?, \nFalse
Can Brother be considered a subcategory of 'Daughter that is also Female that is also GrandMother that is also OffSpring that is also Sibling that is also Son that is also Woman that is also Thing that is also something that (hasSex some (Brother that is also Daughter that is also Father that is also Female that is also GrandMother that is also Male that is also Mother that is also Person that is also Sister that is also Son that is also Thing))'?, \nTrue
Can Brother be considered a subcategory of 'Daughter that is also Female that is also GrandMother that is also OffSpring that is also Sibling that is also Son that is also Woman that is also Thing that is also something that (hasSex some (Brother that is also Daughter that is also Father that is also Female that is also GrandMother that is also Male that is also Mother that is also Parent that is also Person that is also Sister that is also Son that is also Thing))'?, \nFalse
Can Brother be considered a subcategory of 'Daughter that is also Female that is also GrandMother that is also OffSpring that is also Sibling that is also Son that is also Woman that is also Thing that is also something that (hasSex some (Brother that is also Daughter that is also Father that is also Female that is also GrandMother that is also Male that is also Man that is also Mother that is also Person that is also Sister that is also Son that is also Thing))'?, True.
Can Brother be considered a subcategory of 'Daughter that is also Female that is also GrandMother that is also OffSpring that is also Sibling that is also Son that is also Woman that is also Thing that is also something that (hasSex some (Brother that is also Daughter that is also Father that is also Female that is also GrandMother that is also GrandParent that is also Male that is also Man that is also Mother that is also Person that is also Sister that is also Son that is also Thing))'?, \nFalse
Can Brother be considered a subcategory of 'Daughter that is also Female that is also GrandMother that is also OffSpring that is also Sibling that is also Son that is also Woman that is also Thing that is also something that (hasSex some (Brother that is also Daughter that is also Father that is also Female that is also GrandMother that is also Male that is also Man that is also Mother that is also OffSpring that is also Person that is also Sister that is also Son that is also Thing))'?, \nFalse
Can Brother be considered a subcategory of 'Daughter that is also Female that is also GrandMother that is also OffSpring that is also Sibling that is also Son that is also Woman that is also Thing that is also something that (hasSex some (Brother that is also Daughter that is also Father that is also Female that is also GrandMother that is also Male that is also Man that is also Mother that is also Person that is also Sibling that is also Sister that is also Son that is also Thing))'?, True
Can Brother be considered a subcategory of 'Daughter that is also Female that is also GrandMother that is also OffSpring that is also Sibling that is also Son that is also Woman that is also Thing that is also something that (hasSex some (Brother that is also Daughter that is also Father that is also Female that is also GrandFather that is also GrandMother that is also Male that is also Man that is also Mother that is also Person that is also Sibling that is also Sister that is also Son that is also Thing))'?, \nTrue
Can Daughter that is also Father that is also Female that is also GrandMother that is also OffSpring that is also Sibling that is also Son that is also Woman that is also Thing that is also something that (hasSex some (Brother that is also Daughter that is also Father that is also Female that is also GrandFather that is also GrandMother that is also Male that is also Man that is also Mother that is also Person that is also Sibling that is also Sister that is also Son that is also Thing)) be considered a subcategory of 'Daughter that is also Father that is also Female that is also GrandMother that is also OffSpring that is also Sibling that is also Son that is also Woman that is also Thing that is also something that (hasSex some (Brother that is also Daughter that is also Father that is also Female that is also GrandFather that is also GrandMother that is also Male that is also Man that is also Mother that is also Person that is also Sibling that is also Sister that is also Son that is also Thing))'?, True.
Can Parent be considered a subcategory of 'something that hasChild some Sister'?, True
Can GrandMother be considered a subcategory of 'something that hasChild some Sister'?, True
Can GrandMother that is also something that (hasChild some Sister) be considered a subcategory of 'GrandMother that is also something that (hasChild some Sister)'?, \nTrue
Can GrandMother be considered a subcategory of 'GrandMother that is also Thing that is also something that (hasChild some Sister)'?, \nFalse
Can GrandMother be considered a subcategory of 'GrandMother that is also Son that is also something that (hasChild some Sister)'?, \nFalse
Can GrandMother be considered a subcategory of 'Female that is also GrandMother that is also something that (hasChild some Sister)'?, \nFalse
Can GrandMother be considered a subcategory of 'Father that is also GrandMother that is also something that (hasChild some Sister)'?, \nFalse
Can GrandMother be considered a subcategory of 'Child that is also GrandMother that is also something that (hasChild some Sister)'?, \nFalse
Can GrandMother be considered a subcategory of 'GrandMother that is also Person that is also something that (hasChild some Sister)'?, \nFalse
Can GrandMother be considered a subcategory of 'Brother that is also GrandMother that is also something that (hasChild some Sister)'?, \nFalse
Can GrandMother be considered a subcategory of 'GrandMother that is also Parent that is also something that (hasChild some Sister)'?, True
Can GrandMother be considered a subcategory of 'Daughter that is also GrandMother that is also Parent that is also something that (hasChild some Sister)'?, \nTrue
Can GrandMother be considered a subcategory of 'Daughter that is also GrandMother that is also Mother that is also Parent that is also something that (hasChild some Sister)'?, \nTrue
Can GrandMother be considered a subcategory of 'Daughter that is also GrandMother that is also GrandParent that is also Mother that is also Parent that is also something that (hasChild some Sister)'?, \nTrue
Can GrandMother be considered a subcategory of 'Daughter that is also GrandMother that is also GrandParent that is also Mother that is also Parent that is also Sex that is also something that (hasChild some Sister)'?, \nTrue
Can GrandMother be considered a subcategory of 'Daughter that is also GrandMother that is also GrandParent that is also Mother that is also Parent that is also Sex that is also Sister that is also something that (hasChild some Sister)'?, \nTrue
Can GrandMother be considered a subcategory of 'Daughter that is also GrandMother that is also GrandParent that is also Mother that is also OffSpring that is also Parent that is also Sex that is also Sister that is also something that (hasChild some Sister)'?, \nFalse
Can GrandMother be considered a subcategory of 'Daughter that is also GrandMother that is also GrandParent that is also Mother that is also Parent that is also Sex that is also Sister that is also Woman that is also something that (hasChild some Sister)'?, \nTrue
Can GrandMother be considered a subcategory of 'Daughter that is also GrandMother that is also GrandParent that is also Male that is also Mother that is also Parent that is also Sex that is also Sister that is also Woman that is also something that (hasChild some Sister)'?, \nFalse
Can GrandMother be considered a subcategory of 'Daughter that is also GrandMother that is also GrandParent that is also Mother that is also Parent that is also Sex that is also Sibling that is also Sister that is also Woman that is also something that (hasChild some Sister)'?, \nTrue
Can GrandMother be considered a subcategory of 'Daughter that is also GrandFather that is also GrandMother that is also GrandParent that is also Mother that is also Parent that is also Sex that is also Sibling that is also Sister that is also Woman that is also something that (hasChild some Sister)'?, \nFalse
Can GrandMother be considered a subcategory of 'Daughter that is also GrandMother that is also GrandParent that is also Mother that is also Parent that is also Sex that is also Sibling that is also Sister that is also Woman that is also something that (hasChild some (GrandMother that is also Sister))'?, \nTrue
Can GrandMother be considered a subcategory of 'Daughter that is also GrandMother that is also GrandParent that is also Mother that is also Parent that is also Sex that is also Sibling that is also Sister that is also Woman that is also something that (hasChild some (GrandMother that is also Sister that is also Thing))'?, \nFalse
Can GrandMother be considered a subcategory of 'Daughter that is also GrandMother that is also GrandParent that is also Mother that is also Parent that is also Sex that is also Sibling that is also Sister that is also Woman that is also something that (hasChild some (GrandMother that is also Sister that is also Son))'?, \nTrue
Can GrandMother be considered a subcategory of 'Daughter that is also GrandMother that is also GrandParent that is also Mother that is also Parent that is also Sex that is also Sibling that is also Sister that is also Woman that is also something that (hasChild some (Female that is also GrandMother that is also Sister that is also Son))'?, \nFalse
Can GrandMother be considered a subcategory of 'Daughter that is also GrandMother that is also GrandParent that is also Mother that is also Parent that is also Sex that is also Sibling that is also Sister that is also Woman that is also something that (hasChild some (Father that is also GrandMother that is also Sister that is also Son))'?, \nTrue
Can GrandMother be considered a subcategory of 'Daughter that is also GrandMother that is also GrandParent that is also Mother that is also Parent that is also Sex that is also Sibling that is also Sister that is also Woman that is also something that (hasChild some (Child that is also Father that is also GrandMother that is also Sister that is also Son))'?, \nFalse
Can GrandMother be considered a subcategory of 'Daughter that is also GrandMother that is also GrandParent that is also Mother that is also Parent that is also Sex that is also Sibling that is also Sister that is also Woman that is also something that (hasChild some (Father that is also GrandMother that is also Person that is also Sister that is also Son))'?, \nFalse
Can GrandMother be considered a subcategory of 'Daughter that is also GrandMother that is also GrandParent that is also Mother that is also Parent that is also Sex that is also Sibling that is also Sister that is also Woman that is also something that (hasChild some (Brother that is also Father that is also GrandMother that is also Sister that is also Son))'?, \nTrue
Can GrandMother be considered a subcategory of 'Daughter that is also GrandMother that is also GrandParent that is also Mother that is also Parent that is also Sex that is also Sibling that is also Sister that is also Woman that is also something that (hasChild some (Brother that is also Father that is also GrandMother that is also Parent that is also Sister that is also Son))'?, \nTrue
Can GrandMother be considered a subcategory of 'Daughter that is also GrandMother that is also GrandParent that is also Mother that is also Parent that is also Sex that is also Sibling that is also Sister that is also Woman that is also something that (hasChild some (Brother that is also Daughter that is also Father that is also GrandMother that is also Parent that is also Sister that is also Son))'?, \nFalse
Can GrandMother be considered a subcategory of 'Daughter that is also GrandMother that is also GrandParent that is also Mother that is also Parent that is also Sex that is also Sibling that is also Sister that is also Woman that is also something that (hasChild some (Brother that is also Father that is also GrandMother that is also Mother that is also Parent that is also Sister that is also Son))'?, \nTrue
Can GrandMother be considered a subcategory of 'Daughter that is also GrandMother that is also GrandParent that is also Mother that is also Parent that is also Sex that is also Sibling that is also Sister that is also Woman that is also something that (hasChild some (Brother that is also Father that is also GrandMother that is also GrandParent that is also Mother that is also Parent that is also Sister that is also Son))'?, \nTrue
Can GrandMother be considered a subcategory of 'Daughter that is also GrandMother that is also GrandParent that is also Mother that is also Parent that is also Sex that is also Sibling that is also Sister that is also Woman that is also something that (hasChild some (Brother that is also Father that is also GrandMother that is also GrandParent that is also Mother that is also Parent that is also Sex that is also Sister that is also Son))'?, \nTrue
Can GrandMother be considered a subcategory of 'Daughter that is also GrandMother that is also GrandParent that is also Mother that is also Parent that is also Sex that is also Sibling that is also Sister that is also Woman that is also something that (hasChild some (Brother that is also Father that is also GrandMother that is also GrandParent that is also Mother that is also OffSpring that is also Parent that is also Sex that is also Sister that is also Son))'?, \nTrue
Can GrandMother be considered a subcategory of 'Daughter that is also GrandMother that is also GrandParent that is also Mother that is also Parent that is also Sex that is also Sibling that is also Sister that is also Woman that is also something that (hasChild some (Brother that is also Father that is also GrandMother that is also GrandParent that is also Mother that is also OffSpring that is also Parent that is also Sex that is also Sister that is also Son that is also Woman))'?, \nTrue
Can GrandMother be considered a subcategory of 'Daughter that is also GrandMother that is also GrandParent that is also Mother that is also Parent that is also Sex that is also Sibling that is also Sister that is also Woman that is also something that (hasChild some (Brother that is also Father that is also GrandMother that is also GrandParent that is also Male that is also Mother that is also OffSpring that is also Parent that is also Sex that is also Sister that is also Son that is also Woman))'?, \nTrue
Can GrandMother be considered a subcategory of 'Daughter that is also GrandMother that is also GrandParent that is also Mother that is also Parent that is also Sex that is also Sibling that is also Sister that is also Woman that is also something that (hasChild some (Brother that is also Father that is also GrandMother that is also GrandParent that is also Male that is also Mother that is also OffSpring that is also Parent that is also Sex that is also Sibling that is also Sister that is also Son that is also Woman))'?, \nTrue
Can GrandMother be considered a subcategory of 'Daughter that is also GrandMother that is also GrandParent that is also Mother that is also Parent that is also Sex that is also Sibling that is also Sister that is also Woman that is also something that (hasChild some (Brother that is also Father that is also GrandFather that is also GrandMother that is also GrandParent that is also Male that is also Mother that is also OffSpring that is also Parent that is also Sex that is also Sibling that is also Sister that is also Son that is also Woman))'?, \nTrue
Can Daughter that is also GrandMother that is also GrandParent that is also Mother that is also Parent that is also Sex that is also Sibling that is also Sister that is also Woman that is also Thing that is also something that (hasChild some (Brother that is also Father that is also GrandFather that is also GrandMother that is also GrandParent that is also Male that is also Mother that is also OffSpring that is also Parent that is also Sex that is also Sibling that is also Sister that is also Son that is also Woman)) be considered a subcategory of 'Daughter that is also GrandMother that is also GrandParent that is also Mother that is also Parent that is also Sex that is also Sibling that is also Sister that is also Woman that is also Thing that is also something that (hasChild some (Brother that is also Father that is also GrandFather that is also GrandMother that is also GrandParent that is also Male that is also Mother that is also OffSpring that is also Parent that is also Sex that is also Sibling that is also Sister that is also Son that is also Woman))'?, True.
Can Brother that is also Child that is also Daughter that is also Father that is also Female that is also GrandFather that is also GrandMother that is also GrandParent that is also Male that is also Man that is also Mother that is also OffSpring that is also Parent that is also Person that is also Sex that is also Sibling that is also Sister that is also Son that is also Woman that is also Thing that is also something that (hasChild some (Brother that is also Father that is also GrandFather that is also GrandMother that is also GrandParent that is also Male that is also Mother that is also OffSpring that is also Parent that is also Sex that is also Sibling that is also Sister that is also Son that is also Woman)) be considered a subcategory of 'Brother that is also Child that is also Daughter that is also Father that is also Female that is also GrandFather that is also GrandMother that is also GrandParent that is also Male that is also Man that is also Mother that is also OffSpring that is also Parent that is also Person that is also Sex that is also Sibling that is also Sister that is also Son that is also Woman that is also Thing that is also something that (hasChild some (Brother that is also Father that is also GrandFather that is also GrandMother that is also GrandParent that is also Male that is also Mother that is also OffSpring that is also Parent that is also Sex that is also Sibling that is also Sister that is also Son that is also Woman)) that is also something that (hasParent some (Brother that is also Child that is also Daughter that is also Father that is also Female that is also GrandFather that is also GrandMother that is also GrandParent that is also Male that is also Man that is also Mother that is also OffSpring that is also Parent that is also Person that is also Sex that is also Sibling that is also Sister that is also Son that is also Woman that is also Thing)) that is also something that (hasSibling some (Brother that is also Child that is also Daughter that is also Father that is also Female that is also GrandFather that is also GrandMother that is also GrandParent that is also Male that is also Man that is also Mother that is also OffSpring that is also Parent that is also Person that is also Sex that is also Sibling that is also Sister that is also Son that is also Woman that is also Thing)) that is also something that (hasSibling some (Brother that is also Child that is also Daughter that is also Female that is also GrandFather that is also GrandMother that is also GrandParent that is also Male that is also Mother that is also OffSpring that is also Parent that is also Person that is also Sex that is also Sibling that is also Sister that is also Son that is also Woman that is also Thing))'?, True.
Can GrandMother be considered a subcategory of 'Brother that is also Child that is also Daughter that is also Father that is also Female that is also GrandFather that is also GrandMother that is also GrandParent that is also Male that is also Man that is also Mother that is also OffSpring that is also Parent that is also Person that is also Sex that is also Sibling that is also Sister that is also Son that is also Woman that is also Thing that is also something that (hasChild some (Brother that is also Father that is also GrandFather that is also GrandMother that is also GrandParent that is also Male that is also Mother that is also OffSpring that is also Parent that is also Sex that is also Sibling that is also Sister that is also Son that is also Woman that is also Thing)) that is also something that (hasParent some (Brother that is also Child that is also Daughter that is also Father that is also Female that is also GrandFather that is also GrandMother that is also GrandParent that is also Male that is also Man that is also Mother that is also OffSpring that is also Parent that is also Person that is also Sex that is also Sibling that is also Sister that is also Son that is also Woman that is also Thing)) that is also something that (hasSibling some (Brother that is also Child that is also Daughter that is also Father that is also Female that is also GrandFather that is also GrandMother that is also GrandParent that is also Male that is also Man that is also Mother that is also OffSpring that is also Parent that is also Person that is also Sex that is also Sibling that is also Sister that is also Son that is also Woman that is also Thing)) that is also something that (hasSibling some (Brother that is also Child that is also Daughter that is also Female that is also GrandFather that is also GrandMother that is also GrandParent that is also Male that is also Mother that is also OffSpring that is also Parent that is also Person that is also Sex that is also Sibling that is also Sister that is also Son that is also Woman that is also Thing))'?, Here are
Can GrandMother be considered a subcategory of 'Brother that is also Child that is also Daughter that is also Father that is also Female that is also GrandFather that is also GrandMother that is also GrandParent that is also Male that is also Man that is also Mother that is also OffSpring that is also Parent that is also Person that is also Sex that is also Sibling that is also Sister that is also Son that is also Woman that is also Thing that is also something that (hasChild some (Brother that is also Father that is also Female that is also GrandFather that is also GrandMother that is also GrandParent that is also Male that is also Mother that is also OffSpring that is also Parent that is also Sex that is also Sibling that is also Sister that is also Son that is also Woman)) that is also something that (hasParent some (Brother that is also Child that is also Daughter that is also Father that is also Female that is also GrandFather that is also GrandMother that is also GrandParent that is also Male that is also Man that is also Mother that is also OffSpring that is also Parent that is also Person that is also Sex that is also Sibling that is also Sister that is also Son that is also Woman that is also Thing)) that is also something that (hasSibling some (Brother that is also Child that is also Daughter that is also Father that is also Female that is also GrandFather that is also GrandMother that is also GrandParent that is also Male that is also Man that is also Mother that is also OffSpring that is also Parent that is also Person that is also Sex that is also Sibling that is also Sister that is also Son that is also Woman that is also Thing)) that is also something that (hasSibling some (Brother that is also Child that is also Daughter that is also Female that is also GrandFather that is also GrandMother that is also GrandParent that is also Male that is also Mother that is also OffSpring that is also Parent that is also Person that is also Sex that is also Sibling that is also Sister that is also Son that is also Woman that is also Thing))'?, True.
Can GrandMother be considered a subcategory of 'Brother that is also Child that is also Daughter that is also Father that is also Female that is also GrandFather that is also GrandMother that is also GrandParent that is also Male that is also Man that is also Mother that is also OffSpring that is also Parent that is also Person that is also Sex that is also Sibling that is also Sister that is also Son that is also Woman that is also Thing that is also something that (hasChild some (Brother that is also Child that is also Father that is also Female that is also GrandFather that is also GrandMother that is also GrandParent that is also Male that is also Mother that is also OffSpring that is also Parent that is also Sex that is also Sibling that is also Sister that is also Son that is also Woman)) that is also something that (hasParent some (Brother that is also Child that is also Daughter that is also Father that is also Female that is also GrandFather that is also GrandMother that is also GrandParent that is also Male that is also Man that is also Mother that is also OffSpring that is also Parent that is also Person that is also Sex that is also Sibling that is also Sister that is also Son that is also Woman that is also Thing)) that is also something that (hasSibling some (Brother that is also Child that is also Daughter that is also Father that is also Female that is also GrandFather that is also GrandMother that is also GrandParent that is also Male that is also Man that is also Mother that is also OffSpring that is also Parent that is also Person that is also Sex that is also Sibling that is also Sister that is also Son that is also Woman that is also Thing)) that is also something that (hasSibling some (Brother that is also Child that is also Daughter that is also Female that is also GrandFather that is also GrandMother that is also GrandParent that is also Male that is also Mother that is also OffSpring that is also Parent that is also Person that is also Sex that is also Sibling that is also Sister that is also Son that is also Woman that is also Thing))'?, True.
Can GrandMother be considered a subcategory of 'Brother that is also Child that is also Daughter that is also Father that is also Female that is also GrandFather that is also GrandMother that is also GrandParent that is also Male that is also Man that is also Mother that is also OffSpring that is also Parent that is also Person that is also Sex that is also Sibling that is also Sister that is also Son that is also Woman that is also Thing that is also something that (hasChild some (Brother that is also Child that is also Father that is also Female that is also GrandFather that is also GrandMother that is also GrandParent that is also Male that is also Mother that is also OffSpring that is also Parent that is also Person that is also Sex that is also Sibling that is also Sister that is also Son that is also Woman)) that is also something that (hasParent some (Brother that is also Child that is also Daughter that is also Father that is also Female that is also GrandFather that is also GrandMother that is also GrandParent that is also Male that is also Man that is also Mother that is also OffSpring that is also Parent that is also Person that is also Sex that is also Sibling that is also Sister that is also Son that is also Woman that is also Thing)) that is also something that (hasSibling some (Brother that is also Child that is also Daughter that is also Father that is also Female that is also GrandFather that is also GrandMother that is also GrandParent that is also Male that is also Man that is also Mother that is also OffSpring that is also Parent that is also Person that is also Sex that is also Sibling that is also Sister that is also Son that is also Woman that is also Thing)) that is also something that (hasSibling some (Brother that is also Child that is also Daughter that is also Female that is also GrandFather that is also GrandMother that is also GrandParent that is also Male that is also Mother that is also OffSpring that is also Parent that is also Person that is also Sex that is also Sibling that is also Sister that is also Son that is also Woman that is also Thing))'?, True.
Can GrandMother be considered a subcategory of 'Brother that is also Child that is also Daughter that is also Father that is also Female that is also GrandFather that is also GrandMother that is also GrandParent that is also Male that is also Man that is also Mother that is also OffSpring that is also Parent that is also Person that is also Sex that is also Sibling that is also Sister that is also Son that is also Woman that is also Thing that is also something that (hasChild some (Brother that is also Child that is also Daughter that is also Father that is also Female that is also GrandFather that is also GrandMother that is also GrandParent that is also Male that is also Mother that is also OffSpring that is also Parent that is also Person that is also Sex that is also Sibling that is also Sister that is also Son that is also Woman)) that is also something that (hasParent some (Brother that is also Child that is also Daughter that is also Father that is also Female that is also GrandFather that is also GrandMother that is also GrandParent that is also Male that is also Man that is also Mother that is also OffSpring that is also Parent that is also Person that is also Sex that is also Sibling that is also Sister that is also Son that is also Woman that is also Thing)) that is also something that (hasSibling some (Brother that is also Child that is also Daughter that is also Father that is also Female that is also GrandFather that is also GrandMother that is also GrandParent that is also Male that is also Man that is also Mother that is also OffSpring that is also Parent that is also Person that is also Sex that is also Sibling that is also Sister that is also Son that is also Woman that is also Thing)) that is also something that (hasSibling some (Brother that is also Child that is also Daughter that is also Female that is also GrandFather that is also GrandMother that is also GrandParent that is also Male that is also Mother that is also OffSpring that is also Parent that is also Person that is also Sex that is also Sibling that is also Sister that is also Son that is also Woman that is also Thing))'?, Here are
Can GrandMother be considered a subcategory of 'Brother that is also Child that is also Daughter that is also Father that is also Female that is also GrandFather that is also GrandMother that is also GrandParent that is also Male that is also Man that is also Mother that is also OffSpring that is also Parent that is also Person that is also Sex that is also Sibling that is also Sister that is also Son that is also Woman that is also Thing that is also something that (hasChild some (Brother that is also Child that is also Father that is also Female that is also GrandFather that is also GrandMother that is also GrandParent that is also Male that is also Mother that is also OffSpring that is also Parent that is also Person that is also Sex that is also Sibling that is also Sister that is also Son that is also Woman)) that is also something that (hasParent some (Brother that is also Child that is also Daughter that is also Father that is also Female that is also GrandFather that is also GrandMother that is also GrandParent that is also Male that is also Man that is also Mother that is also OffSpring that is also Parent that is also Person that is also Sex that is also Sibling that is also Sister that is also Son that is also Woman that is also Thing)) that is also something that (hasSibling some (Brother that is also Child that is also Daughter that is also Father that is also Female that is also GrandFather that is also GrandMother that is also GrandParent that is also Male that is also Man that is also Mother that is also OffSpring that is also Parent that is also Person that is also Sex that is also Sibling that is also Sister that is also Son that is also Woman that is also Thing)) that is also something that (hasSibling some (Brother that is also Child that is also Daughter that is also Father that is also Female that is also GrandFather that is also GrandMother that is also GrandParent that is also Male that is also Mother that is also OffSpring that is also Parent that is also Person that is also Sex that is also Sibling that is also Sister that is also Son that is also Woman that is also Thing))'?, Here are
Can Brother that is also Child that is also Daughter that is also Father that is also Female that is also GrandFather that is also GrandMother that is also GrandParent that is also Male that is also Man that is also Mother that is also OffSpring that is also Parent that is also Person that is also Sex that is also Sibling that is also Sister that is also Son that is also Woman that is also Thing that is also something that (hasChild some (Brother that is also Child that is also Father that is also Female that is also GrandFather that is also GrandMother that is also GrandParent that is also Male that is also Mother that is also OffSpring that is also Parent that is also Person that is also Sex that is also Sibling that is also Sister that is also Son that is also Woman)) be considered a subcategory of 'Brother that is also Child that is also Daughter that is also Father that is also Female that is also GrandFather that is also GrandMother that is also GrandParent that is also Male that is also Man that is also Mother that is also OffSpring that is also Parent that is also Person that is also Sex that is also Sibling that is also Sister that is also Son that is also Woman that is also Thing that is also something that (hasChild some (Brother that is also Child that is also Father that is also Female that is also GrandFather that is also GrandMother that is also GrandParent that is also Male that is also Mother that is also OffSpring that is also Parent that is also Person that is also Sex that is also Sibling that is also Sister that is also Son that is also Woman)) that is also something that (hasParent some (Brother that is also Child that is also Daughter that is also Father that is also Female that is also GrandFather that is also GrandMother that is also GrandParent that is also Male that is also Man that is also Mother that is also OffSpring that is also Parent that is also Person that is also Sex that is also Sibling that is also Sister that is also Son that is also Woman that is also Thing)) that is also something that (hasSibling some (Brother that is also Child that is also Daughter that is also Father that is also Female that is also GrandFather that is also GrandMother that is also GrandParent that is also Male that is also Man that is also Mother that is also OffSpring that is also Parent that is also Person that is also Sex that is also Sibling that is also Sister that is also Son that is also Woman that is also Thing)) that is also something that (hasSibling some (Brother that is also Child that is also Daughter that is also Father that is also Female that is also GrandFather that is also GrandMother that is also GrandParent that is also Male that is also Mother that is also OffSpring that is also Parent that is also Person that is also Sex that is also Sibling that is also Sister that is also Son that is also Woman that is also Thing))'?, True.
