Neuron and StructuralCell SubClassOf Erythrocyte, \nFalse
ElectricallyActiveCell and StructuralCell SubClassOf Erythrocyte, \nTrue
ElectricallyActiveCell and StructuralCell SubClassOf SclerenchymaCell, \nTrue
ElectricallyActiveCell SubClassOf SclerenchymaCell, True
ElectricallyActiveCell SubClassOf LeafCell, True
ElectricallyActiveCell SubClassOf LeafCell and SclerenchymaCell, \nTrue
ElectricallyActiveCell SubClassOf Erythrocyte, True
ElectricallyActiveCell SubClassOf Erythrocyte and LeafCell and SclerenchymaCell, True
ElectricallyActiveCell SubClassOf PhotosyntheticCell, \nTrue
ElectricallyActiveCell SubClassOf Erythrocyte and LeafCell and PhotosyntheticCell and SclerenchymaCell, \nTrue
ElectricallyActiveCell SubClassOf CirculatingCell, True
ElectricallyActiveCell SubClassOf CirculatingCell and Erythrocyte and LeafCell and PhotosyntheticCell and SclerenchymaCell, \nTrue
ElectricallyActiveCell SubClassOf PlantCell, True
ElectricallyActiveCell SubClassOf CirculatingCell and Erythrocyte and LeafCell and PhotosyntheticCell and PlantCell and SclerenchymaCell, \nTrue
ElectricallyActiveCell SubClassOf CellByClass, \nTrue
ElectricallyActiveCell SubClassOf CellByClass and CirculatingCell and Erythrocyte and LeafCell and PhotosyntheticCell and PlantCell and SclerenchymaCell, \nTrue
ElectricallyActiveCell SubClassOf MatureCell, True
ElectricallyActiveCell SubClassOf CellByClass and CirculatingCell and Erythrocyte and LeafCell and MatureCell and PhotosyntheticCell and PlantCell and SclerenchymaCell, \nTrue
ElectricallyActiveCell SubClassOf AnimalCell, True
ElectricallyActiveCell SubClassOf AnimalCell and CellByClass and CirculatingCell and Erythrocyte and LeafCell and MatureCell and PhotosyntheticCell and PlantCell and SclerenchymaCell, \nTrue
ElectricallyActiveCell SubClassOf Cell, True
ElectricallyActiveCell SubClassOf AnimalCell and Cell and CellByClass and CirculatingCell and Erythrocyte and LeafCell and MatureCell and PhotosyntheticCell and PlantCell and SclerenchymaCell, \nTrue
ElectricallyActiveCell SubClassOf Miocyte, True
ElectricallyActiveCell SubClassOf AnimalCell and Cell and CellByClass and CirculatingCell and Erythrocyte and LeafCell and MatureCell and Miocyte and PhotosyntheticCell and PlantCell and SclerenchymaCell, \nTrue
ElectricallyActiveCell SubClassOf InMatureCell, True
ElectricallyActiveCell SubClassOf AnimalCell and Cell and CellByClass and CirculatingCell and Erythrocyte and InMatureCell and LeafCell and MatureCell and Miocyte and PhotosyntheticCell and PlantCell and SclerenchymaCell, \nTrue
ElectricallyActiveCell SubClassOf Osteocyte, True
ElectricallyActiveCell SubClassOf AnimalCell and Cell and CellByClass and CirculatingCell and Erythrocyte and InMatureCell and LeafCell and MatureCell and Miocyte and Osteocyte and PhotosyntheticCell and PlantCell and SclerenchymaCell, \nTrue
ElectricallyActiveCell SubClassOf ChondroBlast, True
ElectricallyActiveCell SubClassOf AnimalCell and Cell and CellByClass and ChondroBlast and CirculatingCell and Erythrocyte and InMatureCell and LeafCell and MatureCell and Miocyte and Osteocyte and PhotosyntheticCell and PlantCell and SclerenchymaCell, \nHere
ElectricallyActiveCell SubClassOf MioBlast, \nTrue
ElectricallyActiveCell SubClassOf AnimalCell and Cell and CellByClass and CirculatingCell and Erythrocyte and InMatureCell and LeafCell and MatureCell and MioBlast and Miocyte and Osteocyte and PhotosyntheticCell and PlantCell and SclerenchymaCell, \nTrue
ElectricallyActiveCell SubClassOf CellByDevelopmentStage, True
ElectricallyActiveCell SubClassOf AnimalCell and Cell and CellByClass and CellByDevelopmentStage and CirculatingCell and Erythrocyte and InMatureCell and LeafCell and MatureCell and MioBlast and Miocyte and Osteocyte and PhotosyntheticCell and PlantCell and SclerenchymaCell, \nTrue
ElectricallyActiveCell SubClassOf PhotoreceptorCell, True
ElectricallyActiveCell SubClassOf AnimalCell and Cell and CellByClass and CellByDevelopmentStage and CirculatingCell and Erythrocyte and InMatureCell and LeafCell and MatureCell and MioBlast and Miocyte and Osteocyte and PhotoreceptorCell and PhotosyntheticCell and PlantCell and SclerenchymaCell, \nTrue
ElectricallyActiveCell SubClassOf CellByOrganism, True
ElectricallyActiveCell SubClassOf AnimalCell and Cell and CellByClass and CellByDevelopmentStage and CellByOrganism and CirculatingCell and Erythrocyte and InMatureCell and LeafCell and MatureCell and MioBlast and Miocyte and Osteocyte and PhotoreceptorCell and PhotosyntheticCell and PlantCell and SclerenchymaCell, \nTrue
ElectricallyActiveCell SubClassOf StructuralCell, True
ElectricallyActiveCell SubClassOf AnimalCell and Cell and CellByClass and CellByDevelopmentStage and CellByOrganism and CirculatingCell and Erythrocyte and InMatureCell and LeafCell and MatureCell and MioBlast and Miocyte and Osteocyte and PhotoreceptorCell and PhotosyntheticCell and PlantCell and SclerenchymaCell and StructuralCell, \nTrue
ElectricallyActiveCell SubClassOf Neuron, True
ElectricallyActiveCell SubClassOf AnimalCell and Cell and CellByClass and CellByDevelopmentStage and CellByOrganism and CirculatingCell and Erythrocyte and InMatureCell and LeafCell and MatureCell and MioBlast and Miocyte and Neuron and Osteocyte and PhotoreceptorCell and PhotosyntheticCell and PlantCell and SclerenchymaCell and StructuralCell, \nTrue
ElectricallyActiveCell SubClassOf ChondroCyte, True
ElectricallyActiveCell SubClassOf AnimalCell and Cell and CellByClass and CellByDevelopmentStage and CellByOrganism and ChondroCyte and CirculatingCell and Erythrocyte and InMatureCell and LeafCell and MatureCell and MioBlast and Miocyte and Neuron and Osteocyte and PhotoreceptorCell and PhotosyntheticCell and PlantCell and SclerenchymaCell and StructuralCell, \nTrue
ElectricallyActiveCell SubClassOf AnimalCell and Cell and CellByClass and CellByDevelopmentStage and CellByOrganism and ChondroBlast and ChondroCyte and CirculatingCell and Erythrocyte and InMatureCell and LeafCell and MatureCell and MioBlast and Miocyte and Neuron and Osteocyte and PhotoreceptorCell and PhotosyntheticCell and PlantCell and SclerenchymaCell and StructuralCell, \nTrue
CellByDevelopmentStage and InMatureCell SubClassOf Osteocyte, \nTrue
CellByDevelopmentStage and InMatureCell SubClassOf SclerenchymaCell, \nTrue
InMatureCell SubClassOf SclerenchymaCell, True
InMatureCell SubClassOf LeafCell, True
InMatureCell SubClassOf LeafCell and SclerenchymaCell, True
InMatureCell SubClassOf Erythrocyte, True
InMatureCell SubClassOf Erythrocyte and LeafCell and SclerenchymaCell, \nTrue
InMatureCell SubClassOf PhotosyntheticCell, True
InMatureCell SubClassOf Erythrocyte and LeafCell and PhotosyntheticCell and SclerenchymaCell, \nTrue
InMatureCell SubClassOf CirculatingCell, True
InMatureCell SubClassOf CirculatingCell and Erythrocyte and LeafCell and PhotosyntheticCell and SclerenchymaCell, \nTrue
InMatureCell SubClassOf PlantCell, True
InMatureCell SubClassOf CirculatingCell and Erythrocyte and LeafCell and PhotosyntheticCell and PlantCell and SclerenchymaCell, \nTrue
InMatureCell SubClassOf CellByClass, True
InMatureCell SubClassOf CellByClass and CirculatingCell and Erythrocyte and LeafCell and PhotosyntheticCell and PlantCell and SclerenchymaCell, \nTrue
InMatureCell SubClassOf MatureCell, True
InMatureCell SubClassOf CellByClass and CirculatingCell and Erythrocyte and LeafCell and MatureCell and PhotosyntheticCell and PlantCell and SclerenchymaCell, \nTrue
InMatureCell SubClassOf AnimalCell, True
InMatureCell SubClassOf AnimalCell and CellByClass and CirculatingCell and Erythrocyte and LeafCell and MatureCell and PhotosyntheticCell and PlantCell and SclerenchymaCell, \nTrue
InMatureCell SubClassOf Cell, True
InMatureCell SubClassOf AnimalCell and Cell and CellByClass and CirculatingCell and Erythrocyte and LeafCell and MatureCell and PhotosyntheticCell and PlantCell and SclerenchymaCell, \nTrue
InMatureCell SubClassOf Miocyte, True
InMatureCell SubClassOf AnimalCell and Cell and CellByClass and CirculatingCell and Erythrocyte and LeafCell and MatureCell and Miocyte and PhotosyntheticCell and PlantCell and SclerenchymaCell, \nTrue
InMatureCell SubClassOf Osteocyte, True
InMatureCell SubClassOf AnimalCell and Cell and CellByClass and CirculatingCell and Erythrocyte and LeafCell and MatureCell and Miocyte and Osteocyte and PhotosyntheticCell and PlantCell and SclerenchymaCell, \nTrue
InMatureCell SubClassOf ChondroBlast, True
InMatureCell SubClassOf AnimalCell and Cell and CellByClass and ChondroBlast and CirculatingCell and Erythrocyte and LeafCell and MatureCell and Miocyte and Osteocyte and PhotosyntheticCell and PlantCell and SclerenchymaCell, \nTrue
InMatureCell SubClassOf MioBlast, \nTrue
InMatureCell SubClassOf AnimalCell and Cell and CellByClass and ChondroBlast and CirculatingCell and Erythrocyte and LeafCell and MatureCell and MioBlast and Miocyte and Osteocyte and PhotosyntheticCell and PlantCell and SclerenchymaCell, \nTrue
InMatureCell SubClassOf CellByDevelopmentStage, True
InMatureCell SubClassOf AnimalCell and Cell and CellByClass and CellByDevelopmentStage and ChondroBlast and CirculatingCell and Erythrocyte and LeafCell and MatureCell and MioBlast and Miocyte and Osteocyte and PhotosyntheticCell and PlantCell and SclerenchymaCell, \nTrue
InMatureCell SubClassOf PhotoreceptorCell, True
InMatureCell SubClassOf AnimalCell and Cell and CellByClass and CellByDevelopmentStage and ChondroBlast and CirculatingCell and Erythrocyte and LeafCell and MatureCell and MioBlast and Miocyte and Osteocyte and PhotoreceptorCell and PhotosyntheticCell and PlantCell and SclerenchymaCell, \nTrue
InMatureCell SubClassOf CellByOrganism, True
InMatureCell SubClassOf AnimalCell and Cell and CellByClass and CellByDevelopmentStage and CellByOrganism and ChondroBlast and CirculatingCell and Erythrocyte and LeafCell and MatureCell and MioBlast and Miocyte and Osteocyte and PhotoreceptorCell and PhotosyntheticCell and PlantCell and SclerenchymaCell, \nTrue
InMatureCell SubClassOf ElectricallyActiveCell, True
InMatureCell SubClassOf AnimalCell and Cell and CellByClass and CellByDevelopmentStage and CellByOrganism and ChondroBlast and CirculatingCell and ElectricallyActiveCell and Erythrocyte and LeafCell and MatureCell and MioBlast and Miocyte and Osteocyte and PhotoreceptorCell and PhotosyntheticCell and PlantCell and SclerenchymaCell, \nTrue
InMatureCell SubClassOf StructuralCell, True
InMatureCell SubClassOf AnimalCell and Cell and CellByClass and CellByDevelopmentStage and CellByOrganism and ChondroBlast and CirculatingCell and ElectricallyActiveCell and Erythrocyte and LeafCell and MatureCell and MioBlast and Miocyte and Osteocyte and PhotoreceptorCell and PhotosyntheticCell and PlantCell and SclerenchymaCell and StructuralCell, \nHere
InMatureCell SubClassOf Neuron, True
InMatureCell SubClassOf AnimalCell and Cell and CellByClass and CellByDevelopmentStage and CellByOrganism and ChondroBlast and CirculatingCell and ElectricallyActiveCell and Erythrocyte and LeafCell and MatureCell and MioBlast and Miocyte and Neuron and Osteocyte and PhotoreceptorCell and PhotosyntheticCell and PlantCell and SclerenchymaCell, \nTrue
InMatureCell SubClassOf ChondroCyte, True
InMatureCell SubClassOf AnimalCell and Cell and CellByClass and CellByDevelopmentStage and CellByOrganism and ChondroBlast and ChondroCyte and CirculatingCell and ElectricallyActiveCell and Erythrocyte and LeafCell and MatureCell and MioBlast and Miocyte and Neuron and Osteocyte and PhotoreceptorCell and PhotosyntheticCell and PlantCell and SclerenchymaCell, \nTrue
InMatureCell SubClassOf AnimalCell and Cell and CellByClass and CellByDevelopmentStage and CellByOrganism and ChondroBlast and ChondroCyte and CirculatingCell and ElectricallyActiveCell and Erythrocyte and LeafCell and MatureCell and MioBlast and Miocyte and Neuron and Osteocyte and PhotoreceptorCell and PhotosyntheticCell and PlantCell and SclerenchymaCell and StructuralCell, \nTrue
Miocyte and StructuralCell SubClassOf LeafCell, True
Miocyte and StructuralCell SubClassOf SclerenchymaCell, \nTrue
Miocyte SubClassOf SclerenchymaCell, True
Miocyte SubClassOf LeafCell, True
Miocyte SubClassOf LeafCell and SclerenchymaCell, True
Miocyte SubClassOf Erythrocyte, True
Miocyte SubClassOf Erythrocyte and LeafCell and SclerenchymaCell, \nTrue
Miocyte SubClassOf PhotosyntheticCell, True
Miocyte SubClassOf Erythrocyte and LeafCell and PhotosyntheticCell and SclerenchymaCell, \nTrue
Miocyte SubClassOf CirculatingCell, True
Miocyte SubClassOf CirculatingCell and Erythrocyte and LeafCell and PhotosyntheticCell and SclerenchymaCell, \nTrue
Miocyte SubClassOf PlantCell, True
Miocyte SubClassOf CirculatingCell and Erythrocyte and LeafCell and PhotosyntheticCell and PlantCell and SclerenchymaCell, \nTrue
Miocyte SubClassOf CellByClass, True
Miocyte SubClassOf CellByClass and CirculatingCell and Erythrocyte and LeafCell and PhotosyntheticCell and PlantCell and SclerenchymaCell, \nTrue
Miocyte SubClassOf MatureCell, True
Miocyte SubClassOf CellByClass and CirculatingCell and Erythrocyte and LeafCell and MatureCell and PhotosyntheticCell and PlantCell and SclerenchymaCell, \nTrue
Miocyte SubClassOf AnimalCell, True
Miocyte SubClassOf AnimalCell and CellByClass and CirculatingCell and Erythrocyte and LeafCell and MatureCell and PhotosyntheticCell and PlantCell and SclerenchymaCell, \nTrue
Miocyte SubClassOf Cell, True
Miocyte SubClassOf AnimalCell and Cell and CellByClass and CirculatingCell and Erythrocyte and LeafCell and MatureCell and PhotosyntheticCell and PlantCell and SclerenchymaCell, \nTrue
Miocyte SubClassOf InMatureCell, True
Miocyte SubClassOf AnimalCell and Cell and CellByClass and CirculatingCell and Erythrocyte and InMatureCell and LeafCell and MatureCell and PhotosyntheticCell and PlantCell and SclerenchymaCell, \nTrue
Miocyte SubClassOf Osteocyte, True
Miocyte SubClassOf AnimalCell and Cell and CellByClass and CirculatingCell and Erythrocyte and InMatureCell and LeafCell and MatureCell and Osteocyte and PhotosyntheticCell and PlantCell and SclerenchymaCell, \nHere
Miocyte SubClassOf ChondroBlast, True
Miocyte SubClassOf AnimalCell and Cell and CellByClass and ChondroBlast and CirculatingCell and Erythrocyte and InMatureCell and LeafCell and MatureCell and PhotosyntheticCell and PlantCell and SclerenchymaCell, \nTrue
Miocyte SubClassOf MioBlast, True
Miocyte SubClassOf AnimalCell and Cell and CellByClass and ChondroBlast and CirculatingCell and Erythrocyte and InMatureCell and LeafCell and MatureCell and MioBlast and PhotosyntheticCell and PlantCell and SclerenchymaCell, \nTrue
Miocyte SubClassOf CellByDevelopmentStage, True
Miocyte SubClassOf AnimalCell and Cell and CellByClass and CellByDevelopmentStage and ChondroBlast and CirculatingCell and Erythrocyte and InMatureCell and LeafCell and MatureCell and MioBlast and PhotosyntheticCell and PlantCell and SclerenchymaCell, \nTrue
Miocyte SubClassOf PhotoreceptorCell, True
Miocyte SubClassOf AnimalCell and Cell and CellByClass and CellByDevelopmentStage and ChondroBlast and CirculatingCell and Erythrocyte and InMatureCell and LeafCell and MatureCell and MioBlast and PhotoreceptorCell and PhotosyntheticCell and PlantCell and SclerenchymaCell, \nTrue
Miocyte SubClassOf CellByOrganism, True
Miocyte SubClassOf AnimalCell and Cell and CellByClass and CellByDevelopmentStage and CellByOrganism and ChondroBlast and CirculatingCell and Erythrocyte and InMatureCell and LeafCell and MatureCell and MioBlast and PhotoreceptorCell and PhotosyntheticCell and PlantCell and SclerenchymaCell, \nHere
Miocyte SubClassOf ElectricallyActiveCell, True
Miocyte SubClassOf AnimalCell and Cell and CellByClass and CellByDevelopmentStage and ChondroBlast and CirculatingCell and ElectricallyActiveCell and Erythrocyte and InMatureCell and LeafCell and MatureCell and MioBlast and PhotoreceptorCell and PhotosyntheticCell and PlantCell and SclerenchymaCell, \nTrue
Miocyte SubClassOf StructuralCell, True
Miocyte SubClassOf AnimalCell and Cell and CellByClass and CellByDevelopmentStage and ChondroBlast and CirculatingCell and ElectricallyActiveCell and Erythrocyte and InMatureCell and LeafCell and MatureCell and MioBlast and PhotoreceptorCell and PhotosyntheticCell and PlantCell and SclerenchymaCell and StructuralCell, \nTrue
Miocyte SubClassOf Neuron, True
Miocyte SubClassOf AnimalCell and Cell and CellByClass and CellByDevelopmentStage and ChondroBlast and CirculatingCell and ElectricallyActiveCell and Erythrocyte and InMatureCell and LeafCell and MatureCell and MioBlast and Neuron and PhotoreceptorCell and PhotosyntheticCell and PlantCell and SclerenchymaCell and StructuralCell, \nTrue
Miocyte SubClassOf ChondroCyte, True
Miocyte SubClassOf AnimalCell and Cell and CellByClass and CellByDevelopmentStage and ChondroBlast and ChondroCyte and CirculatingCell and ElectricallyActiveCell and Erythrocyte and InMatureCell and LeafCell and MatureCell and MioBlast and Neuron and PhotoreceptorCell and PhotosyntheticCell and PlantCell and SclerenchymaCell and StructuralCell, \nTrue
Miocyte SubClassOf AnimalCell and Cell and CellByClass and CellByDevelopmentStage and ChondroBlast and ChondroCyte and CirculatingCell and ElectricallyActiveCell and Erythrocyte and InMatureCell and LeafCell and MatureCell and MioBlast and Neuron and Osteocyte and PhotoreceptorCell and PhotosyntheticCell and PlantCell and SclerenchymaCell and StructuralCell, True.
Miocyte SubClassOf AnimalCell and Cell and CellByClass and CellByDevelopmentStage and CellByOrganism and ChondroBlast and ChondroCyte and CirculatingCell and ElectricallyActiveCell and Erythrocyte and InMatureCell and LeafCell and MatureCell and MioBlast and Neuron and Osteocyte and PhotoreceptorCell and PhotosyntheticCell and PlantCell and SclerenchymaCell and StructuralCell, \nTrue
CellByDevelopmentStage and LeafCell SubClassOf AnimalCell, \nTrue
CellByDevelopmentStage and LeafCell SubClassOf SclerenchymaCell, \nTrue
LeafCell SubClassOf SclerenchymaCell, True
LeafCell SubClassOf Erythrocyte, True
LeafCell SubClassOf Erythrocyte and SclerenchymaCell, True
LeafCell SubClassOf PhotosyntheticCell, True
LeafCell SubClassOf Erythrocyte and PhotosyntheticCell and SclerenchymaCell, \nTrue
LeafCell SubClassOf CirculatingCell, True
LeafCell SubClassOf CirculatingCell and Erythrocyte and PhotosyntheticCell and SclerenchymaCell, True.
LeafCell SubClassOf PlantCell, True
LeafCell SubClassOf CirculatingCell and Erythrocyte and PhotosyntheticCell and PlantCell and SclerenchymaCell, \nTrue
LeafCell SubClassOf CellByClass, True
LeafCell SubClassOf CellByClass and CirculatingCell and Erythrocyte and PhotosyntheticCell and PlantCell and SclerenchymaCell, \nTrue
LeafCell SubClassOf MatureCell, True
LeafCell SubClassOf CellByClass and CirculatingCell and Erythrocyte and MatureCell and PhotosyntheticCell and PlantCell and SclerenchymaCell, \nTrue
LeafCell SubClassOf AnimalCell, True
LeafCell SubClassOf AnimalCell and CellByClass and CirculatingCell and Erythrocyte and MatureCell and PhotosyntheticCell and PlantCell and SclerenchymaCell, \nTrue
LeafCell SubClassOf Cell, True
LeafCell SubClassOf AnimalCell and Cell and CellByClass and CirculatingCell and Erythrocyte and MatureCell and PhotosyntheticCell and PlantCell and SclerenchymaCell, \nTrue
LeafCell SubClassOf Miocyte, True
LeafCell SubClassOf AnimalCell and Cell and CellByClass and CirculatingCell and Erythrocyte and MatureCell and Miocyte and PhotosyntheticCell and PlantCell and SclerenchymaCell, \nTrue
LeafCell SubClassOf InMatureCell, True
LeafCell SubClassOf AnimalCell and Cell and CellByClass and CirculatingCell and Erythrocyte and InMatureCell and MatureCell and Miocyte and PhotosyntheticCell and PlantCell and SclerenchymaCell, \nTrue
LeafCell SubClassOf Osteocyte, True
LeafCell SubClassOf AnimalCell and Cell and CellByClass and CirculatingCell and Erythrocyte and InMatureCell and MatureCell and Miocyte and Osteocyte and PhotosyntheticCell and PlantCell and SclerenchymaCell, \nTrue
LeafCell SubClassOf ChondroBlast, True
LeafCell SubClassOf AnimalCell and Cell and CellByClass and ChondroBlast and CirculatingCell and Erythrocyte and InMatureCell and MatureCell and Miocyte and Osteocyte and PhotosyntheticCell and PlantCell and SclerenchymaCell, \nTrue
LeafCell SubClassOf MioBlast, True
LeafCell SubClassOf AnimalCell and Cell and CellByClass and ChondroBlast and CirculatingCell and Erythrocyte and InMatureCell and MatureCell and MioBlast and Miocyte and Osteocyte and PhotosyntheticCell and PlantCell and SclerenchymaCell, \nTrue
LeafCell SubClassOf CellByDevelopmentStage, True
LeafCell SubClassOf AnimalCell and Cell and CellByClass and CellByDevelopmentStage and ChondroBlast and CirculatingCell and Erythrocyte and InMatureCell and MatureCell and MioBlast and Miocyte and Osteocyte and PhotosyntheticCell and PlantCell and SclerenchymaCell, \nTrue
LeafCell SubClassOf PhotoreceptorCell, True
LeafCell SubClassOf AnimalCell and Cell and CellByClass and CellByDevelopmentStage and ChondroBlast and CirculatingCell and Erythrocyte and InMatureCell and MatureCell and MioBlast and Miocyte and Osteocyte and PhotoreceptorCell and PhotosyntheticCell and PlantCell and SclerenchymaCell, \nTrue
LeafCell SubClassOf CellByOrganism, True
LeafCell SubClassOf AnimalCell and Cell and CellByClass and CellByDevelopmentStage and CellByOrganism and ChondroBlast and CirculatingCell and Erythrocyte and InMatureCell and MatureCell and MioBlast and Miocyte and Osteocyte and PhotoreceptorCell and PhotosyntheticCell and PlantCell and SclerenchymaCell, \nTrue
LeafCell SubClassOf ElectricallyActiveCell, True
LeafCell SubClassOf AnimalCell and Cell and CellByClass and CellByDevelopmentStage and CellByOrganism and ChondroBlast and CirculatingCell and ElectricallyActiveCell and Erythrocyte and InMatureCell and MatureCell and MioBlast and Miocyte and Osteocyte and PhotoreceptorCell and PhotosyntheticCell and PlantCell and SclerenchymaCell, \nHere
LeafCell SubClassOf StructuralCell, True
LeafCell SubClassOf AnimalCell and Cell and CellByClass and CellByDevelopmentStage and CellByOrganism and ChondroBlast and CirculatingCell and Erythrocyte and InMatureCell and MatureCell and MioBlast and Miocyte and Osteocyte and PhotoreceptorCell and PhotosyntheticCell and PlantCell and SclerenchymaCell and StructuralCell, \nTrue
LeafCell SubClassOf Neuron, True
LeafCell SubClassOf AnimalCell and Cell and CellByClass and CellByDevelopmentStage and CellByOrganism and ChondroBlast and CirculatingCell and Erythrocyte and InMatureCell and MatureCell and MioBlast and Miocyte and Neuron and Osteocyte and PhotoreceptorCell and PhotosyntheticCell and PlantCell and SclerenchymaCell and StructuralCell, \nTrue
LeafCell SubClassOf ChondroCyte, True
LeafCell SubClassOf AnimalCell and Cell and CellByClass and CellByDevelopmentStage and CellByOrganism and ChondroBlast and ChondroCyte and CirculatingCell and Erythrocyte and InMatureCell and MatureCell and MioBlast and Miocyte and Neuron and Osteocyte and PhotoreceptorCell and PhotosyntheticCell and PlantCell and SclerenchymaCell and StructuralCell, \nTrue
LeafCell SubClassOf AnimalCell and Cell and CellByClass and CellByDevelopmentStage and CellByOrganism and ChondroBlast and ChondroCyte and CirculatingCell and ElectricallyActiveCell and Erythrocyte and InMatureCell and MatureCell and MioBlast and Miocyte and Neuron and Osteocyte and PhotoreceptorCell and PhotosyntheticCell and PlantCell and SclerenchymaCell and StructuralCell, \nTrue
CellByDevelopmentStage and ChondroBlast SubClassOf Osteocyte, \nTrue
CellByDevelopmentStage and ChondroBlast SubClassOf SclerenchymaCell, \nTrue
ChondroBlast SubClassOf SclerenchymaCell, True
ChondroBlast SubClassOf LeafCell, True
ChondroBlast SubClassOf LeafCell and SclerenchymaCell, True
ChondroBlast SubClassOf Erythrocyte, True
ChondroBlast SubClassOf Erythrocyte and LeafCell and SclerenchymaCell, \nFalse
ChondroBlast SubClassOf PhotosyntheticCell, \nFalse
ChondroBlast SubClassOf CirculatingCell, True
ChondroBlast SubClassOf CirculatingCell and LeafCell and SclerenchymaCell, True
ChondroBlast SubClassOf PlantCell, True
ChondroBlast SubClassOf CirculatingCell and LeafCell and PlantCell and SclerenchymaCell, \nTrue
ChondroBlast SubClassOf CellByClass, True
ChondroBlast SubClassOf CellByClass and CirculatingCell and LeafCell and PlantCell and SclerenchymaCell, \nTrue
ChondroBlast SubClassOf MatureCell, True
ChondroBlast SubClassOf CellByClass and CirculatingCell and LeafCell and MatureCell and PlantCell and SclerenchymaCell, \nTrue
ChondroBlast SubClassOf AnimalCell, True
ChondroBlast SubClassOf AnimalCell and CellByClass and CirculatingCell and LeafCell and MatureCell and PlantCell and SclerenchymaCell, \nTrue
ChondroBlast SubClassOf Cell, True
ChondroBlast SubClassOf AnimalCell and Cell and CellByClass and CirculatingCell and LeafCell and MatureCell and PlantCell and SclerenchymaCell, \nTrue
ChondroBlast SubClassOf Miocyte, True
ChondroBlast SubClassOf AnimalCell and Cell and CellByClass and CirculatingCell and LeafCell and MatureCell and Miocyte and PlantCell and SclerenchymaCell, \nTrue
ChondroBlast SubClassOf InMatureCell, True
ChondroBlast SubClassOf AnimalCell and Cell and CellByClass and CirculatingCell and InMatureCell and LeafCell and MatureCell and Miocyte and PlantCell and SclerenchymaCell, \nTrue
ChondroBlast SubClassOf Osteocyte, True
ChondroBlast SubClassOf AnimalCell and Cell and CellByClass and CirculatingCell and InMatureCell and LeafCell and MatureCell and Miocyte and Osteocyte and PlantCell and SclerenchymaCell, \nTrue
ChondroBlast SubClassOf MioBlast, True
ChondroBlast SubClassOf AnimalCell and Cell and CellByClass and CirculatingCell and InMatureCell and LeafCell and MatureCell and MioBlast and Miocyte and Osteocyte and PlantCell and SclerenchymaCell, \nTrue
ChondroBlast SubClassOf CellByDevelopmentStage, True
ChondroBlast SubClassOf AnimalCell and Cell and CellByClass and CellByDevelopmentStage and CirculatingCell and InMatureCell and LeafCell and MatureCell and MioBlast and Miocyte and Osteocyte and PlantCell and SclerenchymaCell, \nTrue
ChondroBlast SubClassOf PhotoreceptorCell, True
ChondroBlast SubClassOf AnimalCell and Cell and CellByClass and CellByDevelopmentStage and CirculatingCell and InMatureCell and LeafCell and MatureCell and MioBlast and Miocyte and Osteocyte and PhotoreceptorCell and PlantCell and SclerenchymaCell, \nTrue
ChondroBlast SubClassOf CellByOrganism, True
ChondroBlast SubClassOf AnimalCell and Cell and CellByClass and CellByDevelopmentStage and CellByOrganism and CirculatingCell and InMatureCell and LeafCell and MatureCell and MioBlast and Miocyte and Osteocyte and PhotoreceptorCell and PlantCell and SclerenchymaCell, \nTrue
ChondroBlast SubClassOf ElectricallyActiveCell, True
ChondroBlast SubClassOf AnimalCell and Cell and CellByClass and CellByDevelopmentStage and CellByOrganism and CirculatingCell and ElectricallyActiveCell and InMatureCell and LeafCell and MatureCell and MioBlast and Miocyte and Osteocyte and PhotoreceptorCell and PlantCell and SclerenchymaCell, \nHere
ChondroBlast SubClassOf StructuralCell, True
ChondroBlast SubClassOf AnimalCell and Cell and CellByClass and CellByDevelopmentStage and CellByOrganism and CirculatingCell and InMatureCell and LeafCell and MatureCell and MioBlast and Miocyte and Osteocyte and PhotoreceptorCell and PlantCell and SclerenchymaCell and StructuralCell, \nTrue
ChondroBlast SubClassOf Neuron, \nFalse
ChondroBlast SubClassOf ChondroCyte, True
ChondroBlast SubClassOf AnimalCell and Cell and CellByClass and CellByDevelopmentStage and CellByOrganism and ChondroCyte and CirculatingCell and InMatureCell and LeafCell and MatureCell and MioBlast and Miocyte and Osteocyte and PhotoreceptorCell and PlantCell and SclerenchymaCell and StructuralCell, \nTrue
ChondroBlast SubClassOf AnimalCell and Cell and CellByClass and CellByDevelopmentStage and CellByOrganism and ChondroCyte and CirculatingCell and Erythrocyte and InMatureCell and LeafCell and MatureCell and MioBlast and Miocyte and Osteocyte and PhotoreceptorCell and PlantCell and SclerenchymaCell and StructuralCell, \nHere
ChondroBlast SubClassOf AnimalCell and Cell and CellByClass and CellByDevelopmentStage and CellByOrganism and ChondroCyte and CirculatingCell and ElectricallyActiveCell and InMatureCell and LeafCell and MatureCell and MioBlast and Miocyte and Osteocyte and PhotoreceptorCell and PlantCell and SclerenchymaCell and StructuralCell, \nTrue
Cell and MatureCell SubClassOf Osteocyte, True
Cell and MatureCell SubClassOf SclerenchymaCell, \nTrue
Cell SubClassOf SclerenchymaCell, True
Cell SubClassOf LeafCell, True
Cell SubClassOf LeafCell and SclerenchymaCell, \nTrue
Cell SubClassOf Erythrocyte, True
Cell SubClassOf Erythrocyte and LeafCell and SclerenchymaCell, \nTrue
Cell SubClassOf PhotosyntheticCell, True
Cell SubClassOf Erythrocyte and LeafCell and PhotosyntheticCell and SclerenchymaCell, \nTrue
Cell SubClassOf CirculatingCell, True
Cell SubClassOf CirculatingCell and Erythrocyte and LeafCell and PhotosyntheticCell and SclerenchymaCell, \nTrue
Cell SubClassOf PlantCell, True
Cell SubClassOf CirculatingCell and Erythrocyte and LeafCell and PhotosyntheticCell and PlantCell and SclerenchymaCell, \nTrue
Cell SubClassOf CellByClass, \nTrue
Cell SubClassOf CellByClass and CirculatingCell and Erythrocyte and LeafCell and PhotosyntheticCell and PlantCell and SclerenchymaCell, \nTrue
Cell SubClassOf MatureCell, True
Cell SubClassOf CellByClass and CirculatingCell and Erythrocyte and LeafCell and MatureCell and PhotosyntheticCell and PlantCell and SclerenchymaCell, \nTrue
Cell SubClassOf AnimalCell, True
Cell SubClassOf AnimalCell and CellByClass and CirculatingCell and Erythrocyte and LeafCell and MatureCell and PhotosyntheticCell and PlantCell and SclerenchymaCell, \nTrue
Cell SubClassOf Miocyte, True
Cell SubClassOf AnimalCell and CellByClass and CirculatingCell and Erythrocyte and LeafCell and MatureCell and Miocyte and PhotosyntheticCell and PlantCell and SclerenchymaCell, \nTrue
Cell SubClassOf InMatureCell, True
Cell SubClassOf AnimalCell and CellByClass and CirculatingCell and Erythrocyte and InMatureCell and LeafCell and MatureCell and Miocyte and PhotosyntheticCell and PlantCell and SclerenchymaCell, \nHere
Cell SubClassOf Osteocyte, True
Cell SubClassOf AnimalCell and CellByClass and CirculatingCell and Erythrocyte and LeafCell and MatureCell and Miocyte and Osteocyte and PhotosyntheticCell and PlantCell and SclerenchymaCell, \nTrue
Cell SubClassOf ChondroBlast, True
Cell SubClassOf AnimalCell and CellByClass and ChondroBlast and CirculatingCell and Erythrocyte and LeafCell and MatureCell and Miocyte and Osteocyte and PhotosyntheticCell and PlantCell and SclerenchymaCell, \nTrue
Cell SubClassOf MioBlast, True
Cell SubClassOf AnimalCell and CellByClass and ChondroBlast and CirculatingCell and Erythrocyte and LeafCell and MatureCell and MioBlast and Miocyte and Osteocyte and PhotosyntheticCell and PlantCell and SclerenchymaCell, \nTrue
Cell SubClassOf CellByDevelopmentStage, True
Cell SubClassOf AnimalCell and CellByClass and CellByDevelopmentStage and ChondroBlast and CirculatingCell and Erythrocyte and LeafCell and MatureCell and MioBlast and Miocyte and Osteocyte and PhotosyntheticCell and PlantCell and SclerenchymaCell, \nTrue
Cell SubClassOf PhotoreceptorCell, True
Cell SubClassOf AnimalCell and CellByClass and CellByDevelopmentStage and ChondroBlast and CirculatingCell and Erythrocyte and LeafCell and MatureCell and MioBlast and Miocyte and Osteocyte and PhotoreceptorCell and PhotosyntheticCell and PlantCell and SclerenchymaCell, \nHere
Cell SubClassOf CellByOrganism, True
Cell SubClassOf AnimalCell and CellByClass and CellByDevelopmentStage and CellByOrganism and ChondroBlast and CirculatingCell and Erythrocyte and LeafCell and MatureCell and MioBlast and Miocyte and Osteocyte and PhotosyntheticCell and PlantCell and SclerenchymaCell, \nTrue
Cell SubClassOf ElectricallyActiveCell, True
Cell SubClassOf AnimalCell and CellByClass and CellByDevelopmentStage and CellByOrganism and ChondroBlast and CirculatingCell and ElectricallyActiveCell and Erythrocyte and LeafCell and MatureCell and MioBlast and Miocyte and Osteocyte and PhotosyntheticCell and PlantCell and SclerenchymaCell, \nHere
Cell SubClassOf StructuralCell, True
Cell SubClassOf AnimalCell and CellByClass and CellByDevelopmentStage and CellByOrganism and ChondroBlast and CirculatingCell and Erythrocyte and LeafCell and MatureCell and MioBlast and Miocyte and Osteocyte and PhotosyntheticCell and PlantCell and SclerenchymaCell and StructuralCell, \nTrue
Cell SubClassOf Neuron, True
Cell SubClassOf AnimalCell and CellByClass and CellByDevelopmentStage and CellByOrganism and ChondroBlast and CirculatingCell and Erythrocyte and LeafCell and MatureCell and MioBlast and Miocyte and Neuron and Osteocyte and PhotosyntheticCell and PlantCell and SclerenchymaCell and StructuralCell, \nTrue
Cell SubClassOf ChondroCyte, True
Cell SubClassOf AnimalCell and CellByClass and CellByDevelopmentStage and CellByOrganism and ChondroBlast and ChondroCyte and CirculatingCell and Erythrocyte and LeafCell and MatureCell and MioBlast and Miocyte and Neuron and Osteocyte and PhotosyntheticCell and PlantCell and SclerenchymaCell and StructuralCell, \nTrue
Cell SubClassOf AnimalCell and CellByClass and CellByDevelopmentStage and CellByOrganism and ChondroBlast and ChondroCyte and CirculatingCell and Erythrocyte and InMatureCell and LeafCell and MatureCell and MioBlast and Miocyte and Neuron and Osteocyte and PhotosyntheticCell and PlantCell and SclerenchymaCell and StructuralCell, \nTrue
Cell SubClassOf AnimalCell and CellByClass and CellByDevelopmentStage and CellByOrganism and ChondroBlast and ChondroCyte and CirculatingCell and Erythrocyte and InMatureCell and LeafCell and MatureCell and MioBlast and Miocyte and Neuron and Osteocyte and PhotoreceptorCell and PhotosyntheticCell and PlantCell and SclerenchymaCell and StructuralCell, \nTrue
Cell SubClassOf AnimalCell and CellByClass and CellByDevelopmentStage and CellByOrganism and ChondroBlast and ChondroCyte and CirculatingCell and ElectricallyActiveCell and Erythrocyte and InMatureCell and LeafCell and MatureCell and MioBlast and Miocyte and Neuron and Osteocyte and PhotoreceptorCell and PhotosyntheticCell and PlantCell and SclerenchymaCell and StructuralCell, \nTrue
CellByOrganism and ChondroCyte SubClassOf AnimalCell, \nTrue
CellByOrganism and ChondroCyte SubClassOf SclerenchymaCell, \nTrue
CellByOrganism SubClassOf SclerenchymaCell, True
CellByOrganism SubClassOf LeafCell, True
CellByOrganism SubClassOf LeafCell and SclerenchymaCell, True
CellByOrganism SubClassOf Erythrocyte, True
CellByOrganism SubClassOf Erythrocyte and LeafCell and SclerenchymaCell, \nTrue
CellByOrganism SubClassOf PhotosyntheticCell, True
CellByOrganism SubClassOf Erythrocyte and LeafCell and PhotosyntheticCell and SclerenchymaCell, \nTrue
CellByOrganism SubClassOf CirculatingCell, True
CellByOrganism SubClassOf CirculatingCell and Erythrocyte and LeafCell and PhotosyntheticCell and SclerenchymaCell, \nTrue
CellByOrganism SubClassOf PlantCell, True
CellByOrganism SubClassOf CirculatingCell and Erythrocyte and LeafCell and PhotosyntheticCell and PlantCell and SclerenchymaCell, \nTrue
CellByOrganism SubClassOf CellByClass, True
CellByOrganism SubClassOf CellByClass and CirculatingCell and Erythrocyte and LeafCell and PhotosyntheticCell and PlantCell and SclerenchymaCell, \nTrue
CellByOrganism SubClassOf MatureCell, True
CellByOrganism SubClassOf CellByClass and CirculatingCell and Erythrocyte and LeafCell and MatureCell and PhotosyntheticCell and PlantCell and SclerenchymaCell, \nTrue
CellByOrganism SubClassOf AnimalCell, True
CellByOrganism SubClassOf AnimalCell and CellByClass and CirculatingCell and Erythrocyte and LeafCell and MatureCell and PhotosyntheticCell and PlantCell and SclerenchymaCell, \nTrue
CellByOrganism SubClassOf Cell, True
CellByOrganism SubClassOf AnimalCell and Cell and CellByClass and CirculatingCell and Erythrocyte and LeafCell and MatureCell and PhotosyntheticCell and PlantCell and SclerenchymaCell, \nTrue
CellByOrganism SubClassOf Miocyte, True
CellByOrganism SubClassOf AnimalCell and Cell and CellByClass and CirculatingCell and Erythrocyte and LeafCell and MatureCell and Miocyte and PhotosyntheticCell and PlantCell and SclerenchymaCell, \nTrue
CellByOrganism SubClassOf InMatureCell, True
CellByOrganism SubClassOf AnimalCell and Cell and CellByClass and CirculatingCell and Erythrocyte and InMatureCell and LeafCell and MatureCell and Miocyte and PhotosyntheticCell and PlantCell and SclerenchymaCell, \nTrue
CellByOrganism SubClassOf Osteocyte, True
CellByOrganism SubClassOf AnimalCell and Cell and CellByClass and CirculatingCell and Erythrocyte and InMatureCell and LeafCell and MatureCell and Miocyte and Osteocyte and PhotosyntheticCell and PlantCell and SclerenchymaCell, \nTrue
CellByOrganism SubClassOf ChondroBlast, True
CellByOrganism SubClassOf AnimalCell and Cell and CellByClass and ChondroBlast and CirculatingCell and Erythrocyte and InMatureCell and LeafCell and MatureCell and Miocyte and Osteocyte and PhotosyntheticCell and PlantCell and SclerenchymaCell, \nTrue
CellByOrganism SubClassOf MioBlast, True
CellByOrganism SubClassOf AnimalCell and Cell and CellByClass and ChondroBlast and CirculatingCell and Erythrocyte and InMatureCell and LeafCell and MatureCell and MioBlast and Miocyte and Osteocyte and PhotosyntheticCell and PlantCell and SclerenchymaCell, \nHere
CellByOrganism SubClassOf CellByDevelopmentStage, \nTrue
CellByOrganism SubClassOf AnimalCell and Cell and CellByClass and CellByDevelopmentStage and ChondroBlast and CirculatingCell and Erythrocyte and InMatureCell and LeafCell and MatureCell and Miocyte and Osteocyte and PhotosyntheticCell and PlantCell and SclerenchymaCell, \nTrue
CellByOrganism SubClassOf PhotoreceptorCell, True
CellByOrganism SubClassOf AnimalCell and Cell and CellByClass and CellByDevelopmentStage and ChondroBlast and CirculatingCell and Erythrocyte and InMatureCell and LeafCell and MatureCell and Miocyte and Osteocyte and PhotoreceptorCell and PhotosyntheticCell and PlantCell and SclerenchymaCell, \nHere
CellByOrganism SubClassOf ElectricallyActiveCell, True
CellByOrganism SubClassOf AnimalCell and Cell and CellByClass and CellByDevelopmentStage and ChondroBlast and CirculatingCell and ElectricallyActiveCell and Erythrocyte and InMatureCell and LeafCell and MatureCell and Miocyte and Osteocyte and PhotosyntheticCell and PlantCell and SclerenchymaCell, \nTrue
CellByOrganism SubClassOf StructuralCell, True
CellByOrganism SubClassOf AnimalCell and Cell and CellByClass and CellByDevelopmentStage and ChondroBlast and CirculatingCell and ElectricallyActiveCell and Erythrocyte and InMatureCell and LeafCell and MatureCell and Miocyte and Osteocyte and PhotosyntheticCell and PlantCell and SclerenchymaCell and StructuralCell, \nHere
CellByOrganism SubClassOf Neuron, True
CellByOrganism SubClassOf AnimalCell and Cell and CellByClass and CellByDevelopmentStage and ChondroBlast and CirculatingCell and ElectricallyActiveCell and Erythrocyte and InMatureCell and LeafCell and MatureCell and Miocyte and Neuron and Osteocyte and PhotosyntheticCell and PlantCell and SclerenchymaCell, \nTrue
CellByOrganism SubClassOf ChondroCyte, True
CellByOrganism SubClassOf AnimalCell and Cell and CellByClass and CellByDevelopmentStage and ChondroBlast and ChondroCyte and CirculatingCell and ElectricallyActiveCell and Erythrocyte and InMatureCell and LeafCell and MatureCell and Miocyte and Neuron and Osteocyte and PhotosyntheticCell and PlantCell and SclerenchymaCell, \nTrue
CellByOrganism SubClassOf AnimalCell and Cell and CellByClass and CellByDevelopmentStage and ChondroBlast and ChondroCyte and CirculatingCell and ElectricallyActiveCell and Erythrocyte and InMatureCell and LeafCell and MatureCell and MioBlast and Miocyte and Neuron and Osteocyte and PhotosyntheticCell and PlantCell and SclerenchymaCell, \nTrue
CellByOrganism SubClassOf AnimalCell and Cell and CellByClass and CellByDevelopmentStage and ChondroBlast and ChondroCyte and CirculatingCell and ElectricallyActiveCell and Erythrocyte and InMatureCell and LeafCell and MatureCell and MioBlast and Miocyte and Neuron and Osteocyte and PhotoreceptorCell and PhotosyntheticCell and PlantCell and SclerenchymaCell, \nTrue
CellByOrganism SubClassOf AnimalCell and Cell and CellByClass and CellByDevelopmentStage and ChondroBlast and ChondroCyte and CirculatingCell and ElectricallyActiveCell and Erythrocyte and InMatureCell and LeafCell and MatureCell and MioBlast and Miocyte and Neuron and Osteocyte and PhotoreceptorCell and PhotosyntheticCell and PlantCell and SclerenchymaCell and StructuralCell, \nTrue
Osteocyte and SclerenchymaCell SubClassOf AnimalCell, \nTrue
Osteocyte and SclerenchymaCell SubClassOf LeafCell, \nTrue
SclerenchymaCell SubClassOf LeafCell, True
SclerenchymaCell SubClassOf Erythrocyte, \nFalse
SclerenchymaCell SubClassOf PhotosyntheticCell, \nTrue
SclerenchymaCell SubClassOf LeafCell and PhotosyntheticCell, \nTrue
SclerenchymaCell SubClassOf CirculatingCell, \nFalse
SclerenchymaCell SubClassOf PlantCell, True
SclerenchymaCell SubClassOf LeafCell and PhotosyntheticCell and PlantCell, \nTrue
SclerenchymaCell SubClassOf CellByClass, True
SclerenchymaCell SubClassOf CellByClass and LeafCell and PhotosyntheticCell and PlantCell, \nTrue
SclerenchymaCell SubClassOf MatureCell, True
SclerenchymaCell SubClassOf CellByClass and LeafCell and MatureCell and PhotosyntheticCell and PlantCell, \nTrue
SclerenchymaCell SubClassOf AnimalCell, True
SclerenchymaCell SubClassOf AnimalCell and CellByClass and LeafCell and MatureCell and PhotosyntheticCell and PlantCell, \nTrue
SclerenchymaCell SubClassOf Cell, True
SclerenchymaCell SubClassOf AnimalCell and Cell and CellByClass and LeafCell and MatureCell and PhotosyntheticCell and PlantCell, \nTrue
SclerenchymaCell SubClassOf Miocyte, True
SclerenchymaCell SubClassOf AnimalCell and Cell and CellByClass and LeafCell and MatureCell and Miocyte and PhotosyntheticCell and PlantCell, \nTrue
SclerenchymaCell SubClassOf InMatureCell, True
SclerenchymaCell SubClassOf AnimalCell and Cell and CellByClass and InMatureCell and LeafCell and MatureCell and Miocyte and PhotosyntheticCell and PlantCell, \nTrue
SclerenchymaCell SubClassOf Osteocyte, True
SclerenchymaCell SubClassOf AnimalCell and Cell and CellByClass and InMatureCell and LeafCell and MatureCell and Miocyte and Osteocyte and PhotosyntheticCell and PlantCell, \nTrue
SclerenchymaCell SubClassOf ChondroBlast, True
SclerenchymaCell SubClassOf AnimalCell and Cell and CellByClass and ChondroBlast and InMatureCell and LeafCell and MatureCell and Miocyte and Osteocyte and PhotosyntheticCell and PlantCell, \nTrue
SclerenchymaCell SubClassOf MioBlast, True
SclerenchymaCell SubClassOf AnimalCell and Cell and CellByClass and ChondroBlast and InMatureCell and LeafCell and MatureCell and MioBlast and Miocyte and Osteocyte and PhotosyntheticCell and PlantCell, \nTrue
SclerenchymaCell SubClassOf CellByDevelopmentStage, True
SclerenchymaCell SubClassOf AnimalCell and Cell and CellByClass and CellByDevelopmentStage and ChondroBlast and InMatureCell and LeafCell and MatureCell and MioBlast and Miocyte and Osteocyte and PhotosyntheticCell and PlantCell, \nTrue
SclerenchymaCell SubClassOf PhotoreceptorCell, True
SclerenchymaCell SubClassOf AnimalCell and Cell and CellByClass and CellByDevelopmentStage and ChondroBlast and InMatureCell and LeafCell and MatureCell and MioBlast and Miocyte and Osteocyte and PhotoreceptorCell and PhotosyntheticCell and PlantCell, \nTrue
SclerenchymaCell SubClassOf CellByOrganism, True
SclerenchymaCell SubClassOf AnimalCell and Cell and CellByClass and CellByDevelopmentStage and CellByOrganism and ChondroBlast and InMatureCell and LeafCell and MatureCell and MioBlast and Miocyte and Osteocyte and PhotoreceptorCell and PhotosyntheticCell and PlantCell, \nTrue
SclerenchymaCell SubClassOf ElectricallyActiveCell, True
SclerenchymaCell SubClassOf AnimalCell and Cell and CellByClass and CellByDevelopmentStage and CellByOrganism and ChondroBlast and ElectricallyActiveCell and InMatureCell and LeafCell and MatureCell and MioBlast and Miocyte and Osteocyte and PhotoreceptorCell and PhotosyntheticCell and PlantCell, \nTrue
SclerenchymaCell SubClassOf StructuralCell, True
SclerenchymaCell SubClassOf AnimalCell and Cell and CellByClass and CellByDevelopmentStage and CellByOrganism and ChondroBlast and ElectricallyActiveCell and InMatureCell and LeafCell and MatureCell and MioBlast and Miocyte and Osteocyte and PhotoreceptorCell and PhotosyntheticCell and PlantCell and StructuralCell, \nTrue
SclerenchymaCell SubClassOf Neuron, True
SclerenchymaCell SubClassOf AnimalCell and Cell and CellByClass and CellByDevelopmentStage and CellByOrganism and ChondroBlast and ElectricallyActiveCell and InMatureCell and LeafCell and MatureCell and MioBlast and Miocyte and Neuron and Osteocyte and PhotoreceptorCell and PhotosyntheticCell and PlantCell and StructuralCell, \nTrue
SclerenchymaCell SubClassOf ChondroCyte, True
SclerenchymaCell SubClassOf AnimalCell and Cell and CellByClass and CellByDevelopmentStage and CellByOrganism and ChondroBlast and ChondroCyte and ElectricallyActiveCell and InMatureCell and LeafCell and MatureCell and MioBlast and Miocyte and Neuron and Osteocyte and PhotoreceptorCell and PhotosyntheticCell and PlantCell and StructuralCell, \nHere
CellByDevelopmentStage and Osteocyte SubClassOf PhotoreceptorCell, \nTrue
CellByDevelopmentStage and Osteocyte SubClassOf SclerenchymaCell, \nTrue
Osteocyte SubClassOf SclerenchymaCell, True
Osteocyte SubClassOf LeafCell, \nFalse
Osteocyte SubClassOf Erythrocyte, True
Osteocyte SubClassOf Erythrocyte and SclerenchymaCell, \nFalse
Osteocyte SubClassOf PhotosyntheticCell, \nFalse
Osteocyte SubClassOf CirculatingCell, True
Osteocyte SubClassOf CirculatingCell and SclerenchymaCell, True
Osteocyte SubClassOf PlantCell, \nFalse
Osteocyte SubClassOf CellByClass, True
Osteocyte SubClassOf CellByClass and CirculatingCell and SclerenchymaCell, \nTrue
Osteocyte SubClassOf MatureCell, True
Osteocyte SubClassOf CellByClass and CirculatingCell and MatureCell and SclerenchymaCell, \nTrue
Osteocyte SubClassOf AnimalCell, True
Osteocyte SubClassOf AnimalCell and CellByClass and CirculatingCell and MatureCell and SclerenchymaCell, \nTrue
Osteocyte SubClassOf Cell, True
Osteocyte SubClassOf AnimalCell and Cell and CellByClass and CirculatingCell and MatureCell and SclerenchymaCell, \nTrue
Osteocyte SubClassOf Miocyte, True
Osteocyte SubClassOf AnimalCell and Cell and CellByClass and CirculatingCell and MatureCell and Miocyte and SclerenchymaCell, \nTrue
Osteocyte SubClassOf InMatureCell, True
Osteocyte SubClassOf AnimalCell and Cell and CellByClass and CirculatingCell and InMatureCell and MatureCell and Miocyte and SclerenchymaCell, \nTrue
Osteocyte SubClassOf ChondroBlast, True
Osteocyte SubClassOf AnimalCell and Cell and CellByClass and ChondroBlast and CirculatingCell and InMatureCell and MatureCell and Miocyte and SclerenchymaCell, \nHere
Osteocyte SubClassOf MioBlast, True
Osteocyte SubClassOf AnimalCell and Cell and CellByClass and CirculatingCell and InMatureCell and MatureCell and MioBlast and Miocyte and SclerenchymaCell, \nTrue
Osteocyte SubClassOf CellByDevelopmentStage, True
Osteocyte SubClassOf AnimalCell and Cell and CellByClass and CellByDevelopmentStage and CirculatingCell and InMatureCell and MatureCell and MioBlast and Miocyte and SclerenchymaCell, \nTrue
Osteocyte SubClassOf PhotoreceptorCell, True
Osteocyte SubClassOf AnimalCell and Cell and CellByClass and CellByDevelopmentStage and CirculatingCell and InMatureCell and MatureCell and MioBlast and Miocyte and PhotoreceptorCell and SclerenchymaCell, \nHere
Osteocyte SubClassOf CellByOrganism, True
Osteocyte SubClassOf AnimalCell and Cell and CellByClass and CellByDevelopmentStage and CellByOrganism and CirculatingCell and InMatureCell and MatureCell and MioBlast and Miocyte and SclerenchymaCell, \nHere
Osteocyte SubClassOf ElectricallyActiveCell, True
Osteocyte SubClassOf AnimalCell and Cell and CellByClass and CellByDevelopmentStage and CirculatingCell and ElectricallyActiveCell and InMatureCell and MatureCell and MioBlast and Miocyte and SclerenchymaCell, \nTrue
Osteocyte SubClassOf StructuralCell, True
Osteocyte SubClassOf AnimalCell and Cell and CellByClass and CellByDevelopmentStage and CirculatingCell and ElectricallyActiveCell and InMatureCell and MatureCell and MioBlast and Miocyte and SclerenchymaCell and StructuralCell, \nTrue
Osteocyte SubClassOf Neuron, False
Osteocyte SubClassOf ChondroCyte, True
Osteocyte SubClassOf AnimalCell and Cell and CellByClass and CellByDevelopmentStage and ChondroCyte and CirculatingCell and ElectricallyActiveCell and InMatureCell and MatureCell and MioBlast and Miocyte and SclerenchymaCell and StructuralCell, \nTrue
Osteocyte SubClassOf AnimalCell and Cell and CellByClass and CellByDevelopmentStage and ChondroCyte and CirculatingCell and ElectricallyActiveCell and Erythrocyte and InMatureCell and MatureCell and MioBlast and Miocyte and SclerenchymaCell and StructuralCell, \nTrue
Osteocyte SubClassOf AnimalCell and Cell and CellByClass and CellByDevelopmentStage and ChondroBlast and ChondroCyte and CirculatingCell and ElectricallyActiveCell and Erythrocyte and InMatureCell and MatureCell and MioBlast and Miocyte and SclerenchymaCell and StructuralCell, \nTrue
Osteocyte SubClassOf AnimalCell and Cell and CellByClass and CellByDevelopmentStage and ChondroBlast and ChondroCyte and CirculatingCell and ElectricallyActiveCell and Erythrocyte and InMatureCell and MatureCell and MioBlast and Miocyte and PhotoreceptorCell and SclerenchymaCell and StructuralCell, \nTrue
Osteocyte SubClassOf AnimalCell and Cell and CellByClass and CellByDevelopmentStage and CellByOrganism and ChondroBlast and ChondroCyte and CirculatingCell and ElectricallyActiveCell and Erythrocyte and InMatureCell and MatureCell and MioBlast and Miocyte and PhotoreceptorCell and SclerenchymaCell and StructuralCell, \nTrue
ChondroCyte SubClassOf PhotoreceptorCell, True
ChondroCyte SubClassOf SclerenchymaCell, True
ChondroCyte SubClassOf LeafCell, \nFalse
ChondroCyte SubClassOf Erythrocyte, True
ChondroCyte SubClassOf Erythrocyte and SclerenchymaCell, \nFalse
ChondroCyte SubClassOf PhotosyntheticCell, True
ChondroCyte SubClassOf PhotosyntheticCell and SclerenchymaCell, True
ChondroCyte SubClassOf CirculatingCell, True
ChondroCyte SubClassOf CirculatingCell and PhotosyntheticCell and SclerenchymaCell, \nTrue
ChondroCyte SubClassOf PlantCell, True
ChondroCyte SubClassOf CirculatingCell and PhotosyntheticCell and PlantCell and SclerenchymaCell, \nTrue
ChondroCyte SubClassOf CellByClass, True
ChondroCyte SubClassOf CellByClass and CirculatingCell and PhotosyntheticCell and PlantCell and SclerenchymaCell, \nTrue
ChondroCyte SubClassOf MatureCell, True
ChondroCyte SubClassOf CellByClass and CirculatingCell and MatureCell and PhotosyntheticCell and PlantCell and SclerenchymaCell, \nTrue
ChondroCyte SubClassOf AnimalCell, True
ChondroCyte SubClassOf AnimalCell and CellByClass and CirculatingCell and MatureCell and PhotosyntheticCell and PlantCell and SclerenchymaCell, \nTrue
ChondroCyte SubClassOf Cell, True
ChondroCyte SubClassOf AnimalCell and Cell and CellByClass and CirculatingCell and MatureCell and PhotosyntheticCell and PlantCell and SclerenchymaCell, \nTrue
ChondroCyte SubClassOf Miocyte, True
ChondroCyte SubClassOf AnimalCell and Cell and CellByClass and CirculatingCell and MatureCell and Miocyte and PhotosyntheticCell and PlantCell and SclerenchymaCell, \nHere
ChondroCyte SubClassOf InMatureCell, True
ChondroCyte SubClassOf AnimalCell and Cell and CellByClass and CirculatingCell and InMatureCell and MatureCell and PhotosyntheticCell and PlantCell and SclerenchymaCell, \nTrue
ChondroCyte SubClassOf Osteocyte, True
ChondroCyte SubClassOf AnimalCell and Cell and CellByClass and CirculatingCell and InMatureCell and MatureCell and Osteocyte and PhotosyntheticCell and PlantCell and SclerenchymaCell, \nTrue
ChondroCyte SubClassOf ChondroBlast, True
ChondroCyte SubClassOf AnimalCell and Cell and CellByClass and ChondroBlast and CirculatingCell and InMatureCell and MatureCell and Osteocyte and PhotosyntheticCell and PlantCell and SclerenchymaCell, \nHere
ChondroCyte SubClassOf MioBlast, True
ChondroCyte SubClassOf AnimalCell and Cell and CellByClass and CirculatingCell and InMatureCell and MatureCell and MioBlast and Osteocyte and PhotosyntheticCell and PlantCell and SclerenchymaCell, \nTrue
ChondroCyte SubClassOf CellByDevelopmentStage, True
ChondroCyte SubClassOf AnimalCell and Cell and CellByClass and CellByDevelopmentStage and CirculatingCell and InMatureCell and MatureCell and MioBlast and Osteocyte and PhotosyntheticCell and PlantCell and SclerenchymaCell, \nTrue
ChondroCyte SubClassOf AnimalCell and Cell and CellByClass and CellByDevelopmentStage and CirculatingCell and InMatureCell and MatureCell and MioBlast and Osteocyte and PhotoreceptorCell and PhotosyntheticCell and PlantCell and SclerenchymaCell, \nHere
ChondroCyte SubClassOf CellByOrganism, True
ChondroCyte SubClassOf AnimalCell and Cell and CellByClass and CellByDevelopmentStage and CellByOrganism and CirculatingCell and InMatureCell and MatureCell and MioBlast and Osteocyte and PhotosyntheticCell and PlantCell and SclerenchymaCell, \nHere
ChondroCyte SubClassOf ElectricallyActiveCell, True
ChondroCyte SubClassOf AnimalCell and Cell and CellByClass and CellByDevelopmentStage and CirculatingCell and ElectricallyActiveCell and InMatureCell and MatureCell and MioBlast and Osteocyte and PhotosyntheticCell and PlantCell and SclerenchymaCell, \nTrue
ChondroCyte SubClassOf StructuralCell, True
ChondroCyte SubClassOf AnimalCell and Cell and CellByClass and CellByDevelopmentStage and CirculatingCell and ElectricallyActiveCell and InMatureCell and MatureCell and MioBlast and Osteocyte and PhotosyntheticCell and PlantCell and SclerenchymaCell and StructuralCell, \nTrue
ChondroCyte SubClassOf Neuron, \nFalse
ChondroCyte SubClassOf AnimalCell and Cell and CellByClass and CellByDevelopmentStage and CirculatingCell and ElectricallyActiveCell and Erythrocyte and InMatureCell and MatureCell and MioBlast and Osteocyte and PhotosyntheticCell and PlantCell and SclerenchymaCell and StructuralCell, \nTrue
ChondroCyte SubClassOf AnimalCell and Cell and CellByClass and CellByDevelopmentStage and CirculatingCell and ElectricallyActiveCell and Erythrocyte and InMatureCell and MatureCell and MioBlast and Miocyte and Osteocyte and PhotosyntheticCell and PlantCell and SclerenchymaCell and StructuralCell, \nHere
ChondroCyte SubClassOf AnimalCell and Cell and CellByClass and CellByDevelopmentStage and ChondroBlast and CirculatingCell and ElectricallyActiveCell and Erythrocyte and InMatureCell and MatureCell and MioBlast and Osteocyte and PhotosyntheticCell and PlantCell and SclerenchymaCell and StructuralCell, \nTrue
ChondroCyte SubClassOf AnimalCell and Cell and CellByClass and CellByDevelopmentStage and ChondroBlast and CirculatingCell and ElectricallyActiveCell and Erythrocyte and InMatureCell and MatureCell and MioBlast and Osteocyte and PhotoreceptorCell and PhotosyntheticCell and PlantCell and SclerenchymaCell and StructuralCell, \nHere
ChondroCyte SubClassOf AnimalCell and Cell and CellByClass and CellByDevelopmentStage and CellByOrganism and ChondroBlast and CirculatingCell and ElectricallyActiveCell and Erythrocyte and InMatureCell and MatureCell and MioBlast and Osteocyte and PhotosyntheticCell and PlantCell and SclerenchymaCell and StructuralCell, \nTrue
Neuron and PlantCell SubClassOf LeafCell, True
Neuron and PlantCell SubClassOf SclerenchymaCell, \nTrue
PlantCell SubClassOf SclerenchymaCell, True
PlantCell SubClassOf LeafCell, True
PlantCell SubClassOf LeafCell and SclerenchymaCell, True
PlantCell SubClassOf Erythrocyte, True
PlantCell SubClassOf Erythrocyte and LeafCell and SclerenchymaCell, \nTrue
PlantCell SubClassOf PhotosyntheticCell, True
PlantCell SubClassOf Erythrocyte and LeafCell and PhotosyntheticCell and SclerenchymaCell, \nTrue
PlantCell SubClassOf CirculatingCell, True
PlantCell SubClassOf CirculatingCell and Erythrocyte and LeafCell and PhotosyntheticCell and SclerenchymaCell, \nTrue
PlantCell SubClassOf CellByClass, True
PlantCell SubClassOf CellByClass and CirculatingCell and Erythrocyte and LeafCell and PhotosyntheticCell and SclerenchymaCell, \nTrue
PlantCell SubClassOf MatureCell, True
PlantCell SubClassOf CellByClass and CirculatingCell and Erythrocyte and LeafCell and MatureCell and PhotosyntheticCell and SclerenchymaCell, \nTrue
PlantCell SubClassOf AnimalCell, False.
PlantCell SubClassOf Cell, True
PlantCell SubClassOf Cell and CellByClass and CirculatingCell and Erythrocyte and LeafCell and MatureCell and PhotosyntheticCell and SclerenchymaCell, \nTrue
PlantCell SubClassOf Miocyte, True
PlantCell SubClassOf Cell and CellByClass and CirculatingCell and Erythrocyte and LeafCell and MatureCell and Miocyte and PhotosyntheticCell and SclerenchymaCell, \nTrue
PlantCell SubClassOf InMatureCell, True
PlantCell SubClassOf Cell and CellByClass and CirculatingCell and Erythrocyte and InMatureCell and LeafCell and MatureCell and Miocyte and PhotosyntheticCell and SclerenchymaCell, \nTrue
PlantCell SubClassOf Osteocyte, True
PlantCell SubClassOf Cell and CellByClass and CirculatingCell and Erythrocyte and InMatureCell and LeafCell and MatureCell and Miocyte and Osteocyte and PhotosyntheticCell and SclerenchymaCell, \nTrue
PlantCell SubClassOf ChondroBlast, True
PlantCell SubClassOf Cell and CellByClass and ChondroBlast and CirculatingCell and Erythrocyte and InMatureCell and LeafCell and MatureCell and Miocyte and Osteocyte and PhotosyntheticCell and SclerenchymaCell, \nTrue
PlantCell SubClassOf MioBlast, True
PlantCell SubClassOf Cell and CellByClass and ChondroBlast and CirculatingCell and Erythrocyte and InMatureCell and LeafCell and MatureCell and MioBlast and Miocyte and Osteocyte and PhotosyntheticCell and SclerenchymaCell, \nTrue
PlantCell SubClassOf CellByDevelopmentStage, True
PlantCell SubClassOf Cell and CellByClass and CellByDevelopmentStage and ChondroBlast and CirculatingCell and Erythrocyte and InMatureCell and LeafCell and MatureCell and MioBlast and Miocyte and Osteocyte and PhotosyntheticCell and SclerenchymaCell, \nTrue
PlantCell SubClassOf PhotoreceptorCell, True
PlantCell SubClassOf Cell and CellByClass and CellByDevelopmentStage and ChondroBlast and CirculatingCell and Erythrocyte and InMatureCell and LeafCell and MatureCell and MioBlast and Miocyte and Osteocyte and PhotoreceptorCell and PhotosyntheticCell and SclerenchymaCell, \nTrue
PlantCell SubClassOf CellByOrganism, True
PlantCell SubClassOf Cell and CellByClass and CellByDevelopmentStage and CellByOrganism and ChondroBlast and CirculatingCell and Erythrocyte and InMatureCell and LeafCell and MatureCell and MioBlast and Miocyte and Osteocyte and PhotoreceptorCell and PhotosyntheticCell and SclerenchymaCell, \nTrue
PlantCell SubClassOf ElectricallyActiveCell, True
PlantCell SubClassOf Cell and CellByClass and CellByDevelopmentStage and CellByOrganism and ChondroBlast and CirculatingCell and ElectricallyActiveCell and Erythrocyte and InMatureCell and LeafCell and MatureCell and MioBlast and Miocyte and Osteocyte and PhotoreceptorCell and PhotosyntheticCell and SclerenchymaCell, \nTrue
PlantCell SubClassOf StructuralCell, True
PlantCell SubClassOf Cell and CellByClass and CellByDevelopmentStage and CellByOrganism and ChondroBlast and CirculatingCell and ElectricallyActiveCell and Erythrocyte and InMatureCell and LeafCell and MatureCell and MioBlast and Miocyte and Osteocyte and PhotoreceptorCell and PhotosyntheticCell and SclerenchymaCell and StructuralCell, \nTrue
PlantCell SubClassOf Neuron, False.
PlantCell SubClassOf ChondroCyte, True
PlantCell SubClassOf Cell and CellByClass and CellByDevelopmentStage and CellByOrganism and ChondroBlast and ChondroCyte and CirculatingCell and ElectricallyActiveCell and Erythrocyte and InMatureCell and LeafCell and MatureCell and MioBlast and Miocyte and Osteocyte and PhotoreceptorCell and PhotosyntheticCell and SclerenchymaCell and StructuralCell, \nTrue
MatureCell and MioBlast SubClassOf CirculatingCell, True
MatureCell and MioBlast SubClassOf SclerenchymaCell, True
MioBlast SubClassOf SclerenchymaCell, True
MioBlast SubClassOf LeafCell, True
MioBlast SubClassOf LeafCell and SclerenchymaCell, \nTrue
MioBlast SubClassOf Erythrocyte, True
MioBlast SubClassOf Erythrocyte and LeafCell and SclerenchymaCell, \nFalse
MioBlast SubClassOf PhotosyntheticCell, True
MioBlast SubClassOf LeafCell and PhotosyntheticCell and SclerenchymaCell, True
MioBlast SubClassOf CirculatingCell, True
MioBlast SubClassOf CirculatingCell and LeafCell and PhotosyntheticCell and SclerenchymaCell, \nTrue
MioBlast SubClassOf PlantCell, \nTrue
MioBlast SubClassOf CirculatingCell and LeafCell and PhotosyntheticCell and PlantCell and SclerenchymaCell, True
MioBlast SubClassOf CellByClass, True
MioBlast SubClassOf CellByClass and CirculatingCell and LeafCell and PhotosyntheticCell and PlantCell and SclerenchymaCell, \nTrue
MioBlast SubClassOf MatureCell, True
MioBlast SubClassOf CellByClass and CirculatingCell and LeafCell and MatureCell and PhotosyntheticCell and PlantCell and SclerenchymaCell, \nTrue
MioBlast SubClassOf AnimalCell, True
MioBlast SubClassOf AnimalCell and CellByClass and CirculatingCell and LeafCell and MatureCell and PhotosyntheticCell and PlantCell and SclerenchymaCell, \nTrue
MioBlast SubClassOf Cell, True
MioBlast SubClassOf AnimalCell and Cell and CellByClass and CirculatingCell and LeafCell and MatureCell and PhotosyntheticCell and PlantCell and SclerenchymaCell, \nTrue
MioBlast SubClassOf Miocyte, True
MioBlast SubClassOf AnimalCell and Cell and CellByClass and CirculatingCell and LeafCell and MatureCell and Miocyte and PhotosyntheticCell and PlantCell and SclerenchymaCell, \nTrue
MioBlast SubClassOf InMatureCell, True
MioBlast SubClassOf AnimalCell and Cell and CellByClass and CirculatingCell and InMatureCell and LeafCell and MatureCell and Miocyte and PhotosyntheticCell and PlantCell and SclerenchymaCell, \nTrue
MioBlast SubClassOf Osteocyte, True
MioBlast SubClassOf AnimalCell and Cell and CellByClass and CirculatingCell and InMatureCell and LeafCell and MatureCell and Miocyte and Osteocyte and PhotosyntheticCell and PlantCell and SclerenchymaCell, \nTrue
MioBlast SubClassOf ChondroBlast, True
MioBlast SubClassOf AnimalCell and Cell and CellByClass and ChondroBlast and CirculatingCell and InMatureCell and LeafCell and MatureCell and Miocyte and Osteocyte and PhotosyntheticCell and PlantCell and SclerenchymaCell, \nTrue
MioBlast SubClassOf CellByDevelopmentStage, True
MioBlast SubClassOf AnimalCell and Cell and CellByClass and CellByDevelopmentStage and ChondroBlast and CirculatingCell and InMatureCell and LeafCell and MatureCell and Miocyte and Osteocyte and PhotosyntheticCell and PlantCell and SclerenchymaCell, \nTrue
MioBlast SubClassOf PhotoreceptorCell, \nFalse
MioBlast SubClassOf CellByOrganism, True
MioBlast SubClassOf AnimalCell and Cell and CellByClass and CellByDevelopmentStage and CellByOrganism and ChondroBlast and CirculatingCell and InMatureCell and LeafCell and MatureCell and Miocyte and Osteocyte and PhotosyntheticCell and PlantCell and SclerenchymaCell, \nTrue
MioBlast SubClassOf ElectricallyActiveCell, True
MioBlast SubClassOf AnimalCell and Cell and CellByClass and CellByDevelopmentStage and CellByOrganism and ChondroBlast and CirculatingCell and ElectricallyActiveCell and InMatureCell and LeafCell and MatureCell and Miocyte and Osteocyte and PhotosyntheticCell and PlantCell and SclerenchymaCell, \nTrue
MioBlast SubClassOf StructuralCell, True
MioBlast SubClassOf AnimalCell and Cell and CellByClass and CellByDevelopmentStage and CellByOrganism and ChondroBlast and CirculatingCell and ElectricallyActiveCell and InMatureCell and LeafCell and MatureCell and Miocyte and Osteocyte and PhotosyntheticCell and PlantCell and SclerenchymaCell and StructuralCell, \nTrue
MioBlast SubClassOf Neuron, True
MioBlast SubClassOf AnimalCell and Cell and CellByClass and CellByDevelopmentStage and CellByOrganism and ChondroBlast and CirculatingCell and ElectricallyActiveCell and InMatureCell and LeafCell and MatureCell and Miocyte and Neuron and Osteocyte and PhotosyntheticCell and PlantCell and SclerenchymaCell and StructuralCell, \nTrue
MioBlast SubClassOf ChondroCyte, True
MioBlast SubClassOf AnimalCell and Cell and CellByClass and CellByDevelopmentStage and CellByOrganism and ChondroBlast and ChondroCyte and CirculatingCell and ElectricallyActiveCell and InMatureCell and LeafCell and MatureCell and Miocyte and Neuron and Osteocyte and PhotosyntheticCell and PlantCell and SclerenchymaCell and StructuralCell, \nTrue
MioBlast SubClassOf AnimalCell and Cell and CellByClass and CellByDevelopmentStage and CellByOrganism and ChondroBlast and ChondroCyte and CirculatingCell and ElectricallyActiveCell and Erythrocyte and InMatureCell and LeafCell and MatureCell and Miocyte and Neuron and Osteocyte and PhotosyntheticCell and PlantCell and SclerenchymaCell and StructuralCell, \nTrue
Erythrocyte and StructuralCell SubClassOf CirculatingCell, True
Erythrocyte and StructuralCell SubClassOf SclerenchymaCell, True
Erythrocyte SubClassOf SclerenchymaCell, True
Erythrocyte SubClassOf LeafCell, False
Erythrocyte SubClassOf PhotosyntheticCell, True
Erythrocyte SubClassOf PhotosyntheticCell and SclerenchymaCell, \nFalse
Erythrocyte SubClassOf CirculatingCell, True
Erythrocyte SubClassOf CirculatingCell and SclerenchymaCell, \nTrue
Erythrocyte SubClassOf PlantCell, True
Erythrocyte SubClassOf CirculatingCell and PlantCell and SclerenchymaCell, \nFalse
Erythrocyte SubClassOf CellByClass, True
Erythrocyte SubClassOf CellByClass and CirculatingCell and SclerenchymaCell, \nTrue
Erythrocyte SubClassOf MatureCell, True
Erythrocyte SubClassOf CellByClass and CirculatingCell and MatureCell and SclerenchymaCell, \nTrue
Erythrocyte SubClassOf AnimalCell, True
Erythrocyte SubClassOf AnimalCell and CellByClass and CirculatingCell and MatureCell and SclerenchymaCell, \nTrue
Erythrocyte SubClassOf Cell, True
Erythrocyte SubClassOf AnimalCell and Cell and CellByClass and CirculatingCell and MatureCell and SclerenchymaCell, \nTrue
Erythrocyte SubClassOf Miocyte, True
Erythrocyte SubClassOf AnimalCell and Cell and CellByClass and CirculatingCell and MatureCell and Miocyte and SclerenchymaCell, \nTrue
Erythrocyte SubClassOf InMatureCell, True
Erythrocyte SubClassOf AnimalCell and Cell and CellByClass and CirculatingCell and InMatureCell and MatureCell and Miocyte and SclerenchymaCell, \nTrue
Erythrocyte SubClassOf Osteocyte, True
Erythrocyte SubClassOf AnimalCell and Cell and CellByClass and CirculatingCell and InMatureCell and MatureCell and Miocyte and Osteocyte and SclerenchymaCell, \nTrue
Erythrocyte SubClassOf ChondroBlast, True
Erythrocyte SubClassOf AnimalCell and Cell and CellByClass and ChondroBlast and CirculatingCell and InMatureCell and MatureCell and Miocyte and Osteocyte and SclerenchymaCell, \nTrue
Erythrocyte SubClassOf MioBlast, True
Erythrocyte SubClassOf AnimalCell and Cell and CellByClass and ChondroBlast and CirculatingCell and InMatureCell and MatureCell and MioBlast and Miocyte and Osteocyte and SclerenchymaCell, \nTrue
Erythrocyte SubClassOf CellByDevelopmentStage, True
Erythrocyte SubClassOf AnimalCell and Cell and CellByClass and CellByDevelopmentStage and ChondroBlast and CirculatingCell and InMatureCell and MatureCell and MioBlast and Miocyte and Osteocyte and SclerenchymaCell, \nHere
Erythrocyte SubClassOf PhotoreceptorCell, True
Erythrocyte SubClassOf AnimalCell and Cell and CellByClass and ChondroBlast and CirculatingCell and InMatureCell and MatureCell and MioBlast and Miocyte and Osteocyte and PhotoreceptorCell and SclerenchymaCell, \nTrue
Erythrocyte SubClassOf CellByOrganism, True
Erythrocyte SubClassOf AnimalCell and Cell and CellByClass and CellByOrganism and ChondroBlast and CirculatingCell and InMatureCell and MatureCell and MioBlast and Miocyte and Osteocyte and PhotoreceptorCell and SclerenchymaCell, \nTrue
Erythrocyte SubClassOf ElectricallyActiveCell, True
Erythrocyte SubClassOf AnimalCell and Cell and CellByClass and CellByOrganism and ChondroBlast and CirculatingCell and ElectricallyActiveCell and InMatureCell and MatureCell and MioBlast and Miocyte and Osteocyte and PhotoreceptorCell and SclerenchymaCell, \nTrue
Erythrocyte SubClassOf StructuralCell, True
Erythrocyte SubClassOf AnimalCell and Cell and CellByClass and CellByOrganism and ChondroBlast and CirculatingCell and ElectricallyActiveCell and InMatureCell and MatureCell and MioBlast and Miocyte and Osteocyte and PhotoreceptorCell and SclerenchymaCell and StructuralCell, \nHere
Erythrocyte SubClassOf Neuron, False
Erythrocyte SubClassOf ChondroCyte, True
Erythrocyte SubClassOf AnimalCell and Cell and CellByClass and CellByOrganism and ChondroBlast and ChondroCyte and CirculatingCell and ElectricallyActiveCell and InMatureCell and MatureCell and MioBlast and Miocyte and Osteocyte and PhotoreceptorCell and SclerenchymaCell, \nTrue
Erythrocyte SubClassOf AnimalCell and Cell and CellByClass and CellByOrganism and ChondroBlast and ChondroCyte and CirculatingCell and ElectricallyActiveCell and InMatureCell and MatureCell and MioBlast and Miocyte and Osteocyte and PhotoreceptorCell and PhotosyntheticCell and SclerenchymaCell, \nTrue
Erythrocyte SubClassOf AnimalCell and Cell and CellByClass and CellByOrganism and ChondroBlast and ChondroCyte and CirculatingCell and ElectricallyActiveCell and InMatureCell and MatureCell and MioBlast and Miocyte and Osteocyte and PhotoreceptorCell and PhotosyntheticCell and PlantCell and SclerenchymaCell, \nTrue
Erythrocyte SubClassOf AnimalCell and Cell and CellByClass and CellByDevelopmentStage and CellByOrganism and ChondroBlast and ChondroCyte and CirculatingCell and ElectricallyActiveCell and InMatureCell and MatureCell and MioBlast and Miocyte and Osteocyte and PhotoreceptorCell and PhotosyntheticCell and PlantCell and SclerenchymaCell, \nHere
Erythrocyte SubClassOf AnimalCell and Cell and CellByClass and CellByOrganism and ChondroBlast and ChondroCyte and CirculatingCell and ElectricallyActiveCell and InMatureCell and MatureCell and MioBlast and Miocyte and Osteocyte and PhotoreceptorCell and PhotosyntheticCell and PlantCell and SclerenchymaCell and StructuralCell, \nTrue
AnimalCell SubClassOf Cell, True
AnimalCell SubClassOf SclerenchymaCell, True
AnimalCell SubClassOf LeafCell, True
AnimalCell SubClassOf LeafCell and SclerenchymaCell, True
AnimalCell SubClassOf Erythrocyte, True
AnimalCell SubClassOf Erythrocyte and LeafCell and SclerenchymaCell, True
AnimalCell SubClassOf PhotosyntheticCell, True
AnimalCell SubClassOf Erythrocyte and LeafCell and PhotosyntheticCell and SclerenchymaCell, \nTrue
AnimalCell SubClassOf CirculatingCell, True
AnimalCell SubClassOf CirculatingCell and Erythrocyte and LeafCell and PhotosyntheticCell and SclerenchymaCell, \nTrue
AnimalCell SubClassOf PlantCell, True
AnimalCell SubClassOf CirculatingCell and Erythrocyte and LeafCell and PhotosyntheticCell and PlantCell and SclerenchymaCell, \nTrue
AnimalCell SubClassOf CellByClass, True
AnimalCell SubClassOf CellByClass and CirculatingCell and Erythrocyte and LeafCell and PhotosyntheticCell and PlantCell and SclerenchymaCell, \nTrue
AnimalCell SubClassOf MatureCell, True
AnimalCell SubClassOf CellByClass and CirculatingCell and Erythrocyte and LeafCell and MatureCell and PhotosyntheticCell and PlantCell and SclerenchymaCell, \nTrue
AnimalCell SubClassOf Cell and CellByClass and CirculatingCell and Erythrocyte and LeafCell and MatureCell and PhotosyntheticCell and PlantCell and SclerenchymaCell, \nTrue
AnimalCell SubClassOf Miocyte, True
AnimalCell SubClassOf Cell and CellByClass and CirculatingCell and Erythrocyte and LeafCell and MatureCell and Miocyte and PhotosyntheticCell and PlantCell and SclerenchymaCell, \nTrue
AnimalCell SubClassOf InMatureCell, True
AnimalCell SubClassOf Cell and CellByClass and CirculatingCell and Erythrocyte and InMatureCell and LeafCell and MatureCell and Miocyte and PhotosyntheticCell and PlantCell and SclerenchymaCell, \nTrue
AnimalCell SubClassOf Osteocyte, True
AnimalCell SubClassOf Cell and CellByClass and CirculatingCell and Erythrocyte and InMatureCell and LeafCell and MatureCell and Miocyte and Osteocyte and PhotosyntheticCell and PlantCell and SclerenchymaCell, \nTrue
AnimalCell SubClassOf ChondroBlast, True
AnimalCell SubClassOf Cell and CellByClass and ChondroBlast and CirculatingCell and Erythrocyte and InMatureCell and LeafCell and MatureCell and Miocyte and Osteocyte and PhotosyntheticCell and PlantCell and SclerenchymaCell, \nTrue
AnimalCell SubClassOf MioBlast, True
AnimalCell SubClassOf Cell and CellByClass and ChondroBlast and CirculatingCell and Erythrocyte and InMatureCell and LeafCell and MatureCell and MioBlast and Miocyte and Osteocyte and PhotosyntheticCell and PlantCell and SclerenchymaCell, \nTrue
AnimalCell SubClassOf CellByDevelopmentStage, True
AnimalCell SubClassOf Cell and CellByClass and CellByDevelopmentStage and ChondroBlast and CirculatingCell and Erythrocyte and InMatureCell and LeafCell and MatureCell and MioBlast and Miocyte and Osteocyte and PhotosyntheticCell and PlantCell and SclerenchymaCell, \nTrue
AnimalCell SubClassOf PhotoreceptorCell, True
AnimalCell SubClassOf Cell and CellByClass and CellByDevelopmentStage and ChondroBlast and CirculatingCell and Erythrocyte and InMatureCell and LeafCell and MatureCell and MioBlast and Miocyte and Osteocyte and PhotoreceptorCell and PhotosyntheticCell and PlantCell and SclerenchymaCell, \nTrue
AnimalCell SubClassOf CellByOrganism, True
AnimalCell SubClassOf Cell and CellByClass and CellByDevelopmentStage and CellByOrganism and ChondroBlast and CirculatingCell and Erythrocyte and InMatureCell and LeafCell and MatureCell and MioBlast and Miocyte and Osteocyte and PhotoreceptorCell and PhotosyntheticCell and PlantCell and SclerenchymaCell, \nTrue
AnimalCell SubClassOf ElectricallyActiveCell, True
AnimalCell SubClassOf Cell and CellByClass and CellByDevelopmentStage and CellByOrganism and ChondroBlast and CirculatingCell and ElectricallyActiveCell and Erythrocyte and InMatureCell and LeafCell and MatureCell and MioBlast and Miocyte and Osteocyte and PhotoreceptorCell and PhotosyntheticCell and PlantCell and SclerenchymaCell, \nHere
AnimalCell SubClassOf StructuralCell, True
AnimalCell SubClassOf Cell and CellByClass and CellByDevelopmentStage and CellByOrganism and ChondroBlast and CirculatingCell and Erythrocyte and InMatureCell and LeafCell and MatureCell and MioBlast and Miocyte and Osteocyte and PhotoreceptorCell and PhotosyntheticCell and PlantCell and SclerenchymaCell and StructuralCell, \nTrue
AnimalCell SubClassOf Neuron, True
AnimalCell SubClassOf Cell and CellByClass and CellByDevelopmentStage and CellByOrganism and ChondroBlast and CirculatingCell and Erythrocyte and InMatureCell and LeafCell and MatureCell and MioBlast and Miocyte and Neuron and Osteocyte and PhotoreceptorCell and PhotosyntheticCell and PlantCell and SclerenchymaCell and StructuralCell, \nTrue
AnimalCell SubClassOf ChondroCyte, True
AnimalCell SubClassOf Cell and CellByClass and CellByDevelopmentStage and CellByOrganism and ChondroBlast and ChondroCyte and CirculatingCell and Erythrocyte and InMatureCell and LeafCell and MatureCell and MioBlast and Miocyte and Neuron and Osteocyte and PhotoreceptorCell and PhotosyntheticCell and PlantCell and SclerenchymaCell and StructuralCell, True or
AnimalCell SubClassOf Cell and CellByClass and CellByDevelopmentStage and CellByOrganism and ChondroBlast and CirculatingCell and ElectricallyActiveCell and Erythrocyte and InMatureCell and LeafCell and MatureCell and MioBlast and Miocyte and Neuron and Osteocyte and PhotoreceptorCell and PhotosyntheticCell and PlantCell and SclerenchymaCell and StructuralCell, \nTrue
AnimalCell SubClassOf Cell and CellByClass and CellByDevelopmentStage and CellByOrganism and ChondroBlast and ChondroCyte and CirculatingCell and ElectricallyActiveCell and Erythrocyte and InMatureCell and LeafCell and MatureCell and MioBlast and Miocyte and Neuron and Osteocyte and PhotoreceptorCell and PhotosyntheticCell and PlantCell and SclerenchymaCell and StructuralCell, \nTrue
CellByDevelopmentStage and PhotoreceptorCell SubClassOf MatureCell, \nTrue
CellByDevelopmentStage and PhotoreceptorCell SubClassOf SclerenchymaCell, \nTrue
CellByDevelopmentStage SubClassOf SclerenchymaCell, \nTrue
CellByDevelopmentStage SubClassOf LeafCell, True
CellByDevelopmentStage SubClassOf LeafCell and SclerenchymaCell, True
CellByDevelopmentStage SubClassOf Erythrocyte, True
CellByDevelopmentStage SubClassOf Erythrocyte and LeafCell and SclerenchymaCell, \nTrue
CellByDevelopmentStage SubClassOf PhotosyntheticCell, True
CellByDevelopmentStage SubClassOf Erythrocyte and LeafCell and PhotosyntheticCell and SclerenchymaCell, \nTrue
CellByDevelopmentStage SubClassOf CirculatingCell, True
CellByDevelopmentStage SubClassOf CirculatingCell and Erythrocyte and LeafCell and PhotosyntheticCell and SclerenchymaCell, \nTrue
CellByDevelopmentStage SubClassOf PlantCell, True
CellByDevelopmentStage SubClassOf CirculatingCell and Erythrocyte and LeafCell and PhotosyntheticCell and PlantCell and SclerenchymaCell, \nTrue
CellByDevelopmentStage SubClassOf CellByClass, True
CellByDevelopmentStage SubClassOf CellByClass and CirculatingCell and Erythrocyte and LeafCell and PhotosyntheticCell and PlantCell and SclerenchymaCell, \nTrue
CellByDevelopmentStage SubClassOf MatureCell, True
CellByDevelopmentStage SubClassOf CellByClass and CirculatingCell and Erythrocyte and LeafCell and MatureCell and PhotosyntheticCell and PlantCell and SclerenchymaCell, \nTrue
CellByDevelopmentStage SubClassOf AnimalCell, True
CellByDevelopmentStage SubClassOf AnimalCell and CellByClass and CirculatingCell and Erythrocyte and LeafCell and MatureCell and PhotosyntheticCell and PlantCell and SclerenchymaCell, \nTrue
CellByDevelopmentStage SubClassOf Cell, True
CellByDevelopmentStage SubClassOf AnimalCell and Cell and CellByClass and CirculatingCell and Erythrocyte and LeafCell and MatureCell and PhotosyntheticCell and PlantCell and SclerenchymaCell, \nTrue
CellByDevelopmentStage SubClassOf Miocyte, True
CellByDevelopmentStage SubClassOf AnimalCell and Cell and CellByClass and CirculatingCell and Erythrocyte and LeafCell and MatureCell and Miocyte and PhotosyntheticCell and PlantCell and SclerenchymaCell, \nTrue
CellByDevelopmentStage SubClassOf InMatureCell, True
CellByDevelopmentStage SubClassOf AnimalCell and Cell and CellByClass and CirculatingCell and Erythrocyte and InMatureCell and LeafCell and MatureCell and Miocyte and PhotosyntheticCell and PlantCell and SclerenchymaCell, \nTrue
CellByDevelopmentStage SubClassOf Osteocyte, True
CellByDevelopmentStage SubClassOf AnimalCell and Cell and CellByClass and CirculatingCell and Erythrocyte and InMatureCell and LeafCell and MatureCell and Miocyte and Osteocyte and PhotosyntheticCell and PlantCell and SclerenchymaCell, \nTrue
CellByDevelopmentStage SubClassOf ChondroBlast, \nTrue
CellByDevelopmentStage SubClassOf AnimalCell and Cell and CellByClass and ChondroBlast and CirculatingCell and Erythrocyte and InMatureCell and LeafCell and MatureCell and Miocyte and Osteocyte and PhotosyntheticCell and PlantCell and SclerenchymaCell, \nTrue
CellByDevelopmentStage SubClassOf MioBlast, True
CellByDevelopmentStage SubClassOf AnimalCell and Cell and CellByClass and ChondroBlast and CirculatingCell and Erythrocyte and InMatureCell and LeafCell and MatureCell and MioBlast and Miocyte and Osteocyte and PhotosyntheticCell and PlantCell and SclerenchymaCell, \nTrue
CellByDevelopmentStage SubClassOf PhotoreceptorCell, True
CellByDevelopmentStage SubClassOf AnimalCell and Cell and CellByClass and ChondroBlast and CirculatingCell and Erythrocyte and InMatureCell and LeafCell and MatureCell and MioBlast and Miocyte and Osteocyte and PhotoreceptorCell and PhotosyntheticCell and PlantCell and SclerenchymaCell, \nTrue
CellByDevelopmentStage SubClassOf CellByOrganism, True
CellByDevelopmentStage SubClassOf AnimalCell and Cell and CellByClass and CellByOrganism and ChondroBlast and CirculatingCell and Erythrocyte and InMatureCell and LeafCell and MatureCell and MioBlast and Miocyte and Osteocyte and PhotoreceptorCell and PhotosyntheticCell and PlantCell and SclerenchymaCell, \nTrue
CellByDevelopmentStage SubClassOf ElectricallyActiveCell, True
CellByDevelopmentStage SubClassOf AnimalCell and Cell and CellByClass and CellByOrganism and ChondroBlast and CirculatingCell and ElectricallyActiveCell and Erythrocyte and InMatureCell and LeafCell and MatureCell and MioBlast and Miocyte and Osteocyte and PhotoreceptorCell and PhotosyntheticCell and PlantCell and SclerenchymaCell, \nTrue
CellByDevelopmentStage SubClassOf StructuralCell, True
CellByDevelopmentStage SubClassOf AnimalCell and Cell and CellByClass and CellByOrganism and ChondroBlast and CirculatingCell and ElectricallyActiveCell and Erythrocyte and InMatureCell and LeafCell and MatureCell and MioBlast and Miocyte and Osteocyte and PhotoreceptorCell and PhotosyntheticCell and PlantCell and SclerenchymaCell and StructuralCell, \nTrue
CellByDevelopmentStage SubClassOf Neuron, True
CellByDevelopmentStage SubClassOf AnimalCell and Cell and CellByClass and CellByOrganism and ChondroBlast and CirculatingCell and ElectricallyActiveCell and Erythrocyte and InMatureCell and LeafCell and MatureCell and MioBlast and Miocyte and Neuron and Osteocyte and PhotoreceptorCell and PhotosyntheticCell and PlantCell and SclerenchymaCell and StructuralCell, \nTrue
CellByDevelopmentStage SubClassOf ChondroCyte, True
CellByDevelopmentStage SubClassOf AnimalCell and Cell and CellByClass and CellByOrganism and ChondroBlast and ChondroCyte and CirculatingCell and ElectricallyActiveCell and Erythrocyte and InMatureCell and LeafCell and MatureCell and MioBlast and Miocyte and Neuron and Osteocyte and PhotoreceptorCell and PhotosyntheticCell and PlantCell and SclerenchymaCell and StructuralCell, \nTrue
StructuralCell SubClassOf PlantCell, True
StructuralCell SubClassOf SclerenchymaCell, True
StructuralCell SubClassOf LeafCell, True
StructuralCell SubClassOf LeafCell and SclerenchymaCell, True
StructuralCell SubClassOf Erythrocyte, True
StructuralCell SubClassOf Erythrocyte and LeafCell and SclerenchymaCell, \nTrue
StructuralCell SubClassOf PhotosyntheticCell, True
StructuralCell SubClassOf Erythrocyte and LeafCell and PhotosyntheticCell and SclerenchymaCell, \nTrue
StructuralCell SubClassOf CirculatingCell, True
StructuralCell SubClassOf CirculatingCell and Erythrocyte and LeafCell and PhotosyntheticCell and SclerenchymaCell, \nTrue
StructuralCell SubClassOf CirculatingCell and Erythrocyte and LeafCell and PhotosyntheticCell and PlantCell and SclerenchymaCell, \nTrue
StructuralCell SubClassOf CellByClass, True
StructuralCell SubClassOf CellByClass and CirculatingCell and Erythrocyte and LeafCell and PhotosyntheticCell and PlantCell and SclerenchymaCell, \nTrue
StructuralCell SubClassOf MatureCell, True
StructuralCell SubClassOf CellByClass and CirculatingCell and Erythrocyte and LeafCell and MatureCell and PhotosyntheticCell and PlantCell and SclerenchymaCell, \nTrue
StructuralCell SubClassOf AnimalCell, True
StructuralCell SubClassOf AnimalCell and CellByClass and CirculatingCell and Erythrocyte and LeafCell and MatureCell and PhotosyntheticCell and PlantCell and SclerenchymaCell, \nTrue
StructuralCell SubClassOf Cell, True
StructuralCell SubClassOf AnimalCell and Cell and CellByClass and CirculatingCell and Erythrocyte and LeafCell and MatureCell and PhotosyntheticCell and PlantCell and SclerenchymaCell, \nTrue
StructuralCell SubClassOf Miocyte, True
StructuralCell SubClassOf AnimalCell and Cell and CellByClass and CirculatingCell and Erythrocyte and LeafCell and MatureCell and Miocyte and PhotosyntheticCell and PlantCell and SclerenchymaCell, \nTrue
StructuralCell SubClassOf InMatureCell, True
StructuralCell SubClassOf AnimalCell and Cell and CellByClass and CirculatingCell and Erythrocyte and InMatureCell and LeafCell and MatureCell and Miocyte and PhotosyntheticCell and PlantCell and SclerenchymaCell, \nTrue
StructuralCell SubClassOf Osteocyte, True
StructuralCell SubClassOf AnimalCell and Cell and CellByClass and CirculatingCell and Erythrocyte and InMatureCell and LeafCell and MatureCell and Miocyte and Osteocyte and PhotosyntheticCell and PlantCell and SclerenchymaCell, \nTrue
StructuralCell SubClassOf ChondroBlast, True
StructuralCell SubClassOf AnimalCell and Cell and CellByClass and ChondroBlast and CirculatingCell and Erythrocyte and InMatureCell and LeafCell and MatureCell and Miocyte and Osteocyte and PhotosyntheticCell and PlantCell and SclerenchymaCell, \nHere
StructuralCell SubClassOf MioBlast, True
StructuralCell SubClassOf AnimalCell and Cell and CellByClass and CirculatingCell and Erythrocyte and InMatureCell and LeafCell and MatureCell and MioBlast and Miocyte and Osteocyte and PhotosyntheticCell and PlantCell and SclerenchymaCell, \nTrue
StructuralCell SubClassOf CellByDevelopmentStage, True
StructuralCell SubClassOf AnimalCell and Cell and CellByClass and CellByDevelopmentStage and CirculatingCell and Erythrocyte and InMatureCell and LeafCell and MatureCell and MioBlast and Miocyte and Osteocyte and PhotosyntheticCell and PlantCell and SclerenchymaCell, \nTrue
StructuralCell SubClassOf PhotoreceptorCell, True
StructuralCell SubClassOf AnimalCell and Cell and CellByClass and CellByDevelopmentStage and CirculatingCell and Erythrocyte and InMatureCell and LeafCell and MatureCell and MioBlast and Miocyte and Osteocyte and PhotoreceptorCell and PhotosyntheticCell and PlantCell and SclerenchymaCell, \nHere
StructuralCell SubClassOf CellByOrganism, True
StructuralCell SubClassOf AnimalCell and Cell and CellByClass and CellByDevelopmentStage and CellByOrganism and CirculatingCell and Erythrocyte and InMatureCell and LeafCell and MatureCell and MioBlast and Miocyte and Osteocyte and PhotosyntheticCell and PlantCell and SclerenchymaCell, \nTrue
StructuralCell SubClassOf ElectricallyActiveCell, True
StructuralCell SubClassOf AnimalCell and Cell and CellByClass and CellByDevelopmentStage and CellByOrganism and CirculatingCell and ElectricallyActiveCell and Erythrocyte and InMatureCell and LeafCell and MatureCell and MioBlast and Miocyte and Osteocyte and PhotosyntheticCell and PlantCell and SclerenchymaCell, \nTrue
StructuralCell SubClassOf Neuron, True
StructuralCell SubClassOf AnimalCell and Cell and CellByClass and CellByDevelopmentStage and CellByOrganism and CirculatingCell and ElectricallyActiveCell and Erythrocyte and InMatureCell and LeafCell and MatureCell and MioBlast and Miocyte and Neuron and Osteocyte and PhotosyntheticCell and PlantCell and SclerenchymaCell, \nHere
StructuralCell SubClassOf ChondroCyte, True
StructuralCell SubClassOf AnimalCell and Cell and CellByClass and CellByDevelopmentStage and CellByOrganism and ChondroCyte and CirculatingCell and ElectricallyActiveCell and Erythrocyte and InMatureCell and LeafCell and MatureCell and MioBlast and Miocyte and Osteocyte and PhotosyntheticCell and PlantCell and SclerenchymaCell, \nTrue
StructuralCell SubClassOf AnimalCell and Cell and CellByClass and CellByDevelopmentStage and CellByOrganism and ChondroBlast and ChondroCyte and CirculatingCell and ElectricallyActiveCell and Erythrocyte and InMatureCell and LeafCell and MatureCell and MioBlast and Miocyte and Osteocyte and PhotosyntheticCell and PlantCell and SclerenchymaCell, \nTrue
StructuralCell SubClassOf AnimalCell and Cell and CellByClass and CellByDevelopmentStage and CellByOrganism and ChondroBlast and ChondroCyte and CirculatingCell and ElectricallyActiveCell and Erythrocyte and InMatureCell and LeafCell and MatureCell and MioBlast and Miocyte and Osteocyte and PhotoreceptorCell and PhotosyntheticCell and PlantCell and SclerenchymaCell, \nTrue
StructuralCell SubClassOf AnimalCell and Cell and CellByClass and CellByDevelopmentStage and CellByOrganism and ChondroBlast and ChondroCyte and CirculatingCell and ElectricallyActiveCell and Erythrocyte and InMatureCell and LeafCell and MatureCell and MioBlast and Miocyte and Neuron and Osteocyte and PhotoreceptorCell and PhotosyntheticCell and PlantCell and SclerenchymaCell, \nTrue
CirculatingCell and Neuron SubClassOf PhotosyntheticCell, \nFalse
PhotoreceptorCell and PhotosyntheticCell SubClassOf StructuralCell, True
PhotoreceptorCell and PhotosyntheticCell SubClassOf SclerenchymaCell, True
PhotosyntheticCell SubClassOf SclerenchymaCell, True
PhotosyntheticCell SubClassOf LeafCell, True
PhotosyntheticCell SubClassOf LeafCell and SclerenchymaCell, \nTrue
PhotosyntheticCell SubClassOf Erythrocyte, True
PhotosyntheticCell SubClassOf Erythrocyte and LeafCell and SclerenchymaCell, \nTrue
PhotosyntheticCell SubClassOf CirculatingCell, True
PhotosyntheticCell SubClassOf CirculatingCell and Erythrocyte and LeafCell and SclerenchymaCell, \nTrue
PhotosyntheticCell SubClassOf PlantCell, True
PhotosyntheticCell SubClassOf CirculatingCell and Erythrocyte and LeafCell and PlantCell and SclerenchymaCell, \nTrue
PhotosyntheticCell SubClassOf CellByClass, True
PhotosyntheticCell SubClassOf CellByClass and CirculatingCell and Erythrocyte and LeafCell and PlantCell and SclerenchymaCell, \nTrue
PhotosyntheticCell SubClassOf MatureCell, True
PhotosyntheticCell SubClassOf CellByClass and CirculatingCell and Erythrocyte and LeafCell and MatureCell and PlantCell and SclerenchymaCell, \nTrue
PhotosyntheticCell SubClassOf AnimalCell, True
PhotosyntheticCell SubClassOf AnimalCell and CellByClass and CirculatingCell and Erythrocyte and LeafCell and MatureCell and PlantCell and SclerenchymaCell, \nTrue
PhotosyntheticCell SubClassOf Cell, True
PhotosyntheticCell SubClassOf AnimalCell and Cell and CellByClass and CirculatingCell and Erythrocyte and LeafCell and MatureCell and PlantCell and SclerenchymaCell, \nTrue
PhotosyntheticCell SubClassOf Miocyte, True
PhotosyntheticCell SubClassOf AnimalCell and Cell and CellByClass and CirculatingCell and Erythrocyte and LeafCell and MatureCell and Miocyte and PlantCell and SclerenchymaCell, \nTrue
PhotosyntheticCell SubClassOf InMatureCell, True
PhotosyntheticCell SubClassOf AnimalCell and Cell and CellByClass and CirculatingCell and Erythrocyte and InMatureCell and LeafCell and MatureCell and Miocyte and PlantCell and SclerenchymaCell, \nTrue
PhotosyntheticCell SubClassOf Osteocyte, False
PhotosyntheticCell SubClassOf ChondroBlast, \nFalse
PhotosyntheticCell SubClassOf MioBlast, True
PhotosyntheticCell SubClassOf AnimalCell and Cell and CellByClass and CirculatingCell and Erythrocyte and InMatureCell and LeafCell and MatureCell and MioBlast and Miocyte and PlantCell and SclerenchymaCell, \nTrue
PhotosyntheticCell SubClassOf CellByDevelopmentStage, True
PhotosyntheticCell SubClassOf AnimalCell and Cell and CellByClass and CellByDevelopmentStage and CirculatingCell and Erythrocyte and InMatureCell and LeafCell and MatureCell and MioBlast and Miocyte and PlantCell and SclerenchymaCell, \nTrue
PhotosyntheticCell SubClassOf PhotoreceptorCell, True
PhotosyntheticCell SubClassOf AnimalCell and Cell and CellByClass and CellByDevelopmentStage and CirculatingCell and Erythrocyte and InMatureCell and LeafCell and MatureCell and MioBlast and Miocyte and PhotoreceptorCell and PlantCell and SclerenchymaCell, \nTrue
PhotosyntheticCell SubClassOf CellByOrganism, True
PhotosyntheticCell SubClassOf AnimalCell and Cell and CellByClass and CellByDevelopmentStage and CellByOrganism and CirculatingCell and Erythrocyte and InMatureCell and LeafCell and MatureCell and MioBlast and Miocyte and PhotoreceptorCell and PlantCell and SclerenchymaCell, \nTrue
PhotosyntheticCell SubClassOf ElectricallyActiveCell, True
PhotosyntheticCell SubClassOf AnimalCell and Cell and CellByClass and CellByDevelopmentStage and CellByOrganism and CirculatingCell and ElectricallyActiveCell and Erythrocyte and InMatureCell and LeafCell and MatureCell and MioBlast and Miocyte and PhotoreceptorCell and PlantCell and SclerenchymaCell, \nTrue
PhotosyntheticCell SubClassOf StructuralCell, True
PhotosyntheticCell SubClassOf AnimalCell and Cell and CellByClass and CellByDevelopmentStage and CellByOrganism and CirculatingCell and ElectricallyActiveCell and Erythrocyte and InMatureCell and LeafCell and MatureCell and MioBlast and Miocyte and PhotoreceptorCell and PlantCell and SclerenchymaCell and StructuralCell, \nHere
PhotosyntheticCell SubClassOf Neuron, False
PhotosyntheticCell SubClassOf ChondroCyte, True
PhotosyntheticCell SubClassOf AnimalCell and Cell and CellByClass and CellByDevelopmentStage and CellByOrganism and ChondroCyte and CirculatingCell and ElectricallyActiveCell and Erythrocyte and InMatureCell and LeafCell and MatureCell and MioBlast and Miocyte and PhotoreceptorCell and PlantCell and SclerenchymaCell, \nHere
Neuron and PhotoreceptorCell SubClassOf Miocyte, True
Neuron and PhotoreceptorCell SubClassOf SclerenchymaCell, \nFalse
Neuron and PhotoreceptorCell SubClassOf LeafCell, True
PhotoreceptorCell SubClassOf LeafCell, True
PhotoreceptorCell SubClassOf SclerenchymaCell, \nFalse
PhotoreceptorCell SubClassOf Erythrocyte, True
PhotoreceptorCell SubClassOf Erythrocyte and LeafCell, \nFalse
PhotoreceptorCell SubClassOf PhotosyntheticCell, True
PhotoreceptorCell SubClassOf LeafCell and PhotosyntheticCell, True
PhotoreceptorCell SubClassOf CirculatingCell, \nFalse
PhotoreceptorCell SubClassOf PlantCell, True
PhotoreceptorCell SubClassOf LeafCell and PhotosyntheticCell and PlantCell, True
PhotoreceptorCell SubClassOf CellByClass, True
PhotoreceptorCell SubClassOf CellByClass and LeafCell and PhotosyntheticCell and PlantCell, \nTrue
PhotoreceptorCell SubClassOf MatureCell, True
PhotoreceptorCell SubClassOf CellByClass and LeafCell and MatureCell and PhotosyntheticCell and PlantCell, \nTrue
PhotoreceptorCell SubClassOf AnimalCell, True
PhotoreceptorCell SubClassOf AnimalCell and CellByClass and LeafCell and MatureCell and PhotosyntheticCell and PlantCell, \nTrue
PhotoreceptorCell SubClassOf Cell, True
PhotoreceptorCell SubClassOf AnimalCell and Cell and CellByClass and LeafCell and MatureCell and PhotosyntheticCell and PlantCell, \nTrue
PhotoreceptorCell SubClassOf Miocyte, True
PhotoreceptorCell SubClassOf AnimalCell and Cell and CellByClass and LeafCell and MatureCell and Miocyte and PhotosyntheticCell and PlantCell, \nTrue
PhotoreceptorCell SubClassOf InMatureCell, True
PhotoreceptorCell SubClassOf AnimalCell and Cell and CellByClass and InMatureCell and LeafCell and MatureCell and Miocyte and PhotosyntheticCell and PlantCell, \nTrue
PhotoreceptorCell SubClassOf Osteocyte, False
PhotoreceptorCell SubClassOf ChondroBlast, \nFalse
PhotoreceptorCell SubClassOf MioBlast, True
PhotoreceptorCell SubClassOf AnimalCell and Cell and CellByClass and InMatureCell and LeafCell and MatureCell and MioBlast and Miocyte and PhotosyntheticCell and PlantCell, \nTrue
PhotoreceptorCell SubClassOf CellByDevelopmentStage, True
PhotoreceptorCell SubClassOf AnimalCell and Cell and CellByClass and CellByDevelopmentStage and InMatureCell and LeafCell and MatureCell and MioBlast and Miocyte and PhotosyntheticCell and PlantCell, \nTrue
PhotoreceptorCell SubClassOf CellByOrganism, True
PhotoreceptorCell SubClassOf AnimalCell and Cell and CellByClass and CellByDevelopmentStage and CellByOrganism and InMatureCell and LeafCell and MatureCell and MioBlast and Miocyte and PhotosyntheticCell and PlantCell, \nTrue
PhotoreceptorCell SubClassOf ElectricallyActiveCell, True
PhotoreceptorCell SubClassOf AnimalCell and Cell and CellByClass and CellByDevelopmentStage and CellByOrganism and ElectricallyActiveCell and InMatureCell and LeafCell and MatureCell and MioBlast and Miocyte and PhotosyntheticCell and PlantCell, \nTrue
PhotoreceptorCell SubClassOf StructuralCell, True
PhotoreceptorCell SubClassOf AnimalCell and Cell and CellByClass and CellByDevelopmentStage and CellByOrganism and ElectricallyActiveCell and InMatureCell and LeafCell and MatureCell and MioBlast and Miocyte and PhotosyntheticCell and PlantCell and StructuralCell, \nTrue
PhotoreceptorCell SubClassOf Neuron, True
PhotoreceptorCell SubClassOf AnimalCell and Cell and CellByClass and CellByDevelopmentStage and CellByOrganism and ElectricallyActiveCell and InMatureCell and LeafCell and MatureCell and MioBlast and Miocyte and Neuron and PhotosyntheticCell and PlantCell and StructuralCell, \nTrue
PhotoreceptorCell SubClassOf ChondroCyte, True
PhotoreceptorCell SubClassOf AnimalCell and Cell and CellByClass and CellByDevelopmentStage and CellByOrganism and ChondroCyte and ElectricallyActiveCell and InMatureCell and LeafCell and MatureCell and MioBlast and Miocyte and Neuron and PhotosyntheticCell and PlantCell and StructuralCell, \nTrue
PhotoreceptorCell SubClassOf AnimalCell and Cell and CellByClass and CellByDevelopmentStage and CellByOrganism and ChondroCyte and ElectricallyActiveCell and Erythrocyte and InMatureCell and LeafCell and MatureCell and MioBlast and Miocyte and Neuron and PhotosyntheticCell and PlantCell and StructuralCell, \nTrue
CellByClass SubClassOf MioBlast, True
CellByClass SubClassOf SclerenchymaCell, True
CellByClass SubClassOf LeafCell, True
CellByClass SubClassOf LeafCell and SclerenchymaCell, \nTrue
CellByClass SubClassOf Erythrocyte, True
CellByClass SubClassOf Erythrocyte and LeafCell and SclerenchymaCell, \nTrue
CellByClass SubClassOf PhotosyntheticCell, True
CellByClass SubClassOf Erythrocyte and LeafCell and PhotosyntheticCell and SclerenchymaCell, \nTrue
CellByClass SubClassOf CirculatingCell, \nTrue
CellByClass SubClassOf CirculatingCell and Erythrocyte and LeafCell and PhotosyntheticCell and SclerenchymaCell, \nTrue
CellByClass SubClassOf PlantCell, True
CellByClass SubClassOf CirculatingCell and Erythrocyte and LeafCell and PhotosyntheticCell and PlantCell and SclerenchymaCell, \nTrue
CellByClass SubClassOf MatureCell, True
CellByClass SubClassOf CirculatingCell and Erythrocyte and LeafCell and MatureCell and PhotosyntheticCell and PlantCell and SclerenchymaCell, \nTrue
CellByClass SubClassOf AnimalCell, True
CellByClass SubClassOf AnimalCell and CirculatingCell and Erythrocyte and LeafCell and MatureCell and PhotosyntheticCell and PlantCell and SclerenchymaCell, \nTrue
CellByClass SubClassOf Cell, True
CellByClass SubClassOf AnimalCell and Cell and CirculatingCell and Erythrocyte and LeafCell and MatureCell and PhotosyntheticCell and PlantCell and SclerenchymaCell, \nTrue
CellByClass SubClassOf Miocyte, \nTrue
CellByClass SubClassOf AnimalCell and Cell and CirculatingCell and Erythrocyte and LeafCell and MatureCell and Miocyte and PhotosyntheticCell and PlantCell and SclerenchymaCell, \nTrue
CellByClass SubClassOf InMatureCell, True
CellByClass SubClassOf AnimalCell and Cell and CirculatingCell and Erythrocyte and InMatureCell and LeafCell and MatureCell and Miocyte and PhotosyntheticCell and PlantCell and SclerenchymaCell, \nTrue
CellByClass SubClassOf Osteocyte, True
CellByClass SubClassOf AnimalCell and Cell and CirculatingCell and Erythrocyte and InMatureCell and LeafCell and MatureCell and Miocyte and Osteocyte and PhotosyntheticCell and PlantCell and SclerenchymaCell, \nTrue
CellByClass SubClassOf ChondroBlast, True
CellByClass SubClassOf AnimalCell and Cell and ChondroBlast and CirculatingCell and Erythrocyte and InMatureCell and LeafCell and MatureCell and Miocyte and Osteocyte and PhotosyntheticCell and PlantCell and SclerenchymaCell, \nTrue
CellByClass SubClassOf AnimalCell and Cell and ChondroBlast and CirculatingCell and Erythrocyte and InMatureCell and LeafCell and MatureCell and MioBlast and Miocyte and Osteocyte and PhotosyntheticCell and PlantCell and SclerenchymaCell, \nTrue
CellByClass SubClassOf CellByDevelopmentStage, True
CellByClass SubClassOf AnimalCell and Cell and CellByDevelopmentStage and ChondroBlast and CirculatingCell and Erythrocyte and InMatureCell and LeafCell and MatureCell and MioBlast and Miocyte and Osteocyte and PhotosyntheticCell and PlantCell and SclerenchymaCell, \nTrue
CellByClass SubClassOf PhotoreceptorCell, True
CellByClass SubClassOf AnimalCell and Cell and CellByDevelopmentStage and ChondroBlast and CirculatingCell and Erythrocyte and InMatureCell and LeafCell and MatureCell and MioBlast and Miocyte and Osteocyte and PhotoreceptorCell and PhotosyntheticCell and PlantCell and SclerenchymaCell, \nTrue
CellByClass SubClassOf CellByOrganism, \nTrue
CellByClass SubClassOf AnimalCell and Cell and CellByDevelopmentStage and CellByOrganism and ChondroBlast and CirculatingCell and Erythrocyte and InMatureCell and LeafCell and MatureCell and MioBlast and Miocyte and Osteocyte and PhotoreceptorCell and PhotosyntheticCell and PlantCell and SclerenchymaCell, \nTrue
CellByClass SubClassOf ElectricallyActiveCell, True
CellByClass SubClassOf AnimalCell and Cell and CellByDevelopmentStage and CellByOrganism and ChondroBlast and CirculatingCell and ElectricallyActiveCell and Erythrocyte and InMatureCell and LeafCell and MatureCell and MioBlast and Miocyte and Osteocyte and PhotoreceptorCell and PhotosyntheticCell and PlantCell and SclerenchymaCell, \nTrue
CellByClass SubClassOf StructuralCell, True
CellByClass SubClassOf AnimalCell and Cell and CellByDevelopmentStage and CellByOrganism and ChondroBlast and CirculatingCell and ElectricallyActiveCell and Erythrocyte and InMatureCell and LeafCell and MatureCell and MioBlast and Miocyte and Osteocyte and PhotoreceptorCell and PhotosyntheticCell and PlantCell and SclerenchymaCell and StructuralCell, \nTrue
CellByClass SubClassOf Neuron, True
CellByClass SubClassOf AnimalCell and Cell and CellByDevelopmentStage and CellByOrganism and ChondroBlast and CirculatingCell and ElectricallyActiveCell and Erythrocyte and InMatureCell and LeafCell and MatureCell and MioBlast and Miocyte and Neuron and Osteocyte and PhotoreceptorCell and PhotosyntheticCell and PlantCell and SclerenchymaCell and StructuralCell, \nTrue
CellByClass SubClassOf ChondroCyte, True
CellByClass SubClassOf AnimalCell and Cell and CellByDevelopmentStage and CellByOrganism and ChondroBlast and ChondroCyte and CirculatingCell and ElectricallyActiveCell and Erythrocyte and InMatureCell and LeafCell and MatureCell and MioBlast and Miocyte and Neuron and Osteocyte and PhotoreceptorCell and PhotosyntheticCell and PlantCell and SclerenchymaCell and StructuralCell, \nTrue
MatureCell and Neuron SubClassOf PlantCell, \nTrue
MatureCell and Neuron SubClassOf SclerenchymaCell, \nTrue
MatureCell SubClassOf SclerenchymaCell, True
MatureCell SubClassOf LeafCell, True
MatureCell SubClassOf LeafCell and SclerenchymaCell, True
MatureCell SubClassOf Erythrocyte, True
MatureCell SubClassOf Erythrocyte and LeafCell and SclerenchymaCell, True
MatureCell SubClassOf PhotosyntheticCell, True
MatureCell SubClassOf Erythrocyte and LeafCell and PhotosyntheticCell and SclerenchymaCell, True
MatureCell SubClassOf CirculatingCell, True
MatureCell SubClassOf CirculatingCell and Erythrocyte and LeafCell and PhotosyntheticCell and SclerenchymaCell, \nTrue
MatureCell SubClassOf PlantCell, True
MatureCell SubClassOf CirculatingCell and Erythrocyte and LeafCell and PhotosyntheticCell and PlantCell and SclerenchymaCell, \nTrue
MatureCell SubClassOf CellByClass, True
MatureCell SubClassOf CellByClass and CirculatingCell and Erythrocyte and LeafCell and PhotosyntheticCell and PlantCell and SclerenchymaCell, \nTrue
MatureCell SubClassOf AnimalCell, True
MatureCell SubClassOf AnimalCell and CellByClass and CirculatingCell and Erythrocyte and LeafCell and PhotosyntheticCell and PlantCell and SclerenchymaCell, \nTrue
MatureCell SubClassOf Cell, True
MatureCell SubClassOf AnimalCell and Cell and CellByClass and CirculatingCell and Erythrocyte and LeafCell and PhotosyntheticCell and PlantCell and SclerenchymaCell, \nTrue
MatureCell SubClassOf Miocyte, True
MatureCell SubClassOf AnimalCell and Cell and CellByClass and CirculatingCell and Erythrocyte and LeafCell and Miocyte and PhotosyntheticCell and PlantCell and SclerenchymaCell, \nTrue
MatureCell SubClassOf InMatureCell, \nTrue
MatureCell SubClassOf AnimalCell and Cell and CellByClass and CirculatingCell and Erythrocyte and InMatureCell and LeafCell and Miocyte and PhotosyntheticCell and PlantCell and SclerenchymaCell, \nTrue
MatureCell SubClassOf Osteocyte, True
MatureCell SubClassOf AnimalCell and Cell and CellByClass and CirculatingCell and Erythrocyte and InMatureCell and LeafCell and Miocyte and Osteocyte and PhotosyntheticCell and PlantCell and SclerenchymaCell, \nTrue
MatureCell SubClassOf ChondroBlast, True
MatureCell SubClassOf AnimalCell and Cell and CellByClass and ChondroBlast and CirculatingCell and Erythrocyte and InMatureCell and LeafCell and Miocyte and Osteocyte and PhotosyntheticCell and PlantCell and SclerenchymaCell, \nTrue
MatureCell SubClassOf MioBlast, True
MatureCell SubClassOf AnimalCell and Cell and CellByClass and ChondroBlast and CirculatingCell and Erythrocyte and InMatureCell and LeafCell and MioBlast and Miocyte and Osteocyte and PhotosyntheticCell and PlantCell and SclerenchymaCell, \nTrue
MatureCell SubClassOf CellByDevelopmentStage, True
MatureCell SubClassOf AnimalCell and Cell and CellByClass and CellByDevelopmentStage and ChondroBlast and CirculatingCell and Erythrocyte and InMatureCell and LeafCell and MioBlast and Miocyte and Osteocyte and PhotosyntheticCell and PlantCell and SclerenchymaCell, \nHere
MatureCell SubClassOf PhotoreceptorCell, True
MatureCell SubClassOf AnimalCell and Cell and CellByClass and ChondroBlast and CirculatingCell and Erythrocyte and InMatureCell and LeafCell and MioBlast and Miocyte and Osteocyte and PhotoreceptorCell and PhotosyntheticCell and PlantCell and SclerenchymaCell, \nTrue
MatureCell SubClassOf CellByOrganism, True
MatureCell SubClassOf AnimalCell and Cell and CellByClass and CellByOrganism and ChondroBlast and CirculatingCell and Erythrocyte and InMatureCell and LeafCell and MioBlast and Miocyte and Osteocyte and PhotoreceptorCell and PhotosyntheticCell and PlantCell and SclerenchymaCell, \nTrue
MatureCell SubClassOf ElectricallyActiveCell, True
MatureCell SubClassOf AnimalCell and Cell and CellByClass and CellByOrganism and ChondroBlast and CirculatingCell and ElectricallyActiveCell and Erythrocyte and InMatureCell and LeafCell and MioBlast and Miocyte and Osteocyte and PhotoreceptorCell and PhotosyntheticCell and PlantCell and SclerenchymaCell, \nTrue
MatureCell SubClassOf StructuralCell, True
MatureCell SubClassOf AnimalCell and Cell and CellByClass and CellByOrganism and ChondroBlast and CirculatingCell and ElectricallyActiveCell and Erythrocyte and InMatureCell and LeafCell and MioBlast and Miocyte and Osteocyte and PhotoreceptorCell and PhotosyntheticCell and PlantCell and SclerenchymaCell and StructuralCell, \nHere
MatureCell SubClassOf Neuron, True
MatureCell SubClassOf AnimalCell and Cell and CellByClass and CellByOrganism and ChondroBlast and CirculatingCell and ElectricallyActiveCell and Erythrocyte and InMatureCell and LeafCell and MioBlast and Miocyte and Neuron and Osteocyte and PhotoreceptorCell and PhotosyntheticCell and PlantCell and SclerenchymaCell, \nTrue
MatureCell SubClassOf ChondroCyte, True
MatureCell SubClassOf AnimalCell and Cell and CellByClass and CellByOrganism and ChondroBlast and ChondroCyte and CirculatingCell and ElectricallyActiveCell and Erythrocyte and InMatureCell and LeafCell and MioBlast and Miocyte and Neuron and Osteocyte and PhotoreceptorCell and PhotosyntheticCell and PlantCell and SclerenchymaCell, \nTrue
MatureCell SubClassOf AnimalCell and Cell and CellByClass and CellByDevelopmentStage and CellByOrganism and ChondroBlast and ChondroCyte and CirculatingCell and ElectricallyActiveCell and Erythrocyte and InMatureCell and LeafCell and MioBlast and Miocyte and Neuron and Osteocyte and PhotoreceptorCell and PhotosyntheticCell and PlantCell and SclerenchymaCell, \nTrue
MatureCell SubClassOf AnimalCell and Cell and CellByClass and CellByDevelopmentStage and CellByOrganism and ChondroBlast and ChondroCyte and CirculatingCell and ElectricallyActiveCell and Erythrocyte and InMatureCell and LeafCell and MioBlast and Miocyte and Neuron and Osteocyte and PhotoreceptorCell and PhotosyntheticCell and PlantCell and SclerenchymaCell and StructuralCell, \nHere
CirculatingCell and Neuron SubClassOf ChondroBlast, \nTrue
CirculatingCell and Neuron SubClassOf SclerenchymaCell, \nTrue
CirculatingCell SubClassOf SclerenchymaCell, True
CirculatingCell SubClassOf LeafCell, True
CirculatingCell SubClassOf LeafCell and SclerenchymaCell, True
CirculatingCell SubClassOf Erythrocyte, True
CirculatingCell SubClassOf Erythrocyte and LeafCell and SclerenchymaCell, \nTrue
CirculatingCell SubClassOf PhotosyntheticCell, True
CirculatingCell SubClassOf Erythrocyte and LeafCell and PhotosyntheticCell and SclerenchymaCell, \nTrue
CirculatingCell SubClassOf PlantCell, True
CirculatingCell SubClassOf Erythrocyte and LeafCell and PhotosyntheticCell and PlantCell and SclerenchymaCell, \nTrue
CirculatingCell SubClassOf CellByClass, True
CirculatingCell SubClassOf CellByClass and Erythrocyte and LeafCell and PhotosyntheticCell and PlantCell and SclerenchymaCell, \nTrue
CirculatingCell SubClassOf MatureCell, True
CirculatingCell SubClassOf CellByClass and Erythrocyte and LeafCell and MatureCell and PhotosyntheticCell and PlantCell and SclerenchymaCell, \nTrue
CirculatingCell SubClassOf AnimalCell, True
CirculatingCell SubClassOf AnimalCell and CellByClass and Erythrocyte and LeafCell and MatureCell and PhotosyntheticCell and PlantCell and SclerenchymaCell, \nTrue
CirculatingCell SubClassOf Cell, True
CirculatingCell SubClassOf AnimalCell and Cell and CellByClass and Erythrocyte and LeafCell and MatureCell and PhotosyntheticCell and PlantCell and SclerenchymaCell, \nTrue
CirculatingCell SubClassOf Miocyte, True
CirculatingCell SubClassOf AnimalCell and Cell and CellByClass and Erythrocyte and LeafCell and MatureCell and Miocyte and PhotosyntheticCell and PlantCell and SclerenchymaCell, \nTrue
CirculatingCell SubClassOf InMatureCell, True
CirculatingCell SubClassOf AnimalCell and Cell and CellByClass and Erythrocyte and InMatureCell and LeafCell and MatureCell and Miocyte and PhotosyntheticCell and PlantCell and SclerenchymaCell, \nTrue
CirculatingCell SubClassOf Osteocyte, True
CirculatingCell SubClassOf AnimalCell and Cell and CellByClass and Erythrocyte and InMatureCell and LeafCell and MatureCell and Miocyte and Osteocyte and PhotosyntheticCell and PlantCell and SclerenchymaCell, \nHere
CirculatingCell SubClassOf ChondroBlast, True
CirculatingCell SubClassOf AnimalCell and Cell and CellByClass and ChondroBlast and Erythrocyte and InMatureCell and LeafCell and MatureCell and Miocyte and PhotosyntheticCell and PlantCell and SclerenchymaCell, \nTrue
CirculatingCell SubClassOf MioBlast, True
CirculatingCell SubClassOf AnimalCell and Cell and CellByClass and ChondroBlast and Erythrocyte and InMatureCell and LeafCell and MatureCell and MioBlast and Miocyte and PhotosyntheticCell and PlantCell and SclerenchymaCell, \nTrue
CirculatingCell SubClassOf CellByDevelopmentStage, True
CirculatingCell SubClassOf AnimalCell and Cell and CellByClass and CellByDevelopmentStage and ChondroBlast and Erythrocyte and InMatureCell and LeafCell and MatureCell and MioBlast and Miocyte and PhotosyntheticCell and PlantCell and SclerenchymaCell, \nTrue
CirculatingCell SubClassOf PhotoreceptorCell, True
CirculatingCell SubClassOf AnimalCell and Cell and CellByClass and CellByDevelopmentStage and ChondroBlast and Erythrocyte and InMatureCell and LeafCell and MatureCell and MioBlast and Miocyte and PhotoreceptorCell and PhotosyntheticCell and PlantCell and SclerenchymaCell, \nTrue
CirculatingCell SubClassOf CellByOrganism, True
CirculatingCell SubClassOf AnimalCell and Cell and CellByClass and CellByDevelopmentStage and CellByOrganism and ChondroBlast and Erythrocyte and InMatureCell and LeafCell and MatureCell and MioBlast and Miocyte and PhotoreceptorCell and PhotosyntheticCell and PlantCell and SclerenchymaCell, \nTrue
CirculatingCell SubClassOf ElectricallyActiveCell, True
CirculatingCell SubClassOf AnimalCell and Cell and CellByClass and CellByDevelopmentStage and CellByOrganism and ChondroBlast and ElectricallyActiveCell and Erythrocyte and InMatureCell and LeafCell and MatureCell and MioBlast and Miocyte and PhotoreceptorCell and PhotosyntheticCell and PlantCell and SclerenchymaCell, \nHere
CirculatingCell SubClassOf StructuralCell, True
CirculatingCell SubClassOf AnimalCell and Cell and CellByClass and CellByDevelopmentStage and CellByOrganism and ChondroBlast and Erythrocyte and InMatureCell and LeafCell and MatureCell and MioBlast and Miocyte and PhotoreceptorCell and PhotosyntheticCell and PlantCell and SclerenchymaCell and StructuralCell, \nTrue
CirculatingCell SubClassOf Neuron, True
CirculatingCell SubClassOf AnimalCell and Cell and CellByClass and CellByDevelopmentStage and CellByOrganism and ChondroBlast and Erythrocyte and InMatureCell and LeafCell and MatureCell and MioBlast and Miocyte and Neuron and PhotoreceptorCell and PhotosyntheticCell and PlantCell and SclerenchymaCell and StructuralCell, \nTrue
CirculatingCell SubClassOf ChondroCyte, True
CirculatingCell SubClassOf AnimalCell and Cell and CellByClass and CellByDevelopmentStage and CellByOrganism and ChondroBlast and ChondroCyte and Erythrocyte and InMatureCell and LeafCell and MatureCell and MioBlast and Miocyte and Neuron and PhotoreceptorCell and PhotosyntheticCell and PlantCell and SclerenchymaCell and StructuralCell, \nTrue
CirculatingCell SubClassOf AnimalCell and Cell and CellByClass and CellByDevelopmentStage and CellByOrganism and ChondroBlast and ChondroCyte and Erythrocyte and InMatureCell and LeafCell and MatureCell and MioBlast and Miocyte and Neuron and Osteocyte and PhotoreceptorCell and PhotosyntheticCell and PlantCell and SclerenchymaCell and StructuralCell, \nTrue
CirculatingCell SubClassOf AnimalCell and Cell and CellByClass and CellByDevelopmentStage and CellByOrganism and ChondroBlast and ChondroCyte and ElectricallyActiveCell and Erythrocyte and InMatureCell and LeafCell and MatureCell and MioBlast and Miocyte and Neuron and Osteocyte and PhotoreceptorCell and PhotosyntheticCell and PlantCell and SclerenchymaCell and StructuralCell, \nTrue
Can Neuron that is also StructuralCell be considered a subcategory of 'Erythrocyte'?, True
Can Neuron that is also StructuralCell be considered a subcategory of 'SclerenchymaCell'?, True
Can StructuralCell be considered a subcategory of 'SclerenchymaCell'?, True
Can StructuralCell be considered a subcategory of 'LeafCell'?, True
Can StructuralCell be considered a subcategory of 'LeafCell that is also SclerenchymaCell'?, True
Can StructuralCell be considered a subcategory of 'Erythrocyte'?, True
Can StructuralCell be considered a subcategory of 'Erythrocyte that is also LeafCell that is also SclerenchymaCell'?, True
Can StructuralCell be considered a subcategory of 'PhotosyntheticCell'?, True
Can StructuralCell be considered a subcategory of 'Erythrocyte that is also LeafCell that is also PhotosyntheticCell that is also SclerenchymaCell'?, \nFalse
Can StructuralCell be considered a subcategory of 'CirculatingCell'?, True
Can StructuralCell be considered a subcategory of 'CirculatingCell that is also Erythrocyte that is also LeafCell that is also SclerenchymaCell'?, \nFalse
Can StructuralCell be considered a subcategory of 'PlantCell'?, True
Can StructuralCell be considered a subcategory of 'Erythrocyte that is also LeafCell that is also PlantCell that is also SclerenchymaCell'?, True
Can StructuralCell be considered a subcategory of 'CellByClass'?, True
Can StructuralCell be considered a subcategory of 'CellByClass that is also Erythrocyte that is also LeafCell that is also PlantCell that is also SclerenchymaCell'?, True
Can StructuralCell be considered a subcategory of 'MatureCell'?, True
Can StructuralCell be considered a subcategory of 'CellByClass that is also Erythrocyte that is also LeafCell that is also MatureCell that is also PlantCell that is also SclerenchymaCell'?, \nFalse
Can StructuralCell be considered a subcategory of 'AnimalCell'?, True
Can StructuralCell be considered a subcategory of 'AnimalCell that is also CellByClass that is also Erythrocyte that is also LeafCell that is also PlantCell that is also SclerenchymaCell'?, \nFalse
Can StructuralCell be considered a subcategory of 'Cell'?, True
Can StructuralCell be considered a subcategory of 'Cell that is also CellByClass that is also Erythrocyte that is also LeafCell that is also PlantCell that is also SclerenchymaCell'?, \nFalse
Can StructuralCell be considered a subcategory of 'Miocyte'?, True
Can StructuralCell be considered a subcategory of 'CellByClass that is also Erythrocyte that is also LeafCell that is also Miocyte that is also PlantCell that is also SclerenchymaCell'?, \nFalse
Can StructuralCell be considered a subcategory of 'InMatureCell'?, True
Can StructuralCell be considered a subcategory of 'CellByClass that is also Erythrocyte that is also InMatureCell that is also LeafCell that is also PlantCell that is also SclerenchymaCell'?, \nFalse
Can StructuralCell be considered a subcategory of 'Osteocyte'?, True
Can StructuralCell be considered a subcategory of 'CellByClass that is also Erythrocyte that is also LeafCell that is also Osteocyte that is also PlantCell that is also SclerenchymaCell'?, \nFalse
Can StructuralCell be considered a subcategory of 'ChondroBlast'?, True
Can StructuralCell be considered a subcategory of 'CellByClass that is also ChondroBlast that is also Erythrocyte that is also LeafCell that is also PlantCell that is also SclerenchymaCell'?, \nFalse
Can StructuralCell be considered a subcategory of 'MioBlast'?, True
Can StructuralCell be considered a subcategory of 'CellByClass that is also Erythrocyte that is also LeafCell that is also MioBlast that is also PlantCell that is also SclerenchymaCell'?, \nFalse
Can StructuralCell be considered a subcategory of 'CellByDevelopmentStage'?, True
Can StructuralCell be considered a subcategory of 'CellByClass that is also CellByDevelopmentStage that is also Erythrocyte that is also LeafCell that is also PlantCell that is also SclerenchymaCell'?, True
Can StructuralCell be considered a subcategory of 'PhotoreceptorCell'?, True
Can StructuralCell be considered a subcategory of 'CellByClass that is also CellByDevelopmentStage that is also Erythrocyte that is also LeafCell that is also PhotoreceptorCell that is also PlantCell that is also SclerenchymaCell'?, \nTrue
Can StructuralCell be considered a subcategory of 'CellByOrganism'?, True
Can StructuralCell be considered a subcategory of 'CellByClass that is also CellByDevelopmentStage that is also CellByOrganism that is also Erythrocyte that is also LeafCell that is also PhotoreceptorCell that is also PlantCell that is also SclerenchymaCell'?, \nTrue
Can StructuralCell be considered a subcategory of 'ElectricallyActiveCell'?, True
Can StructuralCell be considered a subcategory of 'CellByClass that is also CellByDevelopmentStage that is also CellByOrganism that is also ElectricallyActiveCell that is also Erythrocyte that is also LeafCell that is also PhotoreceptorCell that is also PlantCell that is also SclerenchymaCell'?, \nTrue
Can StructuralCell be considered a subcategory of 'Neuron'?, True
Can StructuralCell be considered a subcategory of 'CellByClass that is also CellByDevelopmentStage that is also CellByOrganism that is also ElectricallyActiveCell that is also Erythrocyte that is also LeafCell that is also Neuron that is also PhotoreceptorCell that is also PlantCell that is also SclerenchymaCell'?, \nTrue
Can StructuralCell be considered a subcategory of 'ChondroCyte'?, True
Can StructuralCell be considered a subcategory of 'CellByClass that is also CellByDevelopmentStage that is also CellByOrganism that is also ChondroCyte that is also ElectricallyActiveCell that is also Erythrocyte that is also LeafCell that is also Neuron that is also PhotoreceptorCell that is also PlantCell that is also SclerenchymaCell'?, \nTrue
Can StructuralCell be considered a subcategory of 'CellByClass that is also CellByDevelopmentStage that is also CellByOrganism that is also ChondroCyte that is also ElectricallyActiveCell that is also Erythrocyte that is also LeafCell that is also Neuron that is also PhotoreceptorCell that is also PhotosyntheticCell that is also PlantCell that is also SclerenchymaCell'?, \nFalse
Can StructuralCell be considered a subcategory of 'CellByClass that is also CellByDevelopmentStage that is also CellByOrganism that is also ChondroCyte that is also CirculatingCell that is also ElectricallyActiveCell that is also Erythrocyte that is also LeafCell that is also Neuron that is also PhotoreceptorCell that is also PlantCell that is also SclerenchymaCell'?, \nTrue
Can StructuralCell be considered a subcategory of 'CellByClass that is also CellByDevelopmentStage that is also CellByOrganism that is also ChondroCyte that is also CirculatingCell that is also ElectricallyActiveCell that is also Erythrocyte that is also LeafCell that is also MatureCell that is also Neuron that is also PhotoreceptorCell that is also PlantCell that is also SclerenchymaCell'?, \nFalse
Can StructuralCell be considered a subcategory of 'AnimalCell that is also CellByClass that is also CellByDevelopmentStage that is also CellByOrganism that is also ChondroCyte that is also CirculatingCell that is also ElectricallyActiveCell that is also Erythrocyte that is also LeafCell that is also Neuron that is also PhotoreceptorCell that is also PlantCell that is also SclerenchymaCell'?, True
Can StructuralCell be considered a subcategory of 'AnimalCell that is also Cell that is also CellByClass that is also CellByDevelopmentStage that is also CellByOrganism that is also ChondroCyte that is also CirculatingCell that is also ElectricallyActiveCell that is also Erythrocyte that is also LeafCell that is also Neuron that is also PhotoreceptorCell that is also PlantCell that is also SclerenchymaCell'?, \nFalse
Can StructuralCell be considered a subcategory of 'AnimalCell that is also CellByClass that is also CellByDevelopmentStage that is also CellByOrganism that is also ChondroCyte that is also CirculatingCell that is also ElectricallyActiveCell that is also Erythrocyte that is also LeafCell that is also Miocyte that is also Neuron that is also PhotoreceptorCell that is also PlantCell that is also SclerenchymaCell'?, \nTrue
Can StructuralCell be considered a subcategory of 'AnimalCell that is also CellByClass that is also CellByDevelopmentStage that is also CellByOrganism that is also ChondroCyte that is also CirculatingCell that is also ElectricallyActiveCell that is also Erythrocyte that is also InMatureCell that is also LeafCell that is also Miocyte that is also Neuron that is also PhotoreceptorCell that is also PlantCell that is also SclerenchymaCell'?, \nTrue
Can StructuralCell be considered a subcategory of 'AnimalCell that is also CellByClass that is also CellByDevelopmentStage that is also CellByOrganism that is also ChondroCyte that is also CirculatingCell that is also ElectricallyActiveCell that is also Erythrocyte that is also InMatureCell that is also LeafCell that is also Miocyte that is also Neuron that is also Osteocyte that is also PhotoreceptorCell that is also PlantCell that is also SclerenchymaCell'?, \nFalse
Can StructuralCell be considered a subcategory of 'AnimalCell that is also CellByClass that is also CellByDevelopmentStage that is also CellByOrganism that is also ChondroBlast that is also ChondroCyte that is also CirculatingCell that is also ElectricallyActiveCell that is also Erythrocyte that is also InMatureCell that is also LeafCell that is also Miocyte that is also Neuron that is also PhotoreceptorCell that is also PlantCell that is also SclerenchymaCell'?, \nTrue
Can StructuralCell be considered a subcategory of 'AnimalCell that is also CellByClass that is also CellByDevelopmentStage that is also CellByOrganism that is also ChondroBlast that is also ChondroCyte that is also CirculatingCell that is also ElectricallyActiveCell that is also Erythrocyte that is also InMatureCell that is also LeafCell that is also MioBlast that is also Miocyte that is also Neuron that is also PhotoreceptorCell that is also PlantCell that is also SclerenchymaCell'?, \nTrue
Can CellByDevelopmentStage that is also InMatureCell be considered a subcategory of 'Osteocyte'?, True
Can CellByDevelopmentStage that is also InMatureCell be considered a subcategory of 'SclerenchymaCell'?, True
Can InMatureCell be considered a subcategory of 'SclerenchymaCell'?, True
Can InMatureCell be considered a subcategory of 'LeafCell'?, True
Can InMatureCell be considered a subcategory of 'LeafCell that is also SclerenchymaCell'?, True
Can InMatureCell be considered a subcategory of 'Erythrocyte'?, True
Can InMatureCell be considered a subcategory of 'Erythrocyte that is also LeafCell that is also SclerenchymaCell'?, True
Can InMatureCell be considered a subcategory of 'PhotosyntheticCell'?, True
Can InMatureCell be considered a subcategory of 'Erythrocyte that is also LeafCell that is also PhotosyntheticCell that is also SclerenchymaCell'?, True
Can InMatureCell be considered a subcategory of 'CirculatingCell'?, True
Can InMatureCell be considered a subcategory of 'CirculatingCell that is also Erythrocyte that is also LeafCell that is also PhotosyntheticCell that is also SclerenchymaCell'?, True
Can InMatureCell be considered a subcategory of 'PlantCell'?, True
Can InMatureCell be considered a subcategory of 'CirculatingCell that is also Erythrocyte that is also LeafCell that is also PhotosyntheticCell that is also PlantCell that is also SclerenchymaCell'?, \nFalse
Can InMatureCell be considered a subcategory of 'CellByClass'?, True
Can InMatureCell be considered a subcategory of 'CellByClass that is also CirculatingCell that is also Erythrocyte that is also LeafCell that is also PhotosyntheticCell that is also SclerenchymaCell'?, \nFalse
Can InMatureCell be considered a subcategory of 'MatureCell'?, True
Can InMatureCell be considered a subcategory of 'CirculatingCell that is also Erythrocyte that is also LeafCell that is also MatureCell that is also PhotosyntheticCell that is also SclerenchymaCell'?, \nFalse
Can InMatureCell be considered a subcategory of 'AnimalCell'?, True
Can InMatureCell be considered a subcategory of 'AnimalCell that is also CirculatingCell that is also Erythrocyte that is also LeafCell that is also PhotosyntheticCell that is also SclerenchymaCell'?, True
Can InMatureCell be considered a subcategory of 'Cell'?, True
Can InMatureCell be considered a subcategory of 'AnimalCell that is also Cell that is also CirculatingCell that is also Erythrocyte that is also LeafCell that is also PhotosyntheticCell that is also SclerenchymaCell'?, \nFalse
Can InMatureCell be considered a subcategory of 'Miocyte'?, True
Can InMatureCell be considered a subcategory of 'AnimalCell that is also CirculatingCell that is also Erythrocyte that is also LeafCell that is also Miocyte that is also PhotosyntheticCell that is also SclerenchymaCell'?, \nFalse
Can InMatureCell be considered a subcategory of 'Osteocyte'?, True
Can InMatureCell be considered a subcategory of 'AnimalCell that is also CirculatingCell that is also Erythrocyte that is also LeafCell that is also Osteocyte that is also PhotosyntheticCell that is also SclerenchymaCell'?, \nFalse
Can InMatureCell be considered a subcategory of 'ChondroBlast'?, True
Can InMatureCell be considered a subcategory of 'AnimalCell that is also ChondroBlast that is also CirculatingCell that is also Erythrocyte that is also LeafCell that is also PhotosyntheticCell that is also SclerenchymaCell'?, \nFalse
Can InMatureCell be considered a subcategory of 'MioBlast'?, True
Can InMatureCell be considered a subcategory of 'AnimalCell that is also CirculatingCell that is also Erythrocyte that is also LeafCell that is also MioBlast that is also PhotosyntheticCell that is also SclerenchymaCell'?, True
Can InMatureCell be considered a subcategory of 'CellByDevelopmentStage'?, True
Can InMatureCell be considered a subcategory of 'AnimalCell that is also CellByDevelopmentStage that is also CirculatingCell that is also Erythrocyte that is also LeafCell that is also MioBlast that is also PhotosyntheticCell that is also SclerenchymaCell'?, \nFalse
Can InMatureCell be considered a subcategory of 'PhotoreceptorCell'?, True
Can InMatureCell be considered a subcategory of 'AnimalCell that is also CirculatingCell that is also Erythrocyte that is also LeafCell that is also MioBlast that is also PhotoreceptorCell that is also PhotosyntheticCell that is also SclerenchymaCell'?, \nFalse
Can InMatureCell be considered a subcategory of 'CellByOrganism'?, True
Can InMatureCell be considered a subcategory of 'AnimalCell that is also CellByOrganism that is also CirculatingCell that is also Erythrocyte that is also LeafCell that is also MioBlast that is also PhotosyntheticCell that is also SclerenchymaCell'?, \nFalse
Can InMatureCell be considered a subcategory of 'ElectricallyActiveCell'?, True
Can InMatureCell be considered a subcategory of 'AnimalCell that is also CirculatingCell that is also ElectricallyActiveCell that is also Erythrocyte that is also LeafCell that is also MioBlast that is also PhotosyntheticCell that is also SclerenchymaCell'?, \nFalse
Can InMatureCell be considered a subcategory of 'StructuralCell'?, True
Can InMatureCell be considered a subcategory of 'AnimalCell that is also CirculatingCell that is also Erythrocyte that is also LeafCell that is also MioBlast that is also PhotosyntheticCell that is also SclerenchymaCell that is also StructuralCell'?, \nFalse
Can InMatureCell be considered a subcategory of 'Neuron'?, True
Can InMatureCell be considered a subcategory of 'AnimalCell that is also CirculatingCell that is also Erythrocyte that is also LeafCell that is also MioBlast that is also Neuron that is also PhotosyntheticCell that is also SclerenchymaCell'?, True
Can InMatureCell be considered a subcategory of 'ChondroCyte'?, True
Can InMatureCell be considered a subcategory of 'AnimalCell that is also ChondroCyte that is also CirculatingCell that is also Erythrocyte that is also LeafCell that is also MioBlast that is also Neuron that is also PhotosyntheticCell that is also SclerenchymaCell'?, \nFalse
Can InMatureCell be considered a subcategory of 'AnimalCell that is also CirculatingCell that is also Erythrocyte that is also LeafCell that is also MioBlast that is also Neuron that is also PhotosyntheticCell that is also PlantCell that is also SclerenchymaCell'?, \nFalse
Can InMatureCell be considered a subcategory of 'AnimalCell that is also CellByClass that is also CirculatingCell that is also Erythrocyte that is also LeafCell that is also MioBlast that is also Neuron that is also PhotosyntheticCell that is also SclerenchymaCell'?, \nTrue
Can InMatureCell be considered a subcategory of 'AnimalCell that is also CellByClass that is also CirculatingCell that is also Erythrocyte that is also LeafCell that is also MatureCell that is also MioBlast that is also Neuron that is also PhotosyntheticCell that is also SclerenchymaCell'?, \nFalse
Can InMatureCell be considered a subcategory of 'AnimalCell that is also Cell that is also CellByClass that is also CirculatingCell that is also Erythrocyte that is also LeafCell that is also MioBlast that is also Neuron that is also PhotosyntheticCell that is also SclerenchymaCell'?, True
Can InMatureCell be considered a subcategory of 'AnimalCell that is also Cell that is also CellByClass that is also CirculatingCell that is also Erythrocyte that is also LeafCell that is also MioBlast that is also Miocyte that is also Neuron that is also PhotosyntheticCell that is also SclerenchymaCell'?, \nFalse
Can InMatureCell be considered a subcategory of 'AnimalCell that is also Cell that is also CellByClass that is also CirculatingCell that is also Erythrocyte that is also LeafCell that is also MioBlast that is also Neuron that is also Osteocyte that is also PhotosyntheticCell that is also SclerenchymaCell'?, \nFalse
Can InMatureCell be considered a subcategory of 'AnimalCell that is also Cell that is also CellByClass that is also ChondroBlast that is also CirculatingCell that is also Erythrocyte that is also LeafCell that is also MioBlast that is also Neuron that is also PhotosyntheticCell that is also SclerenchymaCell'?, True
Can InMatureCell be considered a subcategory of 'AnimalCell that is also Cell that is also CellByClass that is also CellByDevelopmentStage that is also ChondroBlast that is also CirculatingCell that is also Erythrocyte that is also LeafCell that is also MioBlast that is also Neuron that is also PhotosyntheticCell that is also SclerenchymaCell'?, True
Can InMatureCell be considered a subcategory of 'AnimalCell that is also Cell that is also CellByClass that is also CellByDevelopmentStage that is also ChondroBlast that is also CirculatingCell that is also Erythrocyte that is also LeafCell that is also MioBlast that is also Neuron that is also PhotoreceptorCell that is also PhotosyntheticCell that is also SclerenchymaCell'?, True
Can InMatureCell be considered a subcategory of 'AnimalCell that is also Cell that is also CellByClass that is also CellByDevelopmentStage that is also CellByOrganism that is also ChondroBlast that is also CirculatingCell that is also Erythrocyte that is also LeafCell that is also MioBlast that is also Neuron that is also PhotoreceptorCell that is also PhotosyntheticCell that is also SclerenchymaCell'?, \nTrue
Can InMatureCell be considered a subcategory of 'AnimalCell that is also Cell that is also CellByClass that is also CellByDevelopmentStage that is also CellByOrganism that is also ChondroBlast that is also CirculatingCell that is also ElectricallyActiveCell that is also Erythrocyte that is also LeafCell that is also MioBlast that is also Neuron that is also PhotoreceptorCell that is also PhotosyntheticCell that is also SclerenchymaCell'?, \nTrue
Can InMatureCell be considered a subcategory of 'AnimalCell that is also Cell that is also CellByClass that is also CellByDevelopmentStage that is also CellByOrganism that is also ChondroBlast that is also CirculatingCell that is also ElectricallyActiveCell that is also Erythrocyte that is also LeafCell that is also MioBlast that is also Neuron that is also PhotoreceptorCell that is also PhotosyntheticCell that is also SclerenchymaCell that is also StructuralCell'?, \nFalse
Can InMatureCell be considered a subcategory of 'AnimalCell that is also Cell that is also CellByClass that is also CellByDevelopmentStage that is also CellByOrganism that is also ChondroBlast that is also ChondroCyte that is also CirculatingCell that is also ElectricallyActiveCell that is also Erythrocyte that is also LeafCell that is also MioBlast that is also Neuron that is also PhotoreceptorCell that is also PhotosyntheticCell that is also SclerenchymaCell'?, True
Can CellByDevelopmentStage that is also LeafCell be considered a subcategory of 'AnimalCell'?, True
Can CellByDevelopmentStage that is also LeafCell be considered a subcategory of 'SclerenchymaCell'?, True
Can LeafCell be considered a subcategory of 'SclerenchymaCell'?, True
Can LeafCell be considered a subcategory of 'Erythrocyte'?, True
Can LeafCell be considered a subcategory of 'Erythrocyte that is also SclerenchymaCell'?, \nTrue
Can LeafCell be considered a subcategory of 'PhotosyntheticCell'?, True
Can LeafCell be considered a subcategory of 'Erythrocyte that is also PhotosyntheticCell that is also SclerenchymaCell'?, \nFalse
Can LeafCell be considered a subcategory of 'CirculatingCell'?, True
Can LeafCell be considered a subcategory of 'CirculatingCell that is also Erythrocyte that is also SclerenchymaCell'?, \nTrue
Can LeafCell be considered a subcategory of 'PlantCell'?, True
Can LeafCell be considered a subcategory of 'CirculatingCell that is also Erythrocyte that is also PlantCell that is also SclerenchymaCell'?, \nFalse
Can LeafCell be considered a subcategory of 'CellByClass'?, True
Can LeafCell be considered a subcategory of 'CellByClass that is also CirculatingCell that is also Erythrocyte that is also SclerenchymaCell'?, \nTrue
Can LeafCell be considered a subcategory of 'MatureCell'?, True
Can LeafCell be considered a subcategory of 'CellByClass that is also CirculatingCell that is also Erythrocyte that is also MatureCell that is also SclerenchymaCell'?, True
Can LeafCell be considered a subcategory of 'AnimalCell'?, True
Can LeafCell be considered a subcategory of 'AnimalCell that is also CellByClass that is also CirculatingCell that is also Erythrocyte that is also MatureCell that is also SclerenchymaCell'?, \nFalse
Can LeafCell be considered a subcategory of 'Cell'?, True
Can LeafCell be considered a subcategory of 'Cell that is also CellByClass that is also CirculatingCell that is also Erythrocyte that is also MatureCell that is also SclerenchymaCell'?, \nFalse
Can LeafCell be considered a subcategory of 'Miocyte'?, True
Can LeafCell be considered a subcategory of 'CellByClass that is also CirculatingCell that is also Erythrocyte that is also MatureCell that is also Miocyte that is also SclerenchymaCell'?, \nFalse
Can LeafCell be considered a subcategory of 'InMatureCell'?, True
Can LeafCell be considered a subcategory of 'CellByClass that is also CirculatingCell that is also Erythrocyte that is also InMatureCell that is also MatureCell that is also SclerenchymaCell'?, \nTrue
Can LeafCell be considered a subcategory of 'Osteocyte'?, True
Can LeafCell be considered a subcategory of 'CellByClass that is also CirculatingCell that is also Erythrocyte that is also InMatureCell that is also MatureCell that is also Osteocyte that is also SclerenchymaCell'?, \nTrue
Can LeafCell be considered a subcategory of 'ChondroBlast'?, True
Can LeafCell be considered a subcategory of 'CellByClass that is also ChondroBlast that is also CirculatingCell that is also Erythrocyte that is also InMatureCell that is also MatureCell that is also Osteocyte that is also SclerenchymaCell'?, \nFalse
Can LeafCell be considered a subcategory of 'MioBlast'?, True
Can LeafCell be considered a subcategory of 'CellByClass that is also CirculatingCell that is also Erythrocyte that is also InMatureCell that is also MatureCell that is also MioBlast that is also Osteocyte that is also SclerenchymaCell'?, \nTrue
Can LeafCell be considered a subcategory of 'CellByDevelopmentStage'?, True
Can LeafCell be considered a subcategory of 'CellByClass that is also CellByDevelopmentStage that is also CirculatingCell that is also Erythrocyte that is also InMatureCell that is also MatureCell that is also MioBlast that is also Osteocyte that is also SclerenchymaCell'?, \nTrue
Can LeafCell be considered a subcategory of 'PhotoreceptorCell'?, True
Can LeafCell be considered a subcategory of 'CellByClass that is also CellByDevelopmentStage that is also CirculatingCell that is also Erythrocyte that is also InMatureCell that is also MatureCell that is also MioBlast that is also Osteocyte that is also PhotoreceptorCell that is also SclerenchymaCell'?, \nFalse
Can LeafCell be considered a subcategory of 'CellByOrganism'?, True
Can LeafCell be considered a subcategory of 'CellByClass that is also CellByDevelopmentStage that is also CellByOrganism that is also CirculatingCell that is also Erythrocyte that is also InMatureCell that is also MatureCell that is also MioBlast that is also Osteocyte that is also SclerenchymaCell'?, \nTrue
Can LeafCell be considered a subcategory of 'ElectricallyActiveCell'?, True
Can LeafCell be considered a subcategory of 'CellByClass that is also CellByDevelopmentStage that is also CellByOrganism that is also CirculatingCell that is also ElectricallyActiveCell that is also Erythrocyte that is also InMatureCell that is also MatureCell that is also MioBlast that is also Osteocyte that is also SclerenchymaCell'?, \nTrue
Can LeafCell be considered a subcategory of 'StructuralCell'?, True
Can LeafCell be considered a subcategory of 'CellByClass that is also CellByDevelopmentStage that is also CellByOrganism that is also CirculatingCell that is also ElectricallyActiveCell that is also Erythrocyte that is also InMatureCell that is also MatureCell that is also MioBlast that is also Osteocyte that is also SclerenchymaCell that is also StructuralCell'?, True.
Can LeafCell be considered a subcategory of 'Neuron'?, True
Can LeafCell be considered a subcategory of 'CellByClass that is also CellByDevelopmentStage that is also CellByOrganism that is also CirculatingCell that is also ElectricallyActiveCell that is also Erythrocyte that is also InMatureCell that is also MatureCell that is also MioBlast that is also Neuron that is also Osteocyte that is also SclerenchymaCell that is also StructuralCell'?, True.
Can LeafCell be considered a subcategory of 'ChondroCyte'?, True
Can LeafCell be considered a subcategory of 'CellByClass that is also CellByDevelopmentStage that is also CellByOrganism that is also ChondroCyte that is also CirculatingCell that is also ElectricallyActiveCell that is also Erythrocyte that is also InMatureCell that is also MatureCell that is also MioBlast that is also Neuron that is also Osteocyte that is also SclerenchymaCell that is also StructuralCell'?, \nFalse
Can LeafCell be considered a subcategory of 'CellByClass that is also CellByDevelopmentStage that is also CellByOrganism that is also CirculatingCell that is also ElectricallyActiveCell that is also Erythrocyte that is also InMatureCell that is also MatureCell that is also MioBlast that is also Neuron that is also Osteocyte that is also PhotosyntheticCell that is also SclerenchymaCell that is also StructuralCell'?, \nTrue
Can LeafCell be considered a subcategory of 'CellByClass that is also CellByDevelopmentStage that is also CellByOrganism that is also CirculatingCell that is also ElectricallyActiveCell that is also Erythrocyte that is also InMatureCell that is also MatureCell that is also MioBlast that is also Neuron that is also Osteocyte that is also PhotosyntheticCell that is also PlantCell that is also SclerenchymaCell that is also StructuralCell'?, \nFalse
Can LeafCell be considered a subcategory of 'AnimalCell that is also CellByClass that is also CellByDevelopmentStage that is also CellByOrganism that is also CirculatingCell that is also ElectricallyActiveCell that is also Erythrocyte that is also InMatureCell that is also MatureCell that is also MioBlast that is also Neuron that is also Osteocyte that is also PhotosyntheticCell that is also SclerenchymaCell that is also StructuralCell'?, \nTrue
Can LeafCell be considered a subcategory of 'AnimalCell that is also Cell that is also CellByClass that is also CellByDevelopmentStage that is also CellByOrganism that is also CirculatingCell that is also ElectricallyActiveCell that is also Erythrocyte that is also InMatureCell that is also MatureCell that is also MioBlast that is also Neuron that is also Osteocyte that is also PhotosyntheticCell that is also SclerenchymaCell that is also StructuralCell'?, True.
Can LeafCell be considered a subcategory of 'AnimalCell that is also Cell that is also CellByClass that is also CellByDevelopmentStage that is also CellByOrganism that is also CirculatingCell that is also ElectricallyActiveCell that is also Erythrocyte that is also InMatureCell that is also MatureCell that is also MioBlast that is also Miocyte that is also Neuron that is also Osteocyte that is also PhotosyntheticCell that is also SclerenchymaCell that is also StructuralCell'?, \nFalse
Can LeafCell be considered a subcategory of 'AnimalCell that is also Cell that is also CellByClass that is also CellByDevelopmentStage that is also CellByOrganism that is also ChondroBlast that is also CirculatingCell that is also ElectricallyActiveCell that is also Erythrocyte that is also InMatureCell that is also MatureCell that is also MioBlast that is also Neuron that is also Osteocyte that is also PhotosyntheticCell that is also SclerenchymaCell that is also StructuralCell'?, True.
Can LeafCell be considered a subcategory of 'AnimalCell that is also Cell that is also CellByClass that is also CellByDevelopmentStage that is also CellByOrganism that is also ChondroBlast that is also CirculatingCell that is also ElectricallyActiveCell that is also Erythrocyte that is also InMatureCell that is also MatureCell that is also MioBlast that is also Neuron that is also Osteocyte that is also PhotoreceptorCell that is also PhotosyntheticCell that is also SclerenchymaCell that is also StructuralCell'?, True
Can LeafCell be considered a subcategory of 'AnimalCell that is also Cell that is also CellByClass that is also CellByDevelopmentStage that is also CellByOrganism that is also ChondroBlast that is also ChondroCyte that is also CirculatingCell that is also ElectricallyActiveCell that is also Erythrocyte that is also InMatureCell that is also MatureCell that is also MioBlast that is also Neuron that is also Osteocyte that is also PhotoreceptorCell that is also PhotosyntheticCell that is also SclerenchymaCell that is also StructuralCell'?, True.
Can CellByDevelopmentStage that is also ChondroBlast be considered a subcategory of 'Osteocyte'?, True
Can CellByDevelopmentStage that is also ChondroBlast be considered a subcategory of 'SclerenchymaCell'?, True
Can ChondroBlast be considered a subcategory of 'SclerenchymaCell'?, True
Can ChondroBlast be considered a subcategory of 'LeafCell'?, True
Can ChondroBlast be considered a subcategory of 'LeafCell that is also SclerenchymaCell'?, True
Can ChondroBlast be considered a subcategory of 'Erythrocyte'?, True
Can ChondroBlast be considered a subcategory of 'Erythrocyte that is also LeafCell that is also SclerenchymaCell'?, \nFalse
Can ChondroBlast be considered a subcategory of 'PhotosyntheticCell'?, True
Can ChondroBlast be considered a subcategory of 'LeafCell that is also PhotosyntheticCell that is also SclerenchymaCell'?, True
Can ChondroBlast be considered a subcategory of 'CirculatingCell'?, True
Can ChondroBlast be considered a subcategory of 'CirculatingCell that is also LeafCell that is also PhotosyntheticCell that is also SclerenchymaCell'?, True
Can ChondroBlast be considered a subcategory of 'PlantCell'?, True
Can ChondroBlast be considered a subcategory of 'CirculatingCell that is also LeafCell that is also PhotosyntheticCell that is also PlantCell that is also SclerenchymaCell'?, \nFalse
Can ChondroBlast be considered a subcategory of 'CellByClass'?, True
Can ChondroBlast be considered a subcategory of 'CellByClass that is also CirculatingCell that is also LeafCell that is also PhotosyntheticCell that is also SclerenchymaCell'?, \nFalse
Can ChondroBlast be considered a subcategory of 'MatureCell'?, True
Can ChondroBlast be considered a subcategory of 'CirculatingCell that is also LeafCell that is also MatureCell that is also PhotosyntheticCell that is also SclerenchymaCell'?, \nFalse
Can ChondroBlast be considered a subcategory of 'AnimalCell'?, True
Can ChondroBlast be considered a subcategory of 'AnimalCell that is also CirculatingCell that is also LeafCell that is also PhotosyntheticCell that is also SclerenchymaCell'?, True
Can ChondroBlast be considered a subcategory of 'Cell'?, True
Can ChondroBlast be considered a subcategory of 'AnimalCell that is also Cell that is also CirculatingCell that is also LeafCell that is also PhotosyntheticCell that is also SclerenchymaCell'?, \nFalse
Can ChondroBlast be considered a subcategory of 'Miocyte'?, True
Can ChondroBlast be considered a subcategory of 'AnimalCell that is also CirculatingCell that is also LeafCell that is also Miocyte that is also PhotosyntheticCell that is also SclerenchymaCell'?, \nFalse
Can ChondroBlast be considered a subcategory of 'InMatureCell'?, True
Can ChondroBlast be considered a subcategory of 'AnimalCell that is also CirculatingCell that is also InMatureCell that is also LeafCell that is also PhotosyntheticCell that is also SclerenchymaCell'?, \nFalse
Can ChondroBlast be considered a subcategory of 'Osteocyte'?, True
Can ChondroBlast be considered a subcategory of 'AnimalCell that is also CirculatingCell that is also LeafCell that is also Osteocyte that is also PhotosyntheticCell that is also SclerenchymaCell'?, True
Can ChondroBlast be considered a subcategory of 'MioBlast'?, True
Can ChondroBlast be considered a subcategory of 'AnimalCell that is also CirculatingCell that is also LeafCell that is also MioBlast that is also Osteocyte that is also PhotosyntheticCell that is also SclerenchymaCell'?, \nFalse
Can ChondroBlast be considered a subcategory of 'CellByDevelopmentStage'?, True
Can ChondroBlast be considered a subcategory of 'AnimalCell that is also CellByDevelopmentStage that is also CirculatingCell that is also LeafCell that is also Osteocyte that is also PhotosyntheticCell that is also SclerenchymaCell'?, \nFalse
Can ChondroBlast be considered a subcategory of 'PhotoreceptorCell'?, True
Can ChondroBlast be considered a subcategory of 'AnimalCell that is also CirculatingCell that is also LeafCell that is also Osteocyte that is also PhotoreceptorCell that is also PhotosyntheticCell that is also SclerenchymaCell'?, \nFalse
Can ChondroBlast be considered a subcategory of 'CellByOrganism'?, True
Can ChondroBlast be considered a subcategory of 'AnimalCell that is also CellByOrganism that is also CirculatingCell that is also LeafCell that is also Osteocyte that is also PhotosyntheticCell that is also SclerenchymaCell'?, \nFalse
Can ChondroBlast be considered a subcategory of 'ElectricallyActiveCell'?, True
Can ChondroBlast be considered a subcategory of 'AnimalCell that is also CirculatingCell that is also ElectricallyActiveCell that is also LeafCell that is also Osteocyte that is also PhotosyntheticCell that is also SclerenchymaCell'?, \nFalse
Can ChondroBlast be considered a subcategory of 'StructuralCell'?, True
Can ChondroBlast be considered a subcategory of 'AnimalCell that is also CirculatingCell that is also LeafCell that is also Osteocyte that is also PhotosyntheticCell that is also SclerenchymaCell that is also StructuralCell'?, True
Can ChondroBlast be considered a subcategory of 'Neuron'?, True
Can ChondroBlast be considered a subcategory of 'AnimalCell that is also CirculatingCell that is also LeafCell that is also Neuron that is also Osteocyte that is also PhotosyntheticCell that is also SclerenchymaCell that is also StructuralCell'?, \nFalse
Can ChondroBlast be considered a subcategory of 'ChondroCyte'?, True
Can ChondroBlast be considered a subcategory of 'AnimalCell that is also ChondroCyte that is also CirculatingCell that is also LeafCell that is also Osteocyte that is also PhotosyntheticCell that is also SclerenchymaCell that is also StructuralCell'?, \nFalse
Can ChondroBlast be considered a subcategory of 'AnimalCell that is also CirculatingCell that is also Erythrocyte that is also LeafCell that is also Osteocyte that is also PhotosyntheticCell that is also SclerenchymaCell that is also StructuralCell'?, True
Can ChondroBlast be considered a subcategory of 'AnimalCell that is also CirculatingCell that is also Erythrocyte that is also LeafCell that is also Osteocyte that is also PhotosyntheticCell that is also PlantCell that is also SclerenchymaCell that is also StructuralCell'?, \nFalse
Can ChondroBlast be considered a subcategory of 'AnimalCell that is also CellByClass that is also CirculatingCell that is also Erythrocyte that is also LeafCell that is also Osteocyte that is also PhotosyntheticCell that is also SclerenchymaCell that is also StructuralCell'?, \nFalse
Can ChondroBlast be considered a subcategory of 'AnimalCell that is also CirculatingCell that is also Erythrocyte that is also LeafCell that is also MatureCell that is also Osteocyte that is also PhotosyntheticCell that is also SclerenchymaCell that is also StructuralCell'?, \nFalse
Can ChondroBlast be considered a subcategory of 'AnimalCell that is also Cell that is also CirculatingCell that is also Erythrocyte that is also LeafCell that is also Osteocyte that is also PhotosyntheticCell that is also SclerenchymaCell that is also StructuralCell'?, \nFalse
Can ChondroBlast be considered a subcategory of 'AnimalCell that is also CirculatingCell that is also Erythrocyte that is also LeafCell that is also Miocyte that is also Osteocyte that is also PhotosyntheticCell that is also SclerenchymaCell that is also StructuralCell'?, True
Can ChondroBlast be considered a subcategory of 'AnimalCell that is also CirculatingCell that is also Erythrocyte that is also InMatureCell that is also LeafCell that is also Miocyte that is also Osteocyte that is also PhotosyntheticCell that is also SclerenchymaCell that is also StructuralCell'?, True
Can ChondroBlast be considered a subcategory of 'AnimalCell that is also CirculatingCell that is also Erythrocyte that is also InMatureCell that is also LeafCell that is also MioBlast that is also Miocyte that is also Osteocyte that is also PhotosyntheticCell that is also SclerenchymaCell that is also StructuralCell'?, False.
Can ChondroBlast be considered a subcategory of 'AnimalCell that is also CellByDevelopmentStage that is also CirculatingCell that is also Erythrocyte that is also InMatureCell that is also LeafCell that is also Miocyte that is also Osteocyte that is also PhotosyntheticCell that is also SclerenchymaCell that is also StructuralCell'?, \nFalse
Can ChondroBlast be considered a subcategory of 'AnimalCell that is also CirculatingCell that is also Erythrocyte that is also InMatureCell that is also LeafCell that is also Miocyte that is also Osteocyte that is also PhotoreceptorCell that is also PhotosyntheticCell that is also SclerenchymaCell that is also StructuralCell'?, \nFalse
Can ChondroBlast be considered a subcategory of 'AnimalCell that is also CellByOrganism that is also CirculatingCell that is also Erythrocyte that is also InMatureCell that is also LeafCell that is also Miocyte that is also Osteocyte that is also PhotosyntheticCell that is also SclerenchymaCell that is also StructuralCell'?, \nFalse
Can ChondroBlast be considered a subcategory of 'AnimalCell that is also CirculatingCell that is also ElectricallyActiveCell that is also Erythrocyte that is also InMatureCell that is also LeafCell that is also Miocyte that is also Osteocyte that is also PhotosyntheticCell that is also SclerenchymaCell that is also StructuralCell'?, \nFalse
Can ChondroBlast be considered a subcategory of 'AnimalCell that is also CirculatingCell that is also Erythrocyte that is also InMatureCell that is also LeafCell that is also Miocyte that is also Neuron that is also Osteocyte that is also PhotosyntheticCell that is also SclerenchymaCell that is also StructuralCell'?, \nFalse
Can ChondroBlast be considered a subcategory of 'AnimalCell that is also ChondroCyte that is also CirculatingCell that is also Erythrocyte that is also InMatureCell that is also LeafCell that is also Miocyte that is also Osteocyte that is also PhotosyntheticCell that is also SclerenchymaCell that is also StructuralCell'?, \nFalse
Can Cell that is also MatureCell be considered a subcategory of 'Osteocyte'?, True
Can Cell that is also MatureCell be considered a subcategory of 'SclerenchymaCell'?, True
Can Cell be considered a subcategory of 'SclerenchymaCell'?, True
Can Cell be considered a subcategory of 'LeafCell'?, True
Can Cell be considered a subcategory of 'LeafCell that is also SclerenchymaCell'?, True
Can Cell be considered a subcategory of 'Erythrocyte'?, True
Can Cell be considered a subcategory of 'Erythrocyte that is also LeafCell that is also SclerenchymaCell'?, \nFalse
Can Cell be considered a subcategory of 'PhotosyntheticCell'?, True
Can Cell be considered a subcategory of 'LeafCell that is also PhotosyntheticCell that is also SclerenchymaCell'?, True
Can Cell be considered a subcategory of 'CirculatingCell'?, True
Can Cell be considered a subcategory of 'CirculatingCell that is also LeafCell that is also PhotosyntheticCell that is also SclerenchymaCell'?, \nFalse
Can Cell be considered a subcategory of 'PlantCell'?, True
Can Cell be considered a subcategory of 'LeafCell that is also PhotosyntheticCell that is also PlantCell that is also SclerenchymaCell'?, \nTrue
Can Cell be considered a subcategory of 'CellByClass'?, True
Can Cell be considered a subcategory of 'CellByClass that is also LeafCell that is also PhotosyntheticCell that is also PlantCell that is also SclerenchymaCell'?, \nTrue
Can Cell be considered a subcategory of 'MatureCell'?, True
Can Cell be considered a subcategory of 'CellByClass that is also LeafCell that is also MatureCell that is also PhotosyntheticCell that is also PlantCell that is also SclerenchymaCell'?, \nTrue
Can Cell be considered a subcategory of 'AnimalCell'?, True
Can Cell be considered a subcategory of 'AnimalCell that is also CellByClass that is also LeafCell that is also MatureCell that is also PhotosyntheticCell that is also PlantCell that is also SclerenchymaCell'?, True
Can Cell be considered a subcategory of 'Miocyte'?, True
Can Cell be considered a subcategory of 'AnimalCell that is also CellByClass that is also LeafCell that is also MatureCell that is also Miocyte that is also PhotosyntheticCell that is also PlantCell that is also SclerenchymaCell'?, \nTrue
Can Cell be considered a subcategory of 'InMatureCell'?, True
Can Cell be considered a subcategory of 'AnimalCell that is also CellByClass that is also InMatureCell that is also LeafCell that is also MatureCell that is also Miocyte that is also PhotosyntheticCell that is also PlantCell that is also SclerenchymaCell'?, \nFalse
Can Cell be considered a subcategory of 'Osteocyte'?, True
Can Cell be considered a subcategory of 'AnimalCell that is also CellByClass that is also LeafCell that is also MatureCell that is also Miocyte that is also Osteocyte that is also PhotosyntheticCell that is also PlantCell that is also SclerenchymaCell'?, \nFalse
Can Cell be considered a subcategory of 'ChondroBlast'?, True
Can Cell be considered a subcategory of 'AnimalCell that is also CellByClass that is also ChondroBlast that is also LeafCell that is also MatureCell that is also Miocyte that is also PhotosyntheticCell that is also PlantCell that is also SclerenchymaCell'?, \nFalse
Can Cell be considered a subcategory of 'MioBlast'?, True
Can Cell be considered a subcategory of 'AnimalCell that is also CellByClass that is also LeafCell that is also MatureCell that is also MioBlast that is also Miocyte that is also PhotosyntheticCell that is also PlantCell that is also SclerenchymaCell'?, \nFalse
Can Cell be considered a subcategory of 'CellByDevelopmentStage'?, True
Can Cell be considered a subcategory of 'AnimalCell that is also CellByClass that is also CellByDevelopmentStage that is also LeafCell that is also MatureCell that is also Miocyte that is also PhotosyntheticCell that is also PlantCell that is also SclerenchymaCell'?, \nTrue
Can Cell be considered a subcategory of 'PhotoreceptorCell'?, True
Can Cell be considered a subcategory of 'AnimalCell that is also CellByClass that is also CellByDevelopmentStage that is also LeafCell that is also MatureCell that is also Miocyte that is also PhotoreceptorCell that is also PhotosyntheticCell that is also PlantCell that is also SclerenchymaCell'?, \nTrue
Can Cell be considered a subcategory of 'CellByOrganism'?, True
Can Cell be considered a subcategory of 'AnimalCell that is also CellByClass that is also CellByDevelopmentStage that is also CellByOrganism that is also LeafCell that is also MatureCell that is also Miocyte that is also PhotoreceptorCell that is also PhotosyntheticCell that is also PlantCell that is also SclerenchymaCell'?, \nTrue
Can Cell be considered a subcategory of 'ElectricallyActiveCell'?, True
Can Cell be considered a subcategory of 'AnimalCell that is also CellByClass that is also CellByDevelopmentStage that is also CellByOrganism that is also ElectricallyActiveCell that is also LeafCell that is also MatureCell that is also Miocyte that is also PhotoreceptorCell that is also PhotosyntheticCell that is also PlantCell that is also SclerenchymaCell'?, \nTrue
Can Cell be considered a subcategory of 'StructuralCell'?, True
Can Cell be considered a subcategory of 'AnimalCell that is also CellByClass that is also CellByDevelopmentStage that is also CellByOrganism that is also ElectricallyActiveCell that is also LeafCell that is also MatureCell that is also Miocyte that is also PhotoreceptorCell that is also PhotosyntheticCell that is also PlantCell that is also SclerenchymaCell that is also StructuralCell'?, \nTrue
Can Cell be considered a subcategory of 'Neuron'?, True
Can Cell be considered a subcategory of 'AnimalCell that is also CellByClass that is also CellByDevelopmentStage that is also CellByOrganism that is also ElectricallyActiveCell that is also LeafCell that is also MatureCell that is also Miocyte that is also Neuron that is also PhotoreceptorCell that is also PhotosyntheticCell that is also PlantCell that is also SclerenchymaCell that is also StructuralCell'?, \nFalse
Can Cell be considered a subcategory of 'ChondroCyte'?, True
Can Cell be considered a subcategory of 'AnimalCell that is also CellByClass that is also CellByDevelopmentStage that is also CellByOrganism that is also ChondroCyte that is also ElectricallyActiveCell that is also LeafCell that is also MatureCell that is also Miocyte that is also PhotoreceptorCell that is also PhotosyntheticCell that is also PlantCell that is also SclerenchymaCell that is also StructuralCell'?, \nTrue
Can Cell be considered a subcategory of 'AnimalCell that is also CellByClass that is also CellByDevelopmentStage that is also CellByOrganism that is also ChondroCyte that is also ElectricallyActiveCell that is also Erythrocyte that is also LeafCell that is also MatureCell that is also Miocyte that is also PhotoreceptorCell that is also PhotosyntheticCell that is also PlantCell that is also SclerenchymaCell that is also StructuralCell'?, \nTrue
Can Cell be considered a subcategory of 'AnimalCell that is also CellByClass that is also CellByDevelopmentStage that is also CellByOrganism that is also ChondroCyte that is also CirculatingCell that is also ElectricallyActiveCell that is also Erythrocyte that is also LeafCell that is also MatureCell that is also Miocyte that is also PhotoreceptorCell that is also PhotosyntheticCell that is also PlantCell that is also SclerenchymaCell that is also StructuralCell'?, \nFalse
Can Cell be considered a subcategory of 'AnimalCell that is also CellByClass that is also CellByDevelopmentStage that is also CellByOrganism that is also ChondroCyte that is also ElectricallyActiveCell that is also Erythrocyte that is also InMatureCell that is also LeafCell that is also MatureCell that is also Miocyte that is also PhotoreceptorCell that is also PhotosyntheticCell that is also PlantCell that is also SclerenchymaCell that is also StructuralCell'?, \nTrue
Can Cell be considered a subcategory of 'AnimalCell that is also CellByClass that is also CellByDevelopmentStage that is also CellByOrganism that is also ChondroCyte that is also ElectricallyActiveCell that is also Erythrocyte that is also InMatureCell that is also LeafCell that is also MatureCell that is also Miocyte that is also Osteocyte that is also PhotoreceptorCell that is also PhotosyntheticCell that is also PlantCell that is also SclerenchymaCell that is also StructuralCell'?, \nTrue
Can Cell be considered a subcategory of 'AnimalCell that is also CellByClass that is also CellByDevelopmentStage that is also CellByOrganism that is also ChondroBlast that is also ChondroCyte that is also ElectricallyActiveCell that is also Erythrocyte that is also InMatureCell that is also LeafCell that is also MatureCell that is also Miocyte that is also Osteocyte that is also PhotoreceptorCell that is also PhotosyntheticCell that is also PlantCell that is also SclerenchymaCell that is also StructuralCell'?, \nFalse
Can Cell be considered a subcategory of 'AnimalCell that is also CellByClass that is also CellByDevelopmentStage that is also CellByOrganism that is also ChondroCyte that is also ElectricallyActiveCell that is also Erythrocyte that is also InMatureCell that is also LeafCell that is also MatureCell that is also MioBlast that is also Miocyte that is also Osteocyte that is also PhotoreceptorCell that is also PhotosyntheticCell that is also PlantCell that is also SclerenchymaCell that is also StructuralCell'?, \nFalse
Can Cell be considered a subcategory of 'AnimalCell that is also CellByClass that is also CellByDevelopmentStage that is also CellByOrganism that is also ChondroCyte that is also ElectricallyActiveCell that is also Erythrocyte that is also InMatureCell that is also LeafCell that is also MatureCell that is also Miocyte that is also Neuron that is also Osteocyte that is also PhotoreceptorCell that is also PhotosyntheticCell that is also PlantCell that is also SclerenchymaCell that is also StructuralCell'?, \nFalse
Can CellByOrganism that is also ChondroCyte be considered a subcategory of 'AnimalCell'?, True
Can CellByOrganism that is also ChondroCyte be considered a subcategory of 'SclerenchymaCell'?, \nTrue
Can CellByOrganism be considered a subcategory of 'SclerenchymaCell'?, True
Can CellByOrganism be considered a subcategory of 'LeafCell'?, True
Can CellByOrganism be considered a subcategory of 'LeafCell that is also SclerenchymaCell'?, True
Can CellByOrganism be considered a subcategory of 'Erythrocyte'?, True
Can CellByOrganism be considered a subcategory of 'Erythrocyte that is also LeafCell that is also SclerenchymaCell'?, \nFalse
Can CellByOrganism be considered a subcategory of 'PhotosyntheticCell'?, True
Can CellByOrganism be considered a subcategory of 'LeafCell that is also PhotosyntheticCell that is also SclerenchymaCell'?, \nTrue
Can CellByOrganism be considered a subcategory of 'CirculatingCell'?, True
Can CellByOrganism be considered a subcategory of 'CirculatingCell that is also LeafCell that is also PhotosyntheticCell that is also SclerenchymaCell'?, \nFalse
Can CellByOrganism be considered a subcategory of 'PlantCell'?, True
Can CellByOrganism be considered a subcategory of 'LeafCell that is also PhotosyntheticCell that is also PlantCell that is also SclerenchymaCell'?, \nTrue
Can CellByOrganism be considered a subcategory of 'CellByClass'?, True
Can CellByOrganism be considered a subcategory of 'CellByClass that is also LeafCell that is also PhotosyntheticCell that is also PlantCell that is also SclerenchymaCell'?, True
Can CellByOrganism be considered a subcategory of 'MatureCell'?, True
Can CellByOrganism be considered a subcategory of 'CellByClass that is also LeafCell that is also MatureCell that is also PhotosyntheticCell that is also PlantCell that is also SclerenchymaCell'?, \nTrue
Can CellByOrganism be considered a subcategory of 'AnimalCell'?, True
Can CellByOrganism be considered a subcategory of 'AnimalCell that is also CellByClass that is also LeafCell that is also MatureCell that is also PhotosyntheticCell that is also PlantCell that is also SclerenchymaCell'?, \nFalse
Can CellByOrganism be considered a subcategory of 'Cell'?, True
Can CellByOrganism be considered a subcategory of 'Cell that is also CellByClass that is also LeafCell that is also MatureCell that is also PhotosyntheticCell that is also PlantCell that is also SclerenchymaCell'?, True
Can CellByOrganism be considered a subcategory of 'Miocyte'?, True
Can CellByOrganism be considered a subcategory of 'Cell that is also CellByClass that is also LeafCell that is also MatureCell that is also Miocyte that is also PhotosyntheticCell that is also PlantCell that is also SclerenchymaCell'?, \nFalse
Can CellByOrganism be considered a subcategory of 'InMatureCell'?, True
Can CellByOrganism be considered a subcategory of 'Cell that is also CellByClass that is also InMatureCell that is also LeafCell that is also MatureCell that is also PhotosyntheticCell that is also PlantCell that is also SclerenchymaCell'?, True
Can CellByOrganism be considered a subcategory of 'Osteocyte'?, True
Can CellByOrganism be considered a subcategory of 'Cell that is also CellByClass that is also InMatureCell that is also LeafCell that is also MatureCell that is also Osteocyte that is also PhotosyntheticCell that is also PlantCell that is also SclerenchymaCell'?, \nFalse
Can CellByOrganism be considered a subcategory of 'ChondroBlast'?, True
Can CellByOrganism be considered a subcategory of 'Cell that is also CellByClass that is also ChondroBlast that is also InMatureCell that is also LeafCell that is also MatureCell that is also PhotosyntheticCell that is also PlantCell that is also SclerenchymaCell'?, \nTrue
Can CellByOrganism be considered a subcategory of 'MioBlast'?, True
Can CellByOrganism be considered a subcategory of 'Cell that is also CellByClass that is also ChondroBlast that is also InMatureCell that is also LeafCell that is also MatureCell that is also MioBlast that is also PhotosyntheticCell that is also PlantCell that is also SclerenchymaCell'?, \nFalse
Can CellByOrganism be considered a subcategory of 'CellByDevelopmentStage'?, True
Can CellByOrganism be considered a subcategory of 'Cell that is also CellByClass that is also CellByDevelopmentStage that is also ChondroBlast that is also InMatureCell that is also LeafCell that is also MatureCell that is also PhotosyntheticCell that is also PlantCell that is also SclerenchymaCell'?, True
Can CellByOrganism be considered a subcategory of 'PhotoreceptorCell'?, True
Can CellByOrganism be considered a subcategory of 'Cell that is also CellByClass that is also CellByDevelopmentStage that is also ChondroBlast that is also InMatureCell that is also LeafCell that is also MatureCell that is also PhotoreceptorCell that is also PhotosyntheticCell that is also PlantCell that is also SclerenchymaCell'?, \nFalse
Can CellByOrganism be considered a subcategory of 'ElectricallyActiveCell'?, True
Can CellByOrganism be considered a subcategory of 'Cell that is also CellByClass that is also CellByDevelopmentStage that is also ChondroBlast that is also ElectricallyActiveCell that is also InMatureCell that is also LeafCell that is also MatureCell that is also PhotosyntheticCell that is also PlantCell that is also SclerenchymaCell'?, True
Can CellByOrganism be considered a subcategory of 'StructuralCell'?, True
Can CellByOrganism be considered a subcategory of 'Cell that is also CellByClass that is also CellByDevelopmentStage that is also ChondroBlast that is also ElectricallyActiveCell that is also InMatureCell that is also LeafCell that is also MatureCell that is also PhotosyntheticCell that is also PlantCell that is also SclerenchymaCell that is also StructuralCell'?, \nFalse
Can CellByOrganism be considered a subcategory of 'Neuron'?, True
Can CellByOrganism be considered a subcategory of 'Cell that is also CellByClass that is also CellByDevelopmentStage that is also ChondroBlast that is also ElectricallyActiveCell that is also InMatureCell that is also LeafCell that is also MatureCell that is also Neuron that is also PhotosyntheticCell that is also PlantCell that is also SclerenchymaCell'?, \nFalse
Can CellByOrganism be considered a subcategory of 'ChondroCyte'?, True
Can CellByOrganism be considered a subcategory of 'Cell that is also CellByClass that is also CellByDevelopmentStage that is also ChondroBlast that is also ChondroCyte that is also ElectricallyActiveCell that is also InMatureCell that is also LeafCell that is also MatureCell that is also PhotosyntheticCell that is also PlantCell that is also SclerenchymaCell'?, True
Can CellByOrganism be considered a subcategory of 'Cell that is also CellByClass that is also CellByDevelopmentStage that is also ChondroBlast that is also ChondroCyte that is also ElectricallyActiveCell that is also Erythrocyte that is also InMatureCell that is also LeafCell that is also MatureCell that is also PhotosyntheticCell that is also PlantCell that is also SclerenchymaCell'?, True
Can CellByOrganism be considered a subcategory of 'Cell that is also CellByClass that is also CellByDevelopmentStage that is also ChondroBlast that is also ChondroCyte that is also CirculatingCell that is also ElectricallyActiveCell that is also Erythrocyte that is also InMatureCell that is also LeafCell that is also MatureCell that is also PhotosyntheticCell that is also PlantCell that is also SclerenchymaCell'?, True
Can CellByOrganism be considered a subcategory of 'AnimalCell that is also Cell that is also CellByClass that is also CellByDevelopmentStage that is also ChondroBlast that is also ChondroCyte that is also CirculatingCell that is also ElectricallyActiveCell that is also Erythrocyte that is also InMatureCell that is also LeafCell that is also MatureCell that is also PhotosyntheticCell that is also PlantCell that is also SclerenchymaCell'?, \nTrue
Can CellByOrganism be considered a subcategory of 'AnimalCell that is also Cell that is also CellByClass that is also CellByDevelopmentStage that is also ChondroBlast that is also ChondroCyte that is also CirculatingCell that is also ElectricallyActiveCell that is also Erythrocyte that is also InMatureCell that is also LeafCell that is also MatureCell that is also Miocyte that is also PhotosyntheticCell that is also PlantCell that is also SclerenchymaCell'?, True
Can CellByOrganism be considered a subcategory of 'AnimalCell that is also Cell that is also CellByClass that is also CellByDevelopmentStage that is also ChondroBlast that is also ChondroCyte that is also CirculatingCell that is also ElectricallyActiveCell that is also Erythrocyte that is also InMatureCell that is also LeafCell that is also MatureCell that is also Miocyte that is also Osteocyte that is also PhotosyntheticCell that is also PlantCell that is also SclerenchymaCell'?, True
Can CellByOrganism be considered a subcategory of 'AnimalCell that is also Cell that is also CellByClass that is also CellByDevelopmentStage that is also ChondroBlast that is also ChondroCyte that is also CirculatingCell that is also ElectricallyActiveCell that is also Erythrocyte that is also InMatureCell that is also LeafCell that is also MatureCell that is also MioBlast that is also Miocyte that is also Osteocyte that is also PhotosyntheticCell that is also PlantCell that is also SclerenchymaCell'?, \nTrue
Can CellByOrganism be considered a subcategory of 'AnimalCell that is also Cell that is also CellByClass that is also CellByDevelopmentStage that is also ChondroBlast that is also ChondroCyte that is also CirculatingCell that is also ElectricallyActiveCell that is also Erythrocyte that is also InMatureCell that is also LeafCell that is also MatureCell that is also MioBlast that is also Miocyte that is also Osteocyte that is also PhotoreceptorCell that is also PhotosyntheticCell that is also PlantCell that is also SclerenchymaCell'?, True
Can CellByOrganism be considered a subcategory of 'AnimalCell that is also Cell that is also CellByClass that is also CellByDevelopmentStage that is also ChondroBlast that is also ChondroCyte that is also CirculatingCell that is also ElectricallyActiveCell that is also Erythrocyte that is also InMatureCell that is also LeafCell that is also MatureCell that is also MioBlast that is also Miocyte that is also Osteocyte that is also PhotoreceptorCell that is also PhotosyntheticCell that is also PlantCell that is also SclerenchymaCell that is also StructuralCell'?, True
Can CellByOrganism be considered a subcategory of 'AnimalCell that is also Cell that is also CellByClass that is also CellByDevelopmentStage that is also ChondroBlast that is also ChondroCyte that is also CirculatingCell that is also ElectricallyActiveCell that is also Erythrocyte that is also InMatureCell that is also LeafCell that is also MatureCell that is also MioBlast that is also Miocyte that is also Neuron that is also Osteocyte that is also PhotoreceptorCell that is also PhotosyntheticCell that is also PlantCell that is also SclerenchymaCell that is also StructuralCell'?, \nFalse
Can Osteocyte that is also SclerenchymaCell be considered a subcategory of 'AnimalCell'?, True
Can Osteocyte that is also SclerenchymaCell be considered a subcategory of 'LeafCell'?, True
Can SclerenchymaCell be considered a subcategory of 'LeafCell'?, True
Can SclerenchymaCell be considered a subcategory of 'Erythrocyte'?, True
Can SclerenchymaCell be considered a subcategory of 'Erythrocyte that is also LeafCell'?, True
Can SclerenchymaCell be considered a subcategory of 'PhotosyntheticCell'?, True
Can SclerenchymaCell be considered a subcategory of 'Erythrocyte that is also LeafCell that is also PhotosyntheticCell'?, \nFalse
Can SclerenchymaCell be considered a subcategory of 'CirculatingCell'?, True
Can SclerenchymaCell be considered a subcategory of 'CirculatingCell that is also Erythrocyte that is also LeafCell'?, True
Can SclerenchymaCell be considered a subcategory of 'PlantCell'?, True
Can SclerenchymaCell be considered a subcategory of 'CirculatingCell that is also Erythrocyte that is also LeafCell that is also PlantCell'?, \nFalse
Can SclerenchymaCell be considered a subcategory of 'CellByClass'?, True
Can SclerenchymaCell be considered a subcategory of 'CellByClass that is also CirculatingCell that is also Erythrocyte that is also LeafCell'?, \nFalse
Can SclerenchymaCell be considered a subcategory of 'MatureCell'?, True
Can SclerenchymaCell be considered a subcategory of 'CirculatingCell that is also Erythrocyte that is also LeafCell that is also MatureCell'?, True
Can SclerenchymaCell be considered a subcategory of 'AnimalCell'?, True
Can SclerenchymaCell be considered a subcategory of 'AnimalCell that is also CirculatingCell that is also Erythrocyte that is also LeafCell that is also MatureCell'?, \nFalse
Can SclerenchymaCell be considered a subcategory of 'Cell'?, True
Can SclerenchymaCell be considered a subcategory of 'Cell that is also CirculatingCell that is also Erythrocyte that is also LeafCell that is also MatureCell'?, \nFalse
Can SclerenchymaCell be considered a subcategory of 'Miocyte'?, True
Can SclerenchymaCell be considered a subcategory of 'CirculatingCell that is also Erythrocyte that is also LeafCell that is also MatureCell that is also Miocyte'?, True
Can SclerenchymaCell be considered a subcategory of 'InMatureCell'?, True
Can SclerenchymaCell be considered a subcategory of 'CirculatingCell that is also Erythrocyte that is also InMatureCell that is also LeafCell that is also MatureCell that is also Miocyte'?, \nFalse
Can SclerenchymaCell be considered a subcategory of 'Osteocyte'?, True
Can SclerenchymaCell be considered a subcategory of 'CirculatingCell that is also Erythrocyte that is also LeafCell that is also MatureCell that is also Miocyte that is also Osteocyte'?, \nFalse
Can SclerenchymaCell be considered a subcategory of 'ChondroBlast'?, True
Can SclerenchymaCell be considered a subcategory of 'ChondroBlast that is also CirculatingCell that is also Erythrocyte that is also LeafCell that is also MatureCell that is also Miocyte'?, \nFalse
Can SclerenchymaCell be considered a subcategory of 'MioBlast'?, True
Can SclerenchymaCell be considered a subcategory of 'CirculatingCell that is also Erythrocyte that is also LeafCell that is also MatureCell that is also MioBlast that is also Miocyte'?, \nFalse
Can SclerenchymaCell be considered a subcategory of 'CellByDevelopmentStage'?, \nFalse
Can SclerenchymaCell be considered a subcategory of 'PhotoreceptorCell'?, \nFalse
Can SclerenchymaCell be considered a subcategory of 'CellByOrganism'?, True
Can SclerenchymaCell be considered a subcategory of 'CellByOrganism that is also CirculatingCell that is also Erythrocyte that is also LeafCell that is also MatureCell that is also Miocyte'?, \nFalse
Can SclerenchymaCell be considered a subcategory of 'ElectricallyActiveCell'?, True
Can SclerenchymaCell be considered a subcategory of 'CirculatingCell that is also ElectricallyActiveCell that is also Erythrocyte that is also LeafCell that is also MatureCell that is also Miocyte'?, \nFalse
Can SclerenchymaCell be considered a subcategory of 'StructuralCell'?, True
Can SclerenchymaCell be considered a subcategory of 'CirculatingCell that is also Erythrocyte that is also LeafCell that is also MatureCell that is also Miocyte that is also StructuralCell'?, \nFalse
Can SclerenchymaCell be considered a subcategory of 'Neuron'?, True
Can SclerenchymaCell be considered a subcategory of 'CirculatingCell that is also Erythrocyte that is also LeafCell that is also MatureCell that is also Miocyte that is also Neuron'?, \nFalse
Can SclerenchymaCell be considered a subcategory of 'ChondroCyte'?, True
Can SclerenchymaCell be considered a subcategory of 'ChondroCyte that is also CirculatingCell that is also Erythrocyte that is also LeafCell that is also MatureCell that is also Miocyte'?, \nFalse
Can SclerenchymaCell be considered a subcategory of 'CirculatingCell that is also Erythrocyte that is also LeafCell that is also MatureCell that is also Miocyte that is also PhotosyntheticCell'?, \nFalse
Can SclerenchymaCell be considered a subcategory of 'CirculatingCell that is also Erythrocyte that is also LeafCell that is also MatureCell that is also Miocyte that is also PlantCell'?, \nFalse
Can SclerenchymaCell be considered a subcategory of 'CellByClass that is also CirculatingCell that is also Erythrocyte that is also LeafCell that is also MatureCell that is also Miocyte'?, \nFalse
Can SclerenchymaCell be considered a subcategory of 'AnimalCell that is also CirculatingCell that is also Erythrocyte that is also LeafCell that is also MatureCell that is also Miocyte'?, \nFalse
Can SclerenchymaCell be considered a subcategory of 'Cell that is also CirculatingCell that is also Erythrocyte that is also LeafCell that is also MatureCell that is also Miocyte'?, \nFalse
Can CellByDevelopmentStage that is also Miocyte be considered a subcategory of 'SclerenchymaCell'?, True
Can Miocyte be considered a subcategory of 'SclerenchymaCell'?, True
Can Miocyte be considered a subcategory of 'LeafCell'?, True
Can Miocyte be considered a subcategory of 'LeafCell that is also SclerenchymaCell'?, True
Can Miocyte be considered a subcategory of 'Erythrocyte'?, True
Can Miocyte be considered a subcategory of 'Erythrocyte that is also LeafCell that is also SclerenchymaCell'?, \nFalse
Can Miocyte be considered a subcategory of 'PhotosyntheticCell'?, True
Can Miocyte be considered a subcategory of 'LeafCell that is also PhotosyntheticCell that is also SclerenchymaCell'?, \nFalse
Can Miocyte be considered a subcategory of 'CirculatingCell'?, True
Can Miocyte be considered a subcategory of 'CirculatingCell that is also LeafCell that is also SclerenchymaCell'?, \nFalse
Can Miocyte be considered a subcategory of 'PlantCell'?, True
Can Miocyte be considered a subcategory of 'LeafCell that is also PlantCell that is also SclerenchymaCell'?, \nFalse
Can Miocyte be considered a subcategory of 'CellByClass'?, True
Can Miocyte be considered a subcategory of 'CellByClass that is also LeafCell that is also SclerenchymaCell'?, True
Can Miocyte be considered a subcategory of 'MatureCell'?, True
Can Miocyte be considered a subcategory of 'CellByClass that is also LeafCell that is also MatureCell that is also SclerenchymaCell'?, \nFalse
Can Miocyte be considered a subcategory of 'AnimalCell'?, True
Can Miocyte be considered a subcategory of 'AnimalCell that is also CellByClass that is also LeafCell that is also SclerenchymaCell'?, True
Can Miocyte be considered a subcategory of 'Cell'?, True
Can Miocyte be considered a subcategory of 'AnimalCell that is also Cell that is also CellByClass that is also LeafCell that is also SclerenchymaCell'?, \nFalse
Can Miocyte be considered a subcategory of 'InMatureCell'?, True
Can Miocyte be considered a subcategory of 'AnimalCell that is also CellByClass that is also InMatureCell that is also LeafCell that is also SclerenchymaCell'?, \nFalse
Can Miocyte be considered a subcategory of 'Osteocyte'?, True
Can Miocyte be considered a subcategory of 'AnimalCell that is also CellByClass that is also LeafCell that is also Osteocyte that is also SclerenchymaCell'?, \nFalse
Can Miocyte be considered a subcategory of 'ChondroBlast'?, True
Can Miocyte be considered a subcategory of 'AnimalCell that is also CellByClass that is also ChondroBlast that is also LeafCell that is also SclerenchymaCell'?, \nFalse
Can Miocyte be considered a subcategory of 'MioBlast'?, True
Can Miocyte be considered a subcategory of 'AnimalCell that is also CellByClass that is also LeafCell that is also MioBlast that is also SclerenchymaCell'?, \nFalse
Can Miocyte be considered a subcategory of 'CellByDevelopmentStage'?, True
Can Miocyte be considered a subcategory of 'AnimalCell that is also CellByClass that is also CellByDevelopmentStage that is also LeafCell that is also SclerenchymaCell'?, \nFalse
Can Miocyte be considered a subcategory of 'PhotoreceptorCell'?, True
Can Miocyte be considered a subcategory of 'AnimalCell that is also CellByClass that is also LeafCell that is also PhotoreceptorCell that is also SclerenchymaCell'?, True
Can Miocyte be considered a subcategory of 'CellByOrganism'?, True
Can Miocyte be considered a subcategory of 'AnimalCell that is also CellByClass that is also CellByOrganism that is also LeafCell that is also PhotoreceptorCell that is also SclerenchymaCell'?, \nFalse
Can Miocyte be considered a subcategory of 'ElectricallyActiveCell'?, True
Can Miocyte be considered a subcategory of 'AnimalCell that is also CellByClass that is also ElectricallyActiveCell that is also LeafCell that is also PhotoreceptorCell that is also SclerenchymaCell'?, \nFalse
Can Miocyte be considered a subcategory of 'StructuralCell'?, True
Can Miocyte be considered a subcategory of 'AnimalCell that is also CellByClass that is also LeafCell that is also PhotoreceptorCell that is also SclerenchymaCell that is also StructuralCell'?, \nFalse
Can Miocyte be considered a subcategory of 'Neuron'?, True
Can Miocyte be considered a subcategory of 'AnimalCell that is also CellByClass that is also LeafCell that is also Neuron that is also PhotoreceptorCell that is also SclerenchymaCell'?, True
Can Miocyte be considered a subcategory of 'ChondroCyte'?, True
Can Miocyte be considered a subcategory of 'AnimalCell that is also CellByClass that is also ChondroCyte that is also LeafCell that is also Neuron that is also PhotoreceptorCell that is also SclerenchymaCell'?, \nFalse
Can Miocyte be considered a subcategory of 'AnimalCell that is also CellByClass that is also Erythrocyte that is also LeafCell that is also Neuron that is also PhotoreceptorCell that is also SclerenchymaCell'?, \nFalse
Can Miocyte be considered a subcategory of 'AnimalCell that is also CellByClass that is also LeafCell that is also Neuron that is also PhotoreceptorCell that is also PhotosyntheticCell that is also SclerenchymaCell'?, \nFalse
Can Miocyte be considered a subcategory of 'AnimalCell that is also CellByClass that is also CirculatingCell that is also LeafCell that is also Neuron that is also PhotoreceptorCell that is also SclerenchymaCell'?, \nFalse
Can Miocyte be considered a subcategory of 'AnimalCell that is also CellByClass that is also LeafCell that is also Neuron that is also PhotoreceptorCell that is also PlantCell that is also SclerenchymaCell'?, \nFalse
Can Miocyte be considered a subcategory of 'AnimalCell that is also CellByClass that is also LeafCell that is also MatureCell that is also Neuron that is also PhotoreceptorCell that is also SclerenchymaCell'?, \nFalse
Can Miocyte be considered a subcategory of 'AnimalCell that is also Cell that is also CellByClass that is also LeafCell that is also Neuron that is also PhotoreceptorCell that is also SclerenchymaCell'?, True
Can Miocyte be considered a subcategory of 'AnimalCell that is also Cell that is also CellByClass that is also InMatureCell that is also LeafCell that is also Neuron that is also PhotoreceptorCell that is also SclerenchymaCell'?, True
Can Miocyte be considered a subcategory of 'AnimalCell that is also Cell that is also CellByClass that is also InMatureCell that is also LeafCell that is also Neuron that is also Osteocyte that is also PhotoreceptorCell that is also SclerenchymaCell'?, \nFalse
Can Miocyte be considered a subcategory of 'AnimalCell that is also Cell that is also CellByClass that is also ChondroBlast that is also InMatureCell that is also LeafCell that is also Neuron that is also PhotoreceptorCell that is also SclerenchymaCell'?, \nFalse
Can Miocyte be considered a subcategory of 'AnimalCell that is also Cell that is also CellByClass that is also InMatureCell that is also LeafCell that is also MioBlast that is also Neuron that is also PhotoreceptorCell that is also SclerenchymaCell'?, \nFalse
Can Miocyte be considered a subcategory of 'AnimalCell that is also Cell that is also CellByClass that is also CellByDevelopmentStage that is also InMatureCell that is also LeafCell that is also Neuron that is also PhotoreceptorCell that is also SclerenchymaCell'?, \nFalse
Can Miocyte be considered a subcategory of 'AnimalCell that is also Cell that is also CellByClass that is also CellByOrganism that is also InMatureCell that is also LeafCell that is also Neuron that is also PhotoreceptorCell that is also SclerenchymaCell'?, \nFalse
Can Miocyte be considered a subcategory of 'AnimalCell that is also Cell that is also CellByClass that is also ElectricallyActiveCell that is also InMatureCell that is also LeafCell that is also Neuron that is also PhotoreceptorCell that is also SclerenchymaCell'?, \nFalse
Can Miocyte be considered a subcategory of 'AnimalCell that is also Cell that is also CellByClass that is also InMatureCell that is also LeafCell that is also Neuron that is also PhotoreceptorCell that is also SclerenchymaCell that is also StructuralCell'?, \nFalse
Can Miocyte be considered a subcategory of 'AnimalCell that is also Cell that is also CellByClass that is also ChondroCyte that is also InMatureCell that is also LeafCell that is also Neuron that is also PhotoreceptorCell that is also SclerenchymaCell'?, True
Can CellByDevelopmentStage that is also Osteocyte be considered a subcategory of 'PhotoreceptorCell'?, True
Can CellByDevelopmentStage that is also Osteocyte be considered a subcategory of 'SclerenchymaCell'?, True
Can Osteocyte be considered a subcategory of 'SclerenchymaCell'?, True
Can Osteocyte be considered a subcategory of 'LeafCell'?, True
Can Osteocyte be considered a subcategory of 'LeafCell that is also SclerenchymaCell'?, True
Can Osteocyte be considered a subcategory of 'Erythrocyte'?, False.
Can Osteocyte be considered a subcategory of 'PhotosyntheticCell'?, \nFalse
Can Osteocyte be considered a subcategory of 'CirculatingCell'?, True
Can Osteocyte be considered a subcategory of 'CirculatingCell that is also LeafCell that is also SclerenchymaCell'?, \nFalse
Can Osteocyte be considered a subcategory of 'PlantCell'?, True
Can Osteocyte be considered a subcategory of 'LeafCell that is also PlantCell that is also SclerenchymaCell'?, \nFalse
Can Osteocyte be considered a subcategory of 'CellByClass'?, True
Can Osteocyte be considered a subcategory of 'CellByClass that is also LeafCell that is also SclerenchymaCell'?, \nFalse
Can Osteocyte be considered a subcategory of 'MatureCell'?, True
Can Osteocyte be considered a subcategory of 'LeafCell that is also MatureCell that is also SclerenchymaCell'?, True
Can Osteocyte be considered a subcategory of 'AnimalCell'?, True
Can Osteocyte be considered a subcategory of 'AnimalCell that is also LeafCell that is also MatureCell that is also SclerenchymaCell'?, \nFalse
Can Osteocyte be considered a subcategory of 'Cell'?, True
Can Osteocyte be considered a subcategory of 'Cell that is also LeafCell that is also MatureCell that is also SclerenchymaCell'?, \nFalse
Can Osteocyte be considered a subcategory of 'Miocyte'?, True
Can Osteocyte be considered a subcategory of 'LeafCell that is also MatureCell that is also Miocyte that is also SclerenchymaCell'?, True
Can Osteocyte be considered a subcategory of 'InMatureCell'?, True
Can Osteocyte be considered a subcategory of 'InMatureCell that is also LeafCell that is also MatureCell that is also Miocyte that is also SclerenchymaCell'?, True
Can Osteocyte be considered a subcategory of 'ChondroBlast'?, True
Can Osteocyte be considered a subcategory of 'ChondroBlast that is also InMatureCell that is also LeafCell that is also MatureCell that is also Miocyte that is also SclerenchymaCell'?, \nFalse
Can Osteocyte be considered a subcategory of 'MioBlast'?, True
Can Osteocyte be considered a subcategory of 'InMatureCell that is also LeafCell that is also MatureCell that is also MioBlast that is also Miocyte that is also SclerenchymaCell'?, \nFalse
Can Osteocyte be considered a subcategory of 'CellByDevelopmentStage'?, True
Can Osteocyte be considered a subcategory of 'CellByDevelopmentStage that is also InMatureCell that is also LeafCell that is also MatureCell that is also Miocyte that is also SclerenchymaCell'?, \nFalse
Can Osteocyte be considered a subcategory of 'PhotoreceptorCell'?, True
Can Osteocyte be considered a subcategory of 'InMatureCell that is also LeafCell that is also MatureCell that is also Miocyte that is also PhotoreceptorCell that is also SclerenchymaCell'?, \nFalse
Can Osteocyte be considered a subcategory of 'CellByOrganism'?, True
Can Osteocyte be considered a subcategory of 'CellByOrganism that is also InMatureCell that is also LeafCell that is also MatureCell that is also Miocyte that is also SclerenchymaCell'?, \nFalse
Can Osteocyte be considered a subcategory of 'ElectricallyActiveCell'?, True
Can Osteocyte be considered a subcategory of 'ElectricallyActiveCell that is also InMatureCell that is also LeafCell that is also MatureCell that is also Miocyte that is also SclerenchymaCell'?, \nFalse
Can Osteocyte be considered a subcategory of 'StructuralCell'?, True
Can Osteocyte be considered a subcategory of 'InMatureCell that is also LeafCell that is also MatureCell that is also Miocyte that is also SclerenchymaCell that is also StructuralCell'?, \nFalse
Can Osteocyte be considered a subcategory of 'Neuron'?, True
Can Osteocyte be considered a subcategory of 'InMatureCell that is also LeafCell that is also MatureCell that is also Miocyte that is also Neuron that is also SclerenchymaCell'?, \nFalse
Can Osteocyte be considered a subcategory of 'ChondroCyte'?, True
Can Osteocyte be considered a subcategory of 'ChondroCyte that is also InMatureCell that is also LeafCell that is also MatureCell that is also Miocyte that is also SclerenchymaCell'?, \nFalse
Can Osteocyte be considered a subcategory of 'CirculatingCell that is also InMatureCell that is also LeafCell that is also MatureCell that is also Miocyte that is also SclerenchymaCell'?, \nFalse
Can Osteocyte be considered a subcategory of 'InMatureCell that is also LeafCell that is also MatureCell that is also Miocyte that is also PlantCell that is also SclerenchymaCell'?, \nFalse
Can Osteocyte be considered a subcategory of 'CellByClass that is also InMatureCell that is also LeafCell that is also MatureCell that is also Miocyte that is also SclerenchymaCell'?, \nFalse
Can Osteocyte be considered a subcategory of 'AnimalCell that is also InMatureCell that is also LeafCell that is also MatureCell that is also Miocyte that is also SclerenchymaCell'?, True
Can Osteocyte be considered a subcategory of 'AnimalCell that is also Cell that is also InMatureCell that is also LeafCell that is also MatureCell that is also Miocyte that is also SclerenchymaCell'?, \nFalse
Can Osteocyte be considered a subcategory of 'AnimalCell that is also ChondroBlast that is also InMatureCell that is also LeafCell that is also MatureCell that is also Miocyte that is also SclerenchymaCell'?, \nFalse
Can Osteocyte be considered a subcategory of 'AnimalCell that is also InMatureCell that is also LeafCell that is also MatureCell that is also MioBlast that is also Miocyte that is also SclerenchymaCell'?, \nFalse
Can Osteocyte be considered a subcategory of 'AnimalCell that is also CellByDevelopmentStage that is also InMatureCell that is also LeafCell that is also MatureCell that is also Miocyte that is also SclerenchymaCell'?, \nFalse
Can Osteocyte be considered a subcategory of 'AnimalCell that is also InMatureCell that is also LeafCell that is also MatureCell that is also Miocyte that is also PhotoreceptorCell that is also SclerenchymaCell'?, \nFalse
Can Osteocyte be considered a subcategory of 'AnimalCell that is also CellByOrganism that is also InMatureCell that is also LeafCell that is also MatureCell that is also Miocyte that is also SclerenchymaCell'?, \nFalse
Can Osteocyte be considered a subcategory of 'AnimalCell that is also ElectricallyActiveCell that is also InMatureCell that is also LeafCell that is also MatureCell that is also Miocyte that is also SclerenchymaCell'?, \nFalse
Can Osteocyte be considered a subcategory of 'AnimalCell that is also InMatureCell that is also LeafCell that is also MatureCell that is also Miocyte that is also SclerenchymaCell that is also StructuralCell'?, \nFalse
Can Osteocyte be considered a subcategory of 'AnimalCell that is also InMatureCell that is also LeafCell that is also MatureCell that is also Miocyte that is also Neuron that is also SclerenchymaCell'?, True
Can Osteocyte be considered a subcategory of 'AnimalCell that is also ChondroCyte that is also InMatureCell that is also LeafCell that is also MatureCell that is also Miocyte that is also Neuron that is also SclerenchymaCell'?, \nFalse
Can ChondroCyte be considered a subcategory of 'PhotoreceptorCell'?, True
Can ChondroCyte be considered a subcategory of 'SclerenchymaCell'?, True
Can ChondroCyte be considered a subcategory of 'LeafCell'?, True
Can ChondroCyte be considered a subcategory of 'LeafCell that is also SclerenchymaCell'?, \nFalse
Can ChondroCyte be considered a subcategory of 'Erythrocyte'?, True
Can ChondroCyte be considered a subcategory of 'Erythrocyte that is also SclerenchymaCell'?, \nFalse
Can ChondroCyte be considered a subcategory of 'PhotosyntheticCell'?, True
Can ChondroCyte be considered a subcategory of 'PhotosyntheticCell that is also SclerenchymaCell'?, True
Can ChondroCyte be considered a subcategory of 'CirculatingCell'?, True
Can ChondroCyte be considered a subcategory of 'CirculatingCell that is also PhotosyntheticCell that is also SclerenchymaCell'?, \nFalse
Can ChondroCyte be considered a subcategory of 'PlantCell'?, True
Can ChondroCyte be considered a subcategory of 'PhotosyntheticCell that is also PlantCell that is also SclerenchymaCell'?, True
Can ChondroCyte be considered a subcategory of 'CellByClass'?, True
Can ChondroCyte be considered a subcategory of 'CellByClass that is also PhotosyntheticCell that is also PlantCell that is also SclerenchymaCell'?, \nFalse
Can ChondroCyte be considered a subcategory of 'MatureCell'?, True
Can ChondroCyte be considered a subcategory of 'MatureCell that is also PhotosyntheticCell that is also PlantCell that is also SclerenchymaCell'?, \nFalse
Can ChondroCyte be considered a subcategory of 'AnimalCell'?, True
Can ChondroCyte be considered a subcategory of 'AnimalCell that is also PhotosyntheticCell that is also PlantCell that is also SclerenchymaCell'?, True
Can ChondroCyte be considered a subcategory of 'Cell'?, True
Can ChondroCyte be considered a subcategory of 'AnimalCell that is also Cell that is also PhotosyntheticCell that is also PlantCell that is also SclerenchymaCell'?, True
Can ChondroCyte be considered a subcategory of 'Miocyte'?, True
Can ChondroCyte be considered a subcategory of 'AnimalCell that is also Cell that is also Miocyte that is also PhotosyntheticCell that is also PlantCell that is also SclerenchymaCell'?, \nFalse
Can ChondroCyte be considered a subcategory of 'InMatureCell'?, True
Can ChondroCyte be considered a subcategory of 'AnimalCell that is also Cell that is also InMatureCell that is also PhotosyntheticCell that is also PlantCell that is also SclerenchymaCell'?, \nFalse
Can ChondroCyte be considered a subcategory of 'Osteocyte'?, True
Can ChondroCyte be considered a subcategory of 'AnimalCell that is also Cell that is also Osteocyte that is also PhotosyntheticCell that is also PlantCell that is also SclerenchymaCell'?, \nFalse
Can ChondroCyte be considered a subcategory of 'ChondroBlast'?, True
Can ChondroCyte be considered a subcategory of 'AnimalCell that is also Cell that is also ChondroBlast that is also PhotosyntheticCell that is also PlantCell that is also SclerenchymaCell'?, \nFalse
Can ChondroCyte be considered a subcategory of 'MioBlast'?, True
Can ChondroCyte be considered a subcategory of 'AnimalCell that is also Cell that is also MioBlast that is also PhotosyntheticCell that is also PlantCell that is also SclerenchymaCell'?, \nFalse
Can ChondroCyte be considered a subcategory of 'CellByDevelopmentStage'?, True
Can ChondroCyte be considered a subcategory of 'AnimalCell that is also Cell that is also CellByDevelopmentStage that is also PhotosyntheticCell that is also PlantCell that is also SclerenchymaCell'?, True
Can ChondroCyte be considered a subcategory of 'AnimalCell that is also Cell that is also CellByDevelopmentStage that is also PhotoreceptorCell that is also PhotosyntheticCell that is also PlantCell that is also SclerenchymaCell'?, \nFalse
Can ChondroCyte be considered a subcategory of 'CellByOrganism'?, True
Can ChondroCyte be considered a subcategory of 'AnimalCell that is also Cell that is also CellByDevelopmentStage that is also CellByOrganism that is also PhotosyntheticCell that is also PlantCell that is also SclerenchymaCell'?, \nFalse
Can ChondroCyte be considered a subcategory of 'ElectricallyActiveCell'?, True
Can ChondroCyte be considered a subcategory of 'AnimalCell that is also Cell that is also CellByDevelopmentStage that is also ElectricallyActiveCell that is also PhotosyntheticCell that is also PlantCell that is also SclerenchymaCell'?, True
Can ChondroCyte be considered a subcategory of 'StructuralCell'?, True
Can ChondroCyte be considered a subcategory of 'AnimalCell that is also Cell that is also CellByDevelopmentStage that is also ElectricallyActiveCell that is also PhotosyntheticCell that is also PlantCell that is also SclerenchymaCell that is also StructuralCell'?, \nFalse
Can ChondroCyte be considered a subcategory of 'Neuron'?, True
Can ChondroCyte be considered a subcategory of 'AnimalCell that is also Cell that is also CellByDevelopmentStage that is also ElectricallyActiveCell that is also Neuron that is also PhotosyntheticCell that is also PlantCell that is also SclerenchymaCell'?, \nFalse
Can ChondroCyte be considered a subcategory of 'AnimalCell that is also Cell that is also CellByDevelopmentStage that is also ElectricallyActiveCell that is also LeafCell that is also PhotosyntheticCell that is also PlantCell that is also SclerenchymaCell'?, \nTrue
Can ChondroCyte be considered a subcategory of 'AnimalCell that is also Cell that is also CellByDevelopmentStage that is also ElectricallyActiveCell that is also Erythrocyte that is also LeafCell that is also PhotosyntheticCell that is also PlantCell that is also SclerenchymaCell'?, \nFalse
Can ChondroCyte be considered a subcategory of 'AnimalCell that is also Cell that is also CellByDevelopmentStage that is also CirculatingCell that is also ElectricallyActiveCell that is also LeafCell that is also PhotosyntheticCell that is also PlantCell that is also SclerenchymaCell'?, \nFalse
Can ChondroCyte be considered a subcategory of 'AnimalCell that is also Cell that is also CellByClass that is also CellByDevelopmentStage that is also ElectricallyActiveCell that is also LeafCell that is also PhotosyntheticCell that is also PlantCell that is also SclerenchymaCell'?, \nTrue
Can ChondroCyte be considered a subcategory of 'AnimalCell that is also Cell that is also CellByClass that is also CellByDevelopmentStage that is also ElectricallyActiveCell that is also LeafCell that is also MatureCell that is also PhotosyntheticCell that is also PlantCell that is also SclerenchymaCell'?, \nFalse
Can ChondroCyte be considered a subcategory of 'AnimalCell that is also Cell that is also CellByClass that is also CellByDevelopmentStage that is also ElectricallyActiveCell that is also LeafCell that is also Miocyte that is also PhotosyntheticCell that is also PlantCell that is also SclerenchymaCell'?, \nFalse
Can ChondroCyte be considered a subcategory of 'AnimalCell that is also Cell that is also CellByClass that is also CellByDevelopmentStage that is also ElectricallyActiveCell that is also InMatureCell that is also LeafCell that is also PhotosyntheticCell that is also PlantCell that is also SclerenchymaCell'?, \nFalse
Can ChondroCyte be considered a subcategory of 'AnimalCell that is also Cell that is also CellByClass that is also CellByDevelopmentStage that is also ElectricallyActiveCell that is also LeafCell that is also Osteocyte that is also PhotosyntheticCell that is also PlantCell that is also SclerenchymaCell'?, \nFalse
Can ChondroCyte be considered a subcategory of 'AnimalCell that is also Cell that is also CellByClass that is also CellByDevelopmentStage that is also ChondroBlast that is also ElectricallyActiveCell that is also LeafCell that is also PhotosyntheticCell that is also PlantCell that is also SclerenchymaCell'?, \nFalse
Can ChondroCyte be considered a subcategory of 'AnimalCell that is also Cell that is also CellByClass that is also CellByDevelopmentStage that is also ElectricallyActiveCell that is also LeafCell that is also MioBlast that is also PhotosyntheticCell that is also PlantCell that is also SclerenchymaCell'?, \nFalse
Can ChondroCyte be considered a subcategory of 'AnimalCell that is also Cell that is also CellByClass that is also CellByDevelopmentStage that is also ElectricallyActiveCell that is also LeafCell that is also PhotoreceptorCell that is also PhotosyntheticCell that is also PlantCell that is also SclerenchymaCell'?, \nTrue
Can ChondroCyte be considered a subcategory of 'AnimalCell that is also Cell that is also CellByClass that is also CellByDevelopmentStage that is also CellByOrganism that is also ElectricallyActiveCell that is also LeafCell that is also PhotoreceptorCell that is also PhotosyntheticCell that is also PlantCell that is also SclerenchymaCell'?, \nFalse
Can ChondroCyte be considered a subcategory of 'AnimalCell that is also Cell that is also CellByClass that is also CellByDevelopmentStage that is also ElectricallyActiveCell that is also LeafCell that is also PhotoreceptorCell that is also PhotosyntheticCell that is also PlantCell that is also SclerenchymaCell that is also StructuralCell'?, \nFalse
Can ChondroCyte be considered a subcategory of 'AnimalCell that is also Cell that is also CellByClass that is also CellByDevelopmentStage that is also ElectricallyActiveCell that is also LeafCell that is also Neuron that is also PhotoreceptorCell that is also PhotosyntheticCell that is also PlantCell that is also SclerenchymaCell'?, \nFalse
Can Neuron that is also PlantCell be considered a subcategory of 'LeafCell'?, True
Can Neuron that is also PlantCell be considered a subcategory of 'SclerenchymaCell'?, True
Can PlantCell be considered a subcategory of 'SclerenchymaCell'?, True
Can PlantCell be considered a subcategory of 'LeafCell'?, True
Can PlantCell be considered a subcategory of 'LeafCell that is also SclerenchymaCell'?, \nTrue
Can PlantCell be considered a subcategory of 'Erythrocyte'?, True
Can PlantCell be considered a subcategory of 'Erythrocyte that is also LeafCell that is also SclerenchymaCell'?, True
Can PlantCell be considered a subcategory of 'PhotosyntheticCell'?, True
Can PlantCell be considered a subcategory of 'Erythrocyte that is also LeafCell that is also PhotosyntheticCell that is also SclerenchymaCell'?, \nFalse
Can PlantCell be considered a subcategory of 'CirculatingCell'?, True
Can PlantCell be considered a subcategory of 'CirculatingCell that is also Erythrocyte that is also LeafCell that is also SclerenchymaCell'?, \nFalse
Can PlantCell be considered a subcategory of 'CellByClass'?, True
Can PlantCell be considered a subcategory of 'CellByClass that is also Erythrocyte that is also LeafCell that is also SclerenchymaCell'?, \nFalse
Can PlantCell be considered a subcategory of 'MatureCell'?, True
Can PlantCell be considered a subcategory of 'Erythrocyte that is also LeafCell that is also MatureCell that is also SclerenchymaCell'?, \nFalse
Can PlantCell be considered a subcategory of 'AnimalCell'?, True
Can PlantCell be considered a subcategory of 'AnimalCell that is also Erythrocyte that is also LeafCell that is also SclerenchymaCell'?, \nFalse
Can PlantCell be considered a subcategory of 'Cell'?, True
Can PlantCell be considered a subcategory of 'Cell that is also Erythrocyte that is also LeafCell that is also SclerenchymaCell'?, \nFalse
Can PlantCell be considered a subcategory of 'Miocyte'?, True
Can PlantCell be considered a subcategory of 'Erythrocyte that is also LeafCell that is also Miocyte that is also SclerenchymaCell'?, True
Can PlantCell be considered a subcategory of 'InMatureCell'?, True
Can PlantCell be considered a subcategory of 'Erythrocyte that is also InMatureCell that is also LeafCell that is also Miocyte that is also SclerenchymaCell'?, \nFalse
Can PlantCell be considered a subcategory of 'Osteocyte'?, True
Can PlantCell be considered a subcategory of 'Erythrocyte that is also LeafCell that is also Miocyte that is also Osteocyte that is also SclerenchymaCell'?, \nFalse
Can PlantCell be considered a subcategory of 'ChondroBlast'?, True
Can PlantCell be considered a subcategory of 'ChondroBlast that is also Erythrocyte that is also LeafCell that is also Miocyte that is also SclerenchymaCell'?, \nFalse
Can PlantCell be considered a subcategory of 'MioBlast'?, True
Can PlantCell be considered a subcategory of 'Erythrocyte that is also LeafCell that is also MioBlast that is also Miocyte that is also SclerenchymaCell'?, \nFalse
Can PlantCell be considered a subcategory of 'CellByDevelopmentStage'?, True
Can PlantCell be considered a subcategory of 'CellByDevelopmentStage that is also Erythrocyte that is also LeafCell that is also Miocyte that is also SclerenchymaCell'?, \nFalse
Can PlantCell be considered a subcategory of 'PhotoreceptorCell'?, True
Can PlantCell be considered a subcategory of 'Erythrocyte that is also LeafCell that is also Miocyte that is also PhotoreceptorCell that is also SclerenchymaCell'?, \nFalse
Can PlantCell be considered a subcategory of 'CellByOrganism'?, True
Can PlantCell be considered a subcategory of 'CellByOrganism that is also Erythrocyte that is also LeafCell that is also Miocyte that is also SclerenchymaCell'?, \nFalse
Can PlantCell be considered a subcategory of 'ElectricallyActiveCell'?, True
Can PlantCell be considered a subcategory of 'ElectricallyActiveCell that is also Erythrocyte that is also LeafCell that is also Miocyte that is also SclerenchymaCell'?, \nFalse
Can PlantCell be considered a subcategory of 'StructuralCell'?, True
Can PlantCell be considered a subcategory of 'Erythrocyte that is also LeafCell that is also Miocyte that is also SclerenchymaCell that is also StructuralCell'?, \nFalse
Can PlantCell be considered a subcategory of 'Neuron'?, True
Can PlantCell be considered a subcategory of 'Erythrocyte that is also LeafCell that is also Miocyte that is also Neuron that is also SclerenchymaCell'?, \nFalse
Can PlantCell be considered a subcategory of 'ChondroCyte'?, True
Can PlantCell be considered a subcategory of 'ChondroCyte that is also Erythrocyte that is also LeafCell that is also Miocyte that is also SclerenchymaCell'?, \nFalse
Can PlantCell be considered a subcategory of 'Erythrocyte that is also LeafCell that is also Miocyte that is also PhotosyntheticCell that is also SclerenchymaCell'?, \nFalse
Can PlantCell be considered a subcategory of 'CirculatingCell that is also Erythrocyte that is also LeafCell that is also Miocyte that is also SclerenchymaCell'?, True
Can PlantCell be considered a subcategory of 'CellByClass that is also CirculatingCell that is also Erythrocyte that is also LeafCell that is also Miocyte that is also SclerenchymaCell'?, \nFalse
Can PlantCell be considered a subcategory of 'CirculatingCell that is also Erythrocyte that is also LeafCell that is also MatureCell that is also Miocyte that is also SclerenchymaCell'?, \nFalse
Can PlantCell be considered a subcategory of 'AnimalCell that is also CirculatingCell that is also Erythrocyte that is also LeafCell that is also Miocyte that is also SclerenchymaCell'?, \nFalse
Can PlantCell be considered a subcategory of 'Cell that is also CirculatingCell that is also Erythrocyte that is also LeafCell that is also Miocyte that is also SclerenchymaCell'?, \nFalse
Can PlantCell be considered a subcategory of 'CirculatingCell that is also Erythrocyte that is also InMatureCell that is also LeafCell that is also Miocyte that is also SclerenchymaCell'?, \nFalse
Can PlantCell be considered a subcategory of 'CirculatingCell that is also Erythrocyte that is also LeafCell that is also Miocyte that is also Osteocyte that is also SclerenchymaCell'?, \nFalse
Can PlantCell be considered a subcategory of 'ChondroBlast that is also CirculatingCell that is also Erythrocyte that is also LeafCell that is also Miocyte that is also SclerenchymaCell'?, \nFalse
Can PlantCell be considered a subcategory of 'CirculatingCell that is also Erythrocyte that is also LeafCell that is also MioBlast that is also Miocyte that is also SclerenchymaCell'?, \nFalse
Can PlantCell be considered a subcategory of 'CellByDevelopmentStage that is also CirculatingCell that is also Erythrocyte that is also LeafCell that is also Miocyte that is also SclerenchymaCell'?, \nFalse
Can PlantCell be considered a subcategory of 'CirculatingCell that is also Erythrocyte that is also LeafCell that is also Miocyte that is also PhotoreceptorCell that is also SclerenchymaCell'?, \nFalse
Can PlantCell be considered a subcategory of 'CellByOrganism that is also CirculatingCell that is also Erythrocyte that is also LeafCell that is also Miocyte that is also SclerenchymaCell'?, \nFalse
Can PlantCell be considered a subcategory of 'CirculatingCell that is also ElectricallyActiveCell that is also Erythrocyte that is also LeafCell that is also Miocyte that is also SclerenchymaCell'?, \nFalse
Can PlantCell be considered a subcategory of 'CirculatingCell that is also Erythrocyte that is also LeafCell that is also Miocyte that is also SclerenchymaCell that is also StructuralCell'?, True
Can PlantCell be considered a subcategory of 'CirculatingCell that is also Erythrocyte that is also LeafCell that is also Miocyte that is also Neuron that is also SclerenchymaCell that is also StructuralCell'?, \nFalse
Can PlantCell be considered a subcategory of 'ChondroCyte that is also CirculatingCell that is also Erythrocyte that is also LeafCell that is also Miocyte that is also SclerenchymaCell that is also StructuralCell'?, \nFalse
Can MatureCell that is also MioBlast be considered a subcategory of 'CirculatingCell'?, True
Can MatureCell that is also MioBlast be considered a subcategory of 'SclerenchymaCell'?, True
Can MioBlast be considered a subcategory of 'SclerenchymaCell'?, True
Can MioBlast be considered a subcategory of 'LeafCell'?, True
Can MioBlast be considered a subcategory of 'LeafCell that is also SclerenchymaCell'?, True
Can MioBlast be considered a subcategory of 'Erythrocyte'?, True
Can MioBlast be considered a subcategory of 'Erythrocyte that is also LeafCell that is also SclerenchymaCell'?, True
Can MioBlast be considered a subcategory of 'PhotosyntheticCell'?, True
Can MioBlast be considered a subcategory of 'Erythrocyte that is also LeafCell that is also PhotosyntheticCell that is also SclerenchymaCell'?, \nFalse
Can MioBlast be considered a subcategory of 'CirculatingCell'?, True
Can MioBlast be considered a subcategory of 'CirculatingCell that is also Erythrocyte that is also LeafCell that is also SclerenchymaCell'?, True
Can MioBlast be considered a subcategory of 'PlantCell'?, True
Can MioBlast be considered a subcategory of 'CirculatingCell that is also Erythrocyte that is also LeafCell that is also PlantCell that is also SclerenchymaCell'?, True
Can MioBlast be considered a subcategory of 'CellByClass'?, True
Can MioBlast be considered a subcategory of 'CellByClass that is also CirculatingCell that is also Erythrocyte that is also LeafCell that is also PlantCell that is also SclerenchymaCell'?, \nTrue
Can MioBlast be considered a subcategory of 'MatureCell'?, True
Can MioBlast be considered a subcategory of 'CellByClass that is also CirculatingCell that is also Erythrocyte that is also LeafCell that is also MatureCell that is also PlantCell that is also SclerenchymaCell'?, \nFalse
Can MioBlast be considered a subcategory of 'AnimalCell'?, True
Can MioBlast be considered a subcategory of 'AnimalCell that is also CellByClass that is also CirculatingCell that is also Erythrocyte that is also LeafCell that is also PlantCell that is also SclerenchymaCell'?, \nFalse
Can MioBlast be considered a subcategory of 'Cell'?, True
Can MioBlast be considered a subcategory of 'Cell that is also CellByClass that is also CirculatingCell that is also Erythrocyte that is also LeafCell that is also PlantCell that is also SclerenchymaCell'?, \nFalse
Can MioBlast be considered a subcategory of 'Miocyte'?, True
Can MioBlast be considered a subcategory of 'CellByClass that is also CirculatingCell that is also Erythrocyte that is also LeafCell that is also Miocyte that is also PlantCell that is also SclerenchymaCell'?, \nTrue
Can MioBlast be considered a subcategory of 'InMatureCell'?, True
Can MioBlast be considered a subcategory of 'CellByClass that is also CirculatingCell that is also Erythrocyte that is also InMatureCell that is also LeafCell that is also Miocyte that is also PlantCell that is also SclerenchymaCell'?, \nFalse
Can MioBlast be considered a subcategory of 'Osteocyte'?, True
Can MioBlast be considered a subcategory of 'CellByClass that is also CirculatingCell that is also Erythrocyte that is also LeafCell that is also Miocyte that is also Osteocyte that is also PlantCell that is also SclerenchymaCell'?, \nFalse
Can MioBlast be considered a subcategory of 'ChondroBlast'?, True
Can MioBlast be considered a subcategory of 'CellByClass that is also ChondroBlast that is also CirculatingCell that is also Erythrocyte that is also LeafCell that is also Miocyte that is also PlantCell that is also SclerenchymaCell'?, \nFalse
Can MioBlast be considered a subcategory of 'CellByDevelopmentStage'?, True
Can MioBlast be considered a subcategory of 'CellByClass that is also CellByDevelopmentStage that is also CirculatingCell that is also Erythrocyte that is also LeafCell that is also Miocyte that is also PlantCell that is also SclerenchymaCell'?, \nFalse
Can MioBlast be considered a subcategory of 'PhotoreceptorCell'?, True
Can MioBlast be considered a subcategory of 'CellByClass that is also CirculatingCell that is also Erythrocyte that is also LeafCell that is also Miocyte that is also PhotoreceptorCell that is also PlantCell that is also SclerenchymaCell'?, \nFalse
Can MioBlast be considered a subcategory of 'CellByOrganism'?, True
Can MioBlast be considered a subcategory of 'CellByClass that is also CellByOrganism that is also CirculatingCell that is also Erythrocyte that is also LeafCell that is also Miocyte that is also PlantCell that is also SclerenchymaCell'?, \nFalse
Can MioBlast be considered a subcategory of 'ElectricallyActiveCell'?, True
Can MioBlast be considered a subcategory of 'CellByClass that is also CirculatingCell that is also ElectricallyActiveCell that is also Erythrocyte that is also LeafCell that is also Miocyte that is also PlantCell that is also SclerenchymaCell'?, \nTrue
Can MioBlast be considered a subcategory of 'StructuralCell'?, True
Can MioBlast be considered a subcategory of 'CellByClass that is also CirculatingCell that is also ElectricallyActiveCell that is also Erythrocyte that is also LeafCell that is also Miocyte that is also PlantCell that is also SclerenchymaCell that is also StructuralCell'?, \nTrue
Can MioBlast be considered a subcategory of 'Neuron'?, True
Can MioBlast be considered a subcategory of 'CellByClass that is also CirculatingCell that is also ElectricallyActiveCell that is also Erythrocyte that is also LeafCell that is also Miocyte that is also Neuron that is also PlantCell that is also SclerenchymaCell that is also StructuralCell'?, \nFalse
Can MioBlast be considered a subcategory of 'ChondroCyte'?, True
Can MioBlast be considered a subcategory of 'CellByClass that is also ChondroCyte that is also CirculatingCell that is also ElectricallyActiveCell that is also Erythrocyte that is also LeafCell that is also Miocyte that is also PlantCell that is also SclerenchymaCell that is also StructuralCell'?, \nFalse
Can MioBlast be considered a subcategory of 'CellByClass that is also CirculatingCell that is also ElectricallyActiveCell that is also Erythrocyte that is also LeafCell that is also Miocyte that is also PhotosyntheticCell that is also PlantCell that is also SclerenchymaCell that is also StructuralCell'?, \nTrue
Can MioBlast be considered a subcategory of 'CellByClass that is also CirculatingCell that is also ElectricallyActiveCell that is also Erythrocyte that is also LeafCell that is also MatureCell that is also Miocyte that is also PhotosyntheticCell that is also PlantCell that is also SclerenchymaCell that is also StructuralCell'?, \nFalse
Can MioBlast be considered a subcategory of 'AnimalCell that is also CellByClass that is also CirculatingCell that is also ElectricallyActiveCell that is also Erythrocyte that is also LeafCell that is also Miocyte that is also PhotosyntheticCell that is also PlantCell that is also SclerenchymaCell that is also StructuralCell'?, True
Can MioBlast be considered a subcategory of 'AnimalCell that is also Cell that is also CellByClass that is also CirculatingCell that is also ElectricallyActiveCell that is also Erythrocyte that is also LeafCell that is also Miocyte that is also PhotosyntheticCell that is also PlantCell that is also SclerenchymaCell that is also StructuralCell'?, \nFalse
Can MioBlast be considered a subcategory of 'AnimalCell that is also CellByClass that is also CirculatingCell that is also ElectricallyActiveCell that is also Erythrocyte that is also InMatureCell that is also LeafCell that is also Miocyte that is also PhotosyntheticCell that is also PlantCell that is also SclerenchymaCell that is also StructuralCell'?, \nFalse
Can MioBlast be considered a subcategory of 'AnimalCell that is also CellByClass that is also CirculatingCell that is also ElectricallyActiveCell that is also Erythrocyte that is also LeafCell that is also Miocyte that is also Osteocyte that is also PhotosyntheticCell that is also PlantCell that is also SclerenchymaCell that is also StructuralCell'?, \nFalse
Can MioBlast be considered a subcategory of 'AnimalCell that is also CellByClass that is also ChondroBlast that is also CirculatingCell that is also ElectricallyActiveCell that is also Erythrocyte that is also LeafCell that is also Miocyte that is also PhotosyntheticCell that is also PlantCell that is also SclerenchymaCell that is also StructuralCell'?, \nFalse
Can MioBlast be considered a subcategory of 'AnimalCell that is also CellByClass that is also CellByDevelopmentStage that is also CirculatingCell that is also ElectricallyActiveCell that is also Erythrocyte that is also LeafCell that is also Miocyte that is also PhotosyntheticCell that is also PlantCell that is also SclerenchymaCell that is also StructuralCell'?, \nFalse
Can MioBlast be considered a subcategory of 'AnimalCell that is also CellByClass that is also CirculatingCell that is also ElectricallyActiveCell that is also Erythrocyte that is also LeafCell that is also Miocyte that is also PhotoreceptorCell that is also PhotosyntheticCell that is also PlantCell that is also SclerenchymaCell that is also StructuralCell'?, \nFalse
Can MioBlast be considered a subcategory of 'AnimalCell that is also CellByClass that is also CellByOrganism that is also CirculatingCell that is also ElectricallyActiveCell that is also Erythrocyte that is also LeafCell that is also Miocyte that is also PhotosyntheticCell that is also PlantCell that is also SclerenchymaCell that is also StructuralCell'?, \nFalse
Can MioBlast be considered a subcategory of 'AnimalCell that is also CellByClass that is also CirculatingCell that is also ElectricallyActiveCell that is also Erythrocyte that is also LeafCell that is also Miocyte that is also Neuron that is also PhotosyntheticCell that is also PlantCell that is also SclerenchymaCell that is also StructuralCell'?, \nFalse
Can MioBlast be considered a subcategory of 'AnimalCell that is also CellByClass that is also ChondroCyte that is also CirculatingCell that is also ElectricallyActiveCell that is also Erythrocyte that is also LeafCell that is also Miocyte that is also PhotosyntheticCell that is also PlantCell that is also SclerenchymaCell that is also StructuralCell'?, \nFalse
Can AnimalCell be considered a subcategory of 'Cell'?, True
Can AnimalCell be considered a subcategory of 'SclerenchymaCell'?, True
Can AnimalCell be considered a subcategory of 'LeafCell'?, True
Can AnimalCell be considered a subcategory of 'LeafCell that is also SclerenchymaCell'?, True
Can AnimalCell be considered a subcategory of 'Erythrocyte'?, True
Can AnimalCell be considered a subcategory of 'Erythrocyte that is also LeafCell that is also SclerenchymaCell'?, \nFalse
Can AnimalCell be considered a subcategory of 'PhotosyntheticCell'?, True
Can AnimalCell be considered a subcategory of 'LeafCell that is also PhotosyntheticCell that is also SclerenchymaCell'?, True
Can AnimalCell be considered a subcategory of 'CirculatingCell'?, True
Can AnimalCell be considered a subcategory of 'CirculatingCell that is also LeafCell that is also PhotosyntheticCell that is also SclerenchymaCell'?, \nFalse
Can AnimalCell be considered a subcategory of 'PlantCell'?, True
Can AnimalCell be considered a subcategory of 'LeafCell that is also PhotosyntheticCell that is also PlantCell that is also SclerenchymaCell'?, \nFalse
Can AnimalCell be considered a subcategory of 'CellByClass'?, True
Can AnimalCell be considered a subcategory of 'CellByClass that is also LeafCell that is also PhotosyntheticCell that is also SclerenchymaCell'?, \nFalse
Can AnimalCell be considered a subcategory of 'MatureCell'?, True
Can AnimalCell be considered a subcategory of 'LeafCell that is also MatureCell that is also PhotosyntheticCell that is also SclerenchymaCell'?, \nFalse
Can AnimalCell be considered a subcategory of 'Cell that is also LeafCell that is also PhotosyntheticCell that is also SclerenchymaCell'?, \nFalse
Can AnimalCell be considered a subcategory of 'Miocyte'?, True
Can AnimalCell be considered a subcategory of 'LeafCell that is also Miocyte that is also PhotosyntheticCell that is also SclerenchymaCell'?, \nFalse
Can AnimalCell be considered a subcategory of 'InMatureCell'?, True
Can AnimalCell be considered a subcategory of 'InMatureCell that is also LeafCell that is also PhotosyntheticCell that is also SclerenchymaCell'?, True
Can AnimalCell be considered a subcategory of 'Osteocyte'?, True
Can AnimalCell be considered a subcategory of 'InMatureCell that is also LeafCell that is also Osteocyte that is also PhotosyntheticCell that is also SclerenchymaCell'?, \nFalse
Can AnimalCell be considered a subcategory of 'ChondroBlast'?, True
Can AnimalCell be considered a subcategory of 'ChondroBlast that is also InMatureCell that is also LeafCell that is also PhotosyntheticCell that is also SclerenchymaCell'?, \nFalse
Can AnimalCell be considered a subcategory of 'MioBlast'?, True
Can AnimalCell be considered a subcategory of 'InMatureCell that is also LeafCell that is also MioBlast that is also PhotosyntheticCell that is also SclerenchymaCell'?, \nFalse
Can AnimalCell be considered a subcategory of 'CellByDevelopmentStage'?, True
Can AnimalCell be considered a subcategory of 'CellByDevelopmentStage that is also InMatureCell that is also LeafCell that is also PhotosyntheticCell that is also SclerenchymaCell'?, \nFalse
Can AnimalCell be considered a subcategory of 'PhotoreceptorCell'?, True
Can AnimalCell be considered a subcategory of 'InMatureCell that is also LeafCell that is also PhotoreceptorCell that is also PhotosyntheticCell that is also SclerenchymaCell'?, \nFalse
Can AnimalCell be considered a subcategory of 'CellByOrganism'?, True
Can AnimalCell be considered a subcategory of 'CellByOrganism that is also InMatureCell that is also LeafCell that is also PhotosyntheticCell that is also SclerenchymaCell'?, True
Can AnimalCell be considered a subcategory of 'ElectricallyActiveCell'?, True
Can AnimalCell be considered a subcategory of 'CellByOrganism that is also ElectricallyActiveCell that is also InMatureCell that is also LeafCell that is also PhotosyntheticCell that is also SclerenchymaCell'?, \nFalse
Can AnimalCell be considered a subcategory of 'StructuralCell'?, True
Can AnimalCell be considered a subcategory of 'CellByOrganism that is also InMatureCell that is also LeafCell that is also PhotosyntheticCell that is also SclerenchymaCell that is also StructuralCell'?, \nFalse
Can AnimalCell be considered a subcategory of 'Neuron'?, True
Can AnimalCell be considered a subcategory of 'CellByOrganism that is also InMatureCell that is also LeafCell that is also Neuron that is also PhotosyntheticCell that is also SclerenchymaCell'?, \nFalse
Can AnimalCell be considered a subcategory of 'ChondroCyte'?, True
Can AnimalCell be considered a subcategory of 'CellByOrganism that is also ChondroCyte that is also InMatureCell that is also LeafCell that is also PhotosyntheticCell that is also SclerenchymaCell'?, \nFalse
Can AnimalCell be considered a subcategory of 'CellByOrganism that is also Erythrocyte that is also InMatureCell that is also LeafCell that is also PhotosyntheticCell that is also SclerenchymaCell'?, \nFalse
Can AnimalCell be considered a subcategory of 'CellByOrganism that is also CirculatingCell that is also InMatureCell that is also LeafCell that is also PhotosyntheticCell that is also SclerenchymaCell'?, True
Can AnimalCell be considered a subcategory of 'CellByOrganism that is also CirculatingCell that is also InMatureCell that is also LeafCell that is also PhotosyntheticCell that is also PlantCell that is also SclerenchymaCell'?, \nFalse
Can AnimalCell be considered a subcategory of 'CellByClass that is also CellByOrganism that is also CirculatingCell that is also InMatureCell that is also LeafCell that is also PhotosyntheticCell that is also SclerenchymaCell'?, \nFalse
Can AnimalCell be considered a subcategory of 'CellByOrganism that is also CirculatingCell that is also InMatureCell that is also LeafCell that is also MatureCell that is also PhotosyntheticCell that is also SclerenchymaCell'?, \nFalse
Can AnimalCell be considered a subcategory of 'Cell that is also CellByOrganism that is also CirculatingCell that is also InMatureCell that is also LeafCell that is also PhotosyntheticCell that is also SclerenchymaCell'?, \nFalse
Can AnimalCell be considered a subcategory of 'CellByOrganism that is also CirculatingCell that is also InMatureCell that is also LeafCell that is also Miocyte that is also PhotosyntheticCell that is also SclerenchymaCell'?, \nFalse
Can AnimalCell be considered a subcategory of 'CellByOrganism that is also CirculatingCell that is also InMatureCell that is also LeafCell that is also Osteocyte that is also PhotosyntheticCell that is also SclerenchymaCell'?, \nFalse
Can AnimalCell be considered a subcategory of 'CellByOrganism that is also ChondroBlast that is also CirculatingCell that is also InMatureCell that is also LeafCell that is also PhotosyntheticCell that is also SclerenchymaCell'?, \nFalse
Can AnimalCell be considered a subcategory of 'CellByOrganism that is also CirculatingCell that is also InMatureCell that is also LeafCell that is also MioBlast that is also PhotosyntheticCell that is also SclerenchymaCell'?, \nFalse
Can AnimalCell be considered a subcategory of 'CellByDevelopmentStage that is also CellByOrganism that is also CirculatingCell that is also InMatureCell that is also LeafCell that is also PhotosyntheticCell that is also SclerenchymaCell'?, \nFalse
Can AnimalCell be considered a subcategory of 'CellByOrganism that is also CirculatingCell that is also InMatureCell that is also LeafCell that is also PhotoreceptorCell that is also PhotosyntheticCell that is also SclerenchymaCell'?, \nFalse
Can AnimalCell be considered a subcategory of 'CellByOrganism that is also CirculatingCell that is also ElectricallyActiveCell that is also InMatureCell that is also LeafCell that is also PhotosyntheticCell that is also SclerenchymaCell'?, \nFalse
Can AnimalCell be considered a subcategory of 'CellByOrganism that is also CirculatingCell that is also InMatureCell that is also LeafCell that is also PhotosyntheticCell that is also SclerenchymaCell that is also StructuralCell'?, \nFalse
Can AnimalCell be considered a subcategory of 'CellByOrganism that is also CirculatingCell that is also InMatureCell that is also LeafCell that is also Neuron that is also PhotosyntheticCell that is also SclerenchymaCell'?, True
Can AnimalCell be considered a subcategory of 'CellByOrganism that is also ChondroCyte that is also CirculatingCell that is also InMatureCell that is also LeafCell that is also Neuron that is also PhotosyntheticCell that is also SclerenchymaCell'?, \nFalse
Can CellByDevelopmentStage that is also PhotoreceptorCell be considered a subcategory of 'MatureCell'?, True
Can CellByDevelopmentStage that is also PhotoreceptorCell be considered a subcategory of 'SclerenchymaCell'?, True
Can CellByDevelopmentStage be considered a subcategory of 'SclerenchymaCell'?, True
Can CellByDevelopmentStage be considered a subcategory of 'LeafCell'?, True
Can CellByDevelopmentStage be considered a subcategory of 'LeafCell that is also SclerenchymaCell'?, True
Can CellByDevelopmentStage be considered a subcategory of 'Erythrocyte'?, True
Can CellByDevelopmentStage be considered a subcategory of 'Erythrocyte that is also LeafCell that is also SclerenchymaCell'?, \nFalse
Can CellByDevelopmentStage be considered a subcategory of 'PhotosyntheticCell'?, True
Can CellByDevelopmentStage be considered a subcategory of 'LeafCell that is also PhotosyntheticCell that is also SclerenchymaCell'?, \nTrue
Can CellByDevelopmentStage be considered a subcategory of 'CirculatingCell'?, True
Can CellByDevelopmentStage be considered a subcategory of 'CirculatingCell that is also LeafCell that is also PhotosyntheticCell that is also SclerenchymaCell'?, True
Can CellByDevelopmentStage be considered a subcategory of 'PlantCell'?, True
Can CellByDevelopmentStage be considered a subcategory of 'CirculatingCell that is also LeafCell that is also PhotosyntheticCell that is also PlantCell that is also SclerenchymaCell'?, \nTrue
Can CellByDevelopmentStage be considered a subcategory of 'CellByClass'?, True
Can CellByDevelopmentStage be considered a subcategory of 'CellByClass that is also CirculatingCell that is also LeafCell that is also PhotosyntheticCell that is also PlantCell that is also SclerenchymaCell'?, \nFalse
Can CellByDevelopmentStage be considered a subcategory of 'MatureCell'?, True
Can CellByDevelopmentStage be considered a subcategory of 'CirculatingCell that is also LeafCell that is also MatureCell that is also PhotosyntheticCell that is also PlantCell that is also SclerenchymaCell'?, \nFalse
Can CellByDevelopmentStage be considered a subcategory of 'AnimalCell'?, True
Can CellByDevelopmentStage be considered a subcategory of 'AnimalCell that is also CirculatingCell that is also LeafCell that is also PhotosyntheticCell that is also PlantCell that is also SclerenchymaCell'?, True
Can CellByDevelopmentStage be considered a subcategory of 'Cell'?, True
Can CellByDevelopmentStage be considered a subcategory of 'AnimalCell that is also Cell that is also CirculatingCell that is also LeafCell that is also PhotosyntheticCell that is also PlantCell that is also SclerenchymaCell'?, \nFalse
Can CellByDevelopmentStage be considered a subcategory of 'Miocyte'?, True
Can CellByDevelopmentStage be considered a subcategory of 'AnimalCell that is also CirculatingCell that is also LeafCell that is also Miocyte that is also PhotosyntheticCell that is also PlantCell that is also SclerenchymaCell'?, True
Can CellByDevelopmentStage be considered a subcategory of 'InMatureCell'?, True
Can CellByDevelopmentStage be considered a subcategory of 'AnimalCell that is also CirculatingCell that is also InMatureCell that is also LeafCell that is also Miocyte that is also PhotosyntheticCell that is also PlantCell that is also SclerenchymaCell'?, \nFalse
Can CellByDevelopmentStage be considered a subcategory of 'Osteocyte'?, True
Can CellByDevelopmentStage be considered a subcategory of 'AnimalCell that is also CirculatingCell that is also LeafCell that is also Miocyte that is also Osteocyte that is also PhotosyntheticCell that is also PlantCell that is also SclerenchymaCell'?, \nFalse
Can CellByDevelopmentStage be considered a subcategory of 'ChondroBlast'?, True
Can CellByDevelopmentStage be considered a subcategory of 'AnimalCell that is also ChondroBlast that is also CirculatingCell that is also LeafCell that is also Miocyte that is also PhotosyntheticCell that is also PlantCell that is also SclerenchymaCell'?, \nFalse
Can CellByDevelopmentStage be considered a subcategory of 'MioBlast'?, True
Can CellByDevelopmentStage be considered a subcategory of 'AnimalCell that is also CirculatingCell that is also LeafCell that is also MioBlast that is also Miocyte that is also PhotosyntheticCell that is also PlantCell that is also SclerenchymaCell'?, \nFalse
Can CellByDevelopmentStage be considered a subcategory of 'PhotoreceptorCell'?, True
Can CellByDevelopmentStage be considered a subcategory of 'AnimalCell that is also CirculatingCell that is also LeafCell that is also Miocyte that is also PhotoreceptorCell that is also PhotosyntheticCell that is also PlantCell that is also SclerenchymaCell'?, \nFalse
Can CellByDevelopmentStage be considered a subcategory of 'CellByOrganism'?, True
Can CellByDevelopmentStage be considered a subcategory of 'AnimalCell that is also CellByOrganism that is also CirculatingCell that is also LeafCell that is also Miocyte that is also PhotosyntheticCell that is also PlantCell that is also SclerenchymaCell'?, \nFalse
Can CellByDevelopmentStage be considered a subcategory of 'ElectricallyActiveCell'?, True
Can CellByDevelopmentStage be considered a subcategory of 'AnimalCell that is also CirculatingCell that is also ElectricallyActiveCell that is also LeafCell that is also Miocyte that is also PhotosyntheticCell that is also PlantCell that is also SclerenchymaCell'?, \nFalse
Can CellByDevelopmentStage be considered a subcategory of 'StructuralCell'?, True
Can CellByDevelopmentStage be considered a subcategory of 'AnimalCell that is also CirculatingCell that is also LeafCell that is also Miocyte that is also PhotosyntheticCell that is also PlantCell that is also SclerenchymaCell that is also StructuralCell'?, \nFalse
Can CellByDevelopmentStage be considered a subcategory of 'Neuron'?, True
Can CellByDevelopmentStage be considered a subcategory of 'AnimalCell that is also CirculatingCell that is also LeafCell that is also Miocyte that is also Neuron that is also PhotosyntheticCell that is also PlantCell that is also SclerenchymaCell'?, \nFalse
Can CellByDevelopmentStage be considered a subcategory of 'ChondroCyte'?, True
Can CellByDevelopmentStage be considered a subcategory of 'AnimalCell that is also ChondroCyte that is also CirculatingCell that is also LeafCell that is also Miocyte that is also PhotosyntheticCell that is also PlantCell that is also SclerenchymaCell'?, \nFalse
Can CellByDevelopmentStage be considered a subcategory of 'AnimalCell that is also CirculatingCell that is also Erythrocyte that is also LeafCell that is also Miocyte that is also PhotosyntheticCell that is also PlantCell that is also SclerenchymaCell'?, \nFalse
Can CellByDevelopmentStage be considered a subcategory of 'AnimalCell that is also CellByClass that is also CirculatingCell that is also LeafCell that is also Miocyte that is also PhotosyntheticCell that is also PlantCell that is also SclerenchymaCell'?, \nTrue
Can CellByDevelopmentStage be considered a subcategory of 'AnimalCell that is also CellByClass that is also CirculatingCell that is also LeafCell that is also MatureCell that is also Miocyte that is also PhotosyntheticCell that is also PlantCell that is also SclerenchymaCell'?, \nFalse
Can CellByDevelopmentStage be considered a subcategory of 'AnimalCell that is also Cell that is also CellByClass that is also CirculatingCell that is also LeafCell that is also Miocyte that is also PhotosyntheticCell that is also PlantCell that is also SclerenchymaCell'?, \nFalse
Can CellByDevelopmentStage be considered a subcategory of 'AnimalCell that is also CellByClass that is also CirculatingCell that is also InMatureCell that is also LeafCell that is also Miocyte that is also PhotosyntheticCell that is also PlantCell that is also SclerenchymaCell'?, \nFalse
Can CellByDevelopmentStage be considered a subcategory of 'AnimalCell that is also CellByClass that is also CirculatingCell that is also LeafCell that is also Miocyte that is also Osteocyte that is also PhotosyntheticCell that is also PlantCell that is also SclerenchymaCell'?, \nFalse
Can CellByDevelopmentStage be considered a subcategory of 'AnimalCell that is also CellByClass that is also ChondroBlast that is also CirculatingCell that is also LeafCell that is also Miocyte that is also PhotosyntheticCell that is also PlantCell that is also SclerenchymaCell'?, \nFalse
Can CellByDevelopmentStage be considered a subcategory of 'AnimalCell that is also CellByClass that is also CirculatingCell that is also LeafCell that is also MioBlast that is also Miocyte that is also PhotosyntheticCell that is also PlantCell that is also SclerenchymaCell'?, \nFalse
Can CellByDevelopmentStage be considered a subcategory of 'AnimalCell that is also CellByClass that is also CirculatingCell that is also LeafCell that is also Miocyte that is also PhotoreceptorCell that is also PhotosyntheticCell that is also PlantCell that is also SclerenchymaCell'?, \nFalse
Can CellByDevelopmentStage be considered a subcategory of 'AnimalCell that is also CellByClass that is also CellByOrganism that is also CirculatingCell that is also LeafCell that is also Miocyte that is also PhotosyntheticCell that is also PlantCell that is also SclerenchymaCell'?, \nTrue
Can CellByDevelopmentStage be considered a subcategory of 'AnimalCell that is also CellByClass that is also CellByOrganism that is also CirculatingCell that is also ElectricallyActiveCell that is also LeafCell that is also Miocyte that is also PhotosyntheticCell that is also PlantCell that is also SclerenchymaCell'?, \nTrue
Can CellByDevelopmentStage be considered a subcategory of 'AnimalCell that is also CellByClass that is also CellByOrganism that is also CirculatingCell that is also ElectricallyActiveCell that is also LeafCell that is also Miocyte that is also PhotosyntheticCell that is also PlantCell that is also SclerenchymaCell that is also StructuralCell'?, \nTrue
Can CellByDevelopmentStage be considered a subcategory of 'AnimalCell that is also CellByClass that is also CellByOrganism that is also CirculatingCell that is also ElectricallyActiveCell that is also LeafCell that is also Miocyte that is also Neuron that is also PhotosyntheticCell that is also PlantCell that is also SclerenchymaCell that is also StructuralCell'?, \nFalse
Can CellByDevelopmentStage be considered a subcategory of 'AnimalCell that is also CellByClass that is also CellByOrganism that is also ChondroCyte that is also CirculatingCell that is also ElectricallyActiveCell that is also LeafCell that is also Miocyte that is also PhotosyntheticCell that is also PlantCell that is also SclerenchymaCell that is also StructuralCell'?, \nFalse
Can CirculatingCell that is also Neuron be considered a subcategory of 'PhotosyntheticCell'?, True
Can CirculatingCell that is also Neuron be considered a subcategory of 'SclerenchymaCell'?, True
Can CirculatingCell be considered a subcategory of 'SclerenchymaCell'?, True
Can CirculatingCell be considered a subcategory of 'LeafCell'?, True
Can CirculatingCell be considered a subcategory of 'LeafCell that is also SclerenchymaCell'?, True
Can CirculatingCell be considered a subcategory of 'Erythrocyte'?, True
Can CirculatingCell be considered a subcategory of 'Erythrocyte that is also LeafCell that is also SclerenchymaCell'?, \nFalse
Can CirculatingCell be considered a subcategory of 'PhotosyntheticCell'?, True
Can CirculatingCell be considered a subcategory of 'LeafCell that is also PhotosyntheticCell that is also SclerenchymaCell'?, True
Can CirculatingCell be considered a subcategory of 'PlantCell'?, True
Can CirculatingCell be considered a subcategory of 'LeafCell that is also PhotosyntheticCell that is also PlantCell that is also SclerenchymaCell'?, \nTrue
Can CirculatingCell be considered a subcategory of 'CellByClass'?, True
Can CirculatingCell be considered a subcategory of 'CellByClass that is also LeafCell that is also PhotosyntheticCell that is also PlantCell that is also SclerenchymaCell'?, \nTrue
Can CirculatingCell be considered a subcategory of 'MatureCell'?, True
Can CirculatingCell be considered a subcategory of 'CellByClass that is also LeafCell that is also MatureCell that is also PhotosyntheticCell that is also PlantCell that is also SclerenchymaCell'?, \nTrue
Can CirculatingCell be considered a subcategory of 'AnimalCell'?, True
Can CirculatingCell be considered a subcategory of 'AnimalCell that is also CellByClass that is also LeafCell that is also MatureCell that is also PhotosyntheticCell that is also PlantCell that is also SclerenchymaCell'?, \nFalse
Can CirculatingCell be considered a subcategory of 'Cell'?, True
Can CirculatingCell be considered a subcategory of 'Cell that is also CellByClass that is also LeafCell that is also MatureCell that is also PhotosyntheticCell that is also PlantCell that is also SclerenchymaCell'?, \nFalse
Can CirculatingCell be considered a subcategory of 'Miocyte'?, True
Can CirculatingCell be considered a subcategory of 'CellByClass that is also LeafCell that is also MatureCell that is also Miocyte that is also PhotosyntheticCell that is also PlantCell that is also SclerenchymaCell'?, \nFalse
Can CirculatingCell be considered a subcategory of 'InMatureCell'?, True
Can CirculatingCell be considered a subcategory of 'CellByClass that is also InMatureCell that is also LeafCell that is also MatureCell that is also PhotosyntheticCell that is also PlantCell that is also SclerenchymaCell'?, \nFalse
Can CirculatingCell be considered a subcategory of 'Osteocyte'?, True
Can CirculatingCell be considered a subcategory of 'CellByClass that is also LeafCell that is also MatureCell that is also Osteocyte that is also PhotosyntheticCell that is also PlantCell that is also SclerenchymaCell'?, \nFalse
Can CirculatingCell be considered a subcategory of 'ChondroBlast'?, True
Can CirculatingCell be considered a subcategory of 'CellByClass that is also ChondroBlast that is also LeafCell that is also MatureCell that is also PhotosyntheticCell that is also PlantCell that is also SclerenchymaCell'?, \nFalse
Can CirculatingCell be considered a subcategory of 'MioBlast'?, True
Can CirculatingCell be considered a subcategory of 'CellByClass that is also LeafCell that is also MatureCell that is also MioBlast that is also PhotosyntheticCell that is also PlantCell that is also SclerenchymaCell'?, \nFalse
Can CirculatingCell be considered a subcategory of 'CellByDevelopmentStage'?, True
Can CirculatingCell be considered a subcategory of 'CellByClass that is also CellByDevelopmentStage that is also LeafCell that is also MatureCell that is also PhotosyntheticCell that is also PlantCell that is also SclerenchymaCell'?, \nFalse
Can CirculatingCell be considered a subcategory of 'PhotoreceptorCell'?, True
Can CirculatingCell be considered a subcategory of 'CellByClass that is also LeafCell that is also MatureCell that is also PhotoreceptorCell that is also PhotosyntheticCell that is also PlantCell that is also SclerenchymaCell'?, \nTrue
Can CirculatingCell be considered a subcategory of 'CellByOrganism'?, True
Can CirculatingCell be considered a subcategory of 'CellByClass that is also CellByOrganism that is also LeafCell that is also MatureCell that is also PhotoreceptorCell that is also PhotosyntheticCell that is also PlantCell that is also SclerenchymaCell'?, \nFalse
Can CirculatingCell be considered a subcategory of 'ElectricallyActiveCell'?, True
Can CirculatingCell be considered a subcategory of 'CellByClass that is also ElectricallyActiveCell that is also LeafCell that is also MatureCell that is also PhotoreceptorCell that is also PhotosyntheticCell that is also PlantCell that is also SclerenchymaCell'?, \nTrue
Can CirculatingCell be considered a subcategory of 'StructuralCell'?, True
Can CirculatingCell be considered a subcategory of 'CellByClass that is also ElectricallyActiveCell that is also LeafCell that is also MatureCell that is also PhotoreceptorCell that is also PhotosyntheticCell that is also PlantCell that is also SclerenchymaCell that is also StructuralCell'?, \nTrue
Can CirculatingCell be considered a subcategory of 'Neuron'?, True
Can CirculatingCell be considered a subcategory of 'CellByClass that is also ElectricallyActiveCell that is also LeafCell that is also MatureCell that is also Neuron that is also PhotoreceptorCell that is also PhotosyntheticCell that is also PlantCell that is also SclerenchymaCell that is also StructuralCell'?, \nFalse
Can CirculatingCell be considered a subcategory of 'ChondroCyte'?, True
Can CirculatingCell be considered a subcategory of 'CellByClass that is also ChondroCyte that is also ElectricallyActiveCell that is also LeafCell that is also MatureCell that is also PhotoreceptorCell that is also PhotosyntheticCell that is also PlantCell that is also SclerenchymaCell that is also StructuralCell'?, \nTrue
Can CirculatingCell be considered a subcategory of 'CellByClass that is also ChondroCyte that is also ElectricallyActiveCell that is also Erythrocyte that is also LeafCell that is also MatureCell that is also PhotoreceptorCell that is also PhotosyntheticCell that is also PlantCell that is also SclerenchymaCell that is also StructuralCell'?, \nTrue
Can CirculatingCell be considered a subcategory of 'AnimalCell that is also CellByClass that is also ChondroCyte that is also ElectricallyActiveCell that is also Erythrocyte that is also LeafCell that is also MatureCell that is also PhotoreceptorCell that is also PhotosyntheticCell that is also PlantCell that is also SclerenchymaCell that is also StructuralCell'?, True
Can CirculatingCell be considered a subcategory of 'AnimalCell that is also Cell that is also CellByClass that is also ChondroCyte that is also ElectricallyActiveCell that is also Erythrocyte that is also LeafCell that is also MatureCell that is also PhotoreceptorCell that is also PhotosyntheticCell that is also PlantCell that is also SclerenchymaCell that is also StructuralCell'?, True
Can CirculatingCell be considered a subcategory of 'AnimalCell that is also Cell that is also CellByClass that is also ChondroCyte that is also ElectricallyActiveCell that is also Erythrocyte that is also LeafCell that is also MatureCell that is also Miocyte that is also PhotoreceptorCell that is also PhotosyntheticCell that is also PlantCell that is also SclerenchymaCell that is also StructuralCell'?, True
Can CirculatingCell be considered a subcategory of 'AnimalCell that is also Cell that is also CellByClass that is also ChondroCyte that is also ElectricallyActiveCell that is also Erythrocyte that is also InMatureCell that is also LeafCell that is also MatureCell that is also Miocyte that is also PhotoreceptorCell that is also PhotosyntheticCell that is also PlantCell that is also SclerenchymaCell that is also StructuralCell'?, \nFalse
Can CirculatingCell be considered a subcategory of 'AnimalCell that is also Cell that is also CellByClass that is also ChondroCyte that is also ElectricallyActiveCell that is also Erythrocyte that is also LeafCell that is also MatureCell that is also Miocyte that is also Osteocyte that is also PhotoreceptorCell that is also PhotosyntheticCell that is also PlantCell that is also SclerenchymaCell that is also StructuralCell'?, True
Can CirculatingCell be considered a subcategory of 'AnimalCell that is also Cell that is also CellByClass that is also ChondroBlast that is also ChondroCyte that is also ElectricallyActiveCell that is also Erythrocyte that is also LeafCell that is also MatureCell that is also Miocyte that is also Osteocyte that is also PhotoreceptorCell that is also PhotosyntheticCell that is also PlantCell that is also SclerenchymaCell that is also StructuralCell'?, True.
Can CirculatingCell be considered a subcategory of 'AnimalCell that is also Cell that is also CellByClass that is also ChondroBlast that is also ChondroCyte that is also ElectricallyActiveCell that is also Erythrocyte that is also LeafCell that is also MatureCell that is also MioBlast that is also Miocyte that is also Osteocyte that is also PhotoreceptorCell that is also PhotosyntheticCell that is also PlantCell that is also SclerenchymaCell that is also StructuralCell'?, \nFalse
Can CirculatingCell be considered a subcategory of 'AnimalCell that is also Cell that is also CellByClass that is also CellByDevelopmentStage that is also ChondroBlast that is also ChondroCyte that is also ElectricallyActiveCell that is also Erythrocyte that is also LeafCell that is also MatureCell that is also Miocyte that is also Osteocyte that is also PhotoreceptorCell that is also PhotosyntheticCell that is also PlantCell that is also SclerenchymaCell that is also StructuralCell'?, \nFalse
Can CirculatingCell be considered a subcategory of 'AnimalCell that is also Cell that is also CellByClass that is also CellByOrganism that is also ChondroBlast that is also ChondroCyte that is also ElectricallyActiveCell that is also Erythrocyte that is also LeafCell that is also MatureCell that is also Miocyte that is also Osteocyte that is also PhotoreceptorCell that is also PhotosyntheticCell that is also PlantCell that is also SclerenchymaCell that is also StructuralCell'?, \nFalse
Can CirculatingCell be considered a subcategory of 'AnimalCell that is also Cell that is also CellByClass that is also ChondroBlast that is also ChondroCyte that is also ElectricallyActiveCell that is also Erythrocyte that is also LeafCell that is also MatureCell that is also Miocyte that is also Neuron that is also Osteocyte that is also PhotoreceptorCell that is also PhotosyntheticCell that is also PlantCell that is also SclerenchymaCell that is also StructuralCell'?, \nFalse
Can ElectricallyActiveCell that is also MatureCell be considered a subcategory of 'InMatureCell'?, True
Can ElectricallyActiveCell that is also MatureCell be considered a subcategory of 'SclerenchymaCell'?, True
Can ElectricallyActiveCell be considered a subcategory of 'SclerenchymaCell'?, True
Can ElectricallyActiveCell be considered a subcategory of 'LeafCell'?, True
Can ElectricallyActiveCell be considered a subcategory of 'LeafCell that is also SclerenchymaCell'?, True
Can ElectricallyActiveCell be considered a subcategory of 'Erythrocyte'?, True
Can ElectricallyActiveCell be considered a subcategory of 'Erythrocyte that is also LeafCell that is also SclerenchymaCell'?, True
Can ElectricallyActiveCell be considered a subcategory of 'PhotosyntheticCell'?, True
Can ElectricallyActiveCell be considered a subcategory of 'Erythrocyte that is also LeafCell that is also PhotosyntheticCell that is also SclerenchymaCell'?, True
Can ElectricallyActiveCell be considered a subcategory of 'CirculatingCell'?, True
Can ElectricallyActiveCell be considered a subcategory of 'CirculatingCell that is also Erythrocyte that is also LeafCell that is also PhotosyntheticCell that is also SclerenchymaCell'?, \nFalse
Can ElectricallyActiveCell be considered a subcategory of 'PlantCell'?, True
Can ElectricallyActiveCell be considered a subcategory of 'Erythrocyte that is also LeafCell that is also PhotosyntheticCell that is also PlantCell that is also SclerenchymaCell'?, \nFalse
Can ElectricallyActiveCell be considered a subcategory of 'CellByClass'?, True
Can ElectricallyActiveCell be considered a subcategory of 'CellByClass that is also Erythrocyte that is also LeafCell that is also PhotosyntheticCell that is also SclerenchymaCell'?, \nFalse
Can ElectricallyActiveCell be considered a subcategory of 'MatureCell'?, True
Can ElectricallyActiveCell be considered a subcategory of 'Erythrocyte that is also LeafCell that is also MatureCell that is also PhotosyntheticCell that is also SclerenchymaCell'?, \nFalse
Can ElectricallyActiveCell be considered a subcategory of 'AnimalCell'?, True
Can ElectricallyActiveCell be considered a subcategory of 'AnimalCell that is also Erythrocyte that is also LeafCell that is also PhotosyntheticCell that is also SclerenchymaCell'?, \nFalse
Can ElectricallyActiveCell be considered a subcategory of 'Cell'?, True
Can ElectricallyActiveCell be considered a subcategory of 'Cell that is also Erythrocyte that is also LeafCell that is also PhotosyntheticCell that is also SclerenchymaCell'?, \nFalse
Can ElectricallyActiveCell be considered a subcategory of 'Miocyte'?, True
Can ElectricallyActiveCell be considered a subcategory of 'Erythrocyte that is also LeafCell that is also Miocyte that is also PhotosyntheticCell that is also SclerenchymaCell'?, \nFalse
Can ElectricallyActiveCell be considered a subcategory of 'InMatureCell'?, True
Can ElectricallyActiveCell be considered a subcategory of 'Erythrocyte that is also InMatureCell that is also LeafCell that is also PhotosyntheticCell that is also SclerenchymaCell'?, \nFalse
Can ElectricallyActiveCell be considered a subcategory of 'Osteocyte'?, True
Can ElectricallyActiveCell be considered a subcategory of 'Erythrocyte that is also LeafCell that is also Osteocyte that is also PhotosyntheticCell that is also SclerenchymaCell'?, True
Can ElectricallyActiveCell be considered a subcategory of 'ChondroBlast'?, True
Can ElectricallyActiveCell be considered a subcategory of 'ChondroBlast that is also Erythrocyte that is also LeafCell that is also Osteocyte that is also PhotosyntheticCell that is also SclerenchymaCell'?, \nFalse
Can ElectricallyActiveCell be considered a subcategory of 'MioBlast'?, True
Can ElectricallyActiveCell be considered a subcategory of 'Erythrocyte that is also LeafCell that is also MioBlast that is also Osteocyte that is also PhotosyntheticCell that is also SclerenchymaCell'?, \nFalse
Can ElectricallyActiveCell be considered a subcategory of 'CellByDevelopmentStage'?, True
Can ElectricallyActiveCell be considered a subcategory of 'CellByDevelopmentStage that is also Erythrocyte that is also LeafCell that is also Osteocyte that is also PhotosyntheticCell that is also SclerenchymaCell'?, \nFalse
Can ElectricallyActiveCell be considered a subcategory of 'PhotoreceptorCell'?, True
Can ElectricallyActiveCell be considered a subcategory of 'Erythrocyte that is also LeafCell that is also Osteocyte that is also PhotoreceptorCell that is also PhotosyntheticCell that is also SclerenchymaCell'?, \nFalse
Can ElectricallyActiveCell be considered a subcategory of 'CellByOrganism'?, True
Can ElectricallyActiveCell be considered a subcategory of 'CellByOrganism that is also Erythrocyte that is also LeafCell that is also Osteocyte that is also PhotosyntheticCell that is also SclerenchymaCell'?, True
Can ElectricallyActiveCell be considered a subcategory of 'StructuralCell'?, True
Can ElectricallyActiveCell be considered a subcategory of 'CellByOrganism that is also Erythrocyte that is also LeafCell that is also Osteocyte that is also PhotosyntheticCell that is also SclerenchymaCell that is also StructuralCell'?, \nTrue
Can ElectricallyActiveCell be considered a subcategory of 'Neuron'?, True
Can ElectricallyActiveCell be considered a subcategory of 'CellByOrganism that is also Erythrocyte that is also LeafCell that is also Neuron that is also Osteocyte that is also PhotosyntheticCell that is also SclerenchymaCell that is also StructuralCell'?, True
Can ElectricallyActiveCell be considered a subcategory of 'ChondroCyte'?, True
Can ElectricallyActiveCell be considered a subcategory of 'CellByOrganism that is also ChondroCyte that is also Erythrocyte that is also LeafCell that is also Neuron that is also Osteocyte that is also PhotosyntheticCell that is also SclerenchymaCell that is also StructuralCell'?, \nFalse
Can ElectricallyActiveCell be considered a subcategory of 'CellByOrganism that is also CirculatingCell that is also Erythrocyte that is also LeafCell that is also Neuron that is also Osteocyte that is also PhotosyntheticCell that is also SclerenchymaCell that is also StructuralCell'?, \nFalse
Can ElectricallyActiveCell be considered a subcategory of 'CellByOrganism that is also Erythrocyte that is also LeafCell that is also Neuron that is also Osteocyte that is also PhotosyntheticCell that is also PlantCell that is also SclerenchymaCell that is also StructuralCell'?, \nFalse
Can ElectricallyActiveCell be considered a subcategory of 'CellByClass that is also CellByOrganism that is also Erythrocyte that is also LeafCell that is also Neuron that is also Osteocyte that is also PhotosyntheticCell that is also SclerenchymaCell that is also StructuralCell'?, \nTrue
Can ElectricallyActiveCell be considered a subcategory of 'CellByClass that is also CellByOrganism that is also Erythrocyte that is also LeafCell that is also MatureCell that is also Neuron that is also Osteocyte that is also PhotosyntheticCell that is also SclerenchymaCell that is also StructuralCell'?, \nFalse
Can ElectricallyActiveCell be considered a subcategory of 'AnimalCell that is also CellByClass that is also CellByOrganism that is also Erythrocyte that is also LeafCell that is also Neuron that is also Osteocyte that is also PhotosyntheticCell that is also SclerenchymaCell that is also StructuralCell'?, \nFalse
Can ElectricallyActiveCell be considered a subcategory of 'Cell that is also CellByClass that is also CellByOrganism that is also Erythrocyte that is also LeafCell that is also Neuron that is also Osteocyte that is also PhotosyntheticCell that is also SclerenchymaCell that is also StructuralCell'?, True
Can ElectricallyActiveCell be considered a subcategory of 'Cell that is also CellByClass that is also CellByOrganism that is also Erythrocyte that is also LeafCell that is also Miocyte that is also Neuron that is also Osteocyte that is also PhotosyntheticCell that is also SclerenchymaCell that is also StructuralCell'?, True
Can ElectricallyActiveCell be considered a subcategory of 'Cell that is also CellByClass that is also CellByOrganism that is also Erythrocyte that is also InMatureCell that is also LeafCell that is also Miocyte that is also Neuron that is also Osteocyte that is also PhotosyntheticCell that is also SclerenchymaCell that is also StructuralCell'?, \nFalse
Can ElectricallyActiveCell be considered a subcategory of 'Cell that is also CellByClass that is also CellByOrganism that is also ChondroBlast that is also Erythrocyte that is also LeafCell that is also Miocyte that is also Neuron that is also Osteocyte that is also PhotosyntheticCell that is also SclerenchymaCell that is also StructuralCell'?, \nFalse
Can ElectricallyActiveCell be considered a subcategory of 'Cell that is also CellByClass that is also CellByOrganism that is also Erythrocyte that is also LeafCell that is also MioBlast that is also Miocyte that is also Neuron that is also Osteocyte that is also PhotosyntheticCell that is also SclerenchymaCell that is also StructuralCell'?, \nTrue
Can ElectricallyActiveCell be considered a subcategory of 'Cell that is also CellByClass that is also CellByDevelopmentStage that is also CellByOrganism that is also Erythrocyte that is also LeafCell that is also MioBlast that is also Miocyte that is also Neuron that is also Osteocyte that is also PhotosyntheticCell that is also SclerenchymaCell that is also StructuralCell'?, True
Can ElectricallyActiveCell be considered a subcategory of 'Cell that is also CellByClass that is also CellByDevelopmentStage that is also CellByOrganism that is also Erythrocyte that is also LeafCell that is also MioBlast that is also Miocyte that is also Neuron that is also Osteocyte that is also PhotoreceptorCell that is also PhotosyntheticCell that is also SclerenchymaCell that is also StructuralCell'?, True
Can ElectricallyActiveCell be considered a subcategory of 'Cell that is also CellByClass that is also CellByDevelopmentStage that is also CellByOrganism that is also ChondroCyte that is also Erythrocyte that is also LeafCell that is also MioBlast that is also Miocyte that is also Neuron that is also Osteocyte that is also PhotoreceptorCell that is also PhotosyntheticCell that is also SclerenchymaCell that is also StructuralCell'?, True
Can PhotoreceptorCell that is also PhotosyntheticCell be considered a subcategory of 'StructuralCell'?, True
Can PhotoreceptorCell that is also PhotosyntheticCell be considered a subcategory of 'SclerenchymaCell'?, True
Can PhotosyntheticCell be considered a subcategory of 'SclerenchymaCell'?, True
Can PhotosyntheticCell be considered a subcategory of 'LeafCell'?, True
Can PhotosyntheticCell be considered a subcategory of 'LeafCell that is also SclerenchymaCell'?, True
Can PhotosyntheticCell be considered a subcategory of 'Erythrocyte'?, True
Can PhotosyntheticCell be considered a subcategory of 'Erythrocyte that is also LeafCell that is also SclerenchymaCell'?, \nFalse
Can PhotosyntheticCell be considered a subcategory of 'CirculatingCell'?, True
Can PhotosyntheticCell be considered a subcategory of 'CirculatingCell that is also LeafCell that is also SclerenchymaCell'?, \nFalse
Can PhotosyntheticCell be considered a subcategory of 'PlantCell'?, True
Can PhotosyntheticCell be considered a subcategory of 'LeafCell that is also PlantCell that is also SclerenchymaCell'?, True
Can PhotosyntheticCell be considered a subcategory of 'CellByClass'?, True
Can PhotosyntheticCell be considered a subcategory of 'CellByClass that is also LeafCell that is also PlantCell that is also SclerenchymaCell'?, \nTrue
Can PhotosyntheticCell be considered a subcategory of 'MatureCell'?, True
Can PhotosyntheticCell be considered a subcategory of 'CellByClass that is also LeafCell that is also MatureCell that is also PlantCell that is also SclerenchymaCell'?, \nFalse
Can PhotosyntheticCell be considered a subcategory of 'AnimalCell'?, True
Can PhotosyntheticCell be considered a subcategory of 'AnimalCell that is also CellByClass that is also LeafCell that is also PlantCell that is also SclerenchymaCell'?, True
Can PhotosyntheticCell be considered a subcategory of 'Cell'?, True
Can PhotosyntheticCell be considered a subcategory of 'AnimalCell that is also Cell that is also CellByClass that is also LeafCell that is also PlantCell that is also SclerenchymaCell'?, True
Can PhotosyntheticCell be considered a subcategory of 'Miocyte'?, True
Can PhotosyntheticCell be considered a subcategory of 'AnimalCell that is also Cell that is also CellByClass that is also LeafCell that is also Miocyte that is also PlantCell that is also SclerenchymaCell'?, \nFalse
Can PhotosyntheticCell be considered a subcategory of 'InMatureCell'?, True
Can PhotosyntheticCell be considered a subcategory of 'AnimalCell that is also Cell that is also CellByClass that is also InMatureCell that is also LeafCell that is also PlantCell that is also SclerenchymaCell'?, \nFalse
Can PhotosyntheticCell be considered a subcategory of 'Osteocyte'?, True
Can PhotosyntheticCell be considered a subcategory of 'AnimalCell that is also Cell that is also CellByClass that is also LeafCell that is also Osteocyte that is also PlantCell that is also SclerenchymaCell'?, True
Can PhotosyntheticCell be considered a subcategory of 'ChondroBlast'?, True
Can PhotosyntheticCell be considered a subcategory of 'AnimalCell that is also Cell that is also CellByClass that is also ChondroBlast that is also LeafCell that is also Osteocyte that is also PlantCell that is also SclerenchymaCell'?, \nFalse
Can PhotosyntheticCell be considered a subcategory of 'MioBlast'?, True
Can PhotosyntheticCell be considered a subcategory of 'AnimalCell that is also Cell that is also CellByClass that is also LeafCell that is also MioBlast that is also Osteocyte that is also PlantCell that is also SclerenchymaCell'?, \nFalse
Can PhotosyntheticCell be considered a subcategory of 'CellByDevelopmentStage'?, True
Can PhotosyntheticCell be considered a subcategory of 'AnimalCell that is also Cell that is also CellByClass that is also CellByDevelopmentStage that is also LeafCell that is also Osteocyte that is also PlantCell that is also SclerenchymaCell'?, \nFalse
Can PhotosyntheticCell be considered a subcategory of 'PhotoreceptorCell'?, True
Can PhotosyntheticCell be considered a subcategory of 'AnimalCell that is also Cell that is also CellByClass that is also LeafCell that is also Osteocyte that is also PhotoreceptorCell that is also PlantCell that is also SclerenchymaCell'?, \nFalse
Can PhotosyntheticCell be considered a subcategory of 'CellByOrganism'?, True
Can PhotosyntheticCell be considered a subcategory of 'AnimalCell that is also Cell that is also CellByClass that is also CellByOrganism that is also LeafCell that is also Osteocyte that is also PlantCell that is also SclerenchymaCell'?, True
Can PhotosyntheticCell be considered a subcategory of 'ElectricallyActiveCell'?, True
Can PhotosyntheticCell be considered a subcategory of 'AnimalCell that is also Cell that is also CellByClass that is also CellByOrganism that is also ElectricallyActiveCell that is also LeafCell that is also Osteocyte that is also PlantCell that is also SclerenchymaCell'?, \nFalse
Can PhotosyntheticCell be considered a subcategory of 'StructuralCell'?, True
Can PhotosyntheticCell be considered a subcategory of 'AnimalCell that is also Cell that is also CellByClass that is also CellByOrganism that is also LeafCell that is also Osteocyte that is also PlantCell that is also SclerenchymaCell that is also StructuralCell'?, \nFalse
Can PhotosyntheticCell be considered a subcategory of 'Neuron'?, True
Can PhotosyntheticCell be considered a subcategory of 'AnimalCell that is also Cell that is also CellByClass that is also CellByOrganism that is also LeafCell that is also Neuron that is also Osteocyte that is also PlantCell that is also SclerenchymaCell'?, \nFalse
Can PhotosyntheticCell be considered a subcategory of 'ChondroCyte'?, True
Can PhotosyntheticCell be considered a subcategory of 'AnimalCell that is also Cell that is also CellByClass that is also CellByOrganism that is also ChondroCyte that is also LeafCell that is also Osteocyte that is also PlantCell that is also SclerenchymaCell'?, \nFalse
Can PhotosyntheticCell be considered a subcategory of 'AnimalCell that is also Cell that is also CellByClass that is also CellByOrganism that is also Erythrocyte that is also LeafCell that is also Osteocyte that is also PlantCell that is also SclerenchymaCell'?, \nFalse
Can PhotosyntheticCell be considered a subcategory of 'AnimalCell that is also Cell that is also CellByClass that is also CellByOrganism that is also CirculatingCell that is also LeafCell that is also Osteocyte that is also PlantCell that is also SclerenchymaCell'?, \nFalse
Can PhotosyntheticCell be considered a subcategory of 'AnimalCell that is also Cell that is also CellByClass that is also CellByOrganism that is also LeafCell that is also MatureCell that is also Osteocyte that is also PlantCell that is also SclerenchymaCell'?, \nTrue
Can PhotosyntheticCell be considered a subcategory of 'AnimalCell that is also Cell that is also CellByClass that is also CellByOrganism that is also LeafCell that is also MatureCell that is also Miocyte that is also Osteocyte that is also PlantCell that is also SclerenchymaCell'?, \nFalse
Can PhotosyntheticCell be considered a subcategory of 'AnimalCell that is also Cell that is also CellByClass that is also CellByOrganism that is also InMatureCell that is also LeafCell that is also MatureCell that is also Osteocyte that is also PlantCell that is also SclerenchymaCell'?, \nFalse
Can PhotosyntheticCell be considered a subcategory of 'AnimalCell that is also Cell that is also CellByClass that is also CellByOrganism that is also ChondroBlast that is also LeafCell that is also MatureCell that is also Osteocyte that is also PlantCell that is also SclerenchymaCell'?, True
Can PhotosyntheticCell be considered a subcategory of 'AnimalCell that is also Cell that is also CellByClass that is also CellByOrganism that is also ChondroBlast that is also LeafCell that is also MatureCell that is also MioBlast that is also Osteocyte that is also PlantCell that is also SclerenchymaCell'?, True
Can PhotosyntheticCell be considered a subcategory of 'AnimalCell that is also Cell that is also CellByClass that is also CellByDevelopmentStage that is also CellByOrganism that is also ChondroBlast that is also LeafCell that is also MatureCell that is also MioBlast that is also Osteocyte that is also PlantCell that is also SclerenchymaCell'?, \nFalse
Can PhotosyntheticCell be considered a subcategory of 'AnimalCell that is also Cell that is also CellByClass that is also CellByOrganism that is also ChondroBlast that is also LeafCell that is also MatureCell that is also MioBlast that is also Osteocyte that is also PhotoreceptorCell that is also PlantCell that is also SclerenchymaCell'?, \nFalse
Can PhotosyntheticCell be considered a subcategory of 'AnimalCell that is also Cell that is also CellByClass that is also CellByOrganism that is also ChondroBlast that is also ElectricallyActiveCell that is also LeafCell that is also MatureCell that is also MioBlast that is also Osteocyte that is also PlantCell that is also SclerenchymaCell'?, \nFalse
Can PhotosyntheticCell be considered a subcategory of 'AnimalCell that is also Cell that is also CellByClass that is also CellByOrganism that is also ChondroBlast that is also LeafCell that is also MatureCell that is also MioBlast that is also Osteocyte that is also PlantCell that is also SclerenchymaCell that is also StructuralCell'?, True
Can PhotosyntheticCell be considered a subcategory of 'AnimalCell that is also Cell that is also CellByClass that is also CellByOrganism that is also ChondroBlast that is also LeafCell that is also MatureCell that is also MioBlast that is also Neuron that is also Osteocyte that is also PlantCell that is also SclerenchymaCell that is also StructuralCell'?, True
Can PhotosyntheticCell be considered a subcategory of 'AnimalCell that is also Cell that is also CellByClass that is also CellByOrganism that is also ChondroBlast that is also ChondroCyte that is also LeafCell that is also MatureCell that is also MioBlast that is also Neuron that is also Osteocyte that is also PlantCell that is also SclerenchymaCell that is also StructuralCell'?, True
Can Erythrocyte be considered a subcategory of 'MioBlast'?, True
Can Erythrocyte be considered a subcategory of 'SclerenchymaCell'?, True
Can Erythrocyte be considered a subcategory of 'LeafCell'?, True
Can Erythrocyte be considered a subcategory of 'LeafCell that is also SclerenchymaCell'?, True
Can Erythrocyte be considered a subcategory of 'PhotosyntheticCell'?, True
Can Erythrocyte be considered a subcategory of 'LeafCell that is also PhotosyntheticCell that is also SclerenchymaCell'?, \nFalse
Can Erythrocyte be considered a subcategory of 'CirculatingCell'?, True
Can Erythrocyte be considered a subcategory of 'CirculatingCell that is also LeafCell that is also SclerenchymaCell'?, \nFalse
Can Erythrocyte be considered a subcategory of 'PlantCell'?, \nFalse
Can Erythrocyte be considered a subcategory of 'CellByClass'?, True
Can Erythrocyte be considered a subcategory of 'CellByClass that is also LeafCell that is also SclerenchymaCell'?, True
Can Erythrocyte be considered a subcategory of 'MatureCell'?, True
Can Erythrocyte be considered a subcategory of 'CellByClass that is also LeafCell that is also MatureCell that is also SclerenchymaCell'?, \nFalse
Can Erythrocyte be considered a subcategory of 'AnimalCell'?, True
Can Erythrocyte be considered a subcategory of 'AnimalCell that is also CellByClass that is also LeafCell that is also SclerenchymaCell'?, \nFalse
Can Erythrocyte be considered a subcategory of 'Cell'?, True
Can Erythrocyte be considered a subcategory of 'Cell that is also CellByClass that is also LeafCell that is also SclerenchymaCell'?, True
Can Erythrocyte be considered a subcategory of 'Miocyte'?, True
Can Erythrocyte be considered a subcategory of 'Cell that is also CellByClass that is also LeafCell that is also Miocyte that is also SclerenchymaCell'?, \nFalse
Can Erythrocyte be considered a subcategory of 'InMatureCell'?, True
Can Erythrocyte be considered a subcategory of 'Cell that is also CellByClass that is also InMatureCell that is also LeafCell that is also SclerenchymaCell'?, True
Can Erythrocyte be considered a subcategory of 'Osteocyte'?, True
Can Erythrocyte be considered a subcategory of 'Cell that is also CellByClass that is also InMatureCell that is also LeafCell that is also Osteocyte that is also SclerenchymaCell'?, \nFalse
Can Erythrocyte be considered a subcategory of 'ChondroBlast'?, True
Can Erythrocyte be considered a subcategory of 'Cell that is also CellByClass that is also ChondroBlast that is also InMatureCell that is also LeafCell that is also SclerenchymaCell'?, \nFalse
Can Erythrocyte be considered a subcategory of 'Cell that is also CellByClass that is also InMatureCell that is also LeafCell that is also MioBlast that is also SclerenchymaCell'?, \nFalse
Can Erythrocyte be considered a subcategory of 'CellByDevelopmentStage'?, True
Can Erythrocyte be considered a subcategory of 'Cell that is also CellByClass that is also CellByDevelopmentStage that is also InMatureCell that is also LeafCell that is also SclerenchymaCell'?, \nFalse
Can Erythrocyte be considered a subcategory of 'PhotoreceptorCell'?, True
Can Erythrocyte be considered a subcategory of 'Cell that is also CellByClass that is also InMatureCell that is also LeafCell that is also PhotoreceptorCell that is also SclerenchymaCell'?, \nFalse
Can Erythrocyte be considered a subcategory of 'CellByOrganism'?, True
Can Erythrocyte be considered a subcategory of 'Cell that is also CellByClass that is also CellByOrganism that is also InMatureCell that is also LeafCell that is also SclerenchymaCell'?, \nFalse
Can Erythrocyte be considered a subcategory of 'ElectricallyActiveCell'?, True
Can Erythrocyte be considered a subcategory of 'Cell that is also CellByClass that is also ElectricallyActiveCell that is also InMatureCell that is also LeafCell that is also SclerenchymaCell'?, \nFalse
Can Erythrocyte be considered a subcategory of 'StructuralCell'?, True
Can Erythrocyte be considered a subcategory of 'Cell that is also CellByClass that is also InMatureCell that is also LeafCell that is also SclerenchymaCell that is also StructuralCell'?, \nFalse
Can Erythrocyte be considered a subcategory of 'Neuron'?, False.
Can Erythrocyte be considered a subcategory of 'ChondroCyte'?, True.
Can Erythrocyte be considered a subcategory of 'Cell that is also CellByClass that is also ChondroCyte that is also InMatureCell that is also LeafCell that is also SclerenchymaCell'?, \nFalse
Can Erythrocyte be considered a subcategory of 'Cell that is also CellByClass that is also InMatureCell that is also LeafCell that is also PhotosyntheticCell that is also SclerenchymaCell'?, True
Can Erythrocyte be considered a subcategory of 'Cell that is also CellByClass that is also CirculatingCell that is also InMatureCell that is also LeafCell that is also PhotosyntheticCell that is also SclerenchymaCell'?, \nFalse
Can Erythrocyte be considered a subcategory of 'Cell that is also CellByClass that is also InMatureCell that is also LeafCell that is also MatureCell that is also PhotosyntheticCell that is also SclerenchymaCell'?, \nFalse
Can Erythrocyte be considered a subcategory of 'AnimalCell that is also Cell that is also CellByClass that is also InMatureCell that is also LeafCell that is also PhotosyntheticCell that is also SclerenchymaCell'?, \nFalse
Can Erythrocyte be considered a subcategory of 'Cell that is also CellByClass that is also InMatureCell that is also LeafCell that is also Miocyte that is also PhotosyntheticCell that is also SclerenchymaCell'?, \nFalse
Can Erythrocyte be considered a subcategory of 'Cell that is also CellByClass that is also InMatureCell that is also LeafCell that is also Osteocyte that is also PhotosyntheticCell that is also SclerenchymaCell'?, True
Can Erythrocyte be considered a subcategory of 'Cell that is also CellByClass that is also ChondroBlast that is also InMatureCell that is also LeafCell that is also Osteocyte that is also PhotosyntheticCell that is also SclerenchymaCell'?, \nFalse
Can Erythrocyte be considered a subcategory of 'Cell that is also CellByClass that is also InMatureCell that is also LeafCell that is also MioBlast that is also Osteocyte that is also PhotosyntheticCell that is also SclerenchymaCell'?, \nFalse
Can Erythrocyte be considered a subcategory of 'Cell that is also CellByClass that is also CellByDevelopmentStage that is also InMatureCell that is also LeafCell that is also Osteocyte that is also PhotosyntheticCell that is also SclerenchymaCell'?, True
Can Erythrocyte be considered a subcategory of 'Cell that is also CellByClass that is also CellByDevelopmentStage that is also InMatureCell that is also LeafCell that is also Osteocyte that is also PhotoreceptorCell that is also PhotosyntheticCell that is also SclerenchymaCell'?, True
Can Erythrocyte be considered a subcategory of 'Cell that is also CellByClass that is also CellByDevelopmentStage that is also CellByOrganism that is also InMatureCell that is also LeafCell that is also Osteocyte that is also PhotoreceptorCell that is also PhotosyntheticCell that is also SclerenchymaCell'?, \nFalse
Can Erythrocyte be considered a subcategory of 'Cell that is also CellByClass that is also CellByDevelopmentStage that is also ElectricallyActiveCell that is also InMatureCell that is also LeafCell that is also Osteocyte that is also PhotoreceptorCell that is also PhotosyntheticCell that is also SclerenchymaCell'?, True
Can Erythrocyte be considered a subcategory of 'Cell that is also CellByClass that is also CellByDevelopmentStage that is also ElectricallyActiveCell that is also InMatureCell that is also LeafCell that is also Osteocyte that is also PhotoreceptorCell that is also PhotosyntheticCell that is also SclerenchymaCell that is also StructuralCell'?, \nFalse
Can Erythrocyte be considered a subcategory of 'Cell that is also CellByClass that is also CellByDevelopmentStage that is also ChondroCyte that is also ElectricallyActiveCell that is also InMatureCell that is also LeafCell that is also Osteocyte that is also PhotoreceptorCell that is also PhotosyntheticCell that is also SclerenchymaCell'?, \nFalse
Can Neuron that is also PhotoreceptorCell be considered a subcategory of 'Miocyte'?, True
Can Neuron that is also PhotoreceptorCell be considered a subcategory of 'SclerenchymaCell'?, True
Can PhotoreceptorCell be considered a subcategory of 'SclerenchymaCell'?, True
Can PhotoreceptorCell be considered a subcategory of 'LeafCell'?, True
Can PhotoreceptorCell be considered a subcategory of 'LeafCell that is also SclerenchymaCell'?, True
Can PhotoreceptorCell be considered a subcategory of 'Erythrocyte'?, True
Can PhotoreceptorCell be considered a subcategory of 'Erythrocyte that is also LeafCell that is also SclerenchymaCell'?, \nFalse
Can PhotoreceptorCell be considered a subcategory of 'PhotosyntheticCell'?, True
Can PhotoreceptorCell be considered a subcategory of 'LeafCell that is also PhotosyntheticCell that is also SclerenchymaCell'?, True
Can PhotoreceptorCell be considered a subcategory of 'CirculatingCell'?, True
Can PhotoreceptorCell be considered a subcategory of 'CirculatingCell that is also LeafCell that is also PhotosyntheticCell that is also SclerenchymaCell'?, \nFalse
Can PhotoreceptorCell be considered a subcategory of 'PlantCell'?, True
Can PhotoreceptorCell be considered a subcategory of 'LeafCell that is also PhotosyntheticCell that is also PlantCell that is also SclerenchymaCell'?, \nFalse
Can PhotoreceptorCell be considered a subcategory of 'CellByClass'?, True
Can PhotoreceptorCell be considered a subcategory of 'CellByClass that is also LeafCell that is also PhotosyntheticCell that is also SclerenchymaCell'?, \nFalse
Can PhotoreceptorCell be considered a subcategory of 'MatureCell'?, True
Can PhotoreceptorCell be considered a subcategory of 'LeafCell that is also MatureCell that is also PhotosyntheticCell that is also SclerenchymaCell'?, True
Can PhotoreceptorCell be considered a subcategory of 'AnimalCell'?, True
Can PhotoreceptorCell be considered a subcategory of 'AnimalCell that is also LeafCell that is also MatureCell that is also PhotosyntheticCell that is also SclerenchymaCell'?, \nFalse
Can PhotoreceptorCell be considered a subcategory of 'Cell'?, True
Can PhotoreceptorCell be considered a subcategory of 'Cell that is also LeafCell that is also MatureCell that is also PhotosyntheticCell that is also SclerenchymaCell'?, \nFalse
Can PhotoreceptorCell be considered a subcategory of 'Miocyte'?, True
Can PhotoreceptorCell be considered a subcategory of 'LeafCell that is also MatureCell that is also Miocyte that is also PhotosyntheticCell that is also SclerenchymaCell'?, \nTrue
Can PhotoreceptorCell be considered a subcategory of 'InMatureCell'?, True
Can PhotoreceptorCell be considered a subcategory of 'InMatureCell that is also LeafCell that is also MatureCell that is also Miocyte that is also PhotosyntheticCell that is also SclerenchymaCell'?, \nFalse
Can PhotoreceptorCell be considered a subcategory of 'Osteocyte'?, True
Can PhotoreceptorCell be considered a subcategory of 'LeafCell that is also MatureCell that is also Miocyte that is also Osteocyte that is also PhotosyntheticCell that is also SclerenchymaCell'?, \nFalse
Can PhotoreceptorCell be considered a subcategory of 'ChondroBlast'?, True
Can PhotoreceptorCell be considered a subcategory of 'ChondroBlast that is also LeafCell that is also MatureCell that is also Miocyte that is also PhotosyntheticCell that is also SclerenchymaCell'?, \nFalse
Can PhotoreceptorCell be considered a subcategory of 'MioBlast'?, True
Can PhotoreceptorCell be considered a subcategory of 'LeafCell that is also MatureCell that is also MioBlast that is also Miocyte that is also PhotosyntheticCell that is also SclerenchymaCell'?, True
Can PhotoreceptorCell be considered a subcategory of 'CellByDevelopmentStage'?, True
Can PhotoreceptorCell be considered a subcategory of 'CellByDevelopmentStage that is also LeafCell that is also MatureCell that is also MioBlast that is also Miocyte that is also PhotosyntheticCell that is also SclerenchymaCell'?, \nFalse
Can PhotoreceptorCell be considered a subcategory of 'CellByOrganism'?, True
Can PhotoreceptorCell be considered a subcategory of 'CellByOrganism that is also LeafCell that is also MatureCell that is also MioBlast that is also Miocyte that is also PhotosyntheticCell that is also SclerenchymaCell'?, \nFalse
Can PhotoreceptorCell be considered a subcategory of 'ElectricallyActiveCell'?, True
Can PhotoreceptorCell be considered a subcategory of 'ElectricallyActiveCell that is also LeafCell that is also MatureCell that is also MioBlast that is also Miocyte that is also PhotosyntheticCell that is also SclerenchymaCell'?, \nFalse
Can PhotoreceptorCell be considered a subcategory of 'StructuralCell'?, True
Can PhotoreceptorCell be considered a subcategory of 'LeafCell that is also MatureCell that is also MioBlast that is also Miocyte that is also PhotosyntheticCell that is also SclerenchymaCell that is also StructuralCell'?, \nFalse
Can PhotoreceptorCell be considered a subcategory of 'Neuron'?, True
Can PhotoreceptorCell be considered a subcategory of 'LeafCell that is also MatureCell that is also MioBlast that is also Miocyte that is also Neuron that is also PhotosyntheticCell that is also SclerenchymaCell'?, \nFalse
Can PhotoreceptorCell be considered a subcategory of 'ChondroCyte'?, True
Can PhotoreceptorCell be considered a subcategory of 'ChondroCyte that is also LeafCell that is also MatureCell that is also MioBlast that is also Miocyte that is also PhotosyntheticCell that is also SclerenchymaCell'?, \nFalse
Can PhotoreceptorCell be considered a subcategory of 'Erythrocyte that is also LeafCell that is also MatureCell that is also MioBlast that is also Miocyte that is also PhotosyntheticCell that is also SclerenchymaCell'?, \nFalse
Can PhotoreceptorCell be considered a subcategory of 'CirculatingCell that is also LeafCell that is also MatureCell that is also MioBlast that is also Miocyte that is also PhotosyntheticCell that is also SclerenchymaCell'?, \nFalse
Can PhotoreceptorCell be considered a subcategory of 'LeafCell that is also MatureCell that is also MioBlast that is also Miocyte that is also PhotosyntheticCell that is also PlantCell that is also SclerenchymaCell'?, \nFalse
Can PhotoreceptorCell be considered a subcategory of 'CellByClass that is also LeafCell that is also MatureCell that is also MioBlast that is also Miocyte that is also PhotosyntheticCell that is also SclerenchymaCell'?, \nFalse
Can PhotoreceptorCell be considered a subcategory of 'AnimalCell that is also LeafCell that is also MatureCell that is also MioBlast that is also Miocyte that is also PhotosyntheticCell that is also SclerenchymaCell'?, \nFalse
Can PhotoreceptorCell be considered a subcategory of 'Cell that is also LeafCell that is also MatureCell that is also MioBlast that is also Miocyte that is also PhotosyntheticCell that is also SclerenchymaCell'?, True
Can PhotoreceptorCell be considered a subcategory of 'Cell that is also InMatureCell that is also LeafCell that is also MatureCell that is also MioBlast that is also Miocyte that is also PhotosyntheticCell that is also SclerenchymaCell'?, \nFalse
Can PhotoreceptorCell be considered a subcategory of 'Cell that is also LeafCell that is also MatureCell that is also MioBlast that is also Miocyte that is also Osteocyte that is also PhotosyntheticCell that is also SclerenchymaCell'?, \nFalse
Can PhotoreceptorCell be considered a subcategory of 'Cell that is also ChondroBlast that is also LeafCell that is also MatureCell that is also MioBlast that is also Miocyte that is also PhotosyntheticCell that is also SclerenchymaCell'?, \nFalse
Can PhotoreceptorCell be considered a subcategory of 'Cell that is also CellByDevelopmentStage that is also LeafCell that is also MatureCell that is also MioBlast that is also Miocyte that is also PhotosyntheticCell that is also SclerenchymaCell'?, \nFalse
Can PhotoreceptorCell be considered a subcategory of 'Cell that is also CellByOrganism that is also LeafCell that is also MatureCell that is also MioBlast that is also Miocyte that is also PhotosyntheticCell that is also SclerenchymaCell'?, \nFalse
Can PhotoreceptorCell be considered a subcategory of 'Cell that is also ElectricallyActiveCell that is also LeafCell that is also MatureCell that is also MioBlast that is also Miocyte that is also PhotosyntheticCell that is also SclerenchymaCell'?, \nFalse
Can PhotoreceptorCell be considered a subcategory of 'Cell that is also LeafCell that is also MatureCell that is also MioBlast that is also Miocyte that is also PhotosyntheticCell that is also SclerenchymaCell that is also StructuralCell'?, \nFalse
Can PhotoreceptorCell be considered a subcategory of 'Cell that is also LeafCell that is also MatureCell that is also MioBlast that is also Miocyte that is also Neuron that is also PhotosyntheticCell that is also SclerenchymaCell'?, \nFalse
Can PhotoreceptorCell be considered a subcategory of 'Cell that is also ChondroCyte that is also LeafCell that is also MatureCell that is also MioBlast that is also Miocyte that is also PhotosyntheticCell that is also SclerenchymaCell'?, \nFalse
Can CellByClass be considered a subcategory of 'MioBlast'?, True
Can CellByClass be considered a subcategory of 'SclerenchymaCell'?, True
Can CellByClass be considered a subcategory of 'LeafCell'?, True
Can CellByClass be considered a subcategory of 'LeafCell that is also SclerenchymaCell'?, True
Can CellByClass be considered a subcategory of 'Erythrocyte'?, True
Can CellByClass be considered a subcategory of 'Erythrocyte that is also LeafCell that is also SclerenchymaCell'?, \nFalse
Can CellByClass be considered a subcategory of 'PhotosyntheticCell'?, True
Can CellByClass be considered a subcategory of 'LeafCell that is also PhotosyntheticCell that is also SclerenchymaCell'?, \nFalse
Can CellByClass be considered a subcategory of 'CirculatingCell'?, True
Can CellByClass be considered a subcategory of 'CirculatingCell that is also LeafCell that is also SclerenchymaCell'?, True
Can CellByClass be considered a subcategory of 'PlantCell'?, True
Can CellByClass be considered a subcategory of 'CirculatingCell that is also LeafCell that is also PlantCell that is also SclerenchymaCell'?, \nTrue
Can CellByClass be considered a subcategory of 'MatureCell'?, True
Can CellByClass be considered a subcategory of 'CirculatingCell that is also LeafCell that is also MatureCell that is also PlantCell that is also SclerenchymaCell'?, \nFalse
Can CellByClass be considered a subcategory of 'AnimalCell'?, True
Can CellByClass be considered a subcategory of 'AnimalCell that is also CirculatingCell that is also LeafCell that is also PlantCell that is also SclerenchymaCell'?, \nFalse
Can CellByClass be considered a subcategory of 'Cell'?, True
Can CellByClass be considered a subcategory of 'Cell that is also CirculatingCell that is also LeafCell that is also PlantCell that is also SclerenchymaCell'?, \nFalse
Can CellByClass be considered a subcategory of 'Miocyte'?, True
Can CellByClass be considered a subcategory of 'CirculatingCell that is also LeafCell that is also Miocyte that is also PlantCell that is also SclerenchymaCell'?, \nFalse
Can CellByClass be considered a subcategory of 'InMatureCell'?, True
Can CellByClass be considered a subcategory of 'CirculatingCell that is also InMatureCell that is also LeafCell that is also PlantCell that is also SclerenchymaCell'?, \nTrue
Can CellByClass be considered a subcategory of 'Osteocyte'?, True
Can CellByClass be considered a subcategory of 'CirculatingCell that is also InMatureCell that is also LeafCell that is also Osteocyte that is also PlantCell that is also SclerenchymaCell'?, \nFalse
Can CellByClass be considered a subcategory of 'ChondroBlast'?, True
Can CellByClass be considered a subcategory of 'ChondroBlast that is also CirculatingCell that is also InMatureCell that is also LeafCell that is also PlantCell that is also SclerenchymaCell'?, \nFalse
Can CellByClass be considered a subcategory of 'CirculatingCell that is also InMatureCell that is also LeafCell that is also MioBlast that is also PlantCell that is also SclerenchymaCell'?, \nFalse
Can CellByClass be considered a subcategory of 'CellByDevelopmentStage'?, True
Can CellByClass be considered a subcategory of 'CellByDevelopmentStage that is also CirculatingCell that is also InMatureCell that is also LeafCell that is also PlantCell that is also SclerenchymaCell'?, \nFalse
Can CellByClass be considered a subcategory of 'PhotoreceptorCell'?, True
Can CellByClass be considered a subcategory of 'CirculatingCell that is also InMatureCell that is also LeafCell that is also PhotoreceptorCell that is also PlantCell that is also SclerenchymaCell'?, \nFalse
Can CellByClass be considered a subcategory of 'CellByOrganism'?, True
Can CellByClass be considered a subcategory of 'CellByOrganism that is also CirculatingCell that is also InMatureCell that is also LeafCell that is also PlantCell that is also SclerenchymaCell'?, \nFalse
Can CellByClass be considered a subcategory of 'ElectricallyActiveCell'?, True
Can CellByClass be considered a subcategory of 'CirculatingCell that is also ElectricallyActiveCell that is also InMatureCell that is also LeafCell that is also PlantCell that is also SclerenchymaCell'?, \nTrue
Can CellByClass be considered a subcategory of 'StructuralCell'?, True
Can CellByClass be considered a subcategory of 'CirculatingCell that is also ElectricallyActiveCell that is also InMatureCell that is also LeafCell that is also PlantCell that is also SclerenchymaCell that is also StructuralCell'?, \nTrue
Can CellByClass be considered a subcategory of 'Neuron'?, True
Can CellByClass be considered a subcategory of 'CirculatingCell that is also ElectricallyActiveCell that is also InMatureCell that is also LeafCell that is also Neuron that is also PlantCell that is also SclerenchymaCell that is also StructuralCell'?, \nTrue
Can CellByClass be considered a subcategory of 'ChondroCyte'?, True
Can CellByClass be considered a subcategory of 'ChondroCyte that is also CirculatingCell that is also ElectricallyActiveCell that is also InMatureCell that is also LeafCell that is also Neuron that is also PlantCell that is also SclerenchymaCell that is also StructuralCell'?, \nFalse
Can CellByClass be considered a subcategory of 'CirculatingCell that is also ElectricallyActiveCell that is also Erythrocyte that is also InMatureCell that is also LeafCell that is also Neuron that is also PlantCell that is also SclerenchymaCell that is also StructuralCell'?, \nTrue
Can CellByClass be considered a subcategory of 'CirculatingCell that is also ElectricallyActiveCell that is also Erythrocyte that is also InMatureCell that is also LeafCell that is also Neuron that is also PhotosyntheticCell that is also PlantCell that is also SclerenchymaCell that is also StructuralCell'?, \nTrue
Can CellByClass be considered a subcategory of 'CirculatingCell that is also ElectricallyActiveCell that is also Erythrocyte that is also InMatureCell that is also LeafCell that is also MatureCell that is also Neuron that is also PhotosyntheticCell that is also PlantCell that is also SclerenchymaCell that is also StructuralCell'?, \nFalse
Can CellByClass be considered a subcategory of 'AnimalCell that is also CirculatingCell that is also ElectricallyActiveCell that is also Erythrocyte that is also InMatureCell that is also LeafCell that is also Neuron that is also PhotosyntheticCell that is also PlantCell that is also SclerenchymaCell that is also StructuralCell'?, \nFalse
Can CellByClass be considered a subcategory of 'Cell that is also CirculatingCell that is also ElectricallyActiveCell that is also Erythrocyte that is also InMatureCell that is also LeafCell that is also Neuron that is also PhotosyntheticCell that is also PlantCell that is also SclerenchymaCell that is also StructuralCell'?, \nFalse
Can CellByClass be considered a subcategory of 'CirculatingCell that is also ElectricallyActiveCell that is also Erythrocyte that is also InMatureCell that is also LeafCell that is also Miocyte that is also Neuron that is also PhotosyntheticCell that is also PlantCell that is also SclerenchymaCell that is also StructuralCell'?, \nTrue
Can CellByClass be considered a subcategory of 'CirculatingCell that is also ElectricallyActiveCell that is also Erythrocyte that is also InMatureCell that is also LeafCell that is also Miocyte that is also Neuron that is also Osteocyte that is also PhotosyntheticCell that is also PlantCell that is also SclerenchymaCell that is also StructuralCell'?, \nTrue
Can CellByClass be considered a subcategory of 'ChondroBlast that is also CirculatingCell that is also ElectricallyActiveCell that is also Erythrocyte that is also InMatureCell that is also LeafCell that is also Miocyte that is also Neuron that is also Osteocyte that is also PhotosyntheticCell that is also PlantCell that is also SclerenchymaCell that is also StructuralCell'?, \nFalse
Can CellByClass be considered a subcategory of 'CirculatingCell that is also ElectricallyActiveCell that is also Erythrocyte that is also InMatureCell that is also LeafCell that is also MioBlast that is also Miocyte that is also Neuron that is also Osteocyte that is also PhotosyntheticCell that is also PlantCell that is also SclerenchymaCell that is also StructuralCell'?, \nTrue
Can CellByClass be considered a subcategory of 'CellByDevelopmentStage that is also CirculatingCell that is also ElectricallyActiveCell that is also Erythrocyte that is also InMatureCell that is also LeafCell that is also MioBlast that is also Miocyte that is also Neuron that is also Osteocyte that is also PhotosyntheticCell that is also PlantCell that is also SclerenchymaCell that is also StructuralCell'?, \nFalse
Can CellByClass be considered a subcategory of 'CirculatingCell that is also ElectricallyActiveCell that is also Erythrocyte that is also InMatureCell that is also LeafCell that is also MioBlast that is also Miocyte that is also Neuron that is also Osteocyte that is also PhotoreceptorCell that is also PhotosyntheticCell that is also PlantCell that is also SclerenchymaCell that is also StructuralCell'?, \nTrue
Can CellByClass be considered a subcategory of 'CellByOrganism that is also CirculatingCell that is also ElectricallyActiveCell that is also Erythrocyte that is also InMatureCell that is also LeafCell that is also MioBlast that is also Miocyte that is also Neuron that is also Osteocyte that is also PhotoreceptorCell that is also PhotosyntheticCell that is also PlantCell that is also SclerenchymaCell that is also StructuralCell'?, \nTrue
Can CellByClass be considered a subcategory of 'CellByOrganism that is also ChondroCyte that is also CirculatingCell that is also ElectricallyActiveCell that is also Erythrocyte that is also InMatureCell that is also LeafCell that is also MioBlast that is also Miocyte that is also Neuron that is also Osteocyte that is also PhotoreceptorCell that is also PhotosyntheticCell that is also PlantCell that is also SclerenchymaCell that is also StructuralCell'?, \nFalse
Can MatureCell that is also Neuron be considered a subcategory of 'PlantCell'?, True
Can MatureCell that is also Neuron be considered a subcategory of 'SclerenchymaCell'?, True
Can MatureCell be considered a subcategory of 'SclerenchymaCell'?, True
Can MatureCell be considered a subcategory of 'LeafCell'?, True
Can MatureCell be considered a subcategory of 'LeafCell that is also SclerenchymaCell'?, \nTrue
Can MatureCell be considered a subcategory of 'Erythrocyte'?, True
Can MatureCell be considered a subcategory of 'Erythrocyte that is also LeafCell that is also SclerenchymaCell'?, \nFalse
Can MatureCell be considered a subcategory of 'PhotosyntheticCell'?, True
Can MatureCell be considered a subcategory of 'LeafCell that is also PhotosyntheticCell that is also SclerenchymaCell'?, \nTrue
Can MatureCell be considered a subcategory of 'CirculatingCell'?, True
Can MatureCell be considered a subcategory of 'CirculatingCell that is also LeafCell that is also PhotosyntheticCell that is also SclerenchymaCell'?, \nFalse
Can MatureCell be considered a subcategory of 'PlantCell'?, True
Can MatureCell be considered a subcategory of 'LeafCell that is also PhotosyntheticCell that is also PlantCell that is also SclerenchymaCell'?, True
Can MatureCell be considered a subcategory of 'CellByClass'?, True
Can MatureCell be considered a subcategory of 'CellByClass that is also LeafCell that is also PhotosyntheticCell that is also PlantCell that is also SclerenchymaCell'?, \nFalse
Can MatureCell be considered a subcategory of 'AnimalCell'?, True
Can MatureCell be considered a subcategory of 'AnimalCell that is also LeafCell that is also PhotosyntheticCell that is also PlantCell that is also SclerenchymaCell'?, True
Can MatureCell be considered a subcategory of 'Cell'?, True
Can MatureCell be considered a subcategory of 'AnimalCell that is also Cell that is also LeafCell that is also PhotosyntheticCell that is also PlantCell that is also SclerenchymaCell'?, \nFalse
Can MatureCell be considered a subcategory of 'Miocyte'?, True
Can MatureCell be considered a subcategory of 'AnimalCell that is also LeafCell that is also Miocyte that is also PhotosyntheticCell that is also PlantCell that is also SclerenchymaCell'?, \nFalse
Can MatureCell be considered a subcategory of 'InMatureCell'?, True
Can MatureCell be considered a subcategory of 'AnimalCell that is also InMatureCell that is also LeafCell that is also PhotosyntheticCell that is also PlantCell that is also SclerenchymaCell'?, \nFalse
Can MatureCell be considered a subcategory of 'Osteocyte'?, True
Can MatureCell be considered a subcategory of 'AnimalCell that is also LeafCell that is also Osteocyte that is also PhotosyntheticCell that is also PlantCell that is also SclerenchymaCell'?, \nFalse
Can MatureCell be considered a subcategory of 'ChondroBlast'?, True
Can MatureCell be considered a subcategory of 'AnimalCell that is also ChondroBlast that is also LeafCell that is also PhotosyntheticCell that is also PlantCell that is also SclerenchymaCell'?, \nFalse
Can MatureCell be considered a subcategory of 'MioBlast'?, True
Can MatureCell be considered a subcategory of 'AnimalCell that is also LeafCell that is also MioBlast that is also PhotosyntheticCell that is also PlantCell that is also SclerenchymaCell'?, \nFalse
Can MatureCell be considered a subcategory of 'CellByDevelopmentStage'?, True
Can MatureCell be considered a subcategory of 'AnimalCell that is also CellByDevelopmentStage that is also LeafCell that is also PhotosyntheticCell that is also PlantCell that is also SclerenchymaCell'?, True
Can MatureCell be considered a subcategory of 'PhotoreceptorCell'?, True
Can MatureCell be considered a subcategory of 'AnimalCell that is also CellByDevelopmentStage that is also LeafCell that is also PhotoreceptorCell that is also PhotosyntheticCell that is also PlantCell that is also SclerenchymaCell'?, \nFalse
Can MatureCell be considered a subcategory of 'CellByOrganism'?, True
Can MatureCell be considered a subcategory of 'AnimalCell that is also CellByDevelopmentStage that is also CellByOrganism that is also LeafCell that is also PhotosyntheticCell that is also PlantCell that is also SclerenchymaCell'?, \nTrue
Can MatureCell be considered a subcategory of 'ElectricallyActiveCell'?, True
Can MatureCell be considered a subcategory of 'AnimalCell that is also CellByDevelopmentStage that is also CellByOrganism that is also ElectricallyActiveCell that is also LeafCell that is also PhotosyntheticCell that is also PlantCell that is also SclerenchymaCell'?, \nTrue
Can MatureCell be considered a subcategory of 'StructuralCell'?, True
Can MatureCell be considered a subcategory of 'AnimalCell that is also CellByDevelopmentStage that is also CellByOrganism that is also ElectricallyActiveCell that is also LeafCell that is also PhotosyntheticCell that is also PlantCell that is also SclerenchymaCell that is also StructuralCell'?, \nTrue
Can MatureCell be considered a subcategory of 'Neuron'?, True
Can MatureCell be considered a subcategory of 'AnimalCell that is also CellByDevelopmentStage that is also CellByOrganism that is also ElectricallyActiveCell that is also LeafCell that is also Neuron that is also PhotosyntheticCell that is also PlantCell that is also SclerenchymaCell that is also StructuralCell'?, \nTrue
Can MatureCell be considered a subcategory of 'ChondroCyte'?, True
Can MatureCell be considered a subcategory of 'AnimalCell that is also CellByDevelopmentStage that is also CellByOrganism that is also ChondroCyte that is also ElectricallyActiveCell that is also LeafCell that is also Neuron that is also PhotosyntheticCell that is also PlantCell that is also SclerenchymaCell that is also StructuralCell'?, \nFalse
Can MatureCell be considered a subcategory of 'AnimalCell that is also CellByDevelopmentStage that is also CellByOrganism that is also ElectricallyActiveCell that is also Erythrocyte that is also LeafCell that is also Neuron that is also PhotosyntheticCell that is also PlantCell that is also SclerenchymaCell that is also StructuralCell'?, \nTrue
Can MatureCell be considered a subcategory of 'AnimalCell that is also CellByDevelopmentStage that is also CellByOrganism that is also CirculatingCell that is also ElectricallyActiveCell that is also Erythrocyte that is also LeafCell that is also Neuron that is also PhotosyntheticCell that is also PlantCell that is also SclerenchymaCell that is also StructuralCell'?, True
Can MatureCell be considered a subcategory of 'AnimalCell that is also CellByClass that is also CellByDevelopmentStage that is also CellByOrganism that is also CirculatingCell that is also ElectricallyActiveCell that is also Erythrocyte that is also LeafCell that is also Neuron that is also PhotosyntheticCell that is also PlantCell that is also SclerenchymaCell that is also StructuralCell'?, \nTrue
Can MatureCell be considered a subcategory of 'AnimalCell that is also Cell that is also CellByClass that is also CellByDevelopmentStage that is also CellByOrganism that is also CirculatingCell that is also ElectricallyActiveCell that is also Erythrocyte that is also LeafCell that is also Neuron that is also PhotosyntheticCell that is also PlantCell that is also SclerenchymaCell that is also StructuralCell'?, True
Can MatureCell be considered a subcategory of 'AnimalCell that is also Cell that is also CellByClass that is also CellByDevelopmentStage that is also CellByOrganism that is also CirculatingCell that is also ElectricallyActiveCell that is also Erythrocyte that is also LeafCell that is also Miocyte that is also Neuron that is also PhotosyntheticCell that is also PlantCell that is also SclerenchymaCell that is also StructuralCell'?, True
Can MatureCell be considered a subcategory of 'AnimalCell that is also Cell that is also CellByClass that is also CellByDevelopmentStage that is also CellByOrganism that is also CirculatingCell that is also ElectricallyActiveCell that is also Erythrocyte that is also InMatureCell that is also LeafCell that is also Miocyte that is also Neuron that is also PhotosyntheticCell that is also PlantCell that is also SclerenchymaCell that is also StructuralCell'?, \nTrue
Can MatureCell be considered a subcategory of 'AnimalCell that is also Cell that is also CellByClass that is also CellByDevelopmentStage that is also CellByOrganism that is also CirculatingCell that is also ElectricallyActiveCell that is also Erythrocyte that is also InMatureCell that is also LeafCell that is also Miocyte that is also Neuron that is also Osteocyte that is also PhotosyntheticCell that is also PlantCell that is also SclerenchymaCell that is also StructuralCell'?, True
Can MatureCell be considered a subcategory of 'AnimalCell that is also Cell that is also CellByClass that is also CellByDevelopmentStage that is also CellByOrganism that is also ChondroBlast that is also CirculatingCell that is also ElectricallyActiveCell that is also Erythrocyte that is also InMatureCell that is also LeafCell that is also Miocyte that is also Neuron that is also Osteocyte that is also PhotosyntheticCell that is also PlantCell that is also SclerenchymaCell that is also StructuralCell'?, True
Can MatureCell be considered a subcategory of 'AnimalCell that is also Cell that is also CellByClass that is also CellByDevelopmentStage that is also CellByOrganism that is also ChondroBlast that is also CirculatingCell that is also ElectricallyActiveCell that is also Erythrocyte that is also InMatureCell that is also LeafCell that is also MioBlast that is also Miocyte that is also Neuron that is also Osteocyte that is also PhotosyntheticCell that is also PlantCell that is also SclerenchymaCell that is also StructuralCell'?, \nTrue
Can MatureCell be considered a subcategory of 'AnimalCell that is also Cell that is also CellByClass that is also CellByDevelopmentStage that is also CellByOrganism that is also ChondroBlast that is also CirculatingCell that is also ElectricallyActiveCell that is also Erythrocyte that is also InMatureCell that is also LeafCell that is also MioBlast that is also Miocyte that is also Neuron that is also Osteocyte that is also PhotoreceptorCell that is also PhotosyntheticCell that is also PlantCell that is also SclerenchymaCell that is also StructuralCell'?, True
Can MatureCell be considered a subcategory of 'AnimalCell that is also Cell that is also CellByClass that is also CellByDevelopmentStage that is also CellByOrganism that is also ChondroBlast that is also ChondroCyte that is also CirculatingCell that is also ElectricallyActiveCell that is also Erythrocyte that is also InMatureCell that is also LeafCell that is also MioBlast that is also Miocyte that is also Neuron that is also Osteocyte that is also PhotoreceptorCell that is also PhotosyntheticCell that is also PlantCell that is also SclerenchymaCell that is also StructuralCell'?, \nFalse
