Neuron and StructuralCell SubClassOf Erythrocyte,  False.
ElectricallyActiveCell and StructuralCell SubClassOf Erythrocyte,  False.
CellByDevelopmentStage and InMatureCell SubClassOf Osteocyte,  I cannot
Miocyte and StructuralCell SubClassOf LeafCell,  False.
CellByDevelopmentStage and LeafCell SubClassOf AnimalCell,  False.
CellByDevelopmentStage and ChondroBlast SubClassOf Osteocyte,  I cannot
Cell and MatureCell SubClassOf Osteocyte,  True.
Cell and MatureCell SubClassOf SclerenchymaCell,  False.
Cell and MatureCell SubClassOf LeafCell,  False.
Cell and MatureCell SubClassOf Erythrocyte,  True.
Cell SubClassOf Erythrocyte,  True,
Cell SubClassOf SclerenchymaCell,  True.
Cell SubClassOf Erythrocyte and SclerenchymaCell,  Cell is
Cell SubClassOf LeafCell,  False.
Cell SubClassOf PhotosyntheticCell,  True,
Cell SubClassOf Erythrocyte and PhotosyntheticCell,  Cell is
Cell SubClassOf CirculatingCell,  True.
Cell SubClassOf CirculatingCell and Erythrocyte,  True,
Cell SubClassOf PlantCell,  False.
Cell SubClassOf CellByClass,  True.
Cell SubClassOf CellByClass and CirculatingCell and Erythrocyte,  True for
Cell SubClassOf MatureCell,  True.
Cell SubClassOf CirculatingCell and Erythrocyte and MatureCell,  True for
Cell SubClassOf AnimalCell,  True.
Cell SubClassOf AnimalCell and CirculatingCell and Erythrocyte,  Cell is
Cell SubClassOf Miocyte,  False.
Cell SubClassOf InMatureCell,  False.
Cell SubClassOf Osteocyte,  True,
Cell SubClassOf CirculatingCell and Erythrocyte and Osteocyte,  Cell is
Cell SubClassOf ChondroBlast,  False.
Cell SubClassOf MioBlast,  False.
Cell SubClassOf CellByDevelopmentStage,  False.
Cell SubClassOf PhotoreceptorCell,  True.
Cell SubClassOf CirculatingCell and Erythrocyte and PhotoreceptorCell,  Cell is
Cell SubClassOf CellByOrganism,  True.
Cell SubClassOf CellByOrganism and CirculatingCell and Erythrocyte,  True for
Cell SubClassOf ElectricallyActiveCell,  True.
Cell SubClassOf CirculatingCell and ElectricallyActiveCell and Erythrocyte,  True,
Cell SubClassOf StructuralCell,  True.
Cell SubClassOf CirculatingCell and ElectricallyActiveCell and Erythrocyte and StructuralCell,  True:
Cell SubClassOf Neuron,  True.
Cell SubClassOf CirculatingCell and ElectricallyActiveCell and Erythrocyte and Neuron,  True for
Cell SubClassOf ChondroCyte,  I cannot
Cell SubClassOf CirculatingCell and ElectricallyActiveCell and Erythrocyte and SclerenchymaCell,  Here are
Cell SubClassOf CirculatingCell and ElectricallyActiveCell and Erythrocyte and PhotosyntheticCell,  Here are
Cell SubClassOf CellByClass and CirculatingCell and ElectricallyActiveCell and Erythrocyte,  Cell is
Cell SubClassOf CirculatingCell and ElectricallyActiveCell and Erythrocyte and MatureCell,  True for
Cell SubClassOf AnimalCell and CirculatingCell and ElectricallyActiveCell and Erythrocyte,  Cell is
Cell SubClassOf CirculatingCell and ElectricallyActiveCell and Erythrocyte and Osteocyte,  Cell is
Cell SubClassOf CirculatingCell and ElectricallyActiveCell and Erythrocyte and PhotoreceptorCell,  Cell is
Cell SubClassOf CellByOrganism and CirculatingCell and ElectricallyActiveCell and Erythrocyte,  Here are
CellByClass and InMatureCell SubClassOf AnimalCell,  I cannot
ChondroCyte and LeafCell SubClassOf Neuron,  False.
CirculatingCell and LeafCell SubClassOf Neuron,  False.
CellByOrganism and ChondroCyte SubClassOf AnimalCell,  I cannot
Osteocyte and SclerenchymaCell SubClassOf AnimalCell,  False for
InMatureCell and Miocyte SubClassOf PhotosyntheticCell,  False.
Cell and StructuralCell SubClassOf SclerenchymaCell,  False.
InMatureCell and StructuralCell SubClassOf ChondroCyte,  I cannot
AnimalCell and InMatureCell SubClassOf ChondroCyte,  False.
CellByClass and ChondroBlast SubClassOf ElectricallyActiveCell,  False.
CellByDevelopmentStage and Miocyte SubClassOf SclerenchymaCell,  False.
InMatureCell and StructuralCell SubClassOf SclerenchymaCell,  I cannot
CirculatingCell and SclerenchymaCell SubClassOf LeafCell,  False.
LeafCell and PhotosyntheticCell SubClassOf PhotoreceptorCell,  False.
CellByDevelopmentStage and Osteocyte SubClassOf PhotoreceptorCell,  False.
ChondroCyte SubClassOf PhotoreceptorCell,  False.
Neuron and PlantCell SubClassOf LeafCell,  False.
LeafCell and SclerenchymaCell SubClassOf PhotoreceptorCell,  False.
CellByClass and Osteocyte SubClassOf LeafCell,  True (
CellByOrganism and Osteocyte SubClassOf StructuralCell,  True.
CellByOrganism and Osteocyte SubClassOf SclerenchymaCell,  False.
CellByOrganism and Osteocyte SubClassOf LeafCell,  False.
CellByOrganism and Osteocyte SubClassOf Erythrocyte,  False.
CellByOrganism and Osteocyte SubClassOf PhotosyntheticCell,  False.
CellByOrganism and Osteocyte SubClassOf CirculatingCell,  False.
CellByOrganism and Osteocyte SubClassOf PlantCell,  False.
CellByOrganism and Osteocyte SubClassOf CellByClass,  True.
Osteocyte SubClassOf CellByClass,  True.
Osteocyte SubClassOf SclerenchymaCell,  False.
Osteocyte SubClassOf LeafCell,  True.
Osteocyte SubClassOf CellByClass and LeafCell,  True for
Osteocyte SubClassOf Erythrocyte,  False.
Osteocyte SubClassOf PhotosyntheticCell,  False.
Osteocyte SubClassOf CirculatingCell,  False.
Osteocyte SubClassOf PlantCell,  False.
Osteocyte SubClassOf MatureCell,  True.
Osteocyte SubClassOf CellByClass and MatureCell,  True for
Osteocyte SubClassOf AnimalCell,  True.
Osteocyte SubClassOf AnimalCell and CellByClass,  True for
Osteocyte SubClassOf Cell,  True.
Osteocyte SubClassOf Cell and CellByClass,  True for
Osteocyte SubClassOf Miocyte,  False.
Osteocyte SubClassOf InMatureCell,  True.
Osteocyte SubClassOf CellByClass and InMatureCell,  True for
Osteocyte SubClassOf ChondroBlast,  False.
Osteocyte SubClassOf MioBlast,  False.
Osteocyte SubClassOf CellByDevelopmentStage,  True.
Osteocyte SubClassOf CellByClass and CellByDevelopmentStage,  True for
Osteocyte SubClassOf PhotoreceptorCell,  False.
Osteocyte SubClassOf CellByOrganism,  True.
Osteocyte SubClassOf CellByClass and CellByOrganism,  True for
Osteocyte SubClassOf ElectricallyActiveCell,  True.
Osteocyte SubClassOf CellByClass and ElectricallyActiveCell,  True for
Osteocyte SubClassOf StructuralCell,  True.
Osteocyte SubClassOf CellByClass and StructuralCell,  True for
Osteocyte SubClassOf Neuron,  False.
Osteocyte SubClassOf ChondroCyte,  False.
MatureCell and MioBlast SubClassOf CirculatingCell,  False.
ElectricallyActiveCell and PlantCell SubClassOf Cell,  True.
ElectricallyActiveCell and PlantCell SubClassOf SclerenchymaCell,  False.
ElectricallyActiveCell and PlantCell SubClassOf LeafCell,  False.
ElectricallyActiveCell and PlantCell SubClassOf Erythrocyte,  False.
ElectricallyActiveCell and PlantCell SubClassOf PhotosyntheticCell,  True.
ElectricallyActiveCell SubClassOf PhotosyntheticCell,  False.
PlantCell SubClassOf PhotosyntheticCell,  True.
PlantCell SubClassOf SclerenchymaCell,  False.
PlantCell SubClassOf LeafCell,  False.
PlantCell SubClassOf Erythrocyte,  False.
PlantCell SubClassOf CirculatingCell,  False.
PlantCell SubClassOf CellByClass,  True.
PlantCell SubClassOf CellByClass and PhotosyntheticCell,  True for
PlantCell SubClassOf MatureCell,  True.
PlantCell SubClassOf MatureCell and PhotosyntheticCell,  True,
PlantCell SubClassOf AnimalCell,  False.
PlantCell SubClassOf Cell,  True.
PlantCell SubClassOf Cell and MatureCell and PhotosyntheticCell,  True for
PlantCell SubClassOf Miocyte,  False.
PlantCell SubClassOf InMatureCell,  True,
PlantCell SubClassOf InMatureCell and MatureCell and PhotosyntheticCell,  True:
PlantCell SubClassOf Osteocyte,  False.
PlantCell SubClassOf ChondroBlast,  False.
PlantCell SubClassOf MioBlast,  False.
PlantCell SubClassOf CellByDevelopmentStage,  True.
PlantCell SubClassOf CellByDevelopmentStage and MatureCell and PhotosyntheticCell,  True for
PlantCell SubClassOf PhotoreceptorCell,  False.
PlantCell SubClassOf CellByOrganism,  True.
PlantCell SubClassOf CellByOrganism and MatureCell and PhotosyntheticCell,  True for
PlantCell SubClassOf ElectricallyActiveCell,  False.
PlantCell SubClassOf StructuralCell,  False.
PlantCell SubClassOf Neuron,  False.
PlantCell SubClassOf ChondroCyte,  False.
PlantCell SubClassOf CellByClass and MatureCell and PhotosyntheticCell,  True for
ChondroBlast and Neuron SubClassOf StructuralCell,  True for
ChondroBlast and SclerenchymaCell SubClassOf StructuralCell,  True.
ChondroBlast and SclerenchymaCell SubClassOf LeafCell,  False.
ChondroBlast and SclerenchymaCell SubClassOf Erythrocyte,  False.
ChondroBlast and SclerenchymaCell SubClassOf PhotosyntheticCell,  False.
ChondroBlast and SclerenchymaCell SubClassOf CirculatingCell,  False.
ChondroBlast and SclerenchymaCell SubClassOf PlantCell,  True.
SclerenchymaCell SubClassOf PlantCell,  True.
SclerenchymaCell SubClassOf LeafCell,  False.
SclerenchymaCell SubClassOf Erythrocyte,  False.
SclerenchymaCell SubClassOf PhotosyntheticCell,  False.
SclerenchymaCell SubClassOf CirculatingCell,  False.
SclerenchymaCell SubClassOf CellByClass,  True.
SclerenchymaCell SubClassOf CellByClass and PlantCell,  True,
SclerenchymaCell SubClassOf MatureCell,  True.
SclerenchymaCell SubClassOf CellByClass and MatureCell and PlantCell,  True for
SclerenchymaCell SubClassOf AnimalCell,  False.
SclerenchymaCell SubClassOf Cell,  True.
SclerenchymaCell SubClassOf Cell and CellByClass and PlantCell,  True for
SclerenchymaCell SubClassOf Miocyte,  False.
SclerenchymaCell SubClassOf InMatureCell,  True,
SclerenchymaCell SubClassOf CellByClass and InMatureCell and PlantCell,  True,
SclerenchymaCell SubClassOf Osteocyte,  False.
SclerenchymaCell SubClassOf ChondroBlast,  False.
SclerenchymaCell SubClassOf MioBlast,  False.
SclerenchymaCell SubClassOf CellByDevelopmentStage,  True.
SclerenchymaCell SubClassOf CellByClass and CellByDevelopmentStage and InMatureCell and PlantCell,  True for
SclerenchymaCell SubClassOf PhotoreceptorCell,  False.
SclerenchymaCell SubClassOf CellByOrganism,  True.
SclerenchymaCell SubClassOf CellByClass and CellByOrganism and InMatureCell and PlantCell,  True for
SclerenchymaCell SubClassOf ElectricallyActiveCell,  False.
SclerenchymaCell SubClassOf StructuralCell,  True.
SclerenchymaCell SubClassOf CellByClass and InMatureCell and PlantCell and StructuralCell,  True for
SclerenchymaCell SubClassOf Neuron,  False.
SclerenchymaCell SubClassOf ChondroCyte,  False.
SclerenchymaCell SubClassOf CellByClass and InMatureCell and MatureCell and PlantCell,  True for
SclerenchymaCell SubClassOf Cell and CellByClass and InMatureCell and PlantCell,  True for
Erythrocyte and StructuralCell SubClassOf CirculatingCell,  True.
Erythrocyte and StructuralCell SubClassOf SclerenchymaCell,  False.
Erythrocyte and StructuralCell SubClassOf LeafCell,  False.
Erythrocyte and StructuralCell SubClassOf PhotosyntheticCell,  False.
Erythrocyte SubClassOf CirculatingCell,  True.
Erythrocyte SubClassOf SclerenchymaCell,  False.
Erythrocyte SubClassOf LeafCell,  True.
Erythrocyte SubClassOf CirculatingCell and LeafCell,  True for
Erythrocyte SubClassOf PhotosyntheticCell,  False.
Erythrocyte SubClassOf PlantCell,  False.
Erythrocyte SubClassOf CellByClass,  True.
Erythrocyte SubClassOf CellByClass and CirculatingCell,  True for
Erythrocyte SubClassOf MatureCell,  True.
Erythrocyte SubClassOf CirculatingCell and MatureCell,  True for
Erythrocyte SubClassOf AnimalCell,  True.
Erythrocyte SubClassOf AnimalCell and CirculatingCell,  True for
Erythrocyte SubClassOf Cell,  True.
Erythrocyte SubClassOf Cell and CirculatingCell,  True for
Erythrocyte SubClassOf Miocyte,  False.
Erythrocyte SubClassOf InMatureCell,  True.
Erythrocyte SubClassOf CirculatingCell and InMatureCell,  True for
Erythrocyte SubClassOf Osteocyte,  False.
Erythrocyte SubClassOf ChondroBlast,  False.
Erythrocyte SubClassOf MioBlast,  False.
Erythrocyte SubClassOf CellByDevelopmentStage,  True.
Erythrocyte SubClassOf CellByDevelopmentStage and CirculatingCell,  True for
Erythrocyte SubClassOf PhotoreceptorCell,  False.
Erythrocyte SubClassOf CellByOrganism,  True.
Erythrocyte SubClassOf CellByOrganism and CirculatingCell,  True for
Erythrocyte SubClassOf ElectricallyActiveCell,  False.
Erythrocyte SubClassOf StructuralCell,  True.
Erythrocyte SubClassOf CirculatingCell and StructuralCell,  True for
Erythrocyte SubClassOf Neuron,  False.
Erythrocyte SubClassOf ChondroCyte,  False.
AnimalCell SubClassOf Cell,  True.
AnimalCell SubClassOf SclerenchymaCell,  False.
AnimalCell SubClassOf LeafCell,  False.
AnimalCell SubClassOf Erythrocyte,  False.
AnimalCell SubClassOf PhotosyntheticCell,  False.
AnimalCell SubClassOf CirculatingCell,  False.
AnimalCell SubClassOf PlantCell,  False.
AnimalCell SubClassOf CellByClass,  True.
AnimalCell SubClassOf MatureCell,  True.
AnimalCell SubClassOf CellByClass and MatureCell,  True for
AnimalCell SubClassOf Cell and CellByClass,  True for
AnimalCell SubClassOf Miocyte,  False.
AnimalCell SubClassOf InMatureCell,  True,
AnimalCell SubClassOf CellByClass and InMatureCell,  True for
AnimalCell SubClassOf Osteocyte,  False.
AnimalCell SubClassOf ChondroBlast,  False.
AnimalCell SubClassOf MioBlast,  False.
AnimalCell SubClassOf CellByDevelopmentStage,  True.
AnimalCell SubClassOf CellByClass and CellByDevelopmentStage,  True for
AnimalCell SubClassOf PhotoreceptorCell,  False.
AnimalCell SubClassOf CellByOrganism,  True.
AnimalCell SubClassOf CellByClass and CellByOrganism,  True for
AnimalCell SubClassOf ElectricallyActiveCell,  False.
AnimalCell SubClassOf StructuralCell,  False.
AnimalCell SubClassOf Neuron,  False.
AnimalCell SubClassOf ChondroCyte,  False.
ElectricallyActiveCell and LeafCell SubClassOf Cell,  True.
ElectricallyActiveCell and LeafCell SubClassOf SclerenchymaCell,  False.
ElectricallyActiveCell and LeafCell SubClassOf Erythrocyte,  False.
ElectricallyActiveCell and LeafCell SubClassOf PhotosyntheticCell,  True.
LeafCell SubClassOf PhotosyntheticCell,  True.
LeafCell SubClassOf SclerenchymaCell,  False.
LeafCell SubClassOf Erythrocyte,  I cannot
LeafCell SubClassOf CirculatingCell,  False.
LeafCell SubClassOf PlantCell,  True.
LeafCell SubClassOf PhotosyntheticCell and PlantCell,  True,
LeafCell SubClassOf CellByClass,  I cannot
LeafCell SubClassOf MatureCell,  True.
LeafCell SubClassOf MatureCell and PhotosyntheticCell and PlantCell,  True for
LeafCell SubClassOf AnimalCell,  False.
LeafCell SubClassOf Cell,  True.
LeafCell SubClassOf Cell and PhotosyntheticCell and PlantCell,  True for
LeafCell SubClassOf Miocyte,  False.
LeafCell SubClassOf InMatureCell,  I cannot
LeafCell SubClassOf Osteocyte,  False.
LeafCell SubClassOf ChondroBlast,  False.
LeafCell SubClassOf MioBlast,  False.
LeafCell SubClassOf CellByDevelopmentStage,  I cannot
LeafCell SubClassOf PhotoreceptorCell,  False.
LeafCell SubClassOf CellByOrganism,  True.
LeafCell SubClassOf CellByOrganism and PhotosyntheticCell and PlantCell,  I cannot
LeafCell SubClassOf ElectricallyActiveCell,  True.
LeafCell SubClassOf ElectricallyActiveCell and PhotosyntheticCell and PlantCell,  Here are
LeafCell SubClassOf StructuralCell,  True.
LeafCell SubClassOf PhotosyntheticCell and PlantCell and StructuralCell,  True for
LeafCell SubClassOf Neuron,  False.
LeafCell SubClassOf ChondroCyte,  False.
CellByDevelopmentStage and PhotoreceptorCell SubClassOf MatureCell,  True for
InMatureCell and PlantCell SubClassOf CellByClass,  True for
CellByOrganism and PhotoreceptorCell SubClassOf ChondroBlast,  False.
AnimalCell and ElectricallyActiveCell SubClassOf MatureCell,  True for
Cell and PhotosyntheticCell SubClassOf MatureCell,  True.
Cell and PhotosyntheticCell SubClassOf SclerenchymaCell,  False.
Cell and PhotosyntheticCell SubClassOf LeafCell,  False.
Cell and PhotosyntheticCell SubClassOf PlantCell,  True.
PhotosyntheticCell SubClassOf PlantCell,  True.
PhotosyntheticCell SubClassOf SclerenchymaCell,  False.
PhotosyntheticCell SubClassOf LeafCell,  True.
PhotosyntheticCell SubClassOf LeafCell and PlantCell,  True,
PhotosyntheticCell SubClassOf Erythrocyte,  False.
PhotosyntheticCell SubClassOf CirculatingCell,  False.
PhotosyntheticCell SubClassOf CellByClass,  True.
PhotosyntheticCell SubClassOf CellByClass and LeafCell and PlantCell,  True for
PhotosyntheticCell SubClassOf MatureCell,  True.
PhotosyntheticCell SubClassOf LeafCell and MatureCell and PlantCell,  True for
PhotosyntheticCell SubClassOf AnimalCell,  False.
PhotosyntheticCell SubClassOf Cell,  True.
PhotosyntheticCell SubClassOf Cell and LeafCell and PlantCell,  True for
PhotosyntheticCell SubClassOf Miocyte,  False.
PhotosyntheticCell SubClassOf InMatureCell,  True.
PhotosyntheticCell SubClassOf InMatureCell and LeafCell and PlantCell,  True for
PhotosyntheticCell SubClassOf Osteocyte,  False.
PhotosyntheticCell SubClassOf ChondroBlast,  False.
PhotosyntheticCell SubClassOf MioBlast,  False.
PhotosyntheticCell SubClassOf CellByDevelopmentStage,  True.
PhotosyntheticCell SubClassOf CellByDevelopmentStage and LeafCell and PlantCell,  True for
PhotosyntheticCell SubClassOf PhotoreceptorCell,  False.
PhotosyntheticCell SubClassOf CellByOrganism,  True.
PhotosyntheticCell SubClassOf CellByOrganism and LeafCell and PlantCell,  True for
PhotosyntheticCell SubClassOf ElectricallyActiveCell,  False.
PhotosyntheticCell SubClassOf StructuralCell,  True.
PhotosyntheticCell SubClassOf LeafCell and PlantCell and StructuralCell,  True for
PhotosyntheticCell SubClassOf Neuron,  False.
PhotosyntheticCell SubClassOf ChondroCyte,  False.
StructuralCell SubClassOf PlantCell,  False.
CirculatingCell and Neuron SubClassOf PhotosyntheticCell,  False.
Erythrocyte and Miocyte SubClassOf PhotosyntheticCell,  False.
MioBlast and StructuralCell SubClassOf InMatureCell,  I cannot
LeafCell and MioBlast SubClassOf Miocyte,  I cannot
ElectricallyActiveCell and MatureCell SubClassOf InMatureCell,  False.
ChondroBlast and MatureCell SubClassOf PlantCell,  False.
AnimalCell and PhotoreceptorCell SubClassOf Miocyte,  False.
ChondroCyte and Erythrocyte SubClassOf Miocyte,  False.
CellByDevelopmentStage and ElectricallyActiveCell SubClassOf Miocyte,  I cannot
CellByOrganism and ElectricallyActiveCell SubClassOf PlantCell,  False.
PhotoreceptorCell and PhotosyntheticCell SubClassOf StructuralCell,  False.
CellByClass and PlantCell SubClassOf CellByOrganism,  I cannot
AnimalCell and Cell SubClassOf CellByOrganism,  True (
AnimalCell and PhotosyntheticCell SubClassOf CellByOrganism,  True.
AnimalCell and PhotosyntheticCell SubClassOf SclerenchymaCell,  False.
AnimalCell and PhotosyntheticCell SubClassOf Erythrocyte,  False.
AnimalCell and PhotosyntheticCell SubClassOf CirculatingCell,  False.
AnimalCell and PhotosyntheticCell SubClassOf Cell,  True.
PhotosyntheticCell SubClassOf Cell and LeafCell,  True,
PhotosyntheticCell SubClassOf Cell and CellByClass and LeafCell,  True for
PhotosyntheticCell SubClassOf Cell and LeafCell and MatureCell,  True for
PhotosyntheticCell SubClassOf Cell and InMatureCell and LeafCell,  True for
PhotosyntheticCell SubClassOf Cell and CellByDevelopmentStage and LeafCell,  True for
PhotosyntheticCell SubClassOf Cell and CellByOrganism and LeafCell,  1
PhotosyntheticCell SubClassOf Cell and LeafCell and StructuralCell,  True for
PhotosyntheticCell SubClassOf Cell and CellByClass and LeafCell and PlantCell,  True for
PhotosyntheticCell SubClassOf Cell and LeafCell and MatureCell and PlantCell,  True for
PhotosyntheticCell SubClassOf Cell and InMatureCell and LeafCell and PlantCell,  True for
PhotosyntheticCell SubClassOf Cell and CellByDevelopmentStage and LeafCell and PlantCell,  1
PhotosyntheticCell SubClassOf Cell and CellByOrganism and LeafCell and PlantCell,  True for
PhotosyntheticCell SubClassOf Cell and LeafCell and PlantCell and StructuralCell,  True for
CellByOrganism and MatureCell SubClassOf ChondroCyte,  I cannot
ChondroBlast and Osteocyte SubClassOf ElectricallyActiveCell,  False.
ChondroBlast and MatureCell SubClassOf SclerenchymaCell,  False.
ChondroCyte and PhotosyntheticCell SubClassOf PhotoreceptorCell,  False.
CellByDevelopmentStage and ChondroCyte SubClassOf SclerenchymaCell,  False.
ChondroCyte and CirculatingCell SubClassOf SclerenchymaCell,  False.
Erythrocyte and Osteocyte SubClassOf PhotoreceptorCell,  False.
MioBlast and Neuron SubClassOf LeafCell,  False.
CellByClass and LeafCell SubClassOf SclerenchymaCell,  I cannot
Miocyte and Osteocyte SubClassOf PhotoreceptorCell,  False.
ElectricallyActiveCell and Miocyte SubClassOf LeafCell,  False.
MatureCell and StructuralCell SubClassOf LeafCell,  False.
InMatureCell and StructuralCell SubClassOf LeafCell,  False.
InMatureCell and Neuron SubClassOf Erythrocyte,  False.
MatureCell and MioBlast SubClassOf ChondroBlast,  False.
CellByOrganism and ChondroBlast SubClassOf MatureCell,  False.
CirculatingCell and Miocyte SubClassOf CellByClass,  True.
CirculatingCell and Miocyte SubClassOf SclerenchymaCell,  False.
CirculatingCell and Miocyte SubClassOf LeafCell,  False.
CirculatingCell and Miocyte SubClassOf Erythrocyte,  False.
CirculatingCell and Miocyte SubClassOf PhotosyntheticCell,  False.
CirculatingCell and Miocyte SubClassOf PlantCell,  False.
Miocyte SubClassOf CellByClass,  True.
Miocyte SubClassOf SclerenchymaCell,  False.
Miocyte SubClassOf LeafCell,  False.
Miocyte SubClassOf Erythrocyte,  False.
Miocyte SubClassOf PhotosyntheticCell,  False.
Miocyte SubClassOf CirculatingCell,  False.
Miocyte SubClassOf PlantCell,  False.
Miocyte SubClassOf MatureCell,  True.
Miocyte SubClassOf CellByClass and MatureCell,  True for
Miocyte SubClassOf AnimalCell,  True.
Miocyte SubClassOf AnimalCell and CellByClass,  True for
Miocyte SubClassOf Cell,  True.
Miocyte SubClassOf Cell and CellByClass,  True for
Miocyte SubClassOf InMatureCell,  True.
Miocyte SubClassOf CellByClass and InMatureCell,  True for
Miocyte SubClassOf Osteocyte,  False.
Miocyte SubClassOf ChondroBlast,  False.
Miocyte SubClassOf MioBlast,  False.
Miocyte SubClassOf CellByDevelopmentStage,  True.
Miocyte SubClassOf CellByClass and CellByDevelopmentStage,  True for
Miocyte SubClassOf PhotoreceptorCell,  False.
Miocyte SubClassOf CellByOrganism,  True.
Miocyte SubClassOf CellByClass and CellByOrganism,  True for
Miocyte SubClassOf ElectricallyActiveCell,  True.
Miocyte SubClassOf CellByClass and ElectricallyActiveCell,  True for
Miocyte SubClassOf StructuralCell,  True.
Miocyte SubClassOf CellByClass and StructuralCell,  True for
Miocyte SubClassOf Neuron,  False.
Miocyte SubClassOf ChondroCyte,  False.
ElectricallyActiveCell and SclerenchymaCell SubClassOf ChondroBlast,  False.
CellByClass and ElectricallyActiveCell SubClassOf ChondroBlast,  False.
ChondroBlast and CirculatingCell SubClassOf CellByDevelopmentStage,  I cannot
MioBlast and PhotosyntheticCell SubClassOf CellByDevelopmentStage,  True for
AnimalCell and CellByDevelopmentStage SubClassOf MioBlast,  False.
AnimalCell and StructuralCell SubClassOf ChondroCyte,  False.
PhotoreceptorCell and PlantCell SubClassOf CellByDevelopmentStage,  True for
CellByOrganism and InMatureCell SubClassOf ChondroCyte,  I cannot
AnimalCell and PhotosyntheticCell SubClassOf MioBlast,  False.
ElectricallyActiveCell and PlantCell SubClassOf MioBlast,  False.
CellByDevelopmentStage and LeafCell SubClassOf InMatureCell,  I cannot
CellByDevelopmentStage and ChondroCyte SubClassOf PlantCell,  False.
Cell and MatureCell SubClassOf PhotosyntheticCell,  False.
ElectricallyActiveCell and LeafCell SubClassOf InMatureCell,  False.
CellByOrganism and ChondroCyte SubClassOf PlantCell,  False.
ChondroBlast and InMatureCell SubClassOf CellByOrganism,  True.
ChondroBlast and InMatureCell SubClassOf SclerenchymaCell,  False.
ChondroBlast and InMatureCell SubClassOf LeafCell,  I cannot
ChondroBlast and InMatureCell SubClassOf Erythrocyte,  False.
ChondroBlast and InMatureCell SubClassOf PhotosyntheticCell,  False.
ChondroBlast and InMatureCell SubClassOf CirculatingCell,  False.
ChondroBlast and InMatureCell SubClassOf PlantCell,  False.
ChondroBlast and InMatureCell SubClassOf CellByClass,  True.
InMatureCell SubClassOf CellByClass,  I cannot
ChondroBlast SubClassOf CellByClass,  True.
ChondroBlast SubClassOf SclerenchymaCell,  False.
ChondroBlast SubClassOf LeafCell,  False.
ChondroBlast SubClassOf Erythrocyte,  False.
ChondroBlast SubClassOf PhotosyntheticCell,  False.
ChondroBlast SubClassOf CirculatingCell,  False.
ChondroBlast SubClassOf PlantCell,  False.
ChondroBlast SubClassOf MatureCell,  False.
ChondroBlast SubClassOf AnimalCell,  False.
ChondroBlast SubClassOf Cell,  True.
ChondroBlast SubClassOf Cell and CellByClass,  True for
ChondroBlast SubClassOf Miocyte,  False.
ChondroBlast SubClassOf InMatureCell,  True.
ChondroBlast SubClassOf CellByClass and InMatureCell,  True for
ChondroBlast SubClassOf Osteocyte,  False.
ChondroBlast SubClassOf MioBlast,  False.
ChondroBlast SubClassOf CellByDevelopmentStage,  True.
ChondroBlast SubClassOf CellByClass and CellByDevelopmentStage,  True for
ChondroBlast SubClassOf PhotoreceptorCell,  False.
ChondroBlast SubClassOf CellByOrganism,  False.
ChondroBlast SubClassOf ElectricallyActiveCell,  False.
ChondroBlast SubClassOf StructuralCell,  True.
ChondroBlast SubClassOf CellByClass and StructuralCell,  True for
ChondroBlast SubClassOf Neuron,  False.
ChondroBlast SubClassOf ChondroCyte,  True.
ChondroBlast SubClassOf CellByClass and ChondroCyte,  True,
ChondroBlast SubClassOf Cell and CellByClass and ChondroCyte,  True for
ChondroBlast SubClassOf CellByClass and ChondroCyte and InMatureCell,  True for
ChondroBlast SubClassOf CellByClass and CellByDevelopmentStage and ChondroCyte,  True for
ChondroBlast SubClassOf CellByClass and ChondroCyte and StructuralCell,  True for
InMatureCell and Osteocyte SubClassOf Miocyte,  False.
Neuron and PhotoreceptorCell SubClassOf Miocyte,  False.
Cell and CirculatingCell SubClassOf CellByOrganism,  I cannot
Cell and Neuron SubClassOf StructuralCell,  True.
Cell and Neuron SubClassOf SclerenchymaCell,  False.
Cell and Neuron SubClassOf LeafCell,  False.
Cell and Neuron SubClassOf PhotosyntheticCell,  False.
Cell and Neuron SubClassOf PlantCell,  False.
Cell and Neuron SubClassOf CellByClass,  False.
Cell and Neuron SubClassOf MatureCell,  True.
Cell SubClassOf MatureCell and SclerenchymaCell,  True for
Cell SubClassOf Erythrocyte and MatureCell,  True,
Cell SubClassOf Erythrocyte and MatureCell and PhotosyntheticCell,  1
Cell SubClassOf CellByClass and Erythrocyte and MatureCell,  True for
Cell SubClassOf AnimalCell and Erythrocyte and MatureCell,  True:
Cell SubClassOf Erythrocyte and MatureCell and Osteocyte,  Cell is
Cell SubClassOf Erythrocyte and MatureCell and PhotoreceptorCell,  Cell is
Cell SubClassOf CellByOrganism and Erythrocyte and MatureCell,  True:
Cell SubClassOf ElectricallyActiveCell and Erythrocyte and MatureCell,  True for
Cell SubClassOf Erythrocyte and MatureCell and StructuralCell,  1
Cell SubClassOf Erythrocyte and MatureCell and Neuron,  Cell is
Cell SubClassOf CirculatingCell and ElectricallyActiveCell and Erythrocyte and MatureCell and SclerenchymaCell,  Here are
Cell SubClassOf CirculatingCell and ElectricallyActiveCell and Erythrocyte and MatureCell and PhotosyntheticCell,  Cell is
Cell SubClassOf CellByClass and CirculatingCell and ElectricallyActiveCell and Erythrocyte and MatureCell,  Here are
Cell SubClassOf AnimalCell and CirculatingCell and ElectricallyActiveCell and Erythrocyte and MatureCell,  Cell is
Cell SubClassOf CirculatingCell and ElectricallyActiveCell and Erythrocyte and MatureCell and Osteocyte,  Cell is
Cell SubClassOf CirculatingCell and ElectricallyActiveCell and Erythrocyte and MatureCell and PhotoreceptorCell,  Cell is
Cell SubClassOf CellByOrganism and CirculatingCell and ElectricallyActiveCell and Erythrocyte and MatureCell,  True for
Cell SubClassOf CirculatingCell and ElectricallyActiveCell and Erythrocyte and MatureCell and StructuralCell,  Cell is
Cell SubClassOf CirculatingCell and ElectricallyActiveCell and Erythrocyte and MatureCell and Neuron,  Here are
MioBlast and StructuralCell SubClassOf CellByOrganism,  I cannot
CellByClass and CellByDevelopmentStage SubClassOf Osteocyte,  I cannot
CellByDevelopmentStage and CellByOrganism SubClassOf AnimalCell,  False.
Cell and LeafCell SubClassOf Osteocyte,  False.
Cell and SclerenchymaCell SubClassOf AnimalCell,  False.
LeafCell and PhotosyntheticCell SubClassOf AnimalCell,  False.
AnimalCell and ChondroCyte SubClassOf Erythrocyte,  False.
ChondroCyte SubClassOf Osteocyte,  False.
Miocyte and Neuron SubClassOf AnimalCell,  Miocy
Erythrocyte and InMatureCell SubClassOf Neuron,  False.
Osteocyte and PhotoreceptorCell SubClassOf Neuron,  True for
CellByClass and Osteocyte SubClassOf Neuron,  False.
Neuron and StructuralCell SubClassOf InMatureCell,  True,
Neuron and StructuralCell SubClassOf SclerenchymaCell,  False.
Neuron and StructuralCell SubClassOf LeafCell,  False.
Neuron and StructuralCell SubClassOf PhotosyntheticCell,  False.
Neuron and StructuralCell SubClassOf CirculatingCell,  False.
Neuron and StructuralCell SubClassOf PlantCell,  False.
Neuron and StructuralCell SubClassOf CellByClass,  True.
StructuralCell SubClassOf CellByClass,  False.
Neuron SubClassOf CellByClass,  True.
Neuron SubClassOf SclerenchymaCell,  False.
Neuron SubClassOf LeafCell,  False.
Neuron SubClassOf Erythrocyte,  False.
Neuron SubClassOf PhotosyntheticCell,  False.
Neuron SubClassOf CirculatingCell,  False.
Neuron SubClassOf PlantCell,  False.
Neuron SubClassOf MatureCell,  True.
Neuron SubClassOf CellByClass and MatureCell,  True for
Neuron SubClassOf AnimalCell,  False.
Neuron SubClassOf Cell,  True.
Neuron SubClassOf Cell and CellByClass,  True for
Neuron SubClassOf Miocyte,  False.
Neuron SubClassOf InMatureCell,  True.
Neuron SubClassOf CellByClass and InMatureCell,  True for
Neuron SubClassOf Osteocyte,  False.
Neuron SubClassOf ChondroBlast,  False.
Neuron SubClassOf MioBlast,  False.
Neuron SubClassOf CellByDevelopmentStage,  True.
Neuron SubClassOf CellByClass and CellByDevelopmentStage,  True for
Neuron SubClassOf PhotoreceptorCell,  False.
Neuron SubClassOf CellByOrganism,  True.
Neuron SubClassOf CellByClass and CellByOrganism,  True for
Neuron SubClassOf ElectricallyActiveCell,  True.
Neuron SubClassOf CellByClass and ElectricallyActiveCell,  True for
Neuron SubClassOf StructuralCell,  True.
Neuron SubClassOf CellByClass and StructuralCell,  True for
Neuron SubClassOf ChondroCyte,  False.
Cell and SclerenchymaCell SubClassOf Neuron,  False.
InMatureCell and MioBlast SubClassOf Neuron,  False.
ChondroBlast and LeafCell SubClassOf StructuralCell,  True.
ChondroBlast and LeafCell SubClassOf SclerenchymaCell,  False.
ChondroBlast and LeafCell SubClassOf AnimalCell,  False.
ChondroBlast and LeafCell SubClassOf Miocyte,  False.
ChondroBlast and LeafCell SubClassOf InMatureCell,  I cannot
ChondroBlast and LeafCell SubClassOf Osteocyte,  False.
ChondroBlast and LeafCell SubClassOf MioBlast,  False.
ChondroBlast and LeafCell SubClassOf CellByDevelopmentStage,  I cannot
ChondroBlast and LeafCell SubClassOf PhotoreceptorCell,  False.
ChondroBlast and LeafCell SubClassOf CellByOrganism,  True.
LeafCell SubClassOf CellByOrganism and PhotosyntheticCell,  I'
LeafCell SubClassOf CellByOrganism and PlantCell,  True for
LeafCell SubClassOf CellByOrganism and MatureCell,  I cannot
LeafCell SubClassOf Cell and CellByOrganism,  True for
LeafCell SubClassOf CellByOrganism and ElectricallyActiveCell,  I'
LeafCell SubClassOf CellByOrganism and StructuralCell,  I cannot
LeafCell SubClassOf CellByOrganism and MatureCell and PhotosyntheticCell and PlantCell,  I cannot
LeafCell SubClassOf Cell and CellByOrganism and PhotosyntheticCell and PlantCell,  True for
LeafCell SubClassOf CellByOrganism and ElectricallyActiveCell and PhotosyntheticCell and PlantCell,  I.
LeafCell SubClassOf CellByOrganism and PhotosyntheticCell and PlantCell and StructuralCell,  I.
CirculatingCell and InMatureCell SubClassOf StructuralCell,  False.
Neuron and Osteocyte SubClassOf CirculatingCell,  False.
ChondroCyte and Neuron SubClassOf StructuralCell,  True for
CellByClass and Erythrocyte SubClassOf Cell,  False.
CellByClass and StructuralCell SubClassOf Cell,  True.
CellByClass and StructuralCell SubClassOf SclerenchymaCell,  I cannot
CellByClass and StructuralCell SubClassOf LeafCell,  False.
CellByClass and StructuralCell SubClassOf Erythrocyte,  I cannot
CellByClass and StructuralCell SubClassOf PhotosyntheticCell,  I cannot
CellByClass and StructuralCell SubClassOf CirculatingCell,  I cannot
CellByClass and StructuralCell SubClassOf PlantCell,  False.
CellByClass and StructuralCell SubClassOf MatureCell,  I cannot
CellByClass and StructuralCell SubClassOf AnimalCell,  False.
StructuralCell SubClassOf Cell,  True.
StructuralCell SubClassOf SclerenchymaCell,  False.
StructuralCell SubClassOf LeafCell,  False.
StructuralCell SubClassOf Erythrocyte,  False.
StructuralCell SubClassOf PhotosyntheticCell,  False.
StructuralCell SubClassOf CirculatingCell,  False.
StructuralCell SubClassOf MatureCell,  False.
StructuralCell SubClassOf AnimalCell,  False.
StructuralCell SubClassOf Miocyte,  False.
StructuralCell SubClassOf InMatureCell,  I cannot
StructuralCell SubClassOf Osteocyte,  False.
StructuralCell SubClassOf ChondroBlast,  False.
StructuralCell SubClassOf MioBlast,  False.
StructuralCell SubClassOf CellByDevelopmentStage, False.
StructuralCell SubClassOf PhotoreceptorCell,  False.
StructuralCell SubClassOf CellByOrganism,  False.
StructuralCell SubClassOf ElectricallyActiveCell,  False.
StructuralCell SubClassOf Neuron,  False.
StructuralCell SubClassOf ChondroCyte,  False.
ChondroCyte and Neuron SubClassOf MatureCell,  True for
CellByClass and MioBlast SubClassOf Cell,  True.
CellByClass and MioBlast SubClassOf SclerenchymaCell,  False.
CellByClass and MioBlast SubClassOf LeafCell,  False.
CellByClass and MioBlast SubClassOf Erythrocyte,  False.
CellByClass and MioBlast SubClassOf PhotosyntheticCell,  False.
CellByClass and MioBlast SubClassOf CirculatingCell,  False.
CellByClass and MioBlast SubClassOf PlantCell,  False.
CellByClass and MioBlast SubClassOf MatureCell,  False.
CellByClass and MioBlast SubClassOf AnimalCell,  I cannot
MioBlast SubClassOf Cell,  True.
MioBlast SubClassOf SclerenchymaCell,  False.
MioBlast SubClassOf LeafCell,  False.
MioBlast SubClassOf Erythrocyte,  False.
MioBlast SubClassOf PhotosyntheticCell,  False.
MioBlast SubClassOf CirculatingCell, False.
MioBlast SubClassOf PlantCell,  False.
MioBlast SubClassOf CellByClass,  True.
MioBlast SubClassOf Cell and CellByClass,  True for
MioBlast SubClassOf MatureCell,  False.
MioBlast SubClassOf AnimalCell,  False.
MioBlast SubClassOf Miocyte,  False.
MioBlast SubClassOf InMatureCell,  False.
MioBlast SubClassOf Osteocyte,  False.
MioBlast SubClassOf ChondroBlast,  False.
MioBlast SubClassOf CellByDevelopmentStage,  True.
MioBlast SubClassOf Cell and CellByDevelopmentStage,  True for
MioBlast SubClassOf PhotoreceptorCell,  False.
MioBlast SubClassOf CellByOrganism,  True.
MioBlast SubClassOf Cell and CellByOrganism,  True for
MioBlast SubClassOf ElectricallyActiveCell,  False.
MioBlast SubClassOf StructuralCell,  False.
MioBlast SubClassOf Neuron,  False.
MioBlast SubClassOf ChondroCyte,  False.
Miocyte and PhotoreceptorCell SubClassOf InMatureCell,  True for
Erythrocyte and Osteocyte SubClassOf PlantCell,  False.
ElectricallyActiveCell and PhotoreceptorCell SubClassOf PhotosyntheticCell,  False.
ChondroBlast and PhotoreceptorCell SubClassOf InMatureCell,  I cannot
AnimalCell and MioBlast SubClassOf PhotosyntheticCell,  False.
CirculatingCell and PhotosyntheticCell SubClassOf InMatureCell,  False.
CirculatingCell and Erythrocyte SubClassOf PlantCell,  False.
CellByDevelopmentStage and MatureCell SubClassOf Miocyte,  I cannot
CellByClass and CellByOrganism SubClassOf Miocyte,  I'
CirculatingCell and PlantCell SubClassOf InMatureCell,  False.
ElectricallyActiveCell and MioBlast SubClassOf StructuralCell,  False.
Cell and ChondroCyte SubClassOf Miocyte,  False.
ChondroBlast and StructuralCell SubClassOf Miocyte,  False.
AnimalCell and ChondroBlast SubClassOf CellByOrganism,  False.
Osteocyte and PlantCell SubClassOf SclerenchymaCell,  False.
LeafCell and Neuron SubClassOf ChondroCyte,  False.
MatureCell and Osteocyte SubClassOf ElectricallyActiveCell,  True.
MatureCell and Osteocyte SubClassOf SclerenchymaCell,  False.
MatureCell and Osteocyte SubClassOf LeafCell,  False.
MatureCell and Osteocyte SubClassOf Erythrocyte,  False.
MatureCell and Osteocyte SubClassOf PhotosyntheticCell,  False.
MatureCell and Osteocyte SubClassOf CirculatingCell,  False.
MatureCell and Osteocyte SubClassOf PlantCell,  False.
MatureCell and Osteocyte SubClassOf AnimalCell,  False.
MatureCell and Osteocyte SubClassOf Cell,  True.
Osteocyte SubClassOf Cell and LeafCell,  True for
Osteocyte SubClassOf Cell and MatureCell,  True for
Osteocyte SubClassOf AnimalCell and Cell,  True.
Osteocyte SubClassOf AnimalCell and Cell and InMatureCell,  True for
Osteocyte SubClassOf AnimalCell and Cell and CellByDevelopmentStage,  True for
Osteocyte SubClassOf AnimalCell and Cell and CellByOrganism,  True for
Osteocyte SubClassOf AnimalCell and Cell and ElectricallyActiveCell,  True for
Osteocyte SubClassOf AnimalCell and Cell and StructuralCell,  True for
Osteocyte SubClassOf AnimalCell and Cell and CellByClass and LeafCell,  Here are
Osteocyte SubClassOf AnimalCell and Cell and CellByClass and MatureCell,  1
Osteocyte SubClassOf AnimalCell and Cell and CellByClass and InMatureCell,  1
Osteocyte SubClassOf AnimalCell and Cell and CellByClass and CellByDevelopmentStage,  Here are
Osteocyte SubClassOf AnimalCell and Cell and CellByClass and CellByOrganism,  1
Osteocyte SubClassOf AnimalCell and Cell and CellByClass and ElectricallyActiveCell,  True for
Osteocyte SubClassOf AnimalCell and Cell and CellByClass and StructuralCell,  True for
AnimalCell and Miocyte SubClassOf SclerenchymaCell,  False.
ChondroCyte and StructuralCell SubClassOf PhotoreceptorCell,  False.
CellByDevelopmentStage and InMatureCell SubClassOf ElectricallyActiveCell,  I cannot
CellByOrganism and Miocyte SubClassOf SclerenchymaCell,  False.
CellByDevelopmentStage and ChondroBlast SubClassOf PhotoreceptorCell,  False.
Cell SubClassOf PhotosyntheticCell and SclerenchymaCell,  Cell is
Cell SubClassOf CirculatingCell and SclerenchymaCell,  Cell is
Cell SubClassOf CellByClass and SclerenchymaCell,  True,
Cell SubClassOf CellByClass and MatureCell and SclerenchymaCell,  True for
Cell SubClassOf AnimalCell and CellByClass and SclerenchymaCell,  True for
Cell SubClassOf CellByClass and Osteocyte and SclerenchymaCell,  True:
Cell SubClassOf CellByClass and PhotoreceptorCell and SclerenchymaCell,  True for
Cell SubClassOf CellByClass and CellByOrganism and SclerenchymaCell,  True for
Cell SubClassOf CellByClass and ElectricallyActiveCell and SclerenchymaCell,  Cell is
Cell SubClassOf CellByClass and SclerenchymaCell and StructuralCell,  True for
Cell SubClassOf CellByClass and Neuron and SclerenchymaCell,  True for
Cell SubClassOf CellByClass and CirculatingCell and ElectricallyActiveCell and Erythrocyte and MatureCell and PhotosyntheticCell and SclerenchymaCell,  Here are
Cell SubClassOf AnimalCell and CellByClass and CirculatingCell and ElectricallyActiveCell and Erythrocyte and MatureCell and SclerenchymaCell,  Here are
Cell SubClassOf CellByClass and CirculatingCell and ElectricallyActiveCell and Erythrocyte and MatureCell and Osteocyte and SclerenchymaCell,  Here are
Cell SubClassOf CellByClass and CirculatingCell and ElectricallyActiveCell and Erythrocyte and MatureCell and PhotoreceptorCell and SclerenchymaCell,  Here are
Cell SubClassOf CellByClass and CellByOrganism and CirculatingCell and ElectricallyActiveCell and Erythrocyte and MatureCell and SclerenchymaCell,  Here are
Cell SubClassOf CellByClass and CirculatingCell and ElectricallyActiveCell and Erythrocyte and MatureCell and SclerenchymaCell and StructuralCell,  Here are
Cell SubClassOf CellByClass and CirculatingCell and ElectricallyActiveCell and Erythrocyte and MatureCell and Neuron and SclerenchymaCell,  Here are
CellByClass and InMatureCell SubClassOf SclerenchymaCell,  I cannot
ChondroCyte and Miocyte SubClassOf LeafCell,  True for
MatureCell and SclerenchymaCell SubClassOf ChondroBlast,  False.
ChondroCyte and Miocyte SubClassOf CellByDevelopmentStage,  True for
Cell and Miocyte SubClassOf ChondroBlast,  False.
CellByOrganism and Neuron SubClassOf ChondroBlast,  False.
AnimalCell and InMatureCell SubClassOf CellByDevelopmentStage,  True.
AnimalCell and InMatureCell SubClassOf SclerenchymaCell,  False.
AnimalCell and InMatureCell SubClassOf LeafCell,  False.
AnimalCell and InMatureCell SubClassOf Erythrocyte,  False.
AnimalCell and InMatureCell SubClassOf PhotosyntheticCell,  False.
AnimalCell and InMatureCell SubClassOf CirculatingCell,  False.
AnimalCell and InMatureCell SubClassOf PlantCell,  False.
AnimalCell and InMatureCell SubClassOf MatureCell,  False.
AnimalCell and InMatureCell SubClassOf Cell,  True.
InMatureCell SubClassOf Cell,  True.
InMatureCell SubClassOf SclerenchymaCell,  False.
InMatureCell SubClassOf LeafCell,  False.
InMatureCell SubClassOf Erythrocyte,  False.
InMatureCell SubClassOf PhotosyntheticCell,  False.
InMatureCell SubClassOf CirculatingCell,  False.
InMatureCell SubClassOf PlantCell,  False.
InMatureCell SubClassOf MatureCell,  False.
InMatureCell SubClassOf AnimalCell,  False.
InMatureCell SubClassOf Miocyte,  False.
InMatureCell SubClassOf Osteocyte,  False.
InMatureCell SubClassOf ChondroBlast,  False.
InMatureCell SubClassOf MioBlast,  True.
InMatureCell SubClassOf Cell and MioBlast,  True for
InMatureCell SubClassOf CellByDevelopmentStage,  True.
InMatureCell SubClassOf Cell and CellByDevelopmentStage,  True for
InMatureCell SubClassOf PhotoreceptorCell,  False.
InMatureCell SubClassOf CellByOrganism,  I cannot
InMatureCell SubClassOf ElectricallyActiveCell,  False.
InMatureCell SubClassOf StructuralCell,  False.
InMatureCell SubClassOf Neuron,  False.
InMatureCell SubClassOf ChondroCyte,  False.
CellByClass SubClassOf MioBlast,  I cannot
CellByClass and Miocyte SubClassOf MioBlast,  True,
CellByClass and Miocyte SubClassOf SclerenchymaCell,  False.
CellByClass and Miocyte SubClassOf LeafCell,  True (
CellByClass and Miocyte SubClassOf Erythrocyte,  False.
CellByClass and Miocyte SubClassOf PhotosyntheticCell,  False.
CellByClass and Miocyte SubClassOf CirculatingCell,  True.
CellByClass SubClassOf CirculatingCell,  I cannot
PhotosyntheticCell and StructuralCell SubClassOf CellByDevelopmentStage,  False.
Cell and PhotoreceptorCell SubClassOf CellByDevelopmentStage,  True.
Cell and PhotoreceptorCell SubClassOf AnimalCell,  True.
Cell SubClassOf AnimalCell and SclerenchymaCell,  True for
Cell SubClassOf AnimalCell and Erythrocyte,  True,
Cell SubClassOf AnimalCell and Erythrocyte and PhotosyntheticCell,  Here are
Cell SubClassOf AnimalCell and CellByClass and Erythrocyte,  True,
Cell SubClassOf AnimalCell and CellByClass and Erythrocyte and MatureCell,  True for
Cell SubClassOf AnimalCell and CellByClass and Erythrocyte and Osteocyte,  True:
Cell SubClassOf AnimalCell and CellByClass and Erythrocyte and PhotoreceptorCell,  True for
Cell SubClassOf AnimalCell and CellByClass and CellByOrganism and Erythrocyte,  1
Cell SubClassOf AnimalCell and CellByClass and ElectricallyActiveCell and Erythrocyte,  1
Cell SubClassOf AnimalCell and CellByClass and Erythrocyte and StructuralCell,  Here are
Cell SubClassOf AnimalCell and CellByClass and Erythrocyte and Neuron,  Here are
Cell SubClassOf AnimalCell and CellByClass and CirculatingCell and ElectricallyActiveCell and Erythrocyte and MatureCell and PhotosyntheticCell and SclerenchymaCell,  Here is
Cell SubClassOf AnimalCell and CellByClass and CirculatingCell and ElectricallyActiveCell and Erythrocyte and MatureCell and Osteocyte and SclerenchymaCell,  Here are
Cell SubClassOf AnimalCell and CellByClass and CirculatingCell and ElectricallyActiveCell and Erythrocyte and MatureCell and PhotoreceptorCell and SclerenchymaCell,  Here are
Cell SubClassOf AnimalCell and CellByClass and CellByOrganism and CirculatingCell and ElectricallyActiveCell and Erythrocyte and MatureCell and SclerenchymaCell,  Here are
Cell SubClassOf AnimalCell and CellByClass and CirculatingCell and ElectricallyActiveCell and Erythrocyte and MatureCell and SclerenchymaCell and StructuralCell,  Here are
Cell SubClassOf AnimalCell and CellByClass and CirculatingCell and ElectricallyActiveCell and Erythrocyte and MatureCell and Neuron and SclerenchymaCell,  Here are
CirculatingCell and SclerenchymaCell SubClassOf MioBlast,  False.
Neuron and SclerenchymaCell SubClassOf ChondroCyte,  False.
CellByDevelopmentStage and Erythrocyte SubClassOf ChondroCyte,  False.
CirculatingCell and Erythrocyte SubClassOf Neuron,  False.
CellByOrganism and Erythrocyte SubClassOf PlantCell,  False.
MatureCell and MioBlast SubClassOf Miocyte,  False.
MatureCell and Neuron SubClassOf PlantCell,  False.
ChondroBlast and ElectricallyActiveCell SubClassOf Miocyte,  False.
ElectricallyActiveCell and LeafCell SubClassOf Miocyte,  False.
ChondroBlast and PhotoreceptorCell SubClassOf Miocyte,  False.
AnimalCell and CellByClass SubClassOf Osteocyte,  AnimalCell
PhotosyntheticCell and PlantCell SubClassOf Osteocyte,  False.
CellByOrganism and StructuralCell SubClassOf Osteocyte,  I cannot
ElectricallyActiveCell and MatureCell SubClassOf AnimalCell,  False.
Cell and MatureCell SubClassOf Neuron,  True.
Cell and MatureCell SubClassOf Miocyte,  False.
Cell SubClassOf Osteocyte and SclerenchymaCell,  Cell is
Cell SubClassOf Erythrocyte and Osteocyte,  Cell is
Cell SubClassOf Osteocyte and PhotosyntheticCell,  Cell is
Cell SubClassOf CirculatingCell and Osteocyte,  Cell is
Cell SubClassOf CellByClass and Osteocyte,  True,
Cell SubClassOf CellByClass and MatureCell and Osteocyte,  True for
Cell SubClassOf AnimalCell and CellByClass and Osteocyte,  True for
Cell SubClassOf CellByClass and Osteocyte and PhotoreceptorCell,  True:
Cell SubClassOf CellByClass and CellByOrganism and Osteocyte,  True:
Cell SubClassOf CellByClass and ElectricallyActiveCell and Osteocyte,  True for
Cell SubClassOf CellByClass and Osteocyte and StructuralCell,  True for
Cell SubClassOf CellByClass and Neuron and Osteocyte,  Cell is
Cell SubClassOf AnimalCell and CellByClass and CirculatingCell and ElectricallyActiveCell and Erythrocyte and MatureCell and Osteocyte and PhotosyntheticCell and SclerenchymaCell,  Here'
Cell SubClassOf AnimalCell and CellByClass and CirculatingCell and ElectricallyActiveCell and Erythrocyte and MatureCell and Osteocyte and PhotoreceptorCell and SclerenchymaCell,  Here are
Cell SubClassOf AnimalCell and CellByClass and CellByOrganism and CirculatingCell and ElectricallyActiveCell and Erythrocyte and MatureCell and Osteocyte and SclerenchymaCell,  Here are
Cell SubClassOf AnimalCell and CellByClass and CirculatingCell and ElectricallyActiveCell and Erythrocyte and MatureCell and Osteocyte and SclerenchymaCell and StructuralCell,  Here are
Cell SubClassOf AnimalCell and CellByClass and CirculatingCell and ElectricallyActiveCell and Erythrocyte and MatureCell and Neuron and Osteocyte and SclerenchymaCell,  Here are
ChondroCyte and Erythrocyte SubClassOf InMatureCell,  True for
ChondroBlast and ElectricallyActiveCell SubClassOf Neuron,  False.
CellByOrganism and ElectricallyActiveCell SubClassOf Neuron,  I cannot
Cell and InMatureCell SubClassOf ChondroBlast,  False.
Miocyte and PhotosyntheticCell SubClassOf CellByDevelopmentStage,  True for
ChondroCyte and PlantCell SubClassOf ChondroBlast,  False.
Cell and Miocyte SubClassOf CellByDevelopmentStage,  True.
Cell and Miocyte SubClassOf MioBlast,  False.
Miocyte SubClassOf CellByDevelopmentStage and MatureCell,  True,
Miocyte SubClassOf AnimalCell and CellByDevelopmentStage and MatureCell,  True for
Miocyte SubClassOf Cell and CellByDevelopmentStage and MatureCell,  1
Miocyte SubClassOf CellByDevelopmentStage and InMatureCell and MatureCell,  True for
Miocyte SubClassOf CellByDevelopmentStage and CellByOrganism and MatureCell,  True,
Miocyte SubClassOf CellByDevelopmentStage and CellByOrganism and ElectricallyActiveCell and MatureCell,  True for
Miocyte SubClassOf CellByDevelopmentStage and CellByOrganism and MatureCell and StructuralCell,  True for
Miocyte SubClassOf AnimalCell and CellByClass and CellByDevelopmentStage and CellByOrganism and MatureCell,  True for
Miocyte SubClassOf Cell and CellByClass and CellByDevelopmentStage and CellByOrganism and MatureCell,  1
Miocyte SubClassOf CellByClass and CellByDevelopmentStage and CellByOrganism and InMatureCell and MatureCell,  True:
Miocyte SubClassOf CellByClass and CellByDevelopmentStage and CellByOrganism and ElectricallyActiveCell and MatureCell,  True for
Miocyte SubClassOf CellByClass and CellByDevelopmentStage and CellByOrganism and MatureCell and StructuralCell,  Here are
CellByClass and Osteocyte SubClassOf CellByDevelopmentStage,  False.
ChondroCyte and Neuron SubClassOf CellByDevelopmentStage,  True for
CellByDevelopmentStage and CirculatingCell SubClassOf ChondroBlast,  False.
CellByDevelopmentStage and Neuron SubClassOf MioBlast,  False.
LeafCell and MatureCell SubClassOf MioBlast, False.
LeafCell and PlantCell SubClassOf ChondroCyte,  False.
PhotoreceptorCell and PlantCell SubClassOf StructuralCell,  False.
AnimalCell and ChondroCyte SubClassOf StructuralCell,  True,
AnimalCell and ChondroCyte SubClassOf SclerenchymaCell,  False.
AnimalCell and ChondroCyte SubClassOf LeafCell,  False.
AnimalCell and ChondroCyte SubClassOf PhotosyntheticCell,  False.
AnimalCell and ChondroCyte SubClassOf CirculatingCell,  False.
AnimalCell and ChondroCyte SubClassOf PlantCell,  False.
AnimalCell and ChondroCyte SubClassOf MatureCell,  True for
AnimalCell and ChondroCyte SubClassOf Cell,  True.
AnimalCell SubClassOf Cell and MatureCell,  True for
AnimalCell SubClassOf Cell and InMatureCell,  True for
AnimalCell SubClassOf Cell and CellByDevelopmentStage,  True for
AnimalCell SubClassOf Cell and CellByOrganism,  True for
AnimalCell SubClassOf Cell and CellByClass and MatureCell,  1
AnimalCell SubClassOf Cell and CellByClass and InMatureCell,  1
AnimalCell SubClassOf Cell and CellByClass and CellByDevelopmentStage,  True for
AnimalCell SubClassOf Cell and CellByClass and CellByOrganism,  True for
Erythrocyte and MatureCell SubClassOf Cell,  True.
Erythrocyte and MatureCell SubClassOf SclerenchymaCell,  False.
Erythrocyte and MatureCell SubClassOf LeafCell,  True.
Erythrocyte SubClassOf CellByClass and LeafCell,  True for
Erythrocyte SubClassOf LeafCell and MatureCell,  True for
Erythrocyte SubClassOf AnimalCell and LeafCell,  True:
Erythrocyte SubClassOf Cell and LeafCell,  True for
Erythrocyte SubClassOf InMatureCell and LeafCell,  False.
Erythrocyte SubClassOf CellByDevelopmentStage and LeafCell,  False for
Erythrocyte SubClassOf CellByOrganism and LeafCell,  True for
Erythrocyte SubClassOf LeafCell and StructuralCell,  True,
Erythrocyte SubClassOf CellByClass and CirculatingCell and LeafCell and StructuralCell,  True for
Erythrocyte SubClassOf CirculatingCell and LeafCell and MatureCell and StructuralCell,  True for
Erythrocyte SubClassOf AnimalCell and CirculatingCell and LeafCell and StructuralCell,  True for
Erythrocyte SubClassOf Cell and CirculatingCell and LeafCell and StructuralCell,  True for
Erythrocyte SubClassOf CirculatingCell and InMatureCell and LeafCell and StructuralCell,  True for
Erythrocyte SubClassOf CellByDevelopmentStage and CirculatingCell and LeafCell and StructuralCell,  Here are
Erythrocyte SubClassOf CellByOrganism and CirculatingCell and LeafCell and StructuralCell,  Here are
CellByClass and CellByOrganism SubClassOf CirculatingCell,  True for
CirculatingCell and MatureCell SubClassOf ElectricallyActiveCell,  I cannot
CellByDevelopmentStage and PhotoreceptorCell SubClassOf SclerenchymaCell,  False.
CellByClass and MioBlast SubClassOf ChondroCyte,  I cannot
MatureCell and PhotosyntheticCell SubClassOf PhotoreceptorCell,  False.
Erythrocyte and StructuralCell SubClassOf PhotoreceptorCell,  False.
CellByOrganism and ChondroBlast SubClassOf Erythrocyte,  False.
CellByOrganism and CirculatingCell SubClassOf PhotoreceptorCell,  False.
InMatureCell and PlantCell SubClassOf PhotoreceptorCell,  False.
CellByOrganism and CirculatingCell SubClassOf CellByClass,  False.
CirculatingCell and Neuron SubClassOf ChondroBlast,  False.
PhotoreceptorCell and StructuralCell SubClassOf CellByDevelopmentStage,  True.
PhotoreceptorCell and StructuralCell SubClassOf Miocyte,  False.
PhotoreceptorCell and StructuralCell SubClassOf ChondroBlast,  False.
PhotoreceptorCell and StructuralCell SubClassOf MioBlast,  False.
PhotoreceptorCell SubClassOf CellByDevelopmentStage,  True.
PhotoreceptorCell SubClassOf SclerenchymaCell,  False.
PhotoreceptorCell SubClassOf LeafCell,  False.
PhotoreceptorCell SubClassOf Erythrocyte,  False.
PhotoreceptorCell SubClassOf PhotosyntheticCell,  False.
PhotoreceptorCell SubClassOf CirculatingCell,  False.
PhotoreceptorCell SubClassOf PlantCell,  False.
PhotoreceptorCell SubClassOf CellByClass,  True.
PhotoreceptorCell SubClassOf CellByClass and CellByDevelopmentStage,  True for
PhotoreceptorCell SubClassOf MatureCell,  True.
PhotoreceptorCell SubClassOf CellByDevelopmentStage and MatureCell,  True for
PhotoreceptorCell SubClassOf AnimalCell,  True.
PhotoreceptorCell SubClassOf AnimalCell and CellByDevelopmentStage,  True for
PhotoreceptorCell SubClassOf Cell,  True.
PhotoreceptorCell SubClassOf Cell and CellByDevelopmentStage,  True for
PhotoreceptorCell SubClassOf Miocyte,  False.
PhotoreceptorCell SubClassOf InMatureCell,  True.
PhotoreceptorCell SubClassOf CellByDevelopmentStage and InMatureCell,  True,
PhotoreceptorCell SubClassOf Osteocyte,  False.
PhotoreceptorCell SubClassOf ChondroBlast,  False.
PhotoreceptorCell SubClassOf MioBlast,  False.
PhotoreceptorCell SubClassOf CellByOrganism,  True.
PhotoreceptorCell SubClassOf CellByDevelopmentStage and CellByOrganism and InMatureCell,  True for
PhotoreceptorCell SubClassOf ElectricallyActiveCell,  True.
PhotoreceptorCell SubClassOf CellByDevelopmentStage and ElectricallyActiveCell and InMatureCell,  True for
PhotoreceptorCell SubClassOf StructuralCell,  False.
PhotoreceptorCell SubClassOf Neuron,  True.
PhotoreceptorCell SubClassOf CellByDevelopmentStage and InMatureCell and Neuron,  True for
PhotoreceptorCell SubClassOf ChondroCyte,  False.
PhotoreceptorCell SubClassOf CellByClass and CellByDevelopmentStage and InMatureCell,  True for
PhotoreceptorCell SubClassOf CellByDevelopmentStage and InMatureCell and MatureCell,  True for
PhotoreceptorCell SubClassOf AnimalCell and CellByDevelopmentStage and InMatureCell,  True:
PhotoreceptorCell SubClassOf Cell and CellByDevelopmentStage and InMatureCell,  1
Erythrocyte and MioBlast SubClassOf ChondroBlast,  False.
AnimalCell and Cell SubClassOf CellByDevelopmentStage,  False.
AnimalCell and InMatureCell SubClassOf MioBlast,  False.
AnimalCell and PhotoreceptorCell SubClassOf ChondroBlast,  False.
ElectricallyActiveCell and Erythrocyte SubClassOf CellByDevelopmentStage,  True for
CellByOrganism SubClassOf MioBlast,  False.
CellByOrganism and Osteocyte SubClassOf MioBlast,  False.
PhotoreceptorCell and PhotosyntheticCell SubClassOf ChondroCyte,  False.
CellByDevelopmentStage and ChondroCyte SubClassOf PhotosyntheticCell,  False.
AnimalCell and CellByClass SubClassOf Neuron,  False.
CirculatingCell and InMatureCell SubClassOf Miocyte,  I'
Cell and PlantCell SubClassOf Miocyte,  False.
MatureCell and StructuralCell SubClassOf Miocyte,  I'
ChondroBlast and ChondroCyte SubClassOf LeafCell,  True.
ChondroBlast and ChondroCyte SubClassOf SclerenchymaCell,  False.
ChondroCyte SubClassOf LeafCell,  True.
ChondroCyte SubClassOf SclerenchymaCell,  False.
ChondroCyte SubClassOf Erythrocyte,  False.
ChondroCyte SubClassOf PhotosyntheticCell,  False.
ChondroCyte SubClassOf CirculatingCell,  False.
ChondroCyte SubClassOf PlantCell,  False.
ChondroCyte SubClassOf CellByClass,  True.
ChondroCyte SubClassOf CellByClass and LeafCell,  True for
ChondroCyte SubClassOf MatureCell,  True.
ChondroCyte SubClassOf LeafCell and MatureCell,  True,
ChondroCyte SubClassOf AnimalCell,  False.
ChondroCyte SubClassOf Cell,  True.
ChondroCyte SubClassOf Cell and LeafCell and MatureCell,  True for
ChondroCyte SubClassOf Miocyte,  False.
ChondroCyte SubClassOf InMatureCell,  True.
ChondroCyte SubClassOf InMatureCell and LeafCell and MatureCell,  True,
ChondroCyte SubClassOf ChondroBlast,  False.
ChondroCyte SubClassOf MioBlast,  False.
ChondroCyte SubClassOf CellByDevelopmentStage,  True.
ChondroCyte SubClassOf CellByDevelopmentStage and InMatureCell and LeafCell and MatureCell,  True for
ChondroCyte SubClassOf CellByOrganism,  True.
ChondroCyte SubClassOf CellByOrganism and InMatureCell and LeafCell and MatureCell,  True:
ChondroCyte SubClassOf ElectricallyActiveCell,  False.
ChondroCyte SubClassOf StructuralCell,  True.
ChondroCyte SubClassOf InMatureCell and LeafCell and MatureCell and StructuralCell,  Here are
ChondroCyte SubClassOf Neuron,  False.
ChondroCyte SubClassOf CellByClass and InMatureCell and LeafCell and MatureCell,  True for
ChondroCyte SubClassOf Cell and InMatureCell and LeafCell and MatureCell,  True that
CellByClass and ElectricallyActiveCell SubClassOf Erythrocyte,  False.
LeafCell and StructuralCell SubClassOf Neuron,  False.
CellByOrganism and MatureCell SubClassOf AnimalCell,  False.
Miocyte and PlantCell SubClassOf Neuron,  False.
ChondroCyte and StructuralCell SubClassOf ChondroBlast,  False.
AnimalCell and SclerenchymaCell SubClassOf ChondroBlast,  False.
InMatureCell and Osteocyte SubClassOf ChondroBlast,  False.
LeafCell and Neuron SubClassOf CellByDevelopmentStage,  True (
ChondroCyte and StructuralCell SubClassOf CellByDevelopmentStage,  True.
ChondroCyte and StructuralCell SubClassOf Miocyte,  False.
ChondroCyte and StructuralCell SubClassOf MioBlast,  False.
ChondroCyte SubClassOf CellByDevelopmentStage and LeafCell,  True for
ChondroCyte SubClassOf CellByClass and CellByDevelopmentStage,  True for
ChondroCyte SubClassOf CellByDevelopmentStage and MatureCell,  True,
ChondroCyte SubClassOf Cell and CellByDevelopmentStage and MatureCell,  1
ChondroCyte SubClassOf CellByDevelopmentStage and InMatureCell and MatureCell,  True for
ChondroCyte SubClassOf CellByDevelopmentStage and CellByOrganism and MatureCell,  True,
ChondroCyte SubClassOf CellByDevelopmentStage and CellByOrganism and MatureCell and StructuralCell,  True for
ChondroCyte SubClassOf CellByClass and CellByDevelopmentStage and CellByOrganism and InMatureCell and LeafCell and MatureCell,  True for
ChondroCyte SubClassOf Cell and CellByDevelopmentStage and CellByOrganism and InMatureCell and LeafCell and MatureCell,  Here are
ChondroCyte SubClassOf CellByDevelopmentStage and CellByOrganism and InMatureCell and LeafCell and MatureCell and StructuralCell,  True for
CellByOrganism and InMatureCell SubClassOf MioBlast,  I cannot
MatureCell and PhotoreceptorCell SubClassOf ChondroCyte,  False.
Cell and CirculatingCell SubClassOf MioBlast,  False.
Cell and PhotosyntheticCell SubClassOf MioBlast,  False.
CellByClass and CellByDevelopmentStage SubClassOf StructuralCell,  I cannot
CirculatingCell and Miocyte SubClassOf Cell,  True.
CirculatingCell and Miocyte SubClassOf AnimalCell,  True,
Miocyte SubClassOf AnimalCell and MatureCell,  True for
Miocyte SubClassOf AnimalCell and Cell,  True.
Miocyte SubClassOf AnimalCell and Cell and InMatureCell,  True,
Miocyte SubClassOf AnimalCell and Cell and CellByDevelopmentStage and InMatureCell,  True for
Miocyte SubClassOf AnimalCell and Cell and CellByOrganism and InMatureCell,  1
Miocyte SubClassOf AnimalCell and Cell and ElectricallyActiveCell and InMatureCell,  True for
Miocyte SubClassOf AnimalCell and Cell and InMatureCell and StructuralCell,  True for
Miocyte SubClassOf AnimalCell and Cell and CellByClass and CellByDevelopmentStage and CellByOrganism and ElectricallyActiveCell and InMatureCell and MatureCell,  Here are
Miocyte SubClassOf AnimalCell and Cell and CellByClass and CellByDevelopmentStage and CellByOrganism and InMatureCell and MatureCell and StructuralCell,  Here are
CellByDevelopmentStage and CirculatingCell SubClassOf AnimalCell,  CellBy
CellByOrganism and CirculatingCell SubClassOf Neuron,  False.
Cell and ChondroBlast SubClassOf Neuron,  False.
AnimalCell and MatureCell SubClassOf Neuron,  False.
ElectricallyActiveCell and MioBlast SubClassOf ChondroCyte,  False.
Erythrocyte and MioBlast SubClassOf ChondroCyte,  False.
CellByOrganism SubClassOf PhotoreceptorCell,  False.
CellByDevelopmentStage and PlantCell SubClassOf PhotoreceptorCell,  False.
ChondroCyte and CirculatingCell SubClassOf PhotoreceptorCell,  False.
Cell and MatureCell SubClassOf PhotoreceptorCell,  False.
CellByDevelopmentStage and InMatureCell SubClassOf Neuron,  I cannot
ElectricallyActiveCell and Osteocyte SubClassOf Miocyte,  False.
Erythrocyte and PhotosyntheticCell SubClassOf Miocyte,  False.
Erythrocyte and SclerenchymaCell SubClassOf Miocyte,  False.
LeafCell and Osteocyte SubClassOf PhotoreceptorCell,  False.
CellByDevelopmentStage and Neuron SubClassOf LeafCell,  False.
ChondroCyte and MioBlast SubClassOf Neuron,  False.
LeafCell and SclerenchymaCell SubClassOf Neuron,  False.
CellByOrganism and Erythrocyte SubClassOf ChondroBlast,  False.
MatureCell and Neuron SubClassOf ChondroBlast,  False.
CirculatingCell and MioBlast SubClassOf ChondroBlast,  False.
CirculatingCell and MatureCell SubClassOf CellByClass,  True.
CirculatingCell and MatureCell SubClassOf SclerenchymaCell,  False.
CirculatingCell and MatureCell SubClassOf LeafCell,  False.
CirculatingCell and MatureCell SubClassOf Erythrocyte,  True (
CirculatingCell and MatureCell SubClassOf PhotosyntheticCell,  False.
CirculatingCell and MatureCell SubClassOf PlantCell,  False.
CirculatingCell SubClassOf CellByClass,  True.
CirculatingCell SubClassOf SclerenchymaCell,  False.
CirculatingCell SubClassOf LeafCell,  False.
CirculatingCell SubClassOf Erythrocyte,  False.
CirculatingCell SubClassOf PhotosyntheticCell,  False.
CirculatingCell SubClassOf PlantCell,  False.
CirculatingCell SubClassOf MatureCell,  True.
CirculatingCell SubClassOf CellByClass and MatureCell,  True for
CirculatingCell SubClassOf AnimalCell,  False.
CirculatingCell SubClassOf Cell,  True.
CirculatingCell SubClassOf Cell and CellByClass,  I cannot
CirculatingCell SubClassOf Miocyte,  False.
CirculatingCell SubClassOf InMatureCell,  True.
CirculatingCell SubClassOf CellByClass and InMatureCell,  I cannot
CirculatingCell SubClassOf Osteocyte,  False.
CirculatingCell SubClassOf ChondroBlast,  False.
CirculatingCell SubClassOf MioBlast,  I cannot
CirculatingCell SubClassOf CellByDevelopmentStage,  I cannot
CirculatingCell SubClassOf PhotoreceptorCell,  False.
CirculatingCell SubClassOf CellByOrganism,  I cannot
CirculatingCell SubClassOf ElectricallyActiveCell,  False.
CirculatingCell SubClassOf StructuralCell,  False.
CirculatingCell SubClassOf Neuron,  False.
CirculatingCell SubClassOf ChondroCyte,  False.
ElectricallyActiveCell and LeafCell SubClassOf MioBlast,  False.
MatureCell and MioBlast SubClassOf CellByDevelopmentStage,  True.
MioBlast SubClassOf CellByClass and CellByDevelopmentStage,  True for
MioBlast SubClassOf CellByDevelopmentStage and CellByOrganism,  True for
MioBlast SubClassOf Cell and CellByClass and CellByDevelopmentStage,  True for
MioBlast SubClassOf Cell and CellByDevelopmentStage and CellByOrganism,  True for
AnimalCell and ElectricallyActiveCell SubClassOf MioBlast,  False.
Cell and PhotosyntheticCell SubClassOf ChondroCyte,  False.
CellByOrganism and Erythrocyte SubClassOf CellByDevelopmentStage,  False.
AnimalCell and Erythrocyte SubClassOf MioBlast,  False.
ElectricallyActiveCell and MatureCell SubClassOf CirculatingCell,  False.
MatureCell SubClassOf CirculatingCell,  False.
CirculatingCell and Neuron SubClassOf StructuralCell,  False.
CellByDevelopmentStage and ElectricallyActiveCell SubClassOf CirculatingCell,  False.
CellByOrganism and ElectricallyActiveCell SubClassOf Cell,  True.
CellByOrganism and ElectricallyActiveCell SubClassOf SclerenchymaCell,  False.
CellByOrganism and ElectricallyActiveCell SubClassOf LeafCell,  False.
CellByOrganism and ElectricallyActiveCell SubClassOf Erythrocyte,  False.
CellByOrganism and ElectricallyActiveCell SubClassOf PhotosyntheticCell,  False.
CellByOrganism and ElectricallyActiveCell SubClassOf CirculatingCell,  False.
CellByOrganism and ElectricallyActiveCell SubClassOf CellByClass,  False.
CellByOrganism and ElectricallyActiveCell SubClassOf MatureCell,  I cannot
CellByOrganism and ElectricallyActiveCell SubClassOf AnimalCell,  I cannot
CellByOrganism SubClassOf Cell,  True.
CellByOrganism SubClassOf SclerenchymaCell,  False.
CellByOrganism SubClassOf LeafCell,  False.
CellByOrganism SubClassOf Erythrocyte,  False.
CellByOrganism SubClassOf PhotosyntheticCell,  False.
CellByOrganism SubClassOf CirculatingCell,  False.
CellByOrganism SubClassOf PlantCell,  False.
CellByOrganism SubClassOf CellByClass,  False.
CellByOrganism SubClassOf MatureCell,  True.
CellByOrganism SubClassOf Cell and MatureCell,  True for
CellByOrganism SubClassOf AnimalCell,  False.
CellByOrganism SubClassOf Miocyte,  False.
CellByOrganism SubClassOf InMatureCell,  I cannot
CellByOrganism SubClassOf Osteocyte,  False.
CellByOrganism SubClassOf ChondroBlast,  False.
CellByOrganism SubClassOf CellByDevelopmentStage,  False.
CellByOrganism SubClassOf ElectricallyActiveCell,  False.
CellByOrganism SubClassOf StructuralCell,  True.
CellByOrganism SubClassOf Cell and StructuralCell,  True,
CellByOrganism SubClassOf Neuron,  False.
CellByOrganism SubClassOf ChondroCyte,  False.
CellByOrganism SubClassOf Cell and MatureCell and StructuralCell,  True,
Erythrocyte and Osteocyte SubClassOf Neuron,  False.
PhotoreceptorCell and PlantCell SubClassOf MioBlast,  False.
Erythrocyte and LeafCell SubClassOf PhotoreceptorCell,  False.
CellByClass and ElectricallyActiveCell SubClassOf SclerenchymaCell,  False.
AnimalCell and Neuron SubClassOf PhotoreceptorCell,  False.
Osteocyte and StructuralCell SubClassOf PhotoreceptorCell,  False.
Neuron and StructuralCell SubClassOf Miocyte,  False.
CellByDevelopmentStage SubClassOf CirculatingCell,  False.
ElectricallyActiveCell and Miocyte SubClassOf Neuron,  True for
LeafCell and PhotosyntheticCell SubClassOf Miocyte,  False.
Erythrocyte and Neuron SubClassOf Miocyte,  False.
AnimalCell and Osteocyte SubClassOf Miocyte,  False.
CellByClass and ChondroCyte SubClassOf Miocyte,  False.
CellByClass and CirculatingCell SubClassOf CellByOrganism,  I cannot
CellByOrganism and Neuron SubClassOf PhotoreceptorCell,  False.
Osteocyte and PhotosyntheticCell SubClassOf PhotoreceptorCell,  False.
CellByClass and CirculatingCell SubClassOf LeafCell,  False.
ElectricallyActiveCell and PhotoreceptorCell SubClassOf ChondroBlast,  False.
CellByClass and PhotoreceptorCell SubClassOf ChondroBlast,  False.
Neuron and PlantCell SubClassOf CellByDevelopmentStage,  True for
PlantCell and SclerenchymaCell SubClassOf MioBlast,  False.
AnimalCell and MioBlast SubClassOf ChondroBlast,  False.
CirculatingCell and PhotosyntheticCell SubClassOf CellByDevelopmentStage,  False.
CirculatingCell and LeafCell SubClassOf MioBlast,  False.
CellByDevelopmentStage and MatureCell SubClassOf ChondroCyte,  I cannot
CirculatingCell and PlantCell SubClassOf ChondroCyte,  False.
InMatureCell and Neuron SubClassOf Miocyte,  False.
Osteocyte and StructuralCell SubClassOf Miocyte,  False.
CellByDevelopmentStage and PhotoreceptorCell SubClassOf Miocyte,  False.
CellByClass and CellByDevelopmentStage SubClassOf CellByOrganism,  I cannot
CellByClass and PhotosyntheticCell SubClassOf Miocyte,  False.
ChondroCyte and Miocyte SubClassOf Neuron,  False.
InMatureCell and Osteocyte SubClassOf Neuron,  False.
CellByClass SubClassOf PhotosyntheticCell,  False.
PhotosyntheticCell and SclerenchymaCell SubClassOf ChondroBlast,  False.
MatureCell and PlantCell SubClassOf CellByDevelopmentStage,  True.
MatureCell and PlantCell SubClassOf Miocyte,  False.
MatureCell and PlantCell SubClassOf ChondroBlast,  False.
MatureCell and PlantCell SubClassOf MioBlast,  False.
PlantCell SubClassOf CellByDevelopmentStage and PhotosyntheticCell,  True,
PlantCell SubClassOf CellByClass and CellByDevelopmentStage and PhotosyntheticCell,  True for
PlantCell SubClassOf Cell and CellByDevelopmentStage and PhotosyntheticCell,  True for
PlantCell SubClassOf CellByDevelopmentStage and InMatureCell and PhotosyntheticCell,  True:
PlantCell SubClassOf CellByDevelopmentStage and CellByOrganism and PhotosyntheticCell,  True for
PlantCell SubClassOf CellByClass and CellByDevelopmentStage and MatureCell and PhotosyntheticCell,  True for
PlantCell SubClassOf Cell and CellByDevelopmentStage and MatureCell and PhotosyntheticCell,  1
PlantCell SubClassOf CellByDevelopmentStage and InMatureCell and MatureCell and PhotosyntheticCell,  Here are
PlantCell SubClassOf CellByDevelopmentStage and CellByOrganism and MatureCell and PhotosyntheticCell,  True for
CirculatingCell and Neuron SubClassOf CellByDevelopmentStage,  I cannot
AnimalCell and Neuron SubClassOf ChondroBlast,  False.
CellByOrganism and PlantCell SubClassOf MioBlast,  False.
CellByOrganism and Erythrocyte SubClassOf MioBlast,  False.
Cell and MioBlast SubClassOf ChondroCyte,  False.
AnimalCell and MatureCell SubClassOf MioBlast,  False.
ElectricallyActiveCell and PhotoreceptorCell SubClassOf MioBlast,  False.
MatureCell and Neuron SubClassOf CirculatingCell,  False.
LeafCell and Osteocyte SubClassOf ChondroBlast,  False.
MioBlast and Osteocyte SubClassOf ChondroBlast,  False.
Neuron and StructuralCell SubClassOf ChondroCyte,  False.
CellByDevelopmentStage and LeafCell SubClassOf PhotoreceptorCell,  I cannot
ChondroBlast and ChondroCyte SubClassOf PhotoreceptorCell,  False.
ChondroCyte and LeafCell SubClassOf PhotoreceptorCell,  False.
CellByClass and InMatureCell SubClassOf PhotoreceptorCell,  I cannot
Cell and StructuralCell SubClassOf ChondroBlast,  False.
CellByClass and ChondroBlast SubClassOf MioBlast,  I cannot
CellByDevelopmentStage and CellByOrganism SubClassOf ChondroBlast,  False.
Osteocyte and SclerenchymaCell SubClassOf ChondroCyte,  False.
CellByClass and Osteocyte SubClassOf MioBlast,  False.
LeafCell and PhotosyntheticCell SubClassOf ChondroCyte,  False.
Neuron and PlantCell SubClassOf ChondroCyte,  False.
Erythrocyte and InMatureCell SubClassOf ChondroCyte,  False.
ChondroBlast and SclerenchymaCell SubClassOf Miocyte,  False.
CirculatingCell and MatureCell SubClassOf InMatureCell,  False.
ElectricallyActiveCell and PhotosyntheticCell SubClassOf Miocyte,  False.
CellByDevelopmentStage and MatureCell SubClassOf Osteocyte,  I cannot
CellByDevelopmentStage and SclerenchymaCell SubClassOf Neuron,  False.
CellByOrganism and LeafCell SubClassOf Neuron,  False.
ChondroCyte and MioBlast SubClassOf ChondroBlast,  False.
CirculatingCell and ElectricallyActiveCell SubClassOf ChondroBlast,  False.
CellByClass and Erythrocyte SubClassOf MioBlast,  False.
PlantCell and StructuralCell SubClassOf ChondroCyte,  False.
CellByOrganism and Neuron SubClassOf ChondroCyte,  False.
Cell and InMatureCell SubClassOf ChondroCyte,  True,
Cell and InMatureCell SubClassOf Miocyte,  False.
Cell and InMatureCell SubClassOf MioBlast,  True.
InMatureCell SubClassOf CellByDevelopmentStage and MioBlast,  True,
CirculatingCell and MatureCell SubClassOf ChondroCyte,  I cannot
ElectricallyActiveCell and LeafCell SubClassOf Neuron,  False.
MioBlast and StructuralCell SubClassOf Neuron,  False.
ChondroBlast and InMatureCell SubClassOf Neuron,  False.
CellByClass and CellByDevelopmentStage SubClassOf InMatureCell,  I cannot
AnimalCell and ChondroCyte SubClassOf PhotoreceptorCell,  False.
CellByClass and CellByDevelopmentStage SubClassOf ElectricallyActiveCell,  False.
InMatureCell and Osteocyte SubClassOf PhotoreceptorCell,  False.
CellByClass and MatureCell SubClassOf Osteocyte,  I cannot
CellByClass and CirculatingCell SubClassOf Miocyte,  I cannot
CirculatingCell and PlantCell SubClassOf Miocyte,  False.
CellByDevelopmentStage and StructuralCell SubClassOf Miocyte,  I cannot
CirculatingCell and PlantCell SubClassOf Neuron,  False.
ChondroBlast and StructuralCell SubClassOf Neuron,  False.
AnimalCell and MioBlast SubClassOf Neuron,  False.
CellByDevelopmentStage and MatureCell SubClassOf AnimalCell,  True for
ElectricallyActiveCell and MatureCell SubClassOf PhotosyntheticCell,  False.
CellByOrganism and Miocyte SubClassOf ChondroBlast,  False.
Neuron and PlantCell SubClassOf ChondroBlast,  False.
AnimalCell and StructuralCell SubClassOf ChondroBlast,  False.
Osteocyte and PhotosyntheticCell SubClassOf ChondroCyte,  False.
MioBlast and SclerenchymaCell SubClassOf ChondroCyte,  False.
CellByDevelopmentStage and Neuron SubClassOf StructuralCell,  False.
CellByClass SubClassOf Cell,  False.
MatureCell and MioBlast SubClassOf Neuron,  False.
ElectricallyActiveCell and InMatureCell SubClassOf Neuron,  True for
CellByOrganism and Erythrocyte SubClassOf Neuron,  False.
CellByDevelopmentStage and StructuralCell SubClassOf PhotoreceptorCell,  I cannot
CellByClass and Neuron SubClassOf ElectricallyActiveCell,  True.
CellByClass and Neuron SubClassOf SclerenchymaCell,  False.
CellByClass and Neuron SubClassOf LeafCell,  False.
CellByClass and Neuron SubClassOf Erythrocyte,  False.
CellByClass and Neuron SubClassOf PhotosyntheticCell,  False.
CellByClass and Neuron SubClassOf CirculatingCell,  False.
CellByClass and Neuron SubClassOf PlantCell,  False.
CellByClass and Neuron SubClassOf MatureCell,  True.
CellByClass SubClassOf MatureCell,  False.
Neuron SubClassOf Cell and MatureCell,  True for
Neuron SubClassOf InMatureCell and MatureCell,  True,
Neuron SubClassOf CellByDevelopmentStage and InMatureCell and MatureCell,  True,
Neuron SubClassOf CellByDevelopmentStage and CellByOrganism and InMatureCell and MatureCell,  True,
Neuron SubClassOf CellByDevelopmentStage and CellByOrganism and ElectricallyActiveCell and InMatureCell and MatureCell,  Neur
Neuron SubClassOf CellByDevelopmentStage and CellByOrganism and InMatureCell and MatureCell and StructuralCell,  Here'
Neuron SubClassOf Cell and CellByClass and CellByDevelopmentStage and CellByOrganism and InMatureCell and MatureCell,  True for
Neuron SubClassOf CellByClass and CellByDevelopmentStage and CellByOrganism and ElectricallyActiveCell and InMatureCell and MatureCell,  Here are
Neuron SubClassOf CellByClass and CellByDevelopmentStage and CellByOrganism and InMatureCell and MatureCell and StructuralCell,  Here are
CellByClass and ElectricallyActiveCell SubClassOf PhotoreceptorCell,  False.
Cell and CellByDevelopmentStage SubClassOf PhotoreceptorCell,  False.
ChondroBlast and ElectricallyActiveCell SubClassOf PhotoreceptorCell,  False.
CirculatingCell and ElectricallyActiveCell SubClassOf MatureCell,  False.
InMatureCell and StructuralCell SubClassOf ChondroBlast,  I cannot
ChondroBlast and CirculatingCell SubClassOf Miocyte,  False.
ElectricallyActiveCell and MatureCell SubClassOf Miocyte,  False.
MioBlast and SclerenchymaCell SubClassOf ChondroBlast,  False.
Erythrocyte and PhotoreceptorCell SubClassOf ChondroBlast,  False.
CellByOrganism and CirculatingCell SubClassOf ChondroCyte,  I cannot
Miocyte and SclerenchymaCell SubClassOf Neuron,  False.
CellByClass and CellByDevelopmentStage SubClassOf PhotosyntheticCell,  I cannot
Cell and PlantCell SubClassOf Neuron,  False.
CellByClass and Erythrocyte SubClassOf Neuron,  False.
PhotosyntheticCell and StructuralCell SubClassOf PhotoreceptorCell,  False.
CirculatingCell and PlantCell SubClassOf PhotoreceptorCell,  False.
Neuron and PhotosyntheticCell SubClassOf PhotoreceptorCell,  False.
CellByDevelopmentStage and MatureCell SubClassOf LeafCell,  False.
Erythrocyte and SclerenchymaCell SubClassOf ChondroBlast,  False.
CellByOrganism and Neuron SubClassOf Miocyte,  False.
PhotosyntheticCell and StructuralCell SubClassOf Miocyte,  False.
CellByClass SubClassOf CellByOrganism,  False.
MatureCell and PlantCell SubClassOf PhotoreceptorCell,  False.
CellByDevelopmentStage and CirculatingCell SubClassOf SclerenchymaCell,  False.
MatureCell and StructuralCell SubClassOf PhotoreceptorCell,  False.
Neuron and Osteocyte SubClassOf ChondroBlast,  False.
LeafCell and Miocyte SubClassOf ChondroBlast,  False.
InMatureCell and PlantCell SubClassOf ChondroBlast,  False.
MioBlast and PhotoreceptorCell SubClassOf ChondroCyte,  False.
CellByClass and MatureCell SubClassOf SclerenchymaCell,  I cannot
CellByOrganism and PhotosyntheticCell SubClassOf PhotoreceptorCell,  False.
ChondroBlast and Miocyte SubClassOf PhotoreceptorCell,  False.
ChondroBlast and Erythrocyte SubClassOf PhotoreceptorCell,  False.
ElectricallyActiveCell SubClassOf MioBlast,  False.
CellByOrganism and PhotosyntheticCell SubClassOf ChondroCyte,  False.
CellByClass and InMatureCell SubClassOf Miocyte,  I cannot
AnimalCell and StructuralCell SubClassOf Miocyte,  False.
Osteocyte and SclerenchymaCell SubClassOf Miocyte,  False.
ChondroBlast and PhotoreceptorCell SubClassOf Neuron,  True for
ElectricallyActiveCell and Osteocyte SubClassOf Neuron,  False.
MioBlast and PhotoreceptorCell SubClassOf Neuron,  True.
MioBlast and PhotoreceptorCell SubClassOf Miocyte,  False.
MioBlast and PhotoreceptorCell SubClassOf ChondroBlast,  False.
PhotoreceptorCell SubClassOf CellByClass and Neuron,  True for
PhotoreceptorCell SubClassOf MatureCell and Neuron,  True for
PhotoreceptorCell SubClassOf AnimalCell and Neuron,  True for
PhotoreceptorCell SubClassOf Cell and Neuron,  True,
PhotoreceptorCell SubClassOf Cell and InMatureCell and Neuron,  True for
PhotoreceptorCell SubClassOf Cell and CellByDevelopmentStage and Neuron,  True for
PhotoreceptorCell SubClassOf Cell and CellByOrganism and Neuron,  True for
PhotoreceptorCell SubClassOf Cell and ElectricallyActiveCell and Neuron,  True for
PhotoreceptorCell SubClassOf Cell and CellByClass and CellByDevelopmentStage and InMatureCell and Neuron,  True for
PhotoreceptorCell SubClassOf Cell and CellByDevelopmentStage and InMatureCell and MatureCell and Neuron,  True for
PhotoreceptorCell SubClassOf AnimalCell and Cell and CellByDevelopmentStage and InMatureCell and Neuron,  True for
PhotoreceptorCell SubClassOf Cell and CellByDevelopmentStage and CellByOrganism and InMatureCell and Neuron,  True for
PhotoreceptorCell SubClassOf Cell and CellByDevelopmentStage and ElectricallyActiveCell and InMatureCell and Neuron,  True for
CellByDevelopmentStage and Osteocyte SubClassOf ChondroCyte,  False.
Cell and Miocyte SubClassOf ChondroCyte,  False.
CellByClass and CirculatingCell SubClassOf SclerenchymaCell,  I cannot
CirculatingCell and Miocyte SubClassOf PhotoreceptorCell,  False.
CellByClass and ElectricallyActiveCell SubClassOf MatureCell,  I cannot
CellByDevelopmentStage and MatureCell SubClassOf Cell,  True.
CellByDevelopmentStage and MatureCell SubClassOf SclerenchymaCell,  I cannot
CellByDevelopmentStage and MatureCell SubClassOf Erythrocyte,  I cannot
CellByDevelopmentStage and MatureCell SubClassOf PhotosyntheticCell,  I cannot
CellByDevelopmentStage and MatureCell SubClassOf CirculatingCell,  I cannot
CellByDevelopmentStage and MatureCell SubClassOf PlantCell,  I cannot
CellByDevelopmentStage and MatureCell SubClassOf CellByClass, False.
CellByDevelopmentStage SubClassOf Cell,  True.
CellByDevelopmentStage SubClassOf SclerenchymaCell,  False.
CellByDevelopmentStage SubClassOf LeafCell,  False.
CellByDevelopmentStage SubClassOf Erythrocyte,  False.
CellByDevelopmentStage SubClassOf PhotosyntheticCell,  False.
CellByDevelopmentStage SubClassOf PlantCell,  True.
CellByDevelopmentStage SubClassOf Cell and PlantCell,  True,
CellByDevelopmentStage SubClassOf CellByClass,  False.
CellByDevelopmentStage SubClassOf MatureCell,  False.
CellByDevelopmentStage SubClassOf AnimalCell,  True.
CellByDevelopmentStage SubClassOf AnimalCell and Cell and PlantCell,  True,
CellByDevelopmentStage SubClassOf Miocyte,  False.
CellByDevelopmentStage SubClassOf InMatureCell,  False.
CellByDevelopmentStage SubClassOf Osteocyte,  False.
CellByDevelopmentStage SubClassOf ChondroBlast,  False.
CellByDevelopmentStage SubClassOf MioBlast,  False.
CellByDevelopmentStage SubClassOf PhotoreceptorCell,  False.
CellByDevelopmentStage SubClassOf CellByOrganism,  False.
CellByDevelopmentStage SubClassOf ElectricallyActiveCell,  False.
CellByDevelopmentStage SubClassOf StructuralCell,  False.
CellByDevelopmentStage SubClassOf Neuron,  False.
CellByDevelopmentStage SubClassOf ChondroCyte,  False.
InMatureCell and PhotosyntheticCell SubClassOf ChondroBlast,  False.
Cell and Erythrocyte SubClassOf ChondroBlast,  False.
Miocyte and PhotoreceptorCell SubClassOf ChondroBlast,  False.
CirculatingCell and ElectricallyActiveCell SubClassOf AnimalCell,  False.
MioBlast and Osteocyte SubClassOf Neuron,  False.
Can Neuron that is also StructuralCell be considered a subcategory of 'Erythrocyte'?,  False.
Can ElectricallyActiveCell that is also StructuralCell be considered a subcategory of 'Erythrocyte'?,  False.
Can CellByDevelopmentStage that is also InMatureCell be considered a subcategory of 'Osteocyte'?,  False.
Can Miocyte that is also StructuralCell be considered a subcategory of 'LeafCell'?,  False.
Can CellByDevelopmentStage that is also LeafCell be considered a subcategory of 'AnimalCell'?,  True,
Can CellByDevelopmentStage that is also LeafCell be considered a subcategory of 'SclerenchymaCell'?,  False.
Can CellByDevelopmentStage that is also LeafCell be considered a subcategory of 'Erythrocyte'?,  False.
Can CellByDevelopmentStage that is also LeafCell be considered a subcategory of 'PhotosyntheticCell'?,  True,
Can LeafCell be considered a subcategory of 'PhotosyntheticCell'?,  I must
Can CellByDevelopmentStage be considered a subcategory of 'PhotosyntheticCell'?,  False.
Can CellByDevelopmentStage that is also ChondroBlast be considered a subcategory of 'Osteocyte'?,  False.
Can Cell that is also MatureCell be considered a subcategory of 'Osteocyte'?,  True.
Can Cell that is also MatureCell be considered a subcategory of 'SclerenchymaCell'?,  False.
Can Cell that is also MatureCell be considered a subcategory of 'LeafCell'?,  False.
Can Cell that is also MatureCell be considered a subcategory of 'Erythrocyte'?,  True.
Can Cell be considered a subcategory of 'Erythrocyte'?,  False.
Can MatureCell be considered a subcategory of 'Erythrocyte'?,  False.
Can CellByClass that is also InMatureCell be considered a subcategory of 'AnimalCell'?,  False.
Can ChondroCyte that is also LeafCell be considered a subcategory of 'Neuron'?,  False.
Can CirculatingCell that is also LeafCell be considered a subcategory of 'Neuron'?,  False.
Can CellByOrganism that is also ChondroCyte be considered a subcategory of 'AnimalCell'?,  True,
Can CellByOrganism that is also ChondroCyte be considered a subcategory of 'SclerenchymaCell'?,  False.
Can CellByOrganism that is also ChondroCyte be considered a subcategory of 'LeafCell'?,  False.
Can CellByOrganism that is also ChondroCyte be considered a subcategory of 'Erythrocyte'?,  False.
Can CellByOrganism that is also ChondroCyte be considered a subcategory of 'PhotosyntheticCell'?,  False.
Can CellByOrganism that is also ChondroCyte be considered a subcategory of 'CirculatingCell'?,  False.
Can CellByOrganism that is also ChondroCyte be considered a subcategory of 'PlantCell'?,  False.
Can CellByOrganism that is also ChondroCyte be considered a subcategory of 'CellByClass'?,  True,
Can CellByOrganism be considered a subcategory of 'CellByClass'?,  False.
Can ChondroCyte be considered a subcategory of 'CellByClass'?,  False.
Can Osteocyte that is also SclerenchymaCell be considered a subcategory of 'AnimalCell'?,  False.
Can InMatureCell that is also Miocyte be considered a subcategory of 'PhotosyntheticCell'?,  False.
Can Cell that is also StructuralCell be considered a subcategory of 'SclerenchymaCell'?,  False.
Can InMatureCell that is also StructuralCell be considered a subcategory of 'ChondroCyte'?,  False.
Can AnimalCell that is also InMatureCell be considered a subcategory of 'ChondroCyte'?,  False.
Can CellByClass that is also ChondroBlast be considered a subcategory of 'ElectricallyActiveCell'?,  False.
Can CellByDevelopmentStage that is also Miocyte be considered a subcategory of 'SclerenchymaCell'?,  False.
Can InMatureCell that is also StructuralCell be considered a subcategory of 'SclerenchymaCell'?,  False.
Can Cell that is also PhotoreceptorCell be considered a subcategory of 'ElectricallyActiveCell'?,  True.
Can Cell that is also PhotoreceptorCell be considered a subcategory of 'SclerenchymaCell'?,  False.
Can Cell that is also PhotoreceptorCell be considered a subcategory of 'LeafCell'?,  False.
Can Cell that is also PhotoreceptorCell be considered a subcategory of 'Erythrocyte'?,  False.
Can Cell that is also PhotoreceptorCell be considered a subcategory of 'PhotosyntheticCell'?,  False.
Can Cell that is also PhotoreceptorCell be considered a subcategory of 'CirculatingCell'?,  False.
Can Cell that is also PhotoreceptorCell be considered a subcategory of 'PlantCell'?,  False.
Can Cell that is also PhotoreceptorCell be considered a subcategory of 'CellByClass'?,  True,
Can Cell be considered a subcategory of 'CellByClass'?,  False.
Can PhotoreceptorCell be considered a subcategory of 'CellByClass'?,  False.
Can CirculatingCell that is also SclerenchymaCell be considered a subcategory of 'LeafCell'?,  False.
Can LeafCell that is also PhotosyntheticCell be considered a subcategory of 'PhotoreceptorCell'?,  False.
Can CellByDevelopmentStage that is also Osteocyte be considered a subcategory of 'PhotoreceptorCell'?,  False.
Can ChondroCyte be considered a subcategory of 'PhotoreceptorCell'?,  False.
Can Neuron that is also PlantCell be considered a subcategory of 'LeafCell'?,  False.
Can LeafCell that is also SclerenchymaCell be considered a subcategory of 'PhotoreceptorCell'?,  False.
Can CellByClass that is also Osteocyte be considered a subcategory of 'LeafCell'?,  False.
Can CellByOrganism that is also Osteocyte be considered a subcategory of 'StructuralCell'?,  True.
Can CellByOrganism that is also Osteocyte be considered a subcategory of 'SclerenchymaCell'?,  False.
Can CellByOrganism that is also Osteocyte be considered a subcategory of 'LeafCell'?,  False.
Can CellByOrganism that is also Osteocyte be considered a subcategory of 'Erythrocyte'?,  False.
Can CellByOrganism that is also Osteocyte be considered a subcategory of 'PhotosyntheticCell'?,  False.
Can CellByOrganism that is also Osteocyte be considered a subcategory of 'CirculatingCell'?,  False.
Can CellByOrganism that is also Osteocyte be considered a subcategory of 'PlantCell'?,  False.
Can CellByOrganism that is also Osteocyte be considered a subcategory of 'CellByClass'?,  True.
Can Osteocyte be considered a subcategory of 'CellByClass'?,  False.
Can MatureCell that is also MioBlast be considered a subcategory of 'CirculatingCell'?,  False.
Can ElectricallyActiveCell that is also PlantCell be considered a subcategory of 'Cell'?,  True.
Can ElectricallyActiveCell that is also PlantCell be considered a subcategory of 'SclerenchymaCell'?,  False.
Can ElectricallyActiveCell that is also PlantCell be considered a subcategory of 'LeafCell'?,  False.
Can ElectricallyActiveCell that is also PlantCell be considered a subcategory of 'Erythrocyte'?,  False.
Can ElectricallyActiveCell that is also PlantCell be considered a subcategory of 'PhotosyntheticCell'?,  False.
Can ElectricallyActiveCell that is also PlantCell be considered a subcategory of 'CirculatingCell'?,  False.
Can ElectricallyActiveCell that is also PlantCell be considered a subcategory of 'CellByClass'?,  True.
Can ElectricallyActiveCell be considered a subcategory of 'CellByClass'?,  I cannot
Can PlantCell be considered a subcategory of 'CellByClass'?,  False.
Can ChondroBlast that is also Neuron be considered a subcategory of 'StructuralCell'?,  I cannot
Can ChondroBlast that is also SclerenchymaCell be considered a subcategory of 'StructuralCell'?,  True.
Can ChondroBlast that is also SclerenchymaCell be considered a subcategory of 'LeafCell'?,  False.
Can ChondroBlast that is also SclerenchymaCell be considered a subcategory of 'Erythrocyte'?,  False.
Can ChondroBlast that is also SclerenchymaCell be considered a subcategory of 'PhotosyntheticCell'?,  False.
Can ChondroBlast that is also SclerenchymaCell be considered a subcategory of 'CirculatingCell'?,  False.
Can ChondroBlast that is also SclerenchymaCell be considered a subcategory of 'PlantCell'?,  True,
Can SclerenchymaCell be considered a subcategory of 'PlantCell'?,  True,
Can SclerenchymaCell be considered a subcategory of 'LeafCell'?,  False.
Can SclerenchymaCell be considered a subcategory of 'Erythrocyte'?,  False.
Can SclerenchymaCell be considered a subcategory of 'PhotosyntheticCell'?,  False.
Can SclerenchymaCell be considered a subcategory of 'CirculatingCell'?,  False.
Can SclerenchymaCell be considered a subcategory of 'CellByClass'?,  False.
Can SclerenchymaCell be considered a subcategory of 'MatureCell'?,  False.
Can SclerenchymaCell be considered a subcategory of 'AnimalCell'?,  False.
Can SclerenchymaCell be considered a subcategory of 'Cell'?,  True,
Can SclerenchymaCell be considered a subcategory of 'Cell that is also PlantCell'?,  True.
Can SclerenchymaCell be considered a subcategory of 'Miocyte'?,  False.
Can SclerenchymaCell be considered a subcategory of 'InMatureCell'?,  False.
Can SclerenchymaCell be considered a subcategory of 'Osteocyte'?,  False.
Can SclerenchymaCell be considered a subcategory of 'ChondroBlast'?,  False.
Can SclerenchymaCell be considered a subcategory of 'MioBlast'?,  False.
Can SclerenchymaCell be considered a subcategory of 'CellByDevelopmentStage'?,  False.
Can SclerenchymaCell be considered a subcategory of 'PhotoreceptorCell'?,  False.
Can SclerenchymaCell be considered a subcategory of 'CellByOrganism'?,  False.
Can SclerenchymaCell be considered a subcategory of 'ElectricallyActiveCell'?,  False.
Can SclerenchymaCell be considered a subcategory of 'StructuralCell'?,  True.
Can SclerenchymaCell be considered a subcategory of 'Cell that is also PlantCell that is also StructuralCell'?,  True.
Can SclerenchymaCell be considered a subcategory of 'Neuron'?,  False.
Can SclerenchymaCell be considered a subcategory of 'ChondroCyte'?,  False.
Can Erythrocyte that is also StructuralCell be considered a subcategory of 'CirculatingCell'?,  True,
Can Erythrocyte that is also StructuralCell be considered a subcategory of 'SclerenchymaCell'?,  False.
Can Erythrocyte that is also StructuralCell be considered a subcategory of 'LeafCell'?,  False.
Can Erythrocyte that is also StructuralCell be considered a subcategory of 'PhotosyntheticCell'?,  False.
Can Erythrocyte be considered a subcategory of 'CirculatingCell'?,  True.
Can Erythrocyte be considered a subcategory of 'SclerenchymaCell'?,  False.
Can Erythrocyte be considered a subcategory of 'LeafCell'?,  False.
Can Erythrocyte be considered a subcategory of 'PhotosyntheticCell'?,  False.
Can Erythrocyte be considered a subcategory of 'PlantCell'?,  False.
Can Erythrocyte be considered a subcategory of 'CellByClass'?,  False.
Can Erythrocyte be considered a subcategory of 'MatureCell'?,  True,
Can Erythrocyte be considered a subcategory of 'CirculatingCell that is also MatureCell'?,  True.
Can Erythrocyte be considered a subcategory of 'AnimalCell'?,  True,
Can Erythrocyte be considered a subcategory of 'AnimalCell that is also CirculatingCell that is also MatureCell'?,  True.
Can Erythrocyte be considered a subcategory of 'Cell'?,  True.
Can Erythrocyte be considered a subcategory of 'AnimalCell that is also Cell that is also CirculatingCell that is also MatureCell'?,  True.
Can Erythrocyte be considered a subcategory of 'Miocyte'?,  False.
Can Erythrocyte be considered a subcategory of 'InMatureCell'?,  False.
Can Erythrocyte be considered a subcategory of 'Osteocyte'?,  False.
Can Erythrocyte be considered a subcategory of 'ChondroBlast'?,  False.
Can Erythrocyte be considered a subcategory of 'MioBlast'?,  False.
Can Erythrocyte be considered a subcategory of 'CellByDevelopmentStage'?,  False.
Can Erythrocyte be considered a subcategory of 'PhotoreceptorCell'?,  False.
Can Erythrocyte be considered a subcategory of 'CellByOrganism'?,  False.
Can Erythrocyte be considered a subcategory of 'ElectricallyActiveCell'?,  False.
Can Erythrocyte be considered a subcategory of 'StructuralCell'?,  False.
Can Erythrocyte be considered a subcategory of 'Neuron'?,  False.
Can Erythrocyte be considered a subcategory of 'ChondroCyte'?,  False.
Can AnimalCell be considered a subcategory of 'Cell'?,  True.
Can AnimalCell be considered a subcategory of 'SclerenchymaCell'?,  False.
Can AnimalCell be considered a subcategory of 'LeafCell'?,  False.
Can AnimalCell be considered a subcategory of 'Erythrocyte'?,  False.
Can AnimalCell be considered a subcategory of 'PhotosyntheticCell'?,  False.
Can AnimalCell be considered a subcategory of 'CirculatingCell'?,  False.
Can AnimalCell be considered a subcategory of 'PlantCell'?,  False.
Can AnimalCell be considered a subcategory of 'CellByClass'?,  False.
Can AnimalCell be considered a subcategory of 'MatureCell'?,  False.
Can AnimalCell be considered a subcategory of 'Miocyte'?,  False.
Can AnimalCell be considered a subcategory of 'InMatureCell'?,  False.
Can AnimalCell be considered a subcategory of 'Osteocyte'?,  False.
Can AnimalCell be considered a subcategory of 'ChondroBlast'?,  False.
Can AnimalCell be considered a subcategory of 'MioBlast'?,  False.
Can AnimalCell be considered a subcategory of 'CellByDevelopmentStage'?,  False.
Can AnimalCell be considered a subcategory of 'PhotoreceptorCell'?,  False.
Can AnimalCell be considered a subcategory of 'CellByOrganism'?,  False.
Can AnimalCell be considered a subcategory of 'ElectricallyActiveCell'?,  False.
Can AnimalCell be considered a subcategory of 'StructuralCell'?,  False.
Can AnimalCell be considered a subcategory of 'Neuron'?,  False.
Can AnimalCell be considered a subcategory of 'ChondroCyte'?,  False.
Can ElectricallyActiveCell that is also LeafCell be considered a subcategory of 'Cell'?,  True.
Can ElectricallyActiveCell that is also LeafCell be considered a subcategory of 'SclerenchymaCell'?,  False.
Can ElectricallyActiveCell that is also LeafCell be considered a subcategory of 'Erythrocyte'?,  False.
Can ElectricallyActiveCell that is also LeafCell be considered a subcategory of 'PhotosyntheticCell'?,  False.
Can ElectricallyActiveCell that is also LeafCell be considered a subcategory of 'CirculatingCell'?,  False.
Can ElectricallyActiveCell that is also LeafCell be considered a subcategory of 'PlantCell'?,  True.
Can LeafCell be considered a subcategory of 'PlantCell'?,  I must
Can ElectricallyActiveCell be considered a subcategory of 'PlantCell'?,  False.
Can CellByDevelopmentStage that is also PhotoreceptorCell be considered a subcategory of 'MatureCell'?,  False.
Can InMatureCell that is also PlantCell be considered a subcategory of 'CellByClass'?,  False.
Can CellByOrganism that is also PhotoreceptorCell be considered a subcategory of 'ChondroBlast'?,  False.
Can AnimalCell that is also ElectricallyActiveCell be considered a subcategory of 'MatureCell'?,  False.
Can Cell that is also PhotosyntheticCell be considered a subcategory of 'MatureCell'?,  False.
Can StructuralCell be considered a subcategory of 'PlantCell'?,  I must
Can CirculatingCell that is also Neuron be considered a subcategory of 'PhotosyntheticCell'?,  False.
Can Erythrocyte that is also Miocyte be considered a subcategory of 'PhotosyntheticCell'?,  False.
Can MioBlast that is also StructuralCell be considered a subcategory of 'InMatureCell'?,  I cannot
Can LeafCell that is also MioBlast be considered a subcategory of 'Miocyte'?,  False.
Can ElectricallyActiveCell that is also MatureCell be considered a subcategory of 'InMatureCell'?,  False.
Can ChondroBlast that is also MatureCell be considered a subcategory of 'PlantCell'?,  False.
Can AnimalCell that is also PhotoreceptorCell be considered a subcategory of 'Miocyte'?,  False.
Can ChondroCyte that is also Erythrocyte be considered a subcategory of 'Miocyte'?,  False.
Can CellByDevelopmentStage that is also ElectricallyActiveCell be considered a subcategory of 'Miocyte'?,  I cannot
Can CellByOrganism that is also ElectricallyActiveCell be considered a subcategory of 'PlantCell'?,  False.
Can PhotoreceptorCell that is also PhotosyntheticCell be considered a subcategory of 'StructuralCell'?,  False.
Can CellByClass that is also PlantCell be considered a subcategory of 'CellByOrganism'?,  False.
Can AnimalCell that is also Cell be considered a subcategory of 'CellByOrganism'?,  False.
Can AnimalCell that is also PhotosyntheticCell be considered a subcategory of 'CellByOrganism'?,  False.
Can CellByOrganism that is also MatureCell be considered a subcategory of 'ChondroCyte'?,  False.
Can ChondroBlast that is also Osteocyte be considered a subcategory of 'ElectricallyActiveCell'?,  False.
Can CirculatingCell that is also LeafCell be considered a subcategory of 'ElectricallyActiveCell'?,  False.
Can ChondroBlast that is also MatureCell be considered a subcategory of 'SclerenchymaCell'?,  False.
Can ChondroCyte that is also PhotosyntheticCell be considered a subcategory of 'PhotoreceptorCell'?,  False.
Can CellByDevelopmentStage that is also ChondroCyte be considered a subcategory of 'SclerenchymaCell'?,  False.
Can ChondroCyte that is also CirculatingCell be considered a subcategory of 'SclerenchymaCell'?,  False.
Can Erythrocyte that is also Osteocyte be considered a subcategory of 'PhotoreceptorCell'?,  False.
Can MioBlast that is also Neuron be considered a subcategory of 'LeafCell'?,  False.
Can CellByClass that is also LeafCell be considered a subcategory of 'SclerenchymaCell'?,  False.
Can Miocyte that is also Osteocyte be considered a subcategory of 'PhotoreceptorCell'?,  False.
Can ElectricallyActiveCell that is also Miocyte be considered a subcategory of 'LeafCell'?,  False.
Can MatureCell that is also StructuralCell be considered a subcategory of 'LeafCell'?,  False.
Can InMatureCell that is also StructuralCell be considered a subcategory of 'LeafCell'?,  False.
Can InMatureCell that is also Neuron be considered a subcategory of 'Erythrocyte'?,  False.
Can MatureCell that is also Osteocyte be considered a subcategory of 'CellByClass'?,  False.
Can MatureCell that is also MioBlast be considered a subcategory of 'ChondroBlast'?,  False.
Can CellByOrganism that is also ChondroBlast be considered a subcategory of 'MatureCell'?,  False.
Can CirculatingCell that is also Miocyte be considered a subcategory of 'CellByClass'?,  true,
Can CirculatingCell that is also Miocyte be considered a subcategory of 'SclerenchymaCell'?,  False.
Can CirculatingCell that is also Miocyte be considered a subcategory of 'LeafCell'?,  False.
Can CirculatingCell that is also Miocyte be considered a subcategory of 'Erythrocyte'?,  False.
Can CirculatingCell that is also Miocyte be considered a subcategory of 'PhotosyntheticCell'?,  False.
Can CirculatingCell that is also Miocyte be considered a subcategory of 'PlantCell'?,  False.
Can Miocyte be considered a subcategory of 'CellByClass'?,  False.
Can CirculatingCell be considered a subcategory of 'CellByClass'?,  I cannot
Can ElectricallyActiveCell that is also SclerenchymaCell be considered a subcategory of 'ChondroBlast'?,  False.
Can CellByClass that is also ElectricallyActiveCell be considered a subcategory of 'ChondroBlast'?,  False.
Can ChondroBlast that is also CirculatingCell be considered a subcategory of 'CellByDevelopmentStage'?,  False.
Can MioBlast that is also PhotosyntheticCell be considered a subcategory of 'CellByDevelopmentStage'?,  False.
Can AnimalCell that is also CellByDevelopmentStage be considered a subcategory of 'MioBlast'?,  False.
Can AnimalCell that is also StructuralCell be considered a subcategory of 'ChondroCyte'?,  False.
Can PhotoreceptorCell that is also PlantCell be considered a subcategory of 'CellByDevelopmentStage'?,  False.
Can CellByOrganism that is also InMatureCell be considered a subcategory of 'ChondroCyte'?,  False.
Can AnimalCell that is also PhotosyntheticCell be considered a subcategory of 'MioBlast'?,  False.
Can ElectricallyActiveCell that is also PlantCell be considered a subcategory of 'MioBlast'?,  False.
Can CellByDevelopmentStage that is also LeafCell be considered a subcategory of 'InMatureCell'?,  I cannot
Can CellByDevelopmentStage that is also ChondroCyte be considered a subcategory of 'PlantCell'?,  False.
Can Cell that is also MatureCell be considered a subcategory of 'PhotosyntheticCell'?,  True,
Can Cell be considered a subcategory of 'PhotosyntheticCell'?,  False.
Can MatureCell be considered a subcategory of 'PhotosyntheticCell'?,  False.
Can CellByClass that is also PlantCell be considered a subcategory of 'PhotosyntheticCell'?,  True,
Can CellByClass that is also PlantCell be considered a subcategory of 'SclerenchymaCell'?,  False.
Can CellByClass that is also PlantCell be considered a subcategory of 'LeafCell'?,  False.
Can CellByClass that is also PlantCell be considered a subcategory of 'Erythrocyte'?,  False.
Can PlantCell be considered a subcategory of 'PhotosyntheticCell'?,  False.
Can CellByClass be considered a subcategory of 'PhotosyntheticCell'?,  False.
Can ElectricallyActiveCell that is also LeafCell be considered a subcategory of 'InMatureCell'?,  False.
Can Cell that is also LeafCell be considered a subcategory of 'PlantCell'?,  True.
Can Cell that is also LeafCell be considered a subcategory of 'SclerenchymaCell'?,  False.
Can Cell that is also LeafCell be considered a subcategory of 'Erythrocyte'?,  False.
Can Cell that is also LeafCell be considered a subcategory of 'PhotosyntheticCell'?,  True,
Can AnimalCell that is also SclerenchymaCell be considered a subcategory of 'InMatureCell'?,  False.
Can ChondroBlast that is also InMatureCell be considered a subcategory of 'CellByOrganism'?,  False.
Can InMatureCell that is also Osteocyte be considered a subcategory of 'Miocyte'?,  False.
Can Neuron that is also PhotoreceptorCell be considered a subcategory of 'Miocyte'?,  False.
Can Cell that is also CirculatingCell be considered a subcategory of 'CellByOrganism'?,  false.
Can Cell that is also Neuron be considered a subcategory of 'StructuralCell'?,  False.
Can MioBlast that is also StructuralCell be considered a subcategory of 'CellByOrganism'?,  I cannot
Can CellByClass that is also CellByDevelopmentStage be considered a subcategory of 'Osteocyte'?,  False.
Can CellByDevelopmentStage that is also CellByOrganism be considered a subcategory of 'AnimalCell'?,  False.
Can Cell that is also InMatureCell be considered a subcategory of 'Erythrocyte'?,  False.
Can Cell that is also LeafCell be considered a subcategory of 'Osteocyte'?,  False.
Can Cell that is also SclerenchymaCell be considered a subcategory of 'AnimalCell'?,  False.
Can LeafCell that is also PhotosyntheticCell be considered a subcategory of 'AnimalCell'?,  False.
Can AnimalCell that is also ChondroCyte be considered a subcategory of 'Erythrocyte'?,  False.
Can ChondroCyte be considered a subcategory of 'Osteocyte'?,  False.
Can Miocyte that is also Neuron be considered a subcategory of 'AnimalCell'?,  False.
Can Erythrocyte that is also InMatureCell be considered a subcategory of 'Neuron'?,  False.
Can Osteocyte that is also PhotoreceptorCell be considered a subcategory of 'Neuron'?,  False.
Can CellByClass that is also Osteocyte be considered a subcategory of 'Neuron'?,  False.
Can Neuron that is also StructuralCell be considered a subcategory of 'InMatureCell'?,  False.
Can Cell that is also SclerenchymaCell be considered a subcategory of 'Neuron'?,  False.
Can InMatureCell that is also MioBlast be considered a subcategory of 'Neuron'?,  False.
Can ChondroBlast that is also LeafCell be considered a subcategory of 'StructuralCell'?,  I cannot
Can InMatureCell that is also SclerenchymaCell be considered a subcategory of 'CellByOrganism'?,  False.
Can LeafCell that is also SclerenchymaCell be considered a subcategory of 'CellByOrganism'?,  False.
Can CirculatingCell that is also InMatureCell be considered a subcategory of 'StructuralCell'?,  False.
Can Miocyte that is also PhotosyntheticCell be considered a subcategory of 'CirculatingCell'?,  False.
Can Neuron that is also Osteocyte be considered a subcategory of 'CirculatingCell'?,  False.
Can ChondroCyte that is also Neuron be considered a subcategory of 'StructuralCell'?,  False.
Can Cell that is also Miocyte be considered a subcategory of 'MatureCell'?,  False.
Can CellByClass that is also StructuralCell be considered a subcategory of 'Cell'?,  True.
Can CellByClass that is also StructuralCell be considered a subcategory of 'SclerenchymaCell'?,  False.
Can CellByClass that is also StructuralCell be considered a subcategory of 'LeafCell'?,  False.
Can CellByClass that is also StructuralCell be considered a subcategory of 'Erythrocyte'?,  False.
Can CellByClass that is also StructuralCell be considered a subcategory of 'PhotosyntheticCell'?,  False.
Can CellByClass that is also StructuralCell be considered a subcategory of 'CirculatingCell'?,  I cannot
Can CellByClass that is also StructuralCell be considered a subcategory of 'PlantCell'?,  False.
Can CellByClass that is also StructuralCell be considered a subcategory of 'MatureCell'?,  False.
Can CellByClass that is also StructuralCell be considered a subcategory of 'AnimalCell'?,  False.
Can StructuralCell be considered a subcategory of 'Cell'?,  True.
Can StructuralCell be considered a subcategory of 'SclerenchymaCell'?,  False.
Can StructuralCell be considered a subcategory of 'LeafCell'?,  False.
Can StructuralCell be considered a subcategory of 'Erythrocyte'?,  False.
Can StructuralCell be considered a subcategory of 'PhotosyntheticCell'?,  False.
Can StructuralCell be considered a subcategory of 'CirculatingCell'?,  False.
Can StructuralCell be considered a subcategory of 'CellByClass'?,  False.
Can StructuralCell be considered a subcategory of 'MatureCell'?,  False.
Can StructuralCell be considered a subcategory of 'AnimalCell'?,  False.
Can StructuralCell be considered a subcategory of 'Miocyte'?,  False.
Can StructuralCell be considered a subcategory of 'InMatureCell'?,  False.
Can StructuralCell be considered a subcategory of 'Osteocyte'?,  False.
Can StructuralCell be considered a subcategory of 'ChondroBlast'?,  False.
Can StructuralCell be considered a subcategory of 'MioBlast'?,  False.
Can StructuralCell be considered a subcategory of 'CellByDevelopmentStage'?,  False.
Can StructuralCell be considered a subcategory of 'PhotoreceptorCell'?,  False.
Can StructuralCell be considered a subcategory of 'CellByOrganism'?,  False.
Can StructuralCell be considered a subcategory of 'ElectricallyActiveCell'?,  False.
Can StructuralCell be considered a subcategory of 'Neuron'?,  False.
Can StructuralCell be considered a subcategory of 'ChondroCyte'?,  False.
Can ChondroCyte that is also Neuron be considered a subcategory of 'MatureCell'?,  False.
Can CellByClass that is also MioBlast be considered a subcategory of 'Cell'?,  True.
Can CellByClass that is also MioBlast be considered a subcategory of 'SclerenchymaCell'?,  False.
Can CellByClass that is also MioBlast be considered a subcategory of 'LeafCell'?,  False.
Can CellByClass that is also MioBlast be considered a subcategory of 'Erythrocyte'?,  False.
Can CellByClass that is also MioBlast be considered a subcategory of 'PhotosyntheticCell'?,  False.
Can CellByClass that is also MioBlast be considered a subcategory of 'CirculatingCell'?,  True,
Can MioBlast be considered a subcategory of 'CirculatingCell'?,  I cannot
Can CellByClass be considered a subcategory of 'CirculatingCell'?,  I cannot
Can CellByDevelopmentStage that is also StructuralCell be considered a subcategory of 'MatureCell'?,  False.
Can Miocyte that is also PhotoreceptorCell be considered a subcategory of 'InMatureCell'?,  False.
Can Erythrocyte that is also Osteocyte be considered a subcategory of 'PlantCell'?,  False.
Can ElectricallyActiveCell that is also PhotoreceptorCell be considered a subcategory of 'PhotosyntheticCell'?,  False.
Can ChondroBlast that is also PhotoreceptorCell be considered a subcategory of 'InMatureCell'?,  I cannot
Can PhotosyntheticCell be considered a subcategory of 'PlantCell'?,  True,
Can PhotosyntheticCell be considered a subcategory of 'SclerenchymaCell'?,  False.
Can PhotosyntheticCell be considered a subcategory of 'LeafCell'?,  False.
Can PhotosyntheticCell be considered a subcategory of 'Erythrocyte'?,  False.
Can PhotosyntheticCell be considered a subcategory of 'CirculatingCell'?,  False.
Can PhotosyntheticCell be considered a subcategory of 'CellByClass'?,  False.
Can PhotosyntheticCell be considered a subcategory of 'MatureCell'?,  False.
Can PhotosyntheticCell be considered a subcategory of 'AnimalCell'?,  False.
Can PhotosyntheticCell be considered a subcategory of 'Cell'?,  True.
Can PhotosyntheticCell be considered a subcategory of 'Cell that is also PlantCell'?,  True.
Can PhotosyntheticCell be considered a subcategory of 'Miocyte'?,  False.
Can PhotosyntheticCell be considered a subcategory of 'InMatureCell'?,  False.
Can PhotosyntheticCell be considered a subcategory of 'Osteocyte'?,  False.
Can PhotosyntheticCell be considered a subcategory of 'ChondroBlast'?,  False.
Can PhotosyntheticCell be considered a subcategory of 'MioBlast'?,  False.
Can PhotosyntheticCell be considered a subcategory of 'CellByDevelopmentStage'?,  False.
Can PhotosyntheticCell be considered a subcategory of 'PhotoreceptorCell'?,  False.
Can PhotosyntheticCell be considered a subcategory of 'CellByOrganism'?,  False.
Can PhotosyntheticCell be considered a subcategory of 'ElectricallyActiveCell'?,  False.
Can PhotosyntheticCell be considered a subcategory of 'StructuralCell'?,  False.
Can PhotosyntheticCell be considered a subcategory of 'Neuron'?,  False.
Can PhotosyntheticCell be considered a subcategory of 'ChondroCyte'?,  False.
Can AnimalCell that is also MioBlast be considered a subcategory of 'PhotosyntheticCell'?,  False.
Can CirculatingCell that is also PhotosyntheticCell be considered a subcategory of 'InMatureCell'?,  False.
Can CellByDevelopmentStage that is also MatureCell be considered a subcategory of 'Miocyte'?,  False.
Can CellByClass that is also CellByOrganism be considered a subcategory of 'Miocyte'?,  False.
Can CirculatingCell that is also PlantCell be considered a subcategory of 'InMatureCell'?,  False.
Can ElectricallyActiveCell that is also MioBlast be considered a subcategory of 'StructuralCell'?,  False.
Can Cell that is also ChondroCyte be considered a subcategory of 'Miocyte'?,  False.
Can ChondroBlast that is also StructuralCell be considered a subcategory of 'Miocyte'?,  False.
Can AnimalCell that is also ChondroBlast be considered a subcategory of 'CellByOrganism'?,  False.
Can Osteocyte that is also PlantCell be considered a subcategory of 'SclerenchymaCell'?,  False.
Can LeafCell that is also Neuron be considered a subcategory of 'ChondroCyte'?,  False.
Can LeafCell that is also SclerenchymaCell be considered a subcategory of 'ElectricallyActiveCell'?,  False.
Can MatureCell that is also Osteocyte be considered a subcategory of 'ElectricallyActiveCell'?,  True.
Can MatureCell that is also Osteocyte be considered a subcategory of 'SclerenchymaCell'?,  False.
Can MatureCell that is also Osteocyte be considered a subcategory of 'LeafCell'?,  False.
Can MatureCell that is also Osteocyte be considered a subcategory of 'Erythrocyte'?,  False.
Can MatureCell that is also Osteocyte be considered a subcategory of 'PhotosyntheticCell'?,  False.
Can MatureCell that is also Osteocyte be considered a subcategory of 'CirculatingCell'?,  False.
Can MatureCell that is also Osteocyte be considered a subcategory of 'PlantCell'?,  False.
Can MatureCell that is also Osteocyte be considered a subcategory of 'AnimalCell'?,  True,
Can Osteocyte be considered a subcategory of 'AnimalCell'?,  False.
Can MatureCell be considered a subcategory of 'AnimalCell'?,  False.
Can AnimalCell that is also Miocyte be considered a subcategory of 'SclerenchymaCell'?,  False.
Can ChondroCyte that is also StructuralCell be considered a subcategory of 'PhotoreceptorCell'?,  False.
Can CellByDevelopmentStage that is also InMatureCell be considered a subcategory of 'ElectricallyActiveCell'?,  False.
Can CellByOrganism that is also Miocyte be considered a subcategory of 'SclerenchymaCell'?,  False.
Can CellByDevelopmentStage that is also ChondroBlast be considered a subcategory of 'PhotoreceptorCell'?,  False.
Can Cell be considered a subcategory of 'PhotoreceptorCell'?,  False.
Can CellByClass that is also InMatureCell be considered a subcategory of 'SclerenchymaCell'?,  False.
Can MioBlast that is also SclerenchymaCell be considered a subcategory of 'Erythrocyte'?,  False.
Can ChondroCyte that is also Miocyte be considered a subcategory of 'LeafCell'?,  False.
Can Osteocyte that is also SclerenchymaCell be considered a subcategory of 'Erythrocyte'?,  False.
Can LeafCell that is also Osteocyte be considered a subcategory of 'CellByClass'?,  False.
Can MatureCell that is also SclerenchymaCell be considered a subcategory of 'ChondroBlast'?,  False.
Can InMatureCell that is also LeafCell be considered a subcategory of 'MatureCell'?,  False.
Can ChondroCyte that is also Miocyte be considered a subcategory of 'CellByDevelopmentStage'?,  False.
Can Cell that is also Miocyte be considered a subcategory of 'ChondroBlast'?,  False.
Can CellByOrganism that is also Neuron be considered a subcategory of 'ChondroBlast'?,  False.
Can AnimalCell that is also InMatureCell be considered a subcategory of 'CellByDevelopmentStage'?,  True,
Can AnimalCell that is also InMatureCell be considered a subcategory of 'SclerenchymaCell'?,  False.
Can AnimalCell that is also InMatureCell be considered a subcategory of 'LeafCell'?,  False.
Can AnimalCell that is also InMatureCell be considered a subcategory of 'Erythrocyte'?,  False.
Can AnimalCell that is also InMatureCell be considered a subcategory of 'PhotosyntheticCell'?,  False.
Can AnimalCell that is also InMatureCell be considered a subcategory of 'CirculatingCell'?,  False.
Can AnimalCell that is also InMatureCell be considered a subcategory of 'PlantCell'?,  False.
Can AnimalCell that is also InMatureCell be considered a subcategory of 'CellByClass'?,  False.
Can AnimalCell that is also InMatureCell be considered a subcategory of 'MatureCell'?,  False.
Can AnimalCell that is also InMatureCell be considered a subcategory of 'Miocyte'?,  False.
Can AnimalCell that is also InMatureCell be considered a subcategory of 'Osteocyte'?,  False.
Can AnimalCell that is also InMatureCell be considered a subcategory of 'ChondroBlast'?,  False.
Can AnimalCell that is also InMatureCell be considered a subcategory of 'MioBlast'?,  False.
Can InMatureCell be considered a subcategory of 'CellByDevelopmentStage'?,  I cannot
Can CellByClass be considered a subcategory of 'MioBlast'?,  False.
Can CellByClass that is also Miocyte be considered a subcategory of 'MioBlast'?,  False.
Can PhotosyntheticCell that is also StructuralCell be considered a subcategory of 'CellByDevelopmentStage'?,  False.
Can Cell that is also PhotoreceptorCell be considered a subcategory of 'CellByDevelopmentStage'?,  False.
Can CirculatingCell that is also SclerenchymaCell be considered a subcategory of 'MioBlast'?,  False.
Can Neuron that is also SclerenchymaCell be considered a subcategory of 'ChondroCyte'?,  False.
Can CellByDevelopmentStage that is also Erythrocyte be considered a subcategory of 'ChondroCyte'?,  False.
Can CellByClass that is also PlantCell be considered a subcategory of 'InMatureCell'?,  False.
Can CirculatingCell that is also Erythrocyte be considered a subcategory of 'Neuron'?,  False.
Can CirculatingCell that is also MioBlast be considered a subcategory of 'InMatureCell'?,  False.
Can MatureCell that is also MioBlast be considered a subcategory of 'Miocyte'?,  False.
Can InMatureCell that is also MioBlast be considered a subcategory of 'CellByOrganism'?,  False.
Can MatureCell that is also Neuron be considered a subcategory of 'PlantCell'?,  False.
Can ChondroBlast that is also ElectricallyActiveCell be considered a subcategory of 'Miocyte'?,  False.
Can Erythrocyte that is also Osteocyte be considered a subcategory of 'CellByOrganism'?,  False.
Can ElectricallyActiveCell that is also LeafCell be considered a subcategory of 'Miocyte'?,  False.
Can ChondroBlast that is also PhotoreceptorCell be considered a subcategory of 'Miocyte'?,  False.
Can AnimalCell that is also CellByClass be considered a subcategory of 'Osteocyte'?,  False.
Can PhotosyntheticCell that is also PlantCell be considered a subcategory of 'Osteocyte'?,  False.
Can Neuron that is also Osteocyte be considered a subcategory of 'LeafCell'?,  False.
Can CellByOrganism that is also StructuralCell be considered a subcategory of 'Osteocyte'?,  I cannot
Can CellByDevelopmentStage that is also PlantCell be considered a subcategory of 'Erythrocyte'?,  False.
Can ChondroBlast that is also InMatureCell be considered a subcategory of 'AnimalCell'?,  False.
Can MioBlast that is also PhotoreceptorCell be considered a subcategory of 'AnimalCell'?,  True.
Can MioBlast that is also PhotoreceptorCell be considered a subcategory of 'SclerenchymaCell'?,  False.
Can MioBlast that is also PhotoreceptorCell be considered a subcategory of 'LeafCell'?,  False.
Can MioBlast that is also PhotoreceptorCell be considered a subcategory of 'Erythrocyte'?,  False.
Can MioBlast that is also PhotoreceptorCell be considered a subcategory of 'PhotosyntheticCell'?,  False.
Can MioBlast that is also PhotoreceptorCell be considered a subcategory of 'CirculatingCell'?,  False.
Can MioBlast that is also PhotoreceptorCell be considered a subcategory of 'PlantCell'?,  False.
Can MioBlast that is also PhotoreceptorCell be considered a subcategory of 'CellByClass'?,  True,
Can MioBlast be considered a subcategory of 'CellByClass'?,  I cannot
Can ElectricallyActiveCell that is also MatureCell be considered a subcategory of 'AnimalCell'?,  True.
Can ElectricallyActiveCell that is also MatureCell be considered a subcategory of 'SclerenchymaCell'?,  False.
Can ElectricallyActiveCell that is also MatureCell be considered a subcategory of 'LeafCell'?,  False.
Can ElectricallyActiveCell that is also MatureCell be considered a subcategory of 'Erythrocyte'?,  False.
Can ElectricallyActiveCell that is also MatureCell be considered a subcategory of 'PhotosyntheticCell'?,  False.
Can ElectricallyActiveCell that is also MatureCell be considered a subcategory of 'CirculatingCell'?,  False.
Can ElectricallyActiveCell that is also MatureCell be considered a subcategory of 'PlantCell'?,  False.
Can ElectricallyActiveCell that is also MatureCell be considered a subcategory of 'CellByClass'?,  True,
Can MatureCell be considered a subcategory of 'CellByClass'?,  I cannot
Can Cell that is also MatureCell be considered a subcategory of 'Neuron'?,  False.
Can Osteocyte that is also PhotoreceptorCell be considered a subcategory of 'PhotosyntheticCell'?,  False.
Can ChondroCyte that is also Erythrocyte be considered a subcategory of 'InMatureCell'?,  False.
Can ChondroBlast that is also ElectricallyActiveCell be considered a subcategory of 'Neuron'?,  False.
Can CellByOrganism that is also ElectricallyActiveCell be considered a subcategory of 'Neuron'?,  False.
Can Cell that is also InMatureCell be considered a subcategory of 'ChondroBlast'?,  False.
Can Miocyte that is also PhotosyntheticCell be considered a subcategory of 'CellByDevelopmentStage'?,  False.
Can AnimalCell that is also PhotosyntheticCell be considered a subcategory of 'CellByClass'?,  False.
Can ChondroCyte that is also PlantCell be considered a subcategory of 'ChondroBlast'?,  False.
Can Cell that is also Miocyte be considered a subcategory of 'CellByDevelopmentStage'?,  False.
Can CellByClass that is also Osteocyte be considered a subcategory of 'CellByDevelopmentStage'?,  False.
Can ChondroCyte that is also Neuron be considered a subcategory of 'CellByDevelopmentStage'?,  False.
Can CellByDevelopmentStage that is also CirculatingCell be considered a subcategory of 'ChondroBlast'?,  False.
Can Erythrocyte that is also Osteocyte be considered a subcategory of 'ElectricallyActiveCell'?,  False.
Can CellByDevelopmentStage that is also Neuron be considered a subcategory of 'MioBlast'?,  False.
Can LeafCell that is also MatureCell be considered a subcategory of 'MioBlast'?,  False.
Can LeafCell that is also PlantCell be considered a subcategory of 'ChondroCyte'?,  False.
Can PhotosyntheticCell that is also PlantCell be considered a subcategory of 'CellByOrganism'?,  False.
Can PhotoreceptorCell that is also PlantCell be considered a subcategory of 'StructuralCell'?,  False.
Can AnimalCell that is also ChondroCyte be considered a subcategory of 'StructuralCell'?,  False.
Can Cell that is also PhotosyntheticCell be considered a subcategory of 'CirculatingCell'?,  False.
Can MatureCell that is also MioBlast be considered a subcategory of 'Cell'?,  True.
Can MatureCell that is also MioBlast be considered a subcategory of 'SclerenchymaCell'?,  False.
Can MatureCell that is also MioBlast be considered a subcategory of 'LeafCell'?,  False.
Can MatureCell that is also MioBlast be considered a subcategory of 'Erythrocyte'?,  False.
Can MatureCell that is also MioBlast be considered a subcategory of 'PhotosyntheticCell'?,  False.
Can MatureCell that is also MioBlast be considered a subcategory of 'PlantCell'?,  False.
Can MatureCell that is also MioBlast be considered a subcategory of 'CellByClass'?,  False.
Can MatureCell that is also MioBlast be considered a subcategory of 'AnimalCell'?,  True.
Can MioBlast be considered a subcategory of 'AnimalCell'?,  False.
Can CellByClass that is also CellByOrganism be considered a subcategory of 'CirculatingCell'?,  False.
Can ChondroBlast that is also StructuralCell be considered a subcategory of 'CirculatingCell'?,  False.
Can MioBlast that is also Neuron be considered a subcategory of 'Cell'?,  True.
Can MioBlast that is also Neuron be considered a subcategory of 'SclerenchymaCell'?,  False.
Can MioBlast that is also Neuron be considered a subcategory of 'Erythrocyte'?,  False.
Can MioBlast that is also Neuron be considered a subcategory of 'PhotosyntheticCell'?,  False.
Can MioBlast that is also Neuron be considered a subcategory of 'CirculatingCell'?,  False.
Can MioBlast that is also Neuron be considered a subcategory of 'PlantCell'?,  False.
Can MioBlast that is also Neuron be considered a subcategory of 'CellByClass'?,  I cannot
Can MioBlast that is also Neuron be considered a subcategory of 'MatureCell'?,  False.
Can MioBlast that is also Neuron be considered a subcategory of 'AnimalCell'?,  False.
Can MioBlast be considered a subcategory of 'Cell'?,  False.
Can Neuron be considered a subcategory of 'Cell'?,  True.
Can Neuron be considered a subcategory of 'SclerenchymaCell'?,  False.
Can Neuron be considered a subcategory of 'LeafCell'?,  False.
Can Neuron be considered a subcategory of 'Erythrocyte'?,  False.
Can Neuron be considered a subcategory of 'PhotosyntheticCell'?,  False.
Can Neuron be considered a subcategory of 'CirculatingCell'?,  False.
Can Neuron be considered a subcategory of 'PlantCell'?,  False.
Can Neuron be considered a subcategory of 'CellByClass'?,  False.
Can Neuron be considered a subcategory of 'MatureCell'?,  False.
Can Neuron be considered a subcategory of 'AnimalCell'?,  False.
Can Neuron be considered a subcategory of 'Miocyte'?,  False.
Can Neuron be considered a subcategory of 'InMatureCell'?,  False.
Can Neuron be considered a subcategory of 'Osteocyte'?,  False.
Can Neuron be considered a subcategory of 'ChondroBlast'?,  False.
Can Neuron be considered a subcategory of 'MioBlast'?,  False.
Can Neuron be considered a subcategory of 'CellByDevelopmentStage'?,  False.
Can Neuron be considered a subcategory of 'PhotoreceptorCell'?,  False.
Can Neuron be considered a subcategory of 'CellByOrganism'?,  False.
Can Neuron be considered a subcategory of 'ElectricallyActiveCell'?,  True.
Can Neuron be considered a subcategory of 'Cell that is also ElectricallyActiveCell'?,  True.
Can Neuron be considered a subcategory of 'StructuralCell'?,  False.
Can Neuron be considered a subcategory of 'ChondroCyte'?,  False.
Can AnimalCell that is also CellByOrganism be considered a subcategory of 'MatureCell'?,  True,
Can AnimalCell that is also CellByOrganism be considered a subcategory of 'SclerenchymaCell'?,  False.
Can AnimalCell that is also CellByOrganism be considered a subcategory of 'LeafCell'?,  False.
Can AnimalCell that is also CellByOrganism be considered a subcategory of 'Erythrocyte'?,  False.
Can AnimalCell that is also CellByOrganism be considered a subcategory of 'PhotosyntheticCell'?,  False.
Can AnimalCell that is also CellByOrganism be considered a subcategory of 'CirculatingCell'?,  False.
Can AnimalCell that is also CellByOrganism be considered a subcategory of 'PlantCell'?,  False.
Can AnimalCell that is also CellByOrganism be considered a subcategory of 'CellByClass'?,  True.
Can PhotoreceptorCell that is also PlantCell be considered a subcategory of 'MatureCell'?,  False.
Can Erythrocyte that is also LeafCell be considered a subcategory of 'CellByClass'?,  False.
Can ChondroBlast that is also PhotosyntheticCell be considered a subcategory of 'ElectricallyActiveCell'?,  False.
Can ChondroBlast that is also SclerenchymaCell be considered a subcategory of 'ChondroCyte'?,  False.
Can CirculatingCell that is also MatureCell be considered a subcategory of 'ElectricallyActiveCell'?,  True,
Can CirculatingCell that is also MatureCell be considered a subcategory of 'SclerenchymaCell'?,  False.
Can CirculatingCell that is also MatureCell be considered a subcategory of 'LeafCell'?,  False.
Can CirculatingCell that is also MatureCell be considered a subcategory of 'Erythrocyte'?,  True,
Can CirculatingCell be considered a subcategory of 'Erythrocyte'?,  False.
Can ElectricallyActiveCell that is also Erythrocyte be considered a subcategory of 'SclerenchymaCell'?,  False.
Can CellByDevelopmentStage that is also PhotoreceptorCell be considered a subcategory of 'SclerenchymaCell'?,  False.
Can CellByClass that is also MioBlast be considered a subcategory of 'ChondroCyte'?,  False.
Can AnimalCell that is also ElectricallyActiveCell be considered a subcategory of 'SclerenchymaCell'?,  False.
Can MatureCell that is also PhotosyntheticCell be considered a subcategory of 'PhotoreceptorCell'?,  False.
Can Erythrocyte that is also StructuralCell be considered a subcategory of 'PhotoreceptorCell'?,  False.
Can AnimalCell that is also Neuron be considered a subcategory of 'SclerenchymaCell'?,  False.
Can CellByOrganism that is also ChondroBlast be considered a subcategory of 'Erythrocyte'?,  False.
Can CellByOrganism that is also CirculatingCell be considered a subcategory of 'PhotoreceptorCell'?,  False.
Can InMatureCell that is also PlantCell be considered a subcategory of 'PhotoreceptorCell'?,  False.
Can ChondroBlast that is also MatureCell be considered a subcategory of 'CellByClass'?,  I cannot
Can CellByOrganism that is also CirculatingCell be considered a subcategory of 'CellByClass'?,  true,
Can CellByOrganism that is also CirculatingCell be considered a subcategory of 'SclerenchymaCell'?,  False.
Can CellByOrganism that is also CirculatingCell be considered a subcategory of 'LeafCell'?,  False.
Can CellByOrganism that is also CirculatingCell be considered a subcategory of 'Erythrocyte'?,  False.
Can CellByOrganism that is also CirculatingCell be considered a subcategory of 'PhotosyntheticCell'?,  False.
Can CellByOrganism that is also CirculatingCell be considered a subcategory of 'PlantCell'?,  False.
Can CirculatingCell that is also Neuron be considered a subcategory of 'ChondroBlast'?,  False.
Can PhotoreceptorCell that is also StructuralCell be considered a subcategory of 'CellByDevelopmentStage'?,  False.
Can Erythrocyte that is also MioBlast be considered a subcategory of 'ChondroBlast'?,  False.
Can AnimalCell that is also Cell be considered a subcategory of 'CellByDevelopmentStage'?,  False.
Can AnimalCell that is also PhotoreceptorCell be considered a subcategory of 'ChondroBlast'?,  False.
Can ElectricallyActiveCell that is also Erythrocyte be considered a subcategory of 'CellByDevelopmentStage'?,  False.
Can CellByOrganism be considered a subcategory of 'MioBlast'?,  False.
Can CellByOrganism that is also Osteocyte be considered a subcategory of 'MioBlast'?,  False.
Can PhotoreceptorCell that is also PhotosyntheticCell be considered a subcategory of 'ChondroCyte'?,  False.
Can ChondroBlast that is also PlantCell be considered a subcategory of 'ChondroCyte'?,  False.
Can CellByDevelopmentStage that is also ChondroCyte be considered a subcategory of 'PhotosyntheticCell'?,  False.
Can Cell that is also ChondroCyte be considered a subcategory of 'InMatureCell'?,  False.
Can Cell that is also CellByOrganism be considered a subcategory of 'InMatureCell'?,  False.
Can AnimalCell that is also CellByClass be considered a subcategory of 'Neuron'?,  False.
Can ChondroBlast that is also LeafCell be considered a subcategory of 'PlantCell'?,  False.
Can Miocyte that is also Osteocyte be considered a subcategory of 'InMatureCell'?,  False.
Can ChondroCyte that is also PhotosyntheticCell be considered a subcategory of 'InMatureCell'?,  False.
Can CirculatingCell that is also InMatureCell be considered a subcategory of 'Miocyte'?,  False.
Can Osteocyte be considered a subcategory of 'PlantCell'?,  False.
Can Cell that is also PlantCell be considered a subcategory of 'Miocyte'?,  False.
Can Cell that is also LeafCell be considered a subcategory of 'CellByOrganism'?,  False.
Can Miocyte that is also SclerenchymaCell be considered a subcategory of 'CellByOrganism'?,  False.
Can MatureCell that is also StructuralCell be considered a subcategory of 'Miocyte'?,  False.
Can Cell that is also ChondroBlast be considered a subcategory of 'Erythrocyte'?,  False.
Can MioBlast that is also PhotosyntheticCell be considered a subcategory of 'Osteocyte'?,  False.
Can ChondroBlast that is also ChondroCyte be considered a subcategory of 'LeafCell'?,  False.
Can Miocyte that is also PhotoreceptorCell be considered a subcategory of 'Osteocyte'?,  False.
Can ElectricallyActiveCell that is also PhotoreceptorCell be considered a subcategory of 'Osteocyte'?,  False.
Can CellByClass that is also ElectricallyActiveCell be considered a subcategory of 'Erythrocyte'?,  False.
Can ElectricallyActiveCell that is also PlantCell be considered a subcategory of 'AnimalCell'?,  False.
Can LeafCell that is also StructuralCell be considered a subcategory of 'Neuron'?,  False.
Can Cell that is also CellByDevelopmentStage be considered a subcategory of 'PhotosyntheticCell'?,  False.
Can CellByOrganism that is also MatureCell be considered a subcategory of 'AnimalCell'?,  True,
Can CellByOrganism that is also MatureCell be considered a subcategory of 'SclerenchymaCell'?,  False.
Can CellByOrganism that is also MatureCell be considered a subcategory of 'LeafCell'?,  False.
Can CellByOrganism that is also MatureCell be considered a subcategory of 'Erythrocyte'?,  False.
Can CellByOrganism that is also MatureCell be considered a subcategory of 'PhotosyntheticCell'?,  False.
Can CellByOrganism that is also MatureCell be considered a subcategory of 'CirculatingCell'?,  False.
Can CellByOrganism that is also MatureCell be considered a subcategory of 'PlantCell'?,  False.
Can CellByOrganism that is also MatureCell be considered a subcategory of 'CellByClass'?,  True.
Can Miocyte that is also PlantCell be considered a subcategory of 'Neuron'?,  False.
Can ChondroCyte that is also StructuralCell be considered a subcategory of 'ChondroBlast'?,  False.
Can AnimalCell that is also SclerenchymaCell be considered a subcategory of 'ChondroBlast'?,  False.
Can CellByDevelopmentStage that is also ChondroCyte be considered a subcategory of 'CellByClass'?,  False.
Can InMatureCell that is also Osteocyte be considered a subcategory of 'ChondroBlast'?,  False.
Can LeafCell that is also Neuron be considered a subcategory of 'CellByDevelopmentStage'?,  False.
Can Miocyte that is also Osteocyte be considered a subcategory of 'CellByDevelopmentStage'?,  False.
Can ChondroCyte that is also StructuralCell be considered a subcategory of 'CellByDevelopmentStage'?,  False.
Can ChondroBlast that is also InMatureCell be considered a subcategory of 'CellByDevelopmentStage'?,  True,
Can ChondroBlast that is also InMatureCell be considered a subcategory of 'SclerenchymaCell'?,  False.
Can ChondroBlast that is also InMatureCell be considered a subcategory of 'LeafCell'?,  False.
Can ChondroBlast that is also InMatureCell be considered a subcategory of 'Erythrocyte'?,  False.
Can ChondroBlast that is also InMatureCell be considered a subcategory of 'PhotosyntheticCell'?,  False.
Can ChondroBlast that is also InMatureCell be considered a subcategory of 'CirculatingCell'?,  False.
Can ChondroBlast that is also InMatureCell be considered a subcategory of 'PlantCell'?,  False.
Can ChondroBlast that is also InMatureCell be considered a subcategory of 'CellByClass'?,  I cannot
Can ChondroBlast that is also InMatureCell be considered a subcategory of 'MatureCell'?,  False.
Can ChondroBlast that is also InMatureCell be considered a subcategory of 'Cell'?,  True.
Can InMatureCell be considered a subcategory of 'Cell'?,  True,
Can InMatureCell be considered a subcategory of 'SclerenchymaCell'?,  False.
Can InMatureCell be considered a subcategory of 'LeafCell'?,  False.
Can InMatureCell be considered a subcategory of 'Erythrocyte'?,  False.
Can InMatureCell be considered a subcategory of 'PhotosyntheticCell'?,  False.
Can InMatureCell be considered a subcategory of 'CirculatingCell'?,  I cannot
Can InMatureCell be considered a subcategory of 'PlantCell'?,  False.
Can InMatureCell be considered a subcategory of 'CellByClass'?,  I cannot
Can InMatureCell be considered a subcategory of 'MatureCell'?,  False.
Can InMatureCell be considered a subcategory of 'AnimalCell'?,  False.
Can InMatureCell be considered a subcategory of 'Miocyte'?,  False.
Can InMatureCell be considered a subcategory of 'Osteocyte'?,  False.
Can InMatureCell be considered a subcategory of 'ChondroBlast'?,  False.
Can InMatureCell be considered a subcategory of 'MioBlast'?,  False.
Can InMatureCell be considered a subcategory of 'PhotoreceptorCell'?,  False.
Can InMatureCell be considered a subcategory of 'CellByOrganism'?,  False.
Can InMatureCell be considered a subcategory of 'ElectricallyActiveCell'?,  False.
Can InMatureCell be considered a subcategory of 'StructuralCell'?,  False.
Can InMatureCell be considered a subcategory of 'Neuron'?,  False.
Can InMatureCell be considered a subcategory of 'ChondroCyte'?,  False.
Can CellByOrganism that is also InMatureCell be considered a subcategory of 'MioBlast'?,  I cannot
Can MatureCell that is also PhotoreceptorCell be considered a subcategory of 'ChondroCyte'?,  False.
Can Cell that is also CirculatingCell be considered a subcategory of 'MioBlast'?,  False.
Can Cell that is also PhotosyntheticCell be considered a subcategory of 'MioBlast'?,  False.
Can AnimalCell that is also ChondroCyte be considered a subcategory of 'CirculatingCell'?,  False.
Can ChondroCyte that is also ElectricallyActiveCell be considered a subcategory of 'CellByOrganism'?,  True,
Can ChondroCyte that is also ElectricallyActiveCell be considered a subcategory of 'SclerenchymaCell'?,  False.
Can ChondroCyte that is also ElectricallyActiveCell be considered a subcategory of 'LeafCell'?,  False.
Can ChondroCyte that is also ElectricallyActiveCell be considered a subcategory of 'Erythrocyte'?,  False.
Can ChondroCyte that is also ElectricallyActiveCell be considered a subcategory of 'PhotosyntheticCell'?,  False.
Can ChondroCyte that is also ElectricallyActiveCell be considered a subcategory of 'CirculatingCell'?,  False.
Can ChondroCyte that is also ElectricallyActiveCell be considered a subcategory of 'PlantCell'?,  False.
Can ChondroCyte that is also ElectricallyActiveCell be considered a subcategory of 'CellByClass'?,  True,
Can CellByClass that is also CellByDevelopmentStage be considered a subcategory of 'StructuralCell'?,  I cannot
Can Osteocyte that is also PhotoreceptorCell be considered a subcategory of 'CirculatingCell'?,  False.
Can ChondroBlast that is also Osteocyte be considered a subcategory of 'Cell'?,  True.
Can ChondroBlast that is also Osteocyte be considered a subcategory of 'SclerenchymaCell'?,  False.
Can ChondroBlast that is also Osteocyte be considered a subcategory of 'LeafCell'?,  False.
Can ChondroBlast that is also Osteocyte be considered a subcategory of 'Erythrocyte'?,  False.
Can ChondroBlast that is also Osteocyte be considered a subcategory of 'PhotosyntheticCell'?,  False.
Can ChondroBlast that is also Osteocyte be considered a subcategory of 'CirculatingCell'?,  False.
Can ChondroBlast that is also Osteocyte be considered a subcategory of 'PlantCell'?,  False.
Can ChondroBlast that is also Osteocyte be considered a subcategory of 'CellByClass'?,  False.
Can ChondroBlast that is also Osteocyte be considered a subcategory of 'MatureCell'?,  False.
Can ChondroBlast that is also Osteocyte be considered a subcategory of 'AnimalCell'?,  True,
Can ChondroBlast be considered a subcategory of 'AnimalCell'?,  False.
Can InMatureCell that is also LeafCell be considered a subcategory of 'CirculatingCell'?,  False.
Can CirculatingCell that is also Miocyte be considered a subcategory of 'Cell'?,  True.
Can CirculatingCell that is also Miocyte be considered a subcategory of 'MatureCell'?,  False.
Can CirculatingCell that is also Miocyte be considered a subcategory of 'AnimalCell'?,  True.
Can Miocyte be considered a subcategory of 'AnimalCell'?,  False.
Can CirculatingCell be considered a subcategory of 'AnimalCell'?,  False.
Can InMatureCell that is also Osteocyte be considered a subcategory of 'CirculatingCell'?,  False.
Can CellByClass that is also PlantCell be considered a subcategory of 'MatureCell'?,  False.
Can PhotosyntheticCell that is also StructuralCell be considered a subcategory of 'MatureCell'?,  True,
Can PhotosyntheticCell that is also StructuralCell be considered a subcategory of 'SclerenchymaCell'?,  False.
Can PhotosyntheticCell that is also StructuralCell be considered a subcategory of 'LeafCell'?,  False.
Can PhotosyntheticCell that is also StructuralCell be considered a subcategory of 'Erythrocyte'?,  False.
Can PhotosyntheticCell that is also StructuralCell be considered a subcategory of 'CirculatingCell'?,  False.
Can PhotosyntheticCell that is also StructuralCell be considered a subcategory of 'CellByClass'?,  True,
Can Cell that is also SclerenchymaCell be considered a subcategory of 'CellByClass'?,  False.
Can Osteocyte that is also PhotoreceptorCell be considered a subcategory of 'LeafCell'?,  False.
Can ElectricallyActiveCell that is also Miocyte be considered a subcategory of 'Osteocyte'?,  False.
Can PhotosyntheticCell that is also SclerenchymaCell be considered a subcategory of 'AnimalCell'?,  False.
Can CirculatingCell that is also Erythrocyte be considered a subcategory of 'Osteocyte'?,  False.
Can AnimalCell that is also Neuron be considered a subcategory of 'Osteocyte'?,  False.
Can CellByDevelopmentStage that is also CirculatingCell be considered a subcategory of 'AnimalCell'?,  True,
Can CellByDevelopmentStage that is also CirculatingCell be considered a subcategory of 'SclerenchymaCell'?,  False.
Can CellByDevelopmentStage that is also CirculatingCell be considered a subcategory of 'LeafCell'?,  False.
Can CellByDevelopmentStage that is also CirculatingCell be considered a subcategory of 'Erythrocyte'?,  False.
Can CellByDevelopmentStage that is also CirculatingCell be considered a subcategory of 'PhotosyntheticCell'?,  False.
Can CellByDevelopmentStage that is also CirculatingCell be considered a subcategory of 'PlantCell'?,  False.
Can CellByDevelopmentStage that is also CirculatingCell be considered a subcategory of 'CellByClass'?,  False.
Can CellByDevelopmentStage that is also CirculatingCell be considered a subcategory of 'MatureCell'?,  False.
Can CellByDevelopmentStage be considered a subcategory of 'AnimalCell'?,  false.
Can CellByOrganism that is also CirculatingCell be considered a subcategory of 'Neuron'?,  False.
Can PlantCell be considered a subcategory of 'Osteocyte'?,  False.
Can CellByOrganism that is also LeafCell be considered a subcategory of 'AnimalCell'?,  False.
Can Cell that is also ChondroBlast be considered a subcategory of 'Neuron'?,  False.
Can AnimalCell that is also MatureCell be considered a subcategory of 'Neuron'?,  False.
Can ChondroBlast that is also ElectricallyActiveCell be considered a subcategory of 'PhotosyntheticCell'?,  False.
Can ElectricallyActiveCell that is also MioBlast be considered a subcategory of 'ChondroCyte'?,  False.
Can PhotoreceptorCell that is also StructuralCell be considered a subcategory of 'ElectricallyActiveCell'?,  True.
Can PhotoreceptorCell that is also StructuralCell be considered a subcategory of 'SclerenchymaCell'?,  False.
Can PhotoreceptorCell that is also StructuralCell be considered a subcategory of 'LeafCell'?,  False.
Can PhotoreceptorCell that is also StructuralCell be considered a subcategory of 'Erythrocyte'?,  False.
Can PhotoreceptorCell that is also StructuralCell be considered a subcategory of 'PhotosyntheticCell'?,  False.
Can PhotoreceptorCell that is also StructuralCell be considered a subcategory of 'CirculatingCell'?,  False.
Can PhotoreceptorCell that is also StructuralCell be considered a subcategory of 'PlantCell'?,  True,
Can PhotoreceptorCell be considered a subcategory of 'PlantCell'?,  False.
Can Erythrocyte that is also MioBlast be considered a subcategory of 'ChondroCyte'?,  False.
Can AnimalCell that is also MatureCell be considered a subcategory of 'ElectricallyActiveCell'?,  False.
Can InMatureCell that is also PhotosyntheticCell be considered a subcategory of 'SclerenchymaCell'?,  False.
Can Neuron that is also PhotoreceptorCell be considered a subcategory of 'SclerenchymaCell'?,  False.
Can CellByOrganism be considered a subcategory of 'PhotoreceptorCell'?,  False.
Can AnimalCell that is also CirculatingCell be considered a subcategory of 'LeafCell'?,  False.
Can LeafCell that is also PhotosyntheticCell be considered a subcategory of 'SclerenchymaCell'?,  False.
Can CellByDevelopmentStage that is also PlantCell be considered a subcategory of 'PhotoreceptorCell'?,  False.
Can ChondroBlast that is also PhotosyntheticCell be considered a subcategory of 'LeafCell'?,  False.
Can ChondroCyte that is also CirculatingCell be considered a subcategory of 'PhotoreceptorCell'?,  False.
Can Cell that is also MatureCell be considered a subcategory of 'PhotoreceptorCell'?,  False.
Can CellByDevelopmentStage that is also InMatureCell be considered a subcategory of 'Neuron'?,  False.
Can Miocyte that is also StructuralCell be considered a subcategory of 'PhotosyntheticCell'?,  False.
Can Erythrocyte that is also Neuron be considered a subcategory of 'InMatureCell'?,  False.
Can CellByClass that is also InMatureCell be considered a subcategory of 'PlantCell'?,  true,
Can CellByClass that is also InMatureCell be considered a subcategory of 'LeafCell'?,  False.
Can CellByClass that is also InMatureCell be considered a subcategory of 'Erythrocyte'?,  False.
Can CellByClass that is also InMatureCell be considered a subcategory of 'PhotosyntheticCell'?,  False.
Can CellByClass that is also InMatureCell be considered a subcategory of 'CirculatingCell'?,  I cannot
Can CellByClass be considered a subcategory of 'PlantCell'?,  False.
Can AnimalCell that is also Miocyte be considered a subcategory of 'InMatureCell'?,  False.
Can ElectricallyActiveCell that is also StructuralCell be considered a subcategory of 'InMatureCell'?,  I cannot
Can CellByOrganism that is also MioBlast be considered a subcategory of 'PlantCell'?,  False.
Can ElectricallyActiveCell that is also Osteocyte be considered a subcategory of 'Miocyte'?,  False.
Can CellByClass that is also LeafCell be considered a subcategory of 'InMatureCell'?,  False.
Can CellByDevelopmentStage that is also ChondroBlast be considered a subcategory of 'PlantCell'?,  False.
Can Erythrocyte that is also PhotosyntheticCell be considered a subcategory of 'Miocyte'?,  False.
Can Erythrocyte that is also SclerenchymaCell be considered a subcategory of 'Miocyte'?,  False.
Can ChondroCyte that is also ElectricallyActiveCell be considered a subcategory of 'MatureCell'?,  False.
Can ChondroCyte that is also ElectricallyActiveCell be considered a subcategory of 'AnimalCell'?,  True.
Can ElectricallyActiveCell be considered a subcategory of 'AnimalCell'?,  False.
Can ChondroCyte be considered a subcategory of 'AnimalCell'?,  True,
Can ChondroCyte be considered a subcategory of 'SclerenchymaCell'?,  False.
Can ChondroCyte be considered a subcategory of 'LeafCell'?,  False.
Can ChondroCyte be considered a subcategory of 'Erythrocyte'?,  False.
Can ChondroCyte be considered a subcategory of 'PhotosyntheticCell'?,  False.
Can ChondroCyte be considered a subcategory of 'CirculatingCell'?,  False.
Can ChondroCyte be considered a subcategory of 'PlantCell'?,  False.
Can ChondroCyte be considered a subcategory of 'MatureCell'?,  False.
Can ChondroCyte be considered a subcategory of 'Cell'?,  True.
Can ChondroCyte be considered a subcategory of 'AnimalCell that is also Cell'?,  True,
Can ChondroCyte be considered a subcategory of 'Miocyte'?,  False.
Can ChondroCyte be considered a subcategory of 'InMatureCell'?,  False.
Can ChondroCyte be considered a subcategory of 'ChondroBlast'?,  False.
Can ChondroCyte be considered a subcategory of 'MioBlast'?,  False.
Can ChondroCyte be considered a subcategory of 'CellByDevelopmentStage'?,  False.
Can ChondroCyte be considered a subcategory of 'CellByOrganism'?,  False.
Can ChondroCyte be considered a subcategory of 'ElectricallyActiveCell'?,  False.
Can ChondroCyte be considered a subcategory of 'StructuralCell'?,  True,
Can ChondroCyte be considered a subcategory of 'AnimalCell that is also Cell that is also StructuralCell'?,  True.
Can ChondroCyte be considered a subcategory of 'Neuron'?,  False.
Can CirculatingCell that is also PhotoreceptorCell be considered a subcategory of 'PlantCell'?,  False.
Can LeafCell that is also Osteocyte be considered a subcategory of 'PhotoreceptorCell'?,  False.
Can CellByDevelopmentStage that is also Neuron be considered a subcategory of 'LeafCell'?,  False.
Can InMatureCell that is also StructuralCell be considered a subcategory of 'Erythrocyte'?,  False.
Can Cell that is also PhotoreceptorCell be considered a subcategory of 'Osteocyte'?,  False.
Can Cell that is also Miocyte be considered a subcategory of 'Osteocyte'?,  False.
Can CellByDevelopmentStage that is also Osteocyte be considered a subcategory of 'AnimalCell'?,  True,
Can CellByDevelopmentStage that is also Osteocyte be considered a subcategory of 'SclerenchymaCell'?,  False.
Can CellByDevelopmentStage that is also Osteocyte be considered a subcategory of 'LeafCell'?,  False.
Can CellByDevelopmentStage that is also Osteocyte be considered a subcategory of 'Erythrocyte'?,  False.
Can CellByDevelopmentStage that is also Osteocyte be considered a subcategory of 'PhotosyntheticCell'?,  False.
Can CellByDevelopmentStage that is also Osteocyte be considered a subcategory of 'CirculatingCell'?,  False.
Can CellByDevelopmentStage that is also Osteocyte be considered a subcategory of 'PlantCell'?,  False.
Can CellByDevelopmentStage that is also Osteocyte be considered a subcategory of 'CellByClass'?,  False.
Can CellByDevelopmentStage that is also Osteocyte be considered a subcategory of 'MatureCell'?,  True,
Can Osteocyte be considered a subcategory of 'MatureCell'?,  True,
Can Osteocyte be considered a subcategory of 'SclerenchymaCell'?,  False.
Can Osteocyte be considered a subcategory of 'LeafCell'?,  False.
Can Osteocyte be considered a subcategory of 'Erythrocyte'?,  False.
Can Osteocyte be considered a subcategory of 'PhotosyntheticCell'?,  False.
Can Osteocyte be considered a subcategory of 'CirculatingCell'?,  False.
Can Osteocyte be considered a subcategory of 'Cell'?,  True.
Can Osteocyte be considered a subcategory of 'Cell that is also MatureCell'?,  True.
Can Osteocyte be considered a subcategory of 'Miocyte'?,  False.
Can Osteocyte be considered a subcategory of 'InMatureCell'?,  False.
Can Osteocyte be considered a subcategory of 'ChondroBlast'?,  False.
Can Osteocyte be considered a subcategory of 'MioBlast'?,  False.
Can Osteocyte be considered a subcategory of 'CellByDevelopmentStage'?,  False.
Can Osteocyte be considered a subcategory of 'PhotoreceptorCell'?,  False.
Can Osteocyte be considered a subcategory of 'CellByOrganism'?,  False.
Can Osteocyte be considered a subcategory of 'ElectricallyActiveCell'?,  True.
Can Osteocyte be considered a subcategory of 'Cell that is also ElectricallyActiveCell that is also MatureCell'?,  True.
Can Osteocyte be considered a subcategory of 'StructuralCell'?,  False.
Can Osteocyte be considered a subcategory of 'Neuron'?,  False.
Can Osteocyte be considered a subcategory of 'ChondroCyte'?,  False.
Can ChondroCyte that is also MioBlast be considered a subcategory of 'Neuron'?,  False.
Can CellByClass that is also ChondroBlast be considered a subcategory of 'Osteocyte'?,  False.
Can CellByClass that is also Miocyte be considered a subcategory of 'AnimalCell'?,  True,
Can CellByClass that is also Miocyte be considered a subcategory of 'SclerenchymaCell'?,  False.
Can CellByClass that is also Miocyte be considered a subcategory of 'LeafCell'?,  False.
Can CellByClass that is also Miocyte be considered a subcategory of 'Erythrocyte'?,  False.
Can CellByClass that is also Miocyte be considered a subcategory of 'PhotosyntheticCell'?,  False.
Can CellByClass that is also Miocyte be considered a subcategory of 'CirculatingCell'?,  True,
Can Miocyte be considered a subcategory of 'CirculatingCell'?,  False.
Can LeafCell that is also SclerenchymaCell be considered a subcategory of 'Neuron'?,  False.
Can CirculatingCell that is also SclerenchymaCell be considered a subcategory of 'AnimalCell'?,  False.
Can Miocyte that is also PlantCell be considered a subcategory of 'CellByClass'?,  False.
Can CellByOrganism that is also Erythrocyte be considered a subcategory of 'ChondroBlast'?,  False.
Can PhotoreceptorCell that is also PhotosyntheticCell be considered a subcategory of 'MatureCell'?,  False.
Can MatureCell that is also Neuron be considered a subcategory of 'ChondroBlast'?,  False.
Can CirculatingCell that is also MioBlast be considered a subcategory of 'ChondroBlast'?,  False.
Can CirculatingCell that is also MatureCell be considered a subcategory of 'CellByClass'?,  True,
Can ElectricallyActiveCell that is also LeafCell be considered a subcategory of 'MioBlast'?,  False.
Can MatureCell that is also MioBlast be considered a subcategory of 'CellByDevelopmentStage'?,  True.
Can MatureCell that is also MioBlast be considered a subcategory of 'InMatureCell'?,  False.
Can MatureCell that is also MioBlast be considered a subcategory of 'Osteocyte'?,  False.
Can MioBlast be considered a subcategory of 'CellByDevelopmentStage'?,  False.
Can MatureCell be considered a subcategory of 'CellByDevelopmentStage'?,  True.
Can MatureCell be considered a subcategory of 'SclerenchymaCell'?,  False.
Can MatureCell be considered a subcategory of 'LeafCell'?,  False.
Can MatureCell be considered a subcategory of 'CirculatingCell'?,  I cannot
Can MatureCell be considered a subcategory of 'PlantCell'?,  False.
Can MatureCell be considered a subcategory of 'Cell'?,  I cannot
Can MatureCell be considered a subcategory of 'Miocyte'?,  False.
Can MatureCell be considered a subcategory of 'InMatureCell'?,  False.
Can MatureCell be considered a subcategory of 'Osteocyte'?,  False.
Can MatureCell be considered a subcategory of 'ChondroBlast'?,  False.
Can MatureCell be considered a subcategory of 'MioBlast'?,  False.
Can MatureCell be considered a subcategory of 'PhotoreceptorCell'?,  False.
Can MatureCell be considered a subcategory of 'CellByOrganism'?,  I cannot
Can MatureCell be considered a subcategory of 'ElectricallyActiveCell'?,  I cannot
Can MatureCell be considered a subcategory of 'StructuralCell'?,  I cannot
Can MatureCell be considered a subcategory of 'Neuron'?,  False.
Can MatureCell be considered a subcategory of 'ChondroCyte'?,  False.
Can MioBlast that is also PlantCell be considered a subcategory of 'CellByDevelopmentStage'?,  False.
Can AnimalCell that is also ElectricallyActiveCell be considered a subcategory of 'MioBlast'?,  False.
Can Cell that is also PhotosyntheticCell be considered a subcategory of 'ChondroCyte'?,  False.
Can AnimalCell that is also Erythrocyte be considered a subcategory of 'MioBlast'?,  False.
Can Erythrocyte that is also PlantCell be considered a subcategory of 'StructuralCell'?,  False.
Can MioBlast that is also PlantCell be considered a subcategory of 'CellByOrganism'?,  False.
Can AnimalCell that is also CellByClass be considered a subcategory of 'CellByOrganism'?,  False.
Can Miocyte that is also PhotosyntheticCell be considered a subcategory of 'StructuralCell'?,  False.
Can CirculatingCell that is also Neuron be considered a subcategory of 'StructuralCell'?,  False.
Can CellByDevelopmentStage that is also ElectricallyActiveCell be considered a subcategory of 'CirculatingCell'?,  False.
Can CellByOrganism that is also ElectricallyActiveCell be considered a subcategory of 'Cell'?,  True.
Can CellByOrganism that is also ElectricallyActiveCell be considered a subcategory of 'SclerenchymaCell'?,  False.
Can CellByOrganism that is also ElectricallyActiveCell be considered a subcategory of 'LeafCell'?,  False.
Can CellByOrganism that is also ElectricallyActiveCell be considered a subcategory of 'Erythrocyte'?,  False.
Can CellByOrganism that is also ElectricallyActiveCell be considered a subcategory of 'PhotosyntheticCell'?,  False.
Can CellByOrganism that is also ElectricallyActiveCell be considered a subcategory of 'CirculatingCell'?,  False.
Can CellByOrganism that is also ElectricallyActiveCell be considered a subcategory of 'CellByClass'?,  True.
Can LeafCell that is also MioBlast be considered a subcategory of 'CirculatingCell'?,  False.
Can LeafCell that is also StructuralCell be considered a subcategory of 'Osteocyte'?,  False.
Can ChondroBlast that is also StructuralCell be considered a subcategory of 'LeafCell'?,  False.
Can InMatureCell that is also Miocyte be considered a subcategory of 'Erythrocyte'?,  False.
Can CellByDevelopmentStage that is also ChondroCyte be considered a subcategory of 'Osteocyte'?,  False.
Can Cell that is also CellByOrganism be considered a subcategory of 'Erythrocyte'?,  False.
Can CellByClass that is also LeafCell be considered a subcategory of 'AnimalCell'?,  False.
Can LeafCell that is also PlantCell be considered a subcategory of 'AnimalCell'?,  False.
Can ChondroCyte that is also PhotosyntheticCell be considered a subcategory of 'Erythrocyte'?,  False.
Can InMatureCell that is also StructuralCell be considered a subcategory of 'AnimalCell'?,  I cannot
Can Erythrocyte that is also Osteocyte be considered a subcategory of 'Neuron'?,  False.
Can CellByOrganism that is also ChondroBlast be considered a subcategory of 'ChondroCyte'?,  True,
Can CellByOrganism that is also ChondroBlast be considered a subcategory of 'SclerenchymaCell'?,  False.
Can CellByOrganism that is also ChondroBlast be considered a subcategory of 'LeafCell'?,  False.
Can CellByOrganism that is also ChondroBlast be considered a subcategory of 'PhotosyntheticCell'?,  False.
Can CellByOrganism that is also ChondroBlast be considered a subcategory of 'CirculatingCell'?,  False.
Can CellByOrganism that is also ChondroBlast be considered a subcategory of 'PlantCell'?,  False.
Can CellByOrganism that is also ChondroBlast be considered a subcategory of 'CellByClass'?,  False.
Can CellByOrganism that is also ChondroBlast be considered a subcategory of 'AnimalCell'?,  True,
Can CellByOrganism be considered a subcategory of 'AnimalCell'?,  False.
Can CirculatingCell that is also Miocyte be considered a subcategory of 'ElectricallyActiveCell'?,  True.
Can CirculatingCell that is also Miocyte be considered a subcategory of 'InMatureCell'?,  I cannot
Can CirculatingCell that is also Miocyte be considered a subcategory of 'Osteocyte'?,  False.
Can CirculatingCell that is also Miocyte be considered a subcategory of 'ChondroBlast'?,  False.
Can CirculatingCell that is also Miocyte be considered a subcategory of 'MioBlast'?,  False.
Can CirculatingCell that is also Miocyte be considered a subcategory of 'CellByDevelopmentStage'?,  True,
Can Miocyte be considered a subcategory of 'CellByDevelopmentStage'?,  False.
Can CirculatingCell be considered a subcategory of 'CellByDevelopmentStage'?,  False.
Can InMatureCell that is also PlantCell be considered a subcategory of 'ElectricallyActiveCell'?,  False.
Can PhotoreceptorCell that is also PlantCell be considered a subcategory of 'MioBlast'?,  False.
Can ChondroBlast that is also CirculatingCell be considered a subcategory of 'SclerenchymaCell'?,  False.
Can Erythrocyte that is also LeafCell be considered a subcategory of 'PhotoreceptorCell'?,  False.
Can CellByClass that is also ElectricallyActiveCell be considered a subcategory of 'SclerenchymaCell'?,  False.
Can AnimalCell that is also Neuron be considered a subcategory of 'PhotoreceptorCell'?,  False.
Can ElectricallyActiveCell that is also InMatureCell be considered a subcategory of 'LeafCell'?,  False.
Can Osteocyte that is also StructuralCell be considered a subcategory of 'PhotoreceptorCell'?,  False.
Can Cell that is also MatureCell be considered a subcategory of 'StructuralCell'?,  False.
Can CellByClass that is also PlantCell be considered a subcategory of 'StructuralCell'?,  False.
Can Neuron that is also StructuralCell be considered a subcategory of 'Miocyte'?,  False.
Can SclerenchymaCell that is also StructuralCell be considered a subcategory of 'CellByOrganism'?,  False.
Can AnimalCell that is also SclerenchymaCell be considered a subcategory of 'CirculatingCell'?,  False.
Can CellByDevelopmentStage that is also LeafCell be considered a subcategory of 'CirculatingCell'?,  False.
Can CellByDevelopmentStage be considered a subcategory of 'CirculatingCell'?,  False.
Can Neuron that is also PhotoreceptorCell be considered a subcategory of 'MatureCell'?,  True,
Can Neuron that is also PhotoreceptorCell be considered a subcategory of 'LeafCell'?,  False.
Can Neuron that is also PhotoreceptorCell be considered a subcategory of 'Erythrocyte'?,  False.
Can Neuron that is also PhotoreceptorCell be considered a subcategory of 'PhotosyntheticCell'?,  False.
Can Neuron that is also PhotoreceptorCell be considered a subcategory of 'CirculatingCell'?,  False.
Can Neuron that is also PhotoreceptorCell be considered a subcategory of 'PlantCell'?,  False.
Can PhotoreceptorCell be considered a subcategory of 'MatureCell'?,  False.
Can ChondroCyte that is also LeafCell be considered a subcategory of 'CirculatingCell'?,  False.
Can CellByOrganism that is also MioBlast be considered a subcategory of 'CellByClass'?,  False.
Can Cell that is also LeafCell be considered a subcategory of 'InMatureCell'?,  False.
Can ElectricallyActiveCell that is also Miocyte be considered a subcategory of 'Neuron'?,  False.
Can AnimalCell that is also CellByDevelopmentStage be considered a subcategory of 'InMatureCell'?,  False.
Can CellByClass that is also ChondroBlast be considered a subcategory of 'PhotosyntheticCell'?,  False.
Can CellByDevelopmentStage that is also CellByOrganism be considered a subcategory of 'InMatureCell'?,  False.
Can LeafCell that is also PhotoreceptorCell be considered a subcategory of 'PlantCell'?,  True.
Can LeafCell that is also PhotoreceptorCell be considered a subcategory of 'SclerenchymaCell'?,  False.
Can LeafCell that is also PhotoreceptorCell be considered a subcategory of 'Erythrocyte'?,  False.
Can LeafCell that is also PhotoreceptorCell be considered a subcategory of 'PhotosyntheticCell'?,  False.
Can LeafCell that is also PhotoreceptorCell be considered a subcategory of 'CirculatingCell'?,  False.
Can LeafCell that is also PhotosyntheticCell be considered a subcategory of 'Miocyte'?,  False.
Can Erythrocyte that is also Neuron be considered a subcategory of 'Miocyte'?,  False.
Can Erythrocyte that is also PhotoreceptorCell be considered a subcategory of 'StructuralCell'?,  False.
Can ElectricallyActiveCell that is also Miocyte be considered a subcategory of 'Cell'?,  True.
Can ElectricallyActiveCell that is also Miocyte be considered a subcategory of 'SclerenchymaCell'?,  False.
Can ElectricallyActiveCell that is also Miocyte be considered a subcategory of 'Erythrocyte'?,  False.
Can ElectricallyActiveCell that is also Miocyte be considered a subcategory of 'PhotosyntheticCell'?,  False.
Can ElectricallyActiveCell that is also Miocyte be considered a subcategory of 'CirculatingCell'?,  False.
Can ElectricallyActiveCell that is also Miocyte be considered a subcategory of 'PlantCell'?,  False.
Can ElectricallyActiveCell that is also Miocyte be considered a subcategory of 'CellByClass'?,  True,
Can ElectricallyActiveCell that is also PhotosyntheticCell be considered a subcategory of 'MatureCell'?,  False.
Can ChondroBlast that is also CirculatingCell be considered a subcategory of 'MatureCell'?,  False.
Can CellByOrganism that is also LeafCell be considered a subcategory of 'Cell'?,  True.
Can CellByOrganism that is also LeafCell be considered a subcategory of 'SclerenchymaCell'?,  False.
Can CellByOrganism that is also LeafCell be considered a subcategory of 'Erythrocyte'?,  False.
Can CellByOrganism that is also LeafCell be considered a subcategory of 'PhotosyntheticCell'?,  True.
Can CellByOrganism be considered a subcategory of 'PhotosyntheticCell'?,  False.
Can Cell that is also MioBlast be considered a subcategory of 'CellByClass'?,  False.
Can MioBlast that is also PhotosyntheticCell be considered a subcategory of 'CellByClass'?,  I cannot
Can CellByDevelopmentStage that is also SclerenchymaCell be considered a subcategory of 'InMatureCell'?,  False.
Can Cell that is also Neuron be considered a subcategory of 'PlantCell'?,  False.
Can AnimalCell that is also Osteocyte be considered a subcategory of 'Miocyte'?,  False.
Can Cell that is also Osteocyte be considered a subcategory of 'StructuralCell'?,  False.
Can ChondroBlast that is also Miocyte be considered a subcategory of 'CellByOrganism'?,  False.
Can CellByDevelopmentStage that is also PhotosyntheticCell be considered a subcategory of 'StructuralCell'?,  False.
Can CellByClass that is also ChondroCyte be considered a subcategory of 'Miocyte'?,  False.
Can CellByClass that is also CirculatingCell be considered a subcategory of 'CellByOrganism'?,  I cannot
Can ChondroBlast that is also Erythrocyte be considered a subcategory of 'SclerenchymaCell'?,  False.
Can InMatureCell that is also PhotoreceptorCell be considered a subcategory of 'ElectricallyActiveCell'?,  True.
Can InMatureCell that is also PhotoreceptorCell be considered a subcategory of 'SclerenchymaCell'?,  False.
Can InMatureCell that is also PhotoreceptorCell be considered a subcategory of 'LeafCell'?,  False.
Can InMatureCell that is also PhotoreceptorCell be considered a subcategory of 'Erythrocyte'?,  False.
Can InMatureCell that is also PhotoreceptorCell be considered a subcategory of 'CirculatingCell'?,  False.
Can InMatureCell that is also PhotoreceptorCell be considered a subcategory of 'MatureCell'?,  False.
Can InMatureCell that is also PhotoreceptorCell be considered a subcategory of 'AnimalCell'?,  True,
Can PhotoreceptorCell be considered a subcategory of 'AnimalCell'?,  True,
Can PhotoreceptorCell be considered a subcategory of 'SclerenchymaCell'?,  False.
Can PhotoreceptorCell be considered a subcategory of 'LeafCell'?,  False.
Can PhotoreceptorCell be considered a subcategory of 'Erythrocyte'?,  False.
Can PhotoreceptorCell be considered a subcategory of 'PhotosyntheticCell'?,  False.
Can PhotoreceptorCell be considered a subcategory of 'CirculatingCell'?,  False.
Can PhotoreceptorCell be considered a subcategory of 'Cell'?,  True.
Can PhotoreceptorCell be considered a subcategory of 'AnimalCell that is also Cell'?,  True,
Can PhotoreceptorCell be considered a subcategory of 'Miocyte'?,  False.
Can PhotoreceptorCell be considered a subcategory of 'InMatureCell'?,  False.
Can PhotoreceptorCell be considered a subcategory of 'Osteocyte'?,  False.
Can PhotoreceptorCell be considered a subcategory of 'ChondroBlast'?,  False.
Can PhotoreceptorCell be considered a subcategory of 'MioBlast'?,  False.
Can PhotoreceptorCell be considered a subcategory of 'CellByDevelopmentStage'?,  False.
Can PhotoreceptorCell be considered a subcategory of 'CellByOrganism'?,  False.
Can PhotoreceptorCell be considered a subcategory of 'ElectricallyActiveCell'?,  True.
Can PhotoreceptorCell be considered a subcategory of 'AnimalCell that is also Cell that is also ElectricallyActiveCell'?,  False.
Can PhotoreceptorCell be considered a subcategory of 'StructuralCell'?,  False.
Can PhotoreceptorCell be considered a subcategory of 'Neuron'?,  True.
Can PhotoreceptorCell be considered a subcategory of 'AnimalCell that is also Cell that is also Neuron'?,  False.
Can PhotoreceptorCell be considered a subcategory of 'ChondroCyte'?,  False.
Can Erythrocyte that is also PhotoreceptorCell be considered a subcategory of 'ElectricallyActiveCell'?,  False.
Can CirculatingCell that is also PlantCell be considered a subcategory of 'SclerenchymaCell'?,  False.
Can CellByOrganism that is also Neuron be considered a subcategory of 'PhotoreceptorCell'?,  False.
Can Osteocyte that is also PhotosyntheticCell be considered a subcategory of 'PhotoreceptorCell'?,  False.
Can MioBlast that is also PlantCell be considered a subcategory of 'LeafCell'?,  False.
Can MatureCell that is also PlantCell be considered a subcategory of 'Erythrocyte'?,  False.
Can CellByClass that is also CirculatingCell be considered a subcategory of 'LeafCell'?,  False.
Can AnimalCell that is also ElectricallyActiveCell be considered a subcategory of 'Erythrocyte'?,  False.
Can CellByDevelopmentStage that is also MioBlast be considered a subcategory of 'LeafCell'?,  False.
Can MioBlast that is also StructuralCell be considered a subcategory of 'Erythrocyte'?,  False.
Can ElectricallyActiveCell that is also PhotoreceptorCell be considered a subcategory of 'ChondroBlast'?,  False.
Can CellByClass that is also PhotoreceptorCell be considered a subcategory of 'ChondroBlast'?,  False.
Can Neuron that is also PlantCell be considered a subcategory of 'CellByDevelopmentStage'?,  False.
Can PlantCell that is also SclerenchymaCell be considered a subcategory of 'MioBlast'?,  False.
Can AnimalCell that is also MioBlast be considered a subcategory of 'ChondroBlast'?,  False.
Can CirculatingCell that is also PhotosyntheticCell be considered a subcategory of 'CellByDevelopmentStage'?,  False.
Can CirculatingCell that is also LeafCell be considered a subcategory of 'MioBlast'?,  False.
Can CellByDevelopmentStage that is also MatureCell be considered a subcategory of 'ChondroCyte'?,  False.
Can CirculatingCell that is also PlantCell be considered a subcategory of 'ChondroCyte'?,  False.
Can ChondroCyte that is also MioBlast be considered a subcategory of 'ElectricallyActiveCell'?,  False.
Can Cell that is also ElectricallyActiveCell be considered a subcategory of 'SclerenchymaCell'?,  False.
Can CellByOrganism that is also ChondroBlast be considered a subcategory of 'Miocyte'?,  False.
Can CellByOrganism that is also ChondroBlast be considered a subcategory of 'InMatureCell'?,  False.
Can CellByOrganism that is also ChondroBlast be considered a subcategory of 'Osteocyte'?,  False.
Can CellByOrganism that is also ChondroBlast be considered a subcategory of 'MioBlast'?,  False.
Can CellByOrganism that is also ChondroBlast be considered a subcategory of 'CellByDevelopmentStage'?,  False.
Can CellByOrganism that is also ChondroBlast be considered a subcategory of 'PhotoreceptorCell'?,  False.
Can CellByOrganism that is also ChondroBlast be considered a subcategory of 'ElectricallyActiveCell'?,  False.
Can CellByOrganism that is also ChondroBlast be considered a subcategory of 'StructuralCell'?,  True,
Can ChondroBlast be considered a subcategory of 'StructuralCell'?,  I cannot
Can CellByOrganism be considered a subcategory of 'StructuralCell'?,  I cannot
Can AnimalCell that is also MioBlast be considered a subcategory of 'ElectricallyActiveCell'?,  False.
Can InMatureCell that is also Neuron be considered a subcategory of 'Miocyte'?,  False.
Can LeafCell that is also Neuron be considered a subcategory of 'InMatureCell'?,  I cannot
Can Osteocyte that is also StructuralCell be considered a subcategory of 'Miocyte'?,  False.
Can ChondroCyte that is also StructuralCell be considered a subcategory of 'CellByOrganism'?,  False.
Can CellByOrganism that is also Miocyte be considered a subcategory of 'PlantCell'?,  False.
Can CellByDevelopmentStage that is also PhotoreceptorCell be considered a subcategory of 'Miocyte'?,  False.
Can CellByClass that is also CellByDevelopmentStage be considered a subcategory of 'CellByOrganism'?,  False.
Can Cell be considered a subcategory of 'CellByOrganism'?,  False.
Can CellByClass that is also PhotosyntheticCell be considered a subcategory of 'Miocyte'?,  False.
Can MioBlast that is also SclerenchymaCell be considered a subcategory of 'CirculatingCell'?,  False.
Can ChondroBlast that is also Neuron be considered a subcategory of 'Osteocyte'?,  False.
Can InMatureCell that is also LeafCell be considered a subcategory of 'Erythrocyte'?,  False.
Can ChondroCyte that is also Miocyte be considered a subcategory of 'Neuron'?,  False.
Can CirculatingCell that is also StructuralCell be considered a subcategory of 'AnimalCell'?,  True,
Can CirculatingCell that is also StructuralCell be considered a subcategory of 'SclerenchymaCell'?,  False.
Can CirculatingCell that is also StructuralCell be considered a subcategory of 'LeafCell'?,  I cannot
Can CirculatingCell that is also StructuralCell be considered a subcategory of 'Erythrocyte'?,  False.
Can CirculatingCell that is also StructuralCell be considered a subcategory of 'PhotosyntheticCell'?,  False.
Can CirculatingCell that is also StructuralCell be considered a subcategory of 'PlantCell'?,  I cannot
Can CirculatingCell that is also StructuralCell be considered a subcategory of 'CellByClass'?,  I cannot
Can CirculatingCell that is also StructuralCell be considered a subcategory of 'MatureCell'?,  I cannot
Can CellByOrganism that is also Neuron be considered a subcategory of 'AnimalCell'?,  True,
Can CellByOrganism that is also Neuron be considered a subcategory of 'SclerenchymaCell'?,  False.
Can CellByOrganism that is also Neuron be considered a subcategory of 'LeafCell'?,  False.
Can CellByOrganism that is also Neuron be considered a subcategory of 'Erythrocyte'?,  False.
Can CellByOrganism that is also Neuron be considered a subcategory of 'PhotosyntheticCell'?,  False.
Can CellByOrganism that is also Neuron be considered a subcategory of 'CirculatingCell'?,  False.
Can CellByOrganism that is also Neuron be considered a subcategory of 'PlantCell'?,  False.
Can CellByOrganism that is also Neuron be considered a subcategory of 'MatureCell'?,  True,
Can CellByOrganism be considered a subcategory of 'MatureCell'?,  False.
Can InMatureCell that is also Osteocyte be considered a subcategory of 'Neuron'?,  False.
Can CellByDevelopmentStage that is also PlantCell be considered a subcategory of 'PhotosyntheticCell'?,  False.
Can PhotosyntheticCell that is also StructuralCell be considered a subcategory of 'AnimalCell'?,  False.
Can SclerenchymaCell that is also StructuralCell be considered a subcategory of 'PhotosyntheticCell'?,  False.
Can CellByDevelopmentStage that is also Erythrocyte be considered a subcategory of 'InMatureCell'?,  False.
Can PhotosyntheticCell that is also SclerenchymaCell be considered a subcategory of 'ChondroBlast'?,  False.
Can CirculatingCell that is also Neuron be considered a subcategory of 'CellByDevelopmentStage'?,  False.
Can AnimalCell that is also Neuron be considered a subcategory of 'ChondroBlast'?,  False.
Can CellByOrganism that is also PlantCell be considered a subcategory of 'MioBlast'?,  False.
Can CellByOrganism that is also Erythrocyte be considered a subcategory of 'MioBlast'?,  False.
Can Cell that is also MioBlast be considered a subcategory of 'ChondroCyte'?,  False.
Can AnimalCell that is also MatureCell be considered a subcategory of 'MioBlast'?,  False.
Can ChondroBlast that is also ElectricallyActiveCell be considered a subcategory of 'ChondroCyte'?,  I cannot
Can Erythrocyte that is also Miocyte be considered a subcategory of 'ElectricallyActiveCell'?,  False.
Can ElectricallyActiveCell that is also PhotoreceptorCell be considered a subcategory of 'MioBlast'?,  False.
Can ChondroBlast that is also PhotoreceptorCell be considered a subcategory of 'ChondroCyte'?,  False.
Can Neuron that is also Osteocyte be considered a subcategory of 'StructuralCell'?,  False.
Can Neuron that is also SclerenchymaCell be considered a subcategory of 'CirculatingCell'?,  False.
Can LeafCell that is also Miocyte be considered a subcategory of 'MatureCell'?,  I cannot
Can CellByDevelopmentStage that is also StructuralCell be considered a subcategory of 'CirculatingCell'?,  False.
Can CellByDevelopmentStage that is also PhotosyntheticCell be considered a subcategory of 'CellByClass'?,  True,
Can CellByDevelopmentStage that is also PhotosyntheticCell be considered a subcategory of 'SclerenchymaCell'?,  False.
Can CellByDevelopmentStage that is also PhotosyntheticCell be considered a subcategory of 'LeafCell'?,  False.
Can CellByDevelopmentStage that is also PhotosyntheticCell be considered a subcategory of 'Erythrocyte'?,  False.
Can CellByDevelopmentStage that is also PhotosyntheticCell be considered a subcategory of 'CirculatingCell'?,  False.
Can CellByDevelopmentStage be considered a subcategory of 'CellByClass'?,  False.
Can ChondroCyte that is also PhotoreceptorCell be considered a subcategory of 'MatureCell'?,  False.
Can CellByClass that is also ChondroCyte be considered a subcategory of 'MatureCell'?,  I cannot
Can Cell that is also CellByDevelopmentStage be considered a subcategory of 'CellByClass'?,  False.
Can LeafCell that is also Osteocyte be considered a subcategory of 'ChondroBlast'?,  False.
Can MioBlast that is also Osteocyte be considered a subcategory of 'ChondroBlast'?,  False.
Can ChondroBlast that is also SclerenchymaCell be considered a subcategory of 'CellByClass'?,  False.
Can Miocyte that is also SclerenchymaCell be considered a subcategory of 'CellByClass'?,  False.
Can Cell that is also MatureCell be considered a subcategory of 'ElectricallyActiveCell'?,  True,
Can Cell that is also MatureCell be considered a subcategory of 'Miocyte'?,  I cannot
Can Cell that is also MatureCell be considered a subcategory of 'InMatureCell'?,  False.
Can Cell be considered a subcategory of 'Osteocyte'?,  False.
Can Neuron that is also StructuralCell be considered a subcategory of 'ChondroCyte'?,  False.
Can CellByDevelopmentStage that is also LeafCell be considered a subcategory of 'PhotoreceptorCell'?,  False.
Can ChondroBlast that is also ChondroCyte be considered a subcategory of 'PhotoreceptorCell'?,  False.
Can Osteocyte that is also PhotosyntheticCell be considered a subcategory of 'LeafCell'?,  False.
Can ChondroCyte that is also LeafCell be considered a subcategory of 'PhotoreceptorCell'?,  False.
Can CellByClass that is also InMatureCell be considered a subcategory of 'PhotoreceptorCell'?,  I cannot
Can InMatureCell that is also Miocyte be considered a subcategory of 'LeafCell'?,  False.
Can Cell that is also StructuralCell be considered a subcategory of 'ChondroBlast'?,  False.
Can CellByClass that is also ChondroBlast be considered a subcategory of 'MioBlast'?,  I cannot
Can CellByDevelopmentStage that is also CellByOrganism be considered a subcategory of 'ChondroBlast'?,  False.
Can Osteocyte that is also SclerenchymaCell be considered a subcategory of 'ChondroCyte'?,  False.
Can CellByClass that is also Osteocyte be considered a subcategory of 'MioBlast'?,  False.
Can LeafCell that is also PhotosyntheticCell be considered a subcategory of 'ChondroCyte'?,  False.
Can InMatureCell that is also MioBlast be considered a subcategory of 'ElectricallyActiveCell'?,  False.
Can Miocyte that is also StructuralCell be considered a subcategory of 'ElectricallyActiveCell'?,  True.
Can Miocyte that is also StructuralCell be considered a subcategory of 'SclerenchymaCell'?,  False.
Can Miocyte that is also StructuralCell be considered a subcategory of 'Erythrocyte'?,  False.
Can Miocyte that is also StructuralCell be considered a subcategory of 'CirculatingCell'?,  False.
Can Miocyte that is also StructuralCell be considered a subcategory of 'PlantCell'?,  False.
Can Miocyte that is also StructuralCell be considered a subcategory of 'CellByClass'?,  I cannot
Can Miocyte that is also StructuralCell be considered a subcategory of 'MatureCell'?,  False.
Can Miocyte that is also StructuralCell be considered a subcategory of 'AnimalCell'?,  True,
Can Neuron that is also PlantCell be considered a subcategory of 'ChondroCyte'?,  False.
Can Erythrocyte that is also InMatureCell be considered a subcategory of 'ChondroCyte'?,  False.
Can ChondroBlast that is also Neuron be considered a subcategory of 'PlantCell'?,  False.
Can ChondroBlast that is also SclerenchymaCell be considered a subcategory of 'Miocyte'?,  False.
Can CirculatingCell that is also MatureCell be considered a subcategory of 'InMatureCell'?,  False.
Can ElectricallyActiveCell that is also PhotosyntheticCell be considered a subcategory of 'Miocyte'?,  False.
Can Cell that is also PhotosyntheticCell be considered a subcategory of 'CellByOrganism'?,  False.
Can Erythrocyte that is also StructuralCell be considered a subcategory of 'CellByOrganism'?,  False.
Can ChondroBlast that is also CirculatingCell be considered a subcategory of 'StructuralCell'?,  I cannot
Can InMatureCell that is also PlantCell be considered a subcategory of 'CellByOrganism'?,  False.
Can CellByOrganism that is also PhotoreceptorCell be considered a subcategory of 'StructuralCell'?,  False.
Can CellByClass that is also SclerenchymaCell be considered a subcategory of 'Erythrocyte'?,  False.
Can CellByDevelopmentStage that is also MatureCell be considered a subcategory of 'Osteocyte'?,  False.
Can Cell that is also StructuralCell be considered a subcategory of 'Osteocyte'?,  False.
Can Cell that is also Neuron be considered a subcategory of 'AnimalCell'?,  False.
Can CellByDevelopmentStage that is also SclerenchymaCell be considered a subcategory of 'Neuron'?,  False.
Can CellByOrganism that is also LeafCell be considered a subcategory of 'Neuron'?,  False.
Can ChondroCyte that is also PlantCell be considered a subcategory of 'Osteocyte'?,  False.
Can CellByOrganism that is also Miocyte be considered a subcategory of 'PhotosyntheticCell'?,  False.
Can ChondroBlast that is also PlantCell be considered a subcategory of 'InMatureCell'?,  False.
Can ChondroCyte that is also MioBlast be considered a subcategory of 'ChondroBlast'?,  False.
Can CirculatingCell that is also ElectricallyActiveCell be considered a subcategory of 'ChondroBlast'?,  False.
Can CellByClass that is also Erythrocyte be considered a subcategory of 'MioBlast'?,  False.
Can AnimalCell that is also Miocyte be considered a subcategory of 'CellByDevelopmentStage'?,  False.
Can PhotoreceptorCell that is also PhotosyntheticCell be considered a subcategory of 'CellByDevelopmentStage'?,  False.
Can PlantCell that is also StructuralCell be considered a subcategory of 'ChondroCyte'?,  False.
Can CellByOrganism that is also Neuron be considered a subcategory of 'ChondroCyte'?,  False.
Can Cell that is also InMatureCell be considered a subcategory of 'ChondroCyte'?,  False.
Can CellByClass that is also LeafCell be considered a subcategory of 'ElectricallyActiveCell'?,  False.
Can CirculatingCell that is also MatureCell be considered a subcategory of 'ChondroCyte'?,  False.
Can MatureCell that is also Osteocyte be considered a subcategory of 'StructuralCell'?,  True.
Can MatureCell that is also Osteocyte be considered a subcategory of 'Miocyte'?,  False.
Can MatureCell that is also Osteocyte be considered a subcategory of 'InMatureCell'?,  False.
Can MatureCell that is also Osteocyte be considered a subcategory of 'ChondroBlast'?,  False.
Can MatureCell that is also Osteocyte be considered a subcategory of 'MioBlast'?,  False.
Can MatureCell that is also Osteocyte be considered a subcategory of 'PhotoreceptorCell'?,  False.
Can MatureCell that is also Osteocyte be considered a subcategory of 'CellByOrganism'?,  False.
Can PhotoreceptorCell that is also PlantCell be considered a subcategory of 'CirculatingCell'?,  False.
Can CellByClass that is also PhotoreceptorCell be considered a subcategory of 'MatureCell'?,  I cannot
Can AnimalCell that is also CellByDevelopmentStage be considered a subcategory of 'MatureCell'?,  False.
Can CirculatingCell that is also LeafCell be considered a subcategory of 'CellByClass'?,  False.
Can CellByOrganism that is also InMatureCell be considered a subcategory of 'CellByClass'?,  False.
Can CellByOrganism that is also SclerenchymaCell be considered a subcategory of 'Osteocyte'?,  False.
Can ElectricallyActiveCell that is also LeafCell be considered a subcategory of 'Neuron'?,  False.
Can MioBlast that is also StructuralCell be considered a subcategory of 'Neuron'?,  False.
Can ChondroBlast that is also InMatureCell be considered a subcategory of 'Neuron'?,  False.
Can Miocyte be considered a subcategory of 'PhotosyntheticCell'?,  False.
Can CellByClass that is also SclerenchymaCell be considered a subcategory of 'InMatureCell'?,  False.
Can CellByClass that is also CellByDevelopmentStage be considered a subcategory of 'InMatureCell'?,  False.
Can Cell that is also CirculatingCell be considered a subcategory of 'PhotosyntheticCell'?,  False.
Can AnimalCell that is also ChondroCyte be considered a subcategory of 'PhotoreceptorCell'?,  False.
Can ChondroCyte that is also SclerenchymaCell be considered a subcategory of 'ElectricallyActiveCell'?,  False.
Can CellByClass that is also CellByDevelopmentStage be considered a subcategory of 'ElectricallyActiveCell'?,  I cannot
Can CellByDevelopmentStage that is also CellByOrganism be considered a subcategory of 'SclerenchymaCell'?,  False.
Can MioBlast that is also Miocyte be considered a subcategory of 'LeafCell'?,  False.
Can Miocyte that is also Neuron be considered a subcategory of 'LeafCell'?,  False.
Can InMatureCell that is also Osteocyte be considered a subcategory of 'PhotoreceptorCell'?,  False.
Can CellByClass that is also MatureCell be considered a subcategory of 'Osteocyte'?,  True,
Can CellByClass that is also MatureCell be considered a subcategory of 'SclerenchymaCell'?,  I cannot
Can CellByClass that is also MatureCell be considered a subcategory of 'LeafCell'?,  I cannot
Can CellByClass that is also MatureCell be considered a subcategory of 'Erythrocyte'?,  False.
Can CellByClass that is also MatureCell be considered a subcategory of 'PhotosyntheticCell'?,  True,
Can Cell that is also SclerenchymaCell be considered a subcategory of 'Erythrocyte'?,  False.
Can AnimalCell that is also CellByOrganism be considered a subcategory of 'InMatureCell'?,  False.
Can CellByClass that is also CirculatingCell be considered a subcategory of 'Miocyte'?,  False.
Can CirculatingCell that is also PlantCell be considered a subcategory of 'Miocyte'?,  False.
Can CellByOrganism that is also PhotosyntheticCell be considered a subcategory of 'InMatureCell'?,  False.
Can CellByDevelopmentStage that is also MioBlast be considered a subcategory of 'PlantCell'?,  False.
Can CellByDevelopmentStage that is also StructuralCell be considered a subcategory of 'Miocyte'?,  False.
Can CellByClass that is also Erythrocyte be considered a subcategory of 'CellByOrganism'?,  False.
Can ChondroCyte that is also Neuron be considered a subcategory of 'CellByOrganism'?,  False.
Can ElectricallyActiveCell that is also SclerenchymaCell be considered a subcategory of 'CellByOrganism'?,  False.
Can CirculatingCell that is also PhotosyntheticCell be considered a subcategory of 'Erythrocyte'?,  False.
Can CellByClass that is also CellByOrganism be considered a subcategory of 'AnimalCell'?,  False.
Can CirculatingCell that is also PlantCell be considered a subcategory of 'Neuron'?,  False.
Can PlantCell that is also SclerenchymaCell be considered a subcategory of 'AnimalCell'?,  False.
Can ChondroBlast that is also StructuralCell be considered a subcategory of 'Neuron'?,  False.
Can AnimalCell that is also MioBlast be considered a subcategory of 'Neuron'?,  False.
Can CellByDevelopmentStage that is also MatureCell be considered a subcategory of 'AnimalCell'?,  True,
Can CellByDevelopmentStage that is also MatureCell be considered a subcategory of 'SclerenchymaCell'?,  False.
Can CellByDevelopmentStage that is also MatureCell be considered a subcategory of 'LeafCell'?,  False.
Can CellByDevelopmentStage that is also MatureCell be considered a subcategory of 'Erythrocyte'?,  False.
Can CellByDevelopmentStage that is also MatureCell be considered a subcategory of 'PhotosyntheticCell'?,  False.
Can CellByDevelopmentStage that is also MatureCell be considered a subcategory of 'CirculatingCell'?,  True,
Can ElectricallyActiveCell that is also MioBlast be considered a subcategory of 'PhotosyntheticCell'?,  False.
Can CellByDevelopmentStage that is also InMatureCell be considered a subcategory of 'CellByClass'?,  False.
Can CellByOrganism that is also Miocyte be considered a subcategory of 'ChondroBlast'?,  False.
Can Neuron that is also PlantCell be considered a subcategory of 'ChondroBlast'?,  False.
Can Cell be considered a subcategory of 'MioBlast'?,  False.
Can CellByClass that is also InMatureCell be considered a subcategory of 'MioBlast'?,  I cannot
Can AnimalCell that is also StructuralCell be considered a subcategory of 'ChondroBlast'?,  False.
Can ElectricallyActiveCell that is also StructuralCell be considered a subcategory of 'CellByDevelopmentStage'?,  False.
Can ChondroCyte that is also Miocyte be considered a subcategory of 'MioBlast'?,  False.
Can CellByDevelopmentStage that is also ChondroBlast be considered a subcategory of 'MioBlast'?,  False.
Can Osteocyte that is also PhotosyntheticCell be considered a subcategory of 'ChondroCyte'?,  False.
Can MioBlast that is also SclerenchymaCell be considered a subcategory of 'ChondroCyte'?,  False.
Can LeafCell that is also Osteocyte be considered a subcategory of 'CellByOrganism'?,  False.
Can CellByDevelopmentStage that is also Neuron be considered a subcategory of 'StructuralCell'?,  True,
Can CellByDevelopmentStage that is also Neuron be considered a subcategory of 'SclerenchymaCell'?,  False.
Can CellByDevelopmentStage that is also Neuron be considered a subcategory of 'Erythrocyte'?,  False.
Can CellByDevelopmentStage that is also Neuron be considered a subcategory of 'PhotosyntheticCell'?,  False.
Can CellByDevelopmentStage that is also Neuron be considered a subcategory of 'CirculatingCell'?,  False.
Can CellByDevelopmentStage that is also Neuron be considered a subcategory of 'PlantCell'?,  False.
Can CellByDevelopmentStage that is also Neuron be considered a subcategory of 'CellByClass'?,  False.
Can CellByDevelopmentStage that is also Neuron be considered a subcategory of 'MatureCell'?,  False.
Can CellByDevelopmentStage that is also Neuron be considered a subcategory of 'AnimalCell'?,  True,
Can ChondroCyte that is also MioBlast be considered a subcategory of 'CellByClass'?,  False.
Can CellByClass be considered a subcategory of 'Cell'?,  False.
Can CellByDevelopmentStage that is also Miocyte be considered a subcategory of 'MatureCell'?,  False.
Can CirculatingCell that is also SclerenchymaCell be considered a subcategory of 'MatureCell'?,  True,
Can CirculatingCell that is also SclerenchymaCell be considered a subcategory of 'Erythrocyte'?,  False.
Can CirculatingCell that is also SclerenchymaCell be considered a subcategory of 'PhotosyntheticCell'?,  False.
Can CirculatingCell that is also SclerenchymaCell be considered a subcategory of 'CellByClass'?,  True,
Can LeafCell that is also Neuron be considered a subcategory of 'MatureCell'?,  I cannot
Can CellByOrganism that is also Miocyte be considered a subcategory of 'Osteocyte'?,  False.
Can ChondroBlast that is also ElectricallyActiveCell be considered a subcategory of 'AnimalCell'?,  I cannot
Can CirculatingCell that is also MioBlast be considered a subcategory of 'AnimalCell'?,  True.
Can CirculatingCell that is also MioBlast be considered a subcategory of 'SclerenchymaCell'?,  False.
Can CirculatingCell that is also MioBlast be considered a subcategory of 'LeafCell'?,  False.
Can CirculatingCell that is also MioBlast be considered a subcategory of 'Erythrocyte'?,  False.
Can CirculatingCell that is also MioBlast be considered a subcategory of 'PhotosyntheticCell'?,  False.
Can CirculatingCell that is also MioBlast be considered a subcategory of 'PlantCell'?,  False.
Can CirculatingCell that is also MioBlast be considered a subcategory of 'CellByClass'?,  False.
Can CirculatingCell that is also MioBlast be considered a subcategory of 'MatureCell'?,  False.
Can MatureCell that is also MioBlast be considered a subcategory of 'Neuron'?,  False.
Can ElectricallyActiveCell that is also InMatureCell be considered a subcategory of 'Neuron'?,  False.
Can AnimalCell that is also ChondroCyte be considered a subcategory of 'PhotosyntheticCell'?,  False.
Can Cell that is also PhotosyntheticCell be considered a subcategory of 'InMatureCell'?,  False.
Can CellByOrganism that is also Erythrocyte be considered a subcategory of 'Neuron'?,  False.
Can Erythrocyte that is also Miocyte be considered a subcategory of 'SclerenchymaCell'?,  False.
Can CellByDevelopmentStage that is also StructuralCell be considered a subcategory of 'PhotoreceptorCell'?,  False.
Can CellByClass that is also ElectricallyActiveCell be considered a subcategory of 'PhotoreceptorCell'?,  False.
Can Cell that is also CellByDevelopmentStage be considered a subcategory of 'PhotoreceptorCell'?,  True,
Can Cell that is also CellByDevelopmentStage be considered a subcategory of 'SclerenchymaCell'?,  False.
Can Cell that is also CellByDevelopmentStage be considered a subcategory of 'LeafCell'?,  False.
Can Cell that is also CellByDevelopmentStage be considered a subcategory of 'Erythrocyte'?,  False.
Can Cell that is also CellByDevelopmentStage be considered a subcategory of 'CirculatingCell'?,  False.
Can Cell that is also CellByDevelopmentStage be considered a subcategory of 'PlantCell'?,  True,
Can Cell be considered a subcategory of 'PlantCell'?,  False.
Can CellByDevelopmentStage be considered a subcategory of 'PlantCell'?,  False.
Can AnimalCell that is also Cell be considered a subcategory of 'SclerenchymaCell'?,  False.
Can ChondroBlast that is also ElectricallyActiveCell be considered a subcategory of 'PhotoreceptorCell'?,  False.
Can CellByDevelopmentStage that is also InMatureCell be considered a subcategory of 'LeafCell'?,  False.
Can AnimalCell that is also CirculatingCell be considered a subcategory of 'Erythrocyte'?,  False.
Can AnimalCell that is also PhotosyntheticCell be considered a subcategory of 'Osteocyte'?,  False.
Can Cell that is also CellByOrganism be considered a subcategory of 'StructuralCell'?,  False.
Can CellByOrganism that is also InMatureCell be considered a subcategory of 'CirculatingCell'?,  False.
Can CirculatingCell that is also ElectricallyActiveCell be considered a subcategory of 'MatureCell'?,  False.
Can ElectricallyActiveCell that is also Neuron be considered a subcategory of 'MatureCell'?,  False.
Can InMatureCell that is also StructuralCell be considered a subcategory of 'ChondroBlast'?,  False.
Can CellByClass that is also CellByOrganism be considered a subcategory of 'InMatureCell'?,  False.
Can CellByOrganism that is also PhotoreceptorCell be considered a subcategory of 'PhotosyntheticCell'?,  False.
Can ChondroBlast that is also CirculatingCell be considered a subcategory of 'Miocyte'?,  False.
Can PhotoreceptorCell that is also PlantCell be considered a subcategory of 'CellByOrganism'?,  False.
Can Erythrocyte that is also LeafCell be considered a subcategory of 'CellByOrganism'?,  False.
Can ElectricallyActiveCell that is also MatureCell be considered a subcategory of 'Miocyte'?,  False.
Can AnimalCell that is also CellByDevelopmentStage be considered a subcategory of 'StructuralCell'?,  False.
Can CellByClass that is also MioBlast be considered a subcategory of 'CellByDevelopmentStage'?,  False.
Can ChondroBlast that is also PhotosyntheticCell be considered a subcategory of 'CellByClass'?,  I cannot
Can MioBlast that is also SclerenchymaCell be considered a subcategory of 'ChondroBlast'?,  False.
Can AnimalCell that is also Neuron be considered a subcategory of 'MioBlast'?,  False.
Can Erythrocyte that is also PhotoreceptorCell be considered a subcategory of 'ChondroBlast'?,  False.
Can MioBlast that is also PhotoreceptorCell be considered a subcategory of 'CellByDevelopmentStage'?,  False.
Can InMatureCell that is also PlantCell be considered a subcategory of 'MioBlast'?,  False.
Can CellByOrganism that is also LeafCell be considered a subcategory of 'MioBlast'?,  False.
Can ElectricallyActiveCell that is also PhotosyntheticCell be considered a subcategory of 'MioBlast'?,  False.
Can ChondroBlast that is also CirculatingCell be considered a subcategory of 'ChondroCyte'?,  False.
Can CellByOrganism that is also CirculatingCell be considered a subcategory of 'ChondroCyte'?,  False.
Can CellByDevelopmentStage that is also SclerenchymaCell be considered a subcategory of 'CirculatingCell'?,  False.
Can LeafCell that is also PhotosyntheticCell be considered a subcategory of 'MatureCell'?,  False.
Can ChondroBlast that is also PlantCell be considered a subcategory of 'MatureCell'?,  False.
Can ChondroCyte that is also CirculatingCell be considered a subcategory of 'MatureCell'?,  False.
Can ChondroCyte that is also MioBlast be considered a subcategory of 'LeafCell'?,  False.
Can Cell that is also ElectricallyActiveCell be considered a subcategory of 'Erythrocyte'?,  False.
Can MioBlast that is also Neuron be considered a subcategory of 'Osteocyte'?,  False.
Can Miocyte that is also SclerenchymaCell be considered a subcategory of 'Neuron'?,  False.
Can CirculatingCell that is also InMatureCell be considered a subcategory of 'AnimalCell'?,  True,
Can CirculatingCell that is also InMatureCell be considered a subcategory of 'SclerenchymaCell'?,  False.
Can CirculatingCell that is also InMatureCell be considered a subcategory of 'LeafCell'?,  False.
Can CirculatingCell that is also InMatureCell be considered a subcategory of 'Erythrocyte'?,  False.
Can CirculatingCell that is also InMatureCell be considered a subcategory of 'PhotosyntheticCell'?,  False.
Can CirculatingCell that is also InMatureCell be considered a subcategory of 'PlantCell'?,  False.
Can CirculatingCell that is also InMatureCell be considered a subcategory of 'CellByClass'?,  False.
Can CirculatingCell that is also InMatureCell be considered a subcategory of 'MatureCell'?,  False.
Can CellByClass that is also CellByDevelopmentStage be considered a subcategory of 'PhotosyntheticCell'?,  False.
Can CellByDevelopmentStage that is also StructuralCell be considered a subcategory of 'PhotosyntheticCell'?,  False.
Can Cell that is also PlantCell be considered a subcategory of 'Neuron'?,  False.
Can CellByClass that is also Erythrocyte be considered a subcategory of 'Neuron'?,  False.
Can ElectricallyActiveCell that is also PhotoreceptorCell be considered a subcategory of 'SclerenchymaCell'?,  False.
Can CellByClass that is also PhotoreceptorCell be considered a subcategory of 'SclerenchymaCell'?,  False.
Can Cell that is also ChondroBlast be considered a subcategory of 'ChondroCyte'?,  True,
Can Cell that is also ChondroBlast be considered a subcategory of 'SclerenchymaCell'?,  False.
Can Cell that is also ChondroBlast be considered a subcategory of 'LeafCell'?,  False.
Can Cell that is also ChondroBlast be considered a subcategory of 'PhotosyntheticCell'?,  False.
Can Cell that is also ChondroBlast be considered a subcategory of 'CirculatingCell'?,  False.
Can Cell that is also ChondroBlast be considered a subcategory of 'PlantCell'?,  False.
Can Cell that is also ChondroBlast be considered a subcategory of 'CellByClass'?,  False.
Can Cell that is also ChondroBlast be considered a subcategory of 'MatureCell'?,  False.
Can Cell that is also ChondroBlast be considered a subcategory of 'AnimalCell'?,  True,
Can Cell be considered a subcategory of 'AnimalCell'?,  False.
Can MioBlast that is also PhotosyntheticCell be considered a subcategory of 'ElectricallyActiveCell'?,  False.
Can AnimalCell that is also MioBlast be considered a subcategory of 'SclerenchymaCell'?,  False.
Can PhotosyntheticCell that is also StructuralCell be considered a subcategory of 'PhotoreceptorCell'?,  False.
Can CirculatingCell that is also PlantCell be considered a subcategory of 'PhotoreceptorCell'?,  False.
Can Neuron that is also PhotosyntheticCell be considered a subcategory of 'PhotoreceptorCell'?,  False.
Can PlantCell that is also SclerenchymaCell be considered a subcategory of 'LeafCell'?,  False.
Can AnimalCell that is also ChondroBlast be considered a subcategory of 'Osteocyte'?,  False.
Can CellByOrganism that is also Miocyte be considered a subcategory of 'Cell'?,  True.
Can CellByOrganism that is also Miocyte be considered a subcategory of 'LeafCell'?,  False.
Can CellByOrganism that is also Miocyte be considered a subcategory of 'Erythrocyte'?,  False.
Can CellByOrganism that is also Miocyte be considered a subcategory of 'CirculatingCell'?,  False.
Can CellByOrganism that is also Miocyte be considered a subcategory of 'CellByClass'?,  True,
Can LeafCell that is also Neuron be considered a subcategory of 'CirculatingCell'?,  False.
Can CellByClass that is also PhotosyntheticCell be considered a subcategory of 'MatureCell'?,  False.
Can ChondroCyte that is also StructuralCell be considered a subcategory of 'MatureCell'?,  False.
Can ChondroCyte that is also Miocyte be considered a subcategory of 'CellByClass'?,  False.
Can Erythrocyte that is also SclerenchymaCell be considered a subcategory of 'ChondroBlast'?,  False.
Can Cell that is also SclerenchymaCell be considered a subcategory of 'PhotosyntheticCell'?,  False.
Can AnimalCell that is also ChondroCyte be considered a subcategory of 'InMatureCell'?,  False.
Can CellByOrganism that is also Neuron be considered a subcategory of 'Miocyte'?,  False.
Can Osteocyte that is also PhotoreceptorCell be considered a subcategory of 'InMatureCell'?,  False.
Can PhotosyntheticCell that is also StructuralCell be considered a subcategory of 'Miocyte'?,  False.
Can Cell that is also SclerenchymaCell be considered a subcategory of 'CellByOrganism'?,  False.
Can ChondroCyte that is also Miocyte be considered a subcategory of 'PlantCell'?,  False.
Can CellByDevelopmentStage that is also Erythrocyte be considered a subcategory of 'CellByOrganism'?,  False.
Can CellByDevelopmentStage that is also ChondroCyte be considered a subcategory of 'CellByOrganism'?,  False.
Can CellByClass be considered a subcategory of 'CellByOrganism'?,  False.
Can Osteocyte that is also PhotoreceptorCell be considered a subcategory of 'SclerenchymaCell'?,  False.
Can PlantCell be considered a subcategory of 'PhotoreceptorCell'?,  False.
Can MatureCell that is also PlantCell be considered a subcategory of 'PhotoreceptorCell'?,  False.
Can AnimalCell that is also MatureCell be considered a subcategory of 'LeafCell'?,  False.
Can ChondroBlast that is also ElectricallyActiveCell be considered a subcategory of 'LeafCell'?,  False.
Can MatureCell that is also StructuralCell be considered a subcategory of 'PhotoreceptorCell'?,  False.
Can ElectricallyActiveCell that is also PhotoreceptorCell be considered a subcategory of 'LeafCell'?,  False.
Can ChondroBlast that is also PhotoreceptorCell be considered a subcategory of 'Erythrocyte'?,  False.
Can Cell that is also MioBlast be considered a subcategory of 'Erythrocyte'?,  False.
Can InMatureCell that is also MioBlast be considered a subcategory of 'LeafCell'?,  False.
Can Neuron that is also Osteocyte be considered a subcategory of 'ChondroBlast'?,  False.
Can MioBlast that is also SclerenchymaCell be considered a subcategory of 'CellByClass'?,  False.
Can LeafCell that is also Miocyte be considered a subcategory of 'ChondroBlast'?,  False.
Can InMatureCell that is also PlantCell be considered a subcategory of 'ChondroBlast'?,  False.
Can AnimalCell that is also CirculatingCell be considered a subcategory of 'MioBlast'?,  False.
Can ChondroBlast that is also MioBlast be considered a subcategory of 'ChondroCyte'?,  False.
Can ChondroBlast that is also PhotosyntheticCell be considered a subcategory of 'MioBlast'?,  I cannot
Can MioBlast that is also PhotoreceptorCell be considered a subcategory of 'ChondroCyte'?,  False.
Can Cell that is also CellByOrganism be considered a subcategory of 'SclerenchymaCell'?,  False.
Can CellByOrganism that is also PhotosyntheticCell be considered a subcategory of 'PhotoreceptorCell'?,  False.
Can MioBlast be considered a subcategory of 'LeafCell'?,  False.
Can ChondroBlast that is also Miocyte be considered a subcategory of 'PhotoreceptorCell'?,  False.
Can ChondroBlast that is also Erythrocyte be considered a subcategory of 'PhotoreceptorCell'?,  False.
Can Erythrocyte that is also MatureCell be considered a subcategory of 'LeafCell'?,  False.
Can AnimalCell that is also PlantCell be considered a subcategory of 'Erythrocyte'?,  False.
Can PhotoreceptorCell that is also SclerenchymaCell be considered a subcategory of 'LeafCell'?,  False.
Can CellByOrganism that is also PlantCell be considered a subcategory of 'AnimalCell'?,  False.
Can AnimalCell that is also LeafCell be considered a subcategory of 'Osteocyte'?,  False.
Can CellByDevelopmentStage that is also PhotosyntheticCell be considered a subcategory of 'Osteocyte'?,  False.
Can CellByClass that is also CellByOrganism be considered a subcategory of 'CellByDevelopmentStage'?,  False.
Can CirculatingCell that is also PlantCell be considered a subcategory of 'CellByDevelopmentStage'?,  False.
Can PhotosyntheticCell that is also PlantCell be considered a subcategory of 'CellByDevelopmentStage'?,  False.
Can CellByOrganism that is also SclerenchymaCell be considered a subcategory of 'MioBlast'?,  False.
Can ChondroBlast that is also StructuralCell be considered a subcategory of 'ChondroCyte'?,  I cannot
Can Erythrocyte that is also MatureCell be considered a subcategory of 'MioBlast'?,  False.
Can InMatureCell that is also PhotoreceptorCell be considered a subcategory of 'Miocyte'?,  False.
Can InMatureCell that is also PhotoreceptorCell be considered a subcategory of 'Osteocyte'?,  False.
Can InMatureCell that is also PhotoreceptorCell be considered a subcategory of 'ChondroBlast'?,  False.
Can InMatureCell that is also PhotoreceptorCell be considered a subcategory of 'MioBlast'?,  False.
Can InMatureCell that is also PhotoreceptorCell be considered a subcategory of 'CellByOrganism'?,  I cannot
Can PhotoreceptorCell be considered a subcategory of 'AnimalCell that is also ElectricallyActiveCell'?,  False.
Can PhotoreceptorCell be considered a subcategory of 'Cell that is also ElectricallyActiveCell'?,  True.
Can PhotoreceptorCell be considered a subcategory of 'Cell that is also ElectricallyActiveCell that is also Neuron'?,  False.
Can PhotoreceptorCell be considered a subcategory of 'AnimalCell that is also Cell that is also ElectricallyActiveCell that is also Neuron'?,  False.
Can ElectricallyActiveCell be considered a subcategory of 'MioBlast'?,  False.
Can ChondroCyte that is also PlantCell be considered a subcategory of 'SclerenchymaCell'?,  False.
Can AnimalCell that is also ChondroBlast be considered a subcategory of 'SclerenchymaCell'?,  False.
Can CellByOrganism that is also PhotosyntheticCell be considered a subcategory of 'ChondroCyte'?,  False.
Can Cell that is also CellByClass be considered a subcategory of 'PlantCell'?,  True,
Can Cell that is also CellByClass be considered a subcategory of 'SclerenchymaCell'?,  False.
Can Cell that is also CellByClass be considered a subcategory of 'LeafCell'?,  False.
Can Cell that is also CellByClass be considered a subcategory of 'Erythrocyte'?,  False.
Can Cell that is also CellByClass be considered a subcategory of 'PhotosyntheticCell'?,  False.
Can Cell that is also CellByClass be considered a subcategory of 'CirculatingCell'?,  True,
Can Cell be considered a subcategory of 'CirculatingCell'?,  False.
Can CellByClass that is also InMatureCell be considered a subcategory of 'Miocyte'?,  I cannot
Can AnimalCell that is also StructuralCell be considered a subcategory of 'Miocyte'?,  False.
Can Cell that is also ElectricallyActiveCell be considered a subcategory of 'PlantCell'?,  False.
Can Osteocyte that is also SclerenchymaCell be considered a subcategory of 'Miocyte'?,  False.
Can ChondroBlast that is also ChondroCyte be considered a subcategory of 'CellByOrganism'?,  False.
Can ChondroCyte that is also LeafCell be considered a subcategory of 'CellByOrganism'?,  False.
Can CirculatingCell that is also Osteocyte be considered a subcategory of 'CellByOrganism'?,  True,
Can CirculatingCell that is also Osteocyte be considered a subcategory of 'SclerenchymaCell'?,  False.
Can CirculatingCell that is also Osteocyte be considered a subcategory of 'LeafCell'?,  False.
Can CirculatingCell that is also Osteocyte be considered a subcategory of 'Miocyte'?,  False.
Can CirculatingCell that is also Osteocyte be considered a subcategory of 'InMatureCell'?,  False.
Can CirculatingCell that is also Osteocyte be considered a subcategory of 'ChondroBlast'?,  False.
Can CirculatingCell that is also Osteocyte be considered a subcategory of 'MioBlast'?,  False.
Can CirculatingCell that is also Osteocyte be considered a subcategory of 'PhotoreceptorCell'?,  False.
Can CirculatingCell be considered a subcategory of 'CellByOrganism'?,  False.
Can Miocyte that is also PlantCell be considered a subcategory of 'StructuralCell'?,  False.
Can ChondroBlast that is also PhotoreceptorCell be considered a subcategory of 'Neuron'?,  False.
Can CellByOrganism that is also ChondroCyte be considered a subcategory of 'Osteocyte'?,  False.
Can Cell that is also CirculatingCell be considered a subcategory of 'AnimalCell'?,  True,
Can Cell that is also CirculatingCell be considered a subcategory of 'SclerenchymaCell'?,  False.
Can Cell that is also CirculatingCell be considered a subcategory of 'LeafCell'?,  False.
Can Cell that is also CirculatingCell be considered a subcategory of 'Erythrocyte'?,  False.
Can Cell that is also CirculatingCell be considered a subcategory of 'PlantCell'?,  False.
Can Cell that is also CirculatingCell be considered a subcategory of 'CellByClass'?,  False.
Can Cell that is also CirculatingCell be considered a subcategory of 'MatureCell'?,  False.
Can ElectricallyActiveCell that is also Osteocyte be considered a subcategory of 'Neuron'?,  False.
Can MioBlast that is also PhotoreceptorCell be considered a subcategory of 'Neuron'?,  True.
Can MioBlast that is also PhotoreceptorCell be considered a subcategory of 'MatureCell'?,  False.
Can MioBlast that is also PhotoreceptorCell be considered a subcategory of 'Miocyte'?,  False.
Can MioBlast that is also PhotoreceptorCell be considered a subcategory of 'InMatureCell'?,  False.
Can MioBlast that is also PhotoreceptorCell be considered a subcategory of 'Osteocyte'?,  False.
Can MioBlast that is also PhotoreceptorCell be considered a subcategory of 'ChondroBlast'?,  False.
Can MioBlast that is also PhotoreceptorCell be considered a subcategory of 'CellByOrganism'?,  True,
Can MioBlast be considered a subcategory of 'CellByOrganism'?,  I cannot
Can ChondroBlast be considered a subcategory of 'PhotosyntheticCell'?,  False.
Can MioBlast that is also Miocyte be considered a subcategory of 'AnimalCell'?,  True,
Can MioBlast that is also Miocyte be considered a subcategory of 'SclerenchymaCell'?,  False.
Can MioBlast that is also Miocyte be considered a subcategory of 'Erythrocyte'?,  False.
Can MioBlast that is also Miocyte be considered a subcategory of 'PhotosyntheticCell'?,  False.
Can MioBlast that is also Miocyte be considered a subcategory of 'CirculatingCell'?,  False.
Can MioBlast that is also Miocyte be considered a subcategory of 'PlantCell'?,  False.
Can MioBlast that is also Miocyte be considered a subcategory of 'CellByClass'?,  False.
Can MioBlast that is also Miocyte be considered a subcategory of 'MatureCell'?,  False.
Can CirculatingCell that is also PhotoreceptorCell be considered a subcategory of 'PhotosyntheticCell'?,  False.
Can CellByDevelopmentStage that is also Miocyte be considered a subcategory of 'PlantCell'?,  False.
Can ChondroCyte that is also ElectricallyActiveCell be considered a subcategory of 'MioBlast'?,  False.
Can Cell that is also MioBlast be considered a subcategory of 'CellByDevelopmentStage'?,  False.
Can CellByClass that is also StructuralCell be considered a subcategory of 'CellByDevelopmentStage'?,  False.
Can LeafCell be considered a subcategory of 'MioBlast'?,  I cannot
Can CellByDevelopmentStage that is also Osteocyte be considered a subcategory of 'ChondroCyte'?,  False.
Can Cell that is also Miocyte be considered a subcategory of 'ChondroCyte'?,  False.
Can CellByClass that is also CirculatingCell be considered a subcategory of 'SclerenchymaCell'?,  False.
Can CirculatingCell that is also Miocyte be considered a subcategory of 'PhotoreceptorCell'?,  False.
Can Miocyte that is also PhotosyntheticCell be considered a subcategory of 'ElectricallyActiveCell'?,  False.
Can CellByOrganism that is also PhotoreceptorCell be considered a subcategory of 'SclerenchymaCell'?,  False.
Can CellByClass that is also ElectricallyActiveCell be considered a subcategory of 'MatureCell'?,  I cannot
Can ChondroBlast that is also SclerenchymaCell be considered a subcategory of 'MatureCell'?,  False.
Can CellByOrganism that is also LeafCell be considered a subcategory of 'CellByClass'?,  True.
Can CellByOrganism that is also LeafCell be considered a subcategory of 'CirculatingCell'?,  False.
Can LeafCell be considered a subcategory of 'CellByClass'?,  I cannot
Can CirculatingCell that is also Neuron be considered a subcategory of 'CellByClass'?,  True,
Can CirculatingCell that is also Neuron be considered a subcategory of 'SclerenchymaCell'?,  False.
Can CirculatingCell that is also Neuron be considered a subcategory of 'LeafCell'?,  False.
Can CirculatingCell that is also Neuron be considered a subcategory of 'Erythrocyte'?,  False.
Can CirculatingCell that is also Neuron be considered a subcategory of 'PlantCell'?,  False.
Can InMatureCell that is also PhotosyntheticCell be considered a subcategory of 'ChondroBlast'?,  False.
Can Cell that is also Erythrocyte be considered a subcategory of 'ChondroBlast'?,  False.
Can Miocyte that is also PhotoreceptorCell be considered a subcategory of 'ChondroBlast'?,  False.
Can CirculatingCell that is also ElectricallyActiveCell be considered a subcategory of 'AnimalCell'?,  True,
Can CirculatingCell that is also ElectricallyActiveCell be considered a subcategory of 'SclerenchymaCell'?,  False.
Can CirculatingCell that is also ElectricallyActiveCell be considered a subcategory of 'LeafCell'?,  False.
Can CirculatingCell that is also ElectricallyActiveCell be considered a subcategory of 'Erythrocyte'?,  False.
Can CirculatingCell that is also ElectricallyActiveCell be considered a subcategory of 'PhotosyntheticCell'?,  False.
Can CirculatingCell that is also ElectricallyActiveCell be considered a subcategory of 'PlantCell'?,  False.
Can CirculatingCell that is also ElectricallyActiveCell be considered a subcategory of 'CellByClass'?,  False.
Can ChondroBlast that is also Miocyte be considered a subcategory of 'AnimalCell'?,  True,
Can ChondroBlast that is also Miocyte be considered a subcategory of 'SclerenchymaCell'?,  False.
Can ChondroBlast that is also Miocyte be considered a subcategory of 'LeafCell'?,  False.
Can ChondroBlast that is also Miocyte be considered a subcategory of 'Erythrocyte'?,  False.
Can ChondroBlast that is also Miocyte be considered a subcategory of 'PhotosyntheticCell'?,  False.
Can ChondroBlast that is also Miocyte be considered a subcategory of 'CirculatingCell'?,  False.
Can ChondroBlast that is also Miocyte be considered a subcategory of 'PlantCell'?,  False.
Can ChondroBlast that is also Miocyte be considered a subcategory of 'CellByClass'?,  I cannot
Can ChondroBlast that is also Miocyte be considered a subcategory of 'MatureCell'?,  False.
Can MioBlast that is also Osteocyte be considered a subcategory of 'Neuron'?,  False.
