Parent and Person SubClassOf Father,  False.
GrandParent and Person SubClassOf Woman,  False.
GrandFather SubClassOf OffSpring,  False.
hasParent some GrandMother SubClassOf Male,  False.
GrandMother and GrandParent SubClassOf OffSpring,  False.
Son SubClassOf hasSex some Parent,  False.
Parent SubClassOf hasChild some Male,  False.
Female and GrandMother SubClassOf Daughter,  False.
GrandFather SubClassOf Daughter,  False.
Father and Mother SubClassOf Male,  False.
Daughter and OffSpring SubClassOf Father,  False.
Male and Mother SubClassOf Sister,  False.
hasSex some OffSpring SubClassOf GrandMother,  False.
Man and Woman SubClassOf Sister,  False.
Male SubClassOf hasSibling some Mother,  False.
hasParent some Sister SubClassOf Sex,  False.
Son SubClassOf hasParent some Brother,  False.
GrandFather and OffSpring SubClassOf Son,  False.
Sibling and Son SubClassOf Woman,  False.
hasSibling some Female SubClassOf Sex,  True.
hasSibling some Female SubClassOf GrandMother,  False.
hasSibling some Female SubClassOf Son,  False.
hasSibling some Female SubClassOf Female,  True.
Female SubClassOf Female,  True.
Thing SubClassOf hasSibling some Female,  False.
Thing SubClassOf GrandMother,  False.
Thing SubClassOf Son,  False.
Thing SubClassOf Female,  False.
Thing SubClassOf Father,  False.
Thing SubClassOf Child,  False.
Thing SubClassOf Person,  False.
Thing SubClassOf Brother,  False.
Thing SubClassOf Parent,  Answ
Thing SubClassOf Daughter,  False.
Thing SubClassOf Man,  False.
Thing SubClassOf Mother,  False.
Thing SubClassOf GrandParent,  False.
Thing SubClassOf Sex,  False.
Thing SubClassOf Sister,  False.
Thing SubClassOf OffSpring,  False.
Thing SubClassOf Woman,  False.
Thing SubClassOf Male,  False.
Thing SubClassOf Sibling,  False.
Thing SubClassOf GrandFather,  False.
Female SubClassOf GrandMother,  False.
Female SubClassOf Son,  False.
Female SubClassOf Father,  False.
Female SubClassOf Child,  False.
Female SubClassOf Person,  True.
Father and Mother SubClassOf Son,  False.
GrandFather and Woman SubClassOf Brother,  False.
Child and Person SubClassOf Male,  False.
Female and GrandMother SubClassOf OffSpring,  False.
Father and Mother SubClassOf OffSpring,  False.
Parent and Sister SubClassOf Child,  False.
Man SubClassOf Son,  False.
hasSex some Woman SubClassOf Male,  False.
hasChild some Child SubClassOf Child,  False.
hasParent some OffSpring SubClassOf Person,  False.
hasSibling some Son SubClassOf Person,  True.
hasSibling some Son SubClassOf GrandMother,  False.
hasSibling some Son SubClassOf Son,  False.
hasSibling some Son SubClassOf Female,  False.
hasSibling some Son SubClassOf Father,  False.
hasSibling some Son SubClassOf Child,  False.
Son SubClassOf Person,  False.
Thing SubClassOf hasSibling some Son,  False.
Son SubClassOf GrandMother,  False.
Son SubClassOf Female,  False.
Son SubClassOf Father,  False.
Son SubClassOf Child,  False.
Son SubClassOf Brother,  False.
Son SubClassOf Parent,  False.
Son SubClassOf Daughter,  False.
Son SubClassOf Man,  False.
Son SubClassOf Mother,  False.
Son SubClassOf GrandParent,  False.
Son SubClassOf Sex,  False.
Son SubClassOf Sister,  False.
Son SubClassOf OffSpring,  False.
Son SubClassOf Woman,  False.
Son SubClassOf Male,  False.
Son SubClassOf Sibling,  False.
Son SubClassOf GrandFather,  False.
hasSibling some Thing SubClassOf Person,  False.
Man and Son SubClassOf Daughter,  False.
Male and Mother SubClassOf Sibling,  False.
GrandFather and Sibling SubClassOf Sex,  False.
Father and Male SubClassOf Mother,  False.
Father and GrandFather SubClassOf Mother,  False.
Child and Parent SubClassOf Woman,  False.
Brother and Person SubClassOf Daughter,  False.
Brother and Woman SubClassOf Female,  False.
Child and Woman SubClassOf Daughter,  False.
Female and Man SubClassOf Mother,  False.
Mother and Person SubClassOf Sex,  False.
hasChild some GrandParent SubClassOf Brother,  False.
Sibling and Sister SubClassOf Brother,  False.
Female and Person SubClassOf Woman,  False.
GrandParent and Person SubClassOf GrandFather,  False.
GrandParent SubClassOf Woman,  False.
Male and OffSpring SubClassOf Father,  False.
Child SubClassOf hasSex some Sister,  False.
Female and Sibling SubClassOf Man,  False.
Female and Mother SubClassOf Father,  False.
Daughter and GrandMother SubClassOf GrandParent,  False.
Man and Sex SubClassOf GrandParent,  False.
Parent SubClassOf hasChild some Sister,  False.
hasChild some Person SubClassOf Person,  False.
Sex SubClassOf hasSibling some Man,  False.
OffSpring and Sister SubClassOf Daughter,  False.
Brother and GrandParent SubClassOf GrandFather,  False.
Daughter SubClassOf hasParent some GrandFather,  False.
Child and Person SubClassOf GrandMother,  False.
GrandFather SubClassOf hasSibling some Woman,  False.
Person and Sister SubClassOf Parent,  False.
Daughter and GrandFather SubClassOf Male,  False.
Daughter and GrandMother SubClassOf Man,  False.
GrandFather and Man SubClassOf Daughter,  False.
Male and Sister SubClassOf Child,  False.
OffSpring and Sibling SubClassOf Man,  Offspring
Man SubClassOf hasSibling some Sister,  False.
GrandParent and Sister SubClassOf GrandMother,  False.
hasChild some Brother SubClassOf Father,  False.
GrandMother and Woman SubClassOf Sister,  False.
OffSpring SubClassOf GrandFather,  False.
Daughter and Man SubClassOf GrandMother,  False.
GrandFather and GrandParent SubClassOf Daughter,  False.
GrandMother and OffSpring SubClassOf Son,  False.
Child and Daughter SubClassOf Woman,  True.
Child and Daughter SubClassOf GrandMother,  False.
Child and Daughter SubClassOf Son,  False.
Child and Daughter SubClassOf Female,  True.
Child SubClassOf Female,  False.
Daughter SubClassOf Female,  True.
Daughter SubClassOf GrandMother,  False.
Daughter SubClassOf Thing,  True.
Daughter SubClassOf Female and Thing,  True for
Daughter SubClassOf Son,  False.
Daughter SubClassOf Father,  False.
Daughter SubClassOf Child,  False.
Daughter SubClassOf Person,  True.
Daughter SubClassOf Female and Person,  True,
Daughter SubClassOf Brother,  False.
Daughter SubClassOf Parent,  False.
Daughter SubClassOf Man,  False.
Daughter SubClassOf Mother,  False.
Daughter SubClassOf GrandParent,  False.
Daughter SubClassOf Sex,  False.
Daughter SubClassOf Sister,  False.
Daughter SubClassOf OffSpring,  True.
Daughter SubClassOf Female and OffSpring and Person,  True for
Daughter SubClassOf Woman,  True.
Daughter SubClassOf Female and Person and Woman,  True for
Daughter SubClassOf Male,  False.
Daughter SubClassOf Sibling,  False.
Daughter SubClassOf GrandFather,  False.
Daughter SubClassOf Female and Person and Thing,  True for
Daughter SubClassOf hasSex some Child,  False.
Mother SubClassOf hasChild some Son,  False.
GrandMother and Woman SubClassOf Parent,  False.
Father SubClassOf hasSibling some Parent,  False.
Parent and Sex SubClassOf OffSpring,  False.
hasParent some Brother SubClassOf OffSpring,  False.
GrandParent and Sex SubClassOf Child,  False.
Brother and OffSpring SubClassOf Son,  False.
GrandParent and Sister SubClassOf Male,  False.
Man and Sibling SubClassOf Child,  False.
Daughter and GrandFather SubClassOf Woman,  False.
Father and Female SubClassOf Sister,  False.
GrandFather and Man SubClassOf Woman,  False.
Child and Woman SubClassOf Sex,  False.
Child and Parent SubClassOf Female,  False.
Brother and OffSpring SubClassOf Mother,  False.
Father and GrandParent SubClassOf Woman,  False.
hasChild some Sister SubClassOf Female,  True.
hasChild some Sister SubClassOf GrandMother,  False.
hasChild some Sister SubClassOf Son,  False.
Sister SubClassOf Female,  False.
Thing SubClassOf hasChild some Sister,  False.
Sister SubClassOf GrandMother,  False.
Sister SubClassOf Son,  False.
Sister SubClassOf Father,  False.
Sister SubClassOf Child,  False.
Sister SubClassOf Person,  False.
Sister SubClassOf Brother,  False.
Sister SubClassOf Parent,  False.
Sister SubClassOf Daughter,  False.
Sister SubClassOf Man,  False.
Sister SubClassOf Mother,  False.
Sister SubClassOf GrandParent,  False.
Sister SubClassOf Sex,  False.
Sister SubClassOf OffSpring,  False.
Sister SubClassOf Woman,  True.
GrandMother and Man SubClassOf Woman,  False.
Brother SubClassOf hasSex some Mother,  False.
GrandFather and Son SubClassOf Child,  False.
Sibling and Son SubClassOf Brother,  False.
Male and Sex SubClassOf Brother,  False.
hasSibling some Sex SubClassOf Son,  False.
Father and Parent SubClassOf Woman,  False.
Male and Person SubClassOf Child,  False.
hasParent some Daughter SubClassOf Son,  False.
hasSibling some GrandFather SubClassOf Father,  False.
Father and Person SubClassOf Sister,  False.
Male and Parent SubClassOf Man,  True.
Male and Parent SubClassOf GrandMother,  False.
Male and Parent SubClassOf Son,  False.
Male and Parent SubClassOf Female,  False.
Male and Parent SubClassOf Father,  False.
Male and Parent SubClassOf Child,  False.
Male and Parent SubClassOf Person,  True for
Male and Parent SubClassOf Brother,  False.
Male and Parent SubClassOf Daughter,  False.
Male SubClassOf Man,  True.
Male SubClassOf GrandMother,  False.
Male SubClassOf Thing,  True.
Male SubClassOf Man and Thing,  True,
Male SubClassOf Son,  False.
Male SubClassOf Female,  False.
Male SubClassOf Father,  False.
Male SubClassOf Child,  False.
Male SubClassOf Person,  True.
Male SubClassOf Man and Person and Thing,  True,
Male SubClassOf Brother,  False.
Male SubClassOf Parent,  False.
Male SubClassOf Daughter,  False.
Male SubClassOf Mother,  False.
Male SubClassOf GrandParent,  False.
Male SubClassOf Sex,  True.
Male SubClassOf Man and Person and Sex and Thing,  Here are
Male SubClassOf Sister,  False.
Male SubClassOf OffSpring,  False.
Male SubClassOf Woman,  False.
Male SubClassOf Sibling,  False.
Male SubClassOf GrandFather,  False.
hasParent some Father SubClassOf Father,  False.
Female and Parent SubClassOf GrandParent,  False.
Brother SubClassOf hasParent some GrandParent,  False.
Daughter and GrandFather SubClassOf Sibling,  False.
Child and Sibling SubClassOf Person,  True.
Child and Sibling SubClassOf GrandMother,  False.
Child and Sibling SubClassOf Son,  False.
Child and Sibling SubClassOf Female,  False.
Child and Sibling SubClassOf Father,  False.
Child SubClassOf Person,  True.
Child SubClassOf GrandMother,  False.
Child SubClassOf Thing,  True.
Child SubClassOf Person and Thing,  Child is
Child SubClassOf Son,  False.
Child SubClassOf Father,  False.
Child SubClassOf Brother,  False.
Child SubClassOf Parent,  False.
Child SubClassOf Daughter,  False.
Child SubClassOf Man,  False.
Child SubClassOf Mother,  False.
Child SubClassOf GrandParent,  False.
Child SubClassOf Sex,  False.
Child SubClassOf Sister,  False.
Child SubClassOf OffSpring,  False.
Child SubClassOf Woman,  False.
Child SubClassOf Male,  False.
Child SubClassOf Sibling,  False.
Child SubClassOf GrandFather,  False.
hasSex some Female SubClassOf Female,  True.
hasSex some Female SubClassOf GrandMother,  False.
hasSex some Female SubClassOf Son,  False.
Thing SubClassOf Thing and (hasSex some (Female and Person and Thing)),  True for
Female and Person and Thing SubClassOf GrandMother,  False.
Female and Person and Thing SubClassOf Son,  False.
Female and Person and Thing SubClassOf Father,  False.
Female and Person and Thing SubClassOf Child,  False.
Female and Person and Thing SubClassOf Brother,  False.
Female and Person and Thing SubClassOf Parent,  I'
Female and Person and Thing SubClassOf Daughter,  False.
Female and Person and Thing SubClassOf Man,  False.
Female and Person and Thing SubClassOf Mother,  False.
Female and Person and Thing SubClassOf GrandParent,  False.
Female and Person and Thing SubClassOf Sex,  False.
Female and Person and Thing SubClassOf Sister,  False.
Female and Person and Thing SubClassOf OffSpring,  False.
Female and Person and Thing SubClassOf Woman,  False.
Female and Person and Thing SubClassOf Male,  False.
Female and Person and Thing SubClassOf Sibling,  False.
Female and Person and Thing SubClassOf GrandFather,  False.
Thing and (hasSex some Female) and (hasSex some (Person and Thing)) SubClassOf Thing and (hasSex some (Female and Person and Thing)),  False.
Thing and (hasSex some Female) and (hasSex some (Person and Thing)) SubClassOf Female,  False.
Thing and (hasSex some (Female and Person and Thing)) SubClassOf Thing and (hasSex some (Female and Person and Thing)),  True for
Thing and (hasSex some (Female and Person and Thing)) SubClassOf Female,  False.
Thing and (hasSex some (Person and Thing)) SubClassOf Female,  False.
Thing and (hasSex some (Female and Thing)) SubClassOf Female,  False.
hasSibling some Mother SubClassOf Daughter,  False.
Woman SubClassOf hasSibling some GrandFather,  False.
Male and Sibling SubClassOf GrandFather,  False.
Daughter and Father SubClassOf Brother,  False.
Sister SubClassOf hasSex some Daughter,  False.
Man SubClassOf hasChild some Sibling,  False.
hasSex some Sibling SubClassOf Brother,  False.
hasChild some Female SubClassOf Mother,  True.
hasChild some Female SubClassOf GrandMother,  False.
hasChild some Female SubClassOf Son,  False.
hasChild some Female SubClassOf Female,  True.
Thing SubClassOf Thing and (hasChild some (Female and Person and Thing)),  True for
Thing and (hasChild some Female) and (hasChild some (Person and Thing)) SubClassOf Thing and (hasChild some (Female and Person and Thing)),  True for
Thing and (hasChild some Female) and (hasChild some (Person and Thing)) SubClassOf Female,  False.
Thing and (hasChild some (Female and Person and Thing)) SubClassOf Thing and (hasChild some (Female and Person and Thing)),  True.
Thing and (hasChild some (Person and Thing)) SubClassOf Female,  False.
Thing and (hasChild some (Female and Thing)) SubClassOf Female,  False.
Woman SubClassOf hasParent some OffSpring,  False.
Child and GrandParent SubClassOf OffSpring,  False.
Person SubClassOf hasChild some Child,  False.
Daughter and GrandMother SubClassOf Son,  False.
Man SubClassOf hasSex some Child,  False.
Brother and Son SubClassOf OffSpring,  False.
Daughter and Mother SubClassOf Woman,  True.
Daughter and Mother SubClassOf GrandMother,  False.
Daughter and Mother SubClassOf Son,  False.
Daughter and Mother SubClassOf Father,  False.
Daughter and Mother SubClassOf Child,  False.
Daughter and Mother SubClassOf Brother,  False.
Daughter and Mother SubClassOf Parent,  False.
Daughter and Mother SubClassOf Man,  False.
Daughter and Mother SubClassOf GrandParent,  False.
Daughter and Mother SubClassOf Sex,  False.
Daughter and Mother SubClassOf Sister,  False.
Daughter and Mother SubClassOf OffSpring,  True.
Daughter SubClassOf OffSpring and Thing,  True for
Daughter SubClassOf Female and OffSpring,  True for
Daughter SubClassOf OffSpring and Person,  True for
Daughter SubClassOf OffSpring and Woman,  True for
Daughter SubClassOf Female and OffSpring and Person and Thing,  Here are
Daughter SubClassOf Female and OffSpring and Person and Woman,  Here are
OffSpring and Sex SubClassOf Woman,  True for
Father and Man SubClassOf Male,  True.
Father and Man SubClassOf GrandMother,  False.
Father and Man SubClassOf Son,  False.
Father and Man SubClassOf Female,  False.
Father and Man SubClassOf Child,  False.
Father and Man SubClassOf Person,  True.
Father SubClassOf Person,  True.
Father SubClassOf GrandMother,  False.
Father SubClassOf Thing,  False.
Father SubClassOf Son,  False.
Father SubClassOf Female,  False.
Father SubClassOf Child,  False.
Father SubClassOf Brother,  False.
Father SubClassOf Parent,  False.
Father SubClassOf Daughter,  False.
Father SubClassOf Man,  False.
Father SubClassOf Mother,  False.
Father SubClassOf GrandParent,  False.
Father SubClassOf Sex,  False.
Father SubClassOf Sister,  False.
Father SubClassOf OffSpring,  False.
Father SubClassOf Woman,  False.
Father SubClassOf Male,  True.
Father SubClassOf Male and Person,  True,
Father SubClassOf Sibling,  False.
Father SubClassOf GrandFather,  False.
GrandParent SubClassOf Child,  False.
Female and GrandMother SubClassOf Sibling,  False.
GrandMother and Sister SubClassOf Male,  False.
Man SubClassOf hasSex some GrandFather,  False.
GrandParent SubClassOf hasChild some Man,  False.
hasChild some Female SubClassOf GrandParent,  I'
GrandMother and Mother SubClassOf GrandFather,  False.
Brother and Sex SubClassOf Sibling,  False.
Brother and Son SubClassOf Sibling,  False.
Father and Sex SubClassOf Daughter,  False.
hasSibling some Sister SubClassOf Mother,  False.
Father and Man SubClassOf Sex,  False.
hasParent some Child SubClassOf Brother,  False.
Female and Son SubClassOf Daughter,  False.
Brother and Parent SubClassOf Woman,  False.
GrandFather and GrandParent SubClassOf Sex,  False.
OffSpring and Sibling SubClassOf Female,  Offspring
GrandParent SubClassOf hasSex some Sibling,  False.
Brother and Daughter SubClassOf GrandParent,  False.
Sister and Son SubClassOf Man,  True.
Sister and Son SubClassOf GrandMother,  False.
Sister and Son SubClassOf Female,  False.
Sister and Son SubClassOf Father,  False.
Sister and Son SubClassOf Child,  False.
Sister and Son SubClassOf Person,  True.
Man and Parent SubClassOf Father,  False.
Sex and Woman SubClassOf GrandFather,  False.
Child and OffSpring SubClassOf Man,  False.
hasParent some GrandParent SubClassOf Father,  False.
hasSibling some Sibling SubClassOf Sibling,  True.
hasSibling some Sibling SubClassOf GrandMother,  False.
hasSibling some Sibling SubClassOf Son,  False.
hasSibling some Sibling SubClassOf Female,  False.
hasSibling some Sibling SubClassOf Father,  False.
hasSibling some Sibling SubClassOf Child,  False.
hasSibling some Sibling SubClassOf Person,  True.
Sibling SubClassOf Person,  False.
Thing SubClassOf Thing and (hasSibling some (Sibling and Thing)),  False,
Sibling and Thing SubClassOf GrandMother,  False.
Sibling and Thing SubClassOf Son,  False.
Sibling and Thing SubClassOf Female,  False.
Sibling and Thing SubClassOf Father,  False.
Sibling and Thing SubClassOf Child,  False.
Sibling and Thing SubClassOf Person,  False.
Sibling and Thing SubClassOf Brother,  False.
Sibling and Thing SubClassOf Parent,  False.
Sibling and Thing SubClassOf Daughter,  False.
Sibling and Thing SubClassOf Man,  False.
Sibling and Thing SubClassOf Mother,  False.
Sibling and Thing SubClassOf GrandParent,  False.
Sibling and Thing SubClassOf Sex,  False.
Sibling and Thing SubClassOf Sister,  False.
Sibling and Thing SubClassOf OffSpring,  False.
Sibling and Thing SubClassOf Woman,  False.
Sibling and Thing SubClassOf Male,  False.
Sibling and Thing SubClassOf GrandFather,  False.
Thing and (hasSibling some Sibling) and (hasSibling some Thing) SubClassOf Thing and (hasSibling some (Sibling and Thing)),  The first
Thing and (hasSibling some Sibling) and (hasSibling some Thing) SubClassOf Person,  False.
Thing and (hasSibling some (Sibling and Thing)) SubClassOf Thing and (hasSibling some (Sibling and Thing)),  True.
Thing and (hasSibling some Thing) SubClassOf Person,  False.
Brother and Person SubClassOf GrandFather,  False.
Sibling SubClassOf hasSex some GrandParent,  False.
Female SubClassOf hasChild some GrandFather,  False.
GrandFather and Parent SubClassOf Sibling,  False.
GrandParent and Person SubClassOf Brother,  False.
OffSpring and Sibling SubClassOf Son,  False.
Female and Woman SubClassOf Sibling,  False.
hasSibling some Daughter SubClassOf Parent,  False.
Child and Sister SubClassOf GrandMother,  False.
Female and Sibling SubClassOf Parent,  False.
hasSex some Person SubClassOf Parent,  It is
Daughter and Sex SubClassOf Parent,  False.
Female and Woman SubClassOf Sister,  False.
Person SubClassOf hasSex some OffSpring,  False.
GrandMother and Sibling SubClassOf Brother,  False.
OffSpring and Parent SubClassOf Father,  False.
Daughter and Father SubClassOf Parent,  False.
GrandFather and Sister SubClassOf Sibling,  False.
Child and Mother SubClassOf Father,  False.
Daughter and Son SubClassOf Child,  False.
Male and Sex SubClassOf Son,  False.
GrandFather and Sex SubClassOf Male,  False.
Brother and Person SubClassOf Child,  False.
Child and Mother SubClassOf Son,  False.
GrandFather and Sister SubClassOf Parent,  False.
hasParent some Parent SubClassOf Woman,  True.
hasParent some Parent SubClassOf GrandMother,  False.
hasParent some Parent SubClassOf Son,  False.
hasParent some Parent SubClassOf Female,  False.
hasParent some Parent SubClassOf Father,  False.
hasParent some Parent SubClassOf Child,  False.
hasParent some Parent SubClassOf Person,  True.
Parent SubClassOf Person,  False.
Thing SubClassOf Thing and (hasParent some (Parent and Thing)),  True,
Parent and Thing SubClassOf GrandMother,  False.
Parent and Thing SubClassOf Son,  False.
Parent and Thing SubClassOf Female,  False.
Parent and Thing SubClassOf Father,  False.
Parent and Thing SubClassOf Child,  False.
Parent and Thing SubClassOf Person,  False.
Parent and Thing SubClassOf Brother,  False.
Parent and Thing SubClassOf Daughter,  False.
Parent and Thing SubClassOf Man,  False.
Parent and Thing SubClassOf Mother,  False.
Parent and Thing SubClassOf GrandParent,  False.
Parent and Thing SubClassOf Sex,  False.
Parent and Thing SubClassOf Sister,  False.
Parent and Thing SubClassOf OffSpring,  False.
Parent and Thing SubClassOf Woman,  False.
Parent and Thing SubClassOf Male,  False.
Parent and Thing SubClassOf Sibling,  False.
Parent and Thing SubClassOf GrandFather,  False.
Thing and (hasParent some Parent) and (hasParent some Thing) SubClassOf Thing and (hasParent some (Parent and Thing)),  False.
Thing and (hasParent some Parent) and (hasParent some Thing) SubClassOf Person,  False.
Thing and (hasParent some (Parent and Thing)) SubClassOf Thing and (hasParent some (Parent and Thing)),  True.
Thing and (hasParent some Thing) SubClassOf Person,  False.
GrandParent SubClassOf hasSibling some OffSpring,  False.
Mother and OffSpring SubClassOf Male,  False.
Woman SubClassOf hasChild some Child,  True for
Female and Person SubClassOf Parent,  False.
Female and Mother SubClassOf Male,  False.
GrandParent SubClassOf OffSpring,  False.
GrandFather and Sibling SubClassOf Father,  False.
Daughter and Woman SubClassOf Sister,  False.
Man and Person SubClassOf Sibling,  False.
GrandMother and Sister SubClassOf Sibling,  False.
Male and Sex SubClassOf Female,  False.
Child and GrandParent SubClassOf Sister,  False.
Brother and Daughter SubClassOf Mother,  False.
Mother and Woman SubClassOf Sex,  False.
Father and Man SubClassOf Brother,  False.
Person and Sex SubClassOf Brother,  False.
Man and Parent SubClassOf Woman,  False.
hasChild some GrandParent SubClassOf Woman,  False.
Child and OffSpring SubClassOf Sex,  False.
Child and Sister SubClassOf Female,  True.
Child and Sister SubClassOf Son,  False.
GrandParent and Male SubClassOf Brother,  False.
Sibling SubClassOf hasSex some Mother,  False.
GrandMother and Sibling SubClassOf OffSpring,  False.
Father and Son SubClassOf OffSpring,  False.
Brother and Sister SubClassOf Man,  False.
GrandFather and Woman SubClassOf Father,  False.
hasSex some Sister SubClassOf GrandFather,  False.
hasSibling some Man SubClassOf Man,  False.
Man and Mother SubClassOf Person,  True.
Man and Mother SubClassOf GrandMother,  False.
Man and Mother SubClassOf Son,  False.
Man and Mother SubClassOf Female,  False.
Man and Mother SubClassOf Father,  False.
Man and Mother SubClassOf Child,  False.
Man SubClassOf Person,  False.
Mother SubClassOf Person,  False.
GrandParent and OffSpring SubClassOf Person,  True.
GrandParent and OffSpring SubClassOf GrandMother,  False.
GrandParent and OffSpring SubClassOf Son,  False.
GrandParent and OffSpring SubClassOf Female,  False.
GrandParent and OffSpring SubClassOf Father,  False.
GrandParent and OffSpring SubClassOf Child,  False.
GrandParent SubClassOf Person,  False.
OffSpring SubClassOf Person,  True.
OffSpring SubClassOf GrandMother,  False.
OffSpring SubClassOf Thing,  True.
OffSpring SubClassOf Person and Thing,  Offspring
OffSpring SubClassOf Son,  False.
OffSpring SubClassOf Female,  False.
OffSpring SubClassOf Father,  False.
OffSpring SubClassOf Child,  False.
OffSpring SubClassOf Brother,  False.
OffSpring SubClassOf Parent,  False.
OffSpring SubClassOf Daughter,  False.
OffSpring SubClassOf Man,  True.
OffSpring SubClassOf Man and Person,  OffSpring
OffSpring SubClassOf Mother,  False.
OffSpring SubClassOf GrandParent,  False.
OffSpring SubClassOf Sex,  False.
OffSpring SubClassOf Sister,  False.
OffSpring SubClassOf Woman,  False.
OffSpring SubClassOf Male,  False.
OffSpring SubClassOf Sibling,  False.
Child and Person SubClassOf Daughter,  False.
Daughter and Sister SubClassOf Sibling,  False.
hasChild some Male SubClassOf Sex,  True.
hasChild some Male SubClassOf GrandMother,  False.
hasChild some Male SubClassOf Son,  True.
Thing SubClassOf Thing and (hasChild some (Male and Man and Person and Thing)),  True for
Male and Man and Person and Thing SubClassOf GrandMother,  False.
Male and Man and Person and Thing SubClassOf Son,  False.
Male and Man and Person and Thing SubClassOf Female,  False.
Male and Man and Person and Thing SubClassOf Father,  False.
Male and Man and Person and Thing SubClassOf Child,  False.
Male and Man and Person and Thing SubClassOf Brother,  False.
Male and Man and Person and Thing SubClassOf Parent,  False.
Male and Man and Person and Thing SubClassOf Daughter,  False.
Male and Man and Person and Thing SubClassOf Mother,  False.
Male and Man and Person and Thing SubClassOf GrandParent,  False.
Male and Man and Person and Thing SubClassOf Sex,  False.
Male and Man and Person and Thing SubClassOf Sister,  False.
Male and Man and Person and Thing SubClassOf OffSpring,  False.
Male and Man and Person and Thing SubClassOf Woman,  False.
Male and Man and Person and Thing SubClassOf Sibling,  False.
Male and Man and Person and Thing SubClassOf GrandFather,  False.
Thing and (hasChild some Male) and (hasChild some (Man and Person and Thing)) SubClassOf Thing and (hasChild some (Male and Man and Person and Thing)),  True for
Thing and (hasChild some Male) and (hasChild some (Man and Person and Thing)) SubClassOf Son,  False.
Thing and (hasChild some (Male and Man and Person and Thing)) SubClassOf Thing and (hasChild some (Male and Man and Person and Thing)),  True for
Thing and (hasChild some (Male and Man and Person and Thing)) SubClassOf Son,  False.
Thing and (hasChild some (Man and Person and Thing)) SubClassOf Son,  False.
Thing and (hasChild some (Male and Person and Thing)) SubClassOf Son,  False.
Thing and (hasChild some (Male and Man and Thing)) SubClassOf Son,  False.
GrandMother SubClassOf hasSex some Female,  False.
Child and Sibling SubClassOf GrandParent,  False.
Parent and Son SubClassOf Mother,  False.
Sex SubClassOf OffSpring,  False.
Man SubClassOf hasChild some Female,  False.
GrandParent and Person SubClassOf Daughter,  False.
Daughter and Parent SubClassOf Sister,  False.
Man and Sex SubClassOf GrandMother,  False.
Person and Woman SubClassOf OffSpring,  False.
Child and GrandParent SubClassOf Parent,  False.
Daughter SubClassOf hasParent some Father,  True.
Daughter SubClassOf Woman and Thing,  True,
Daughter SubClassOf Female and Woman and Thing,  Here are
Daughter SubClassOf Person and Woman and Thing,  Here are
Daughter SubClassOf OffSpring and Woman and Thing,  Here are
GrandMother and Person SubClassOf OffSpring,  False.
GrandFather and Person SubClassOf Father,  False.
Daughter and Sibling SubClassOf Sister,  False.
GrandMother SubClassOf hasSex some Man,  False.
Father SubClassOf hasChild some Father,  False.
Woman SubClassOf hasParent some GrandParent,  False.
Male SubClassOf hasSibling some GrandParent,  False.
Female and Sex SubClassOf Sister,  False.
Brother SubClassOf GrandMother,  False.
GrandFather SubClassOf hasChild some GrandParent,  False.
Person and Sibling SubClassOf Sex,  False.
hasSibling some Male SubClassOf Person,  True.
hasSibling some Male SubClassOf GrandMother,  False.
hasSibling some Male SubClassOf Son,  True.
Thing SubClassOf Thing and (hasSibling some (Male and Man and Person and Thing)),  True for
Thing and (hasSibling some Male) and (hasSibling some (Man and Person and Thing)) SubClassOf Thing and (hasSibling some (Male and Man and Person and Thing)),  True for
Thing and (hasSibling some Male) and (hasSibling some (Man and Person and Thing)) SubClassOf Son,  False.
Thing and (hasSibling some (Male and Man and Person and Thing)) SubClassOf Thing and (hasSibling some (Male and Man and Person and Thing)),  True.
Thing and (hasSibling some (Man and Person and Thing)) SubClassOf Son,  False.
Thing and (hasSibling some (Male and Person and Thing)) SubClassOf Son,  False.
Thing and (hasSibling some (Male and Man and Thing)) SubClassOf Son,  False.
Father SubClassOf hasSex some GrandParent,  False.
Parent and Woman SubClassOf Daughter,  False.
Male SubClassOf hasParent some Daughter,  False.
Daughter and Female SubClassOf Sex,  True.
Daughter and Female SubClassOf GrandMother,  False.
Daughter and Female SubClassOf Son,  False.
Daughter and Female SubClassOf Father,  False.
Daughter and Female SubClassOf Child,  False.
Daughter and Female SubClassOf Brother,  False.
Daughter and Female SubClassOf Parent,  False.
Daughter and Female SubClassOf Man,  False.
Daughter and Female SubClassOf Mother,  False.
Daughter and Female SubClassOf GrandParent,  False.
Female SubClassOf Sex,  True.
Female SubClassOf Thing,  True.
Female SubClassOf Sex and Thing,  False,
Female SubClassOf Person and Sex,  True for
Female SubClassOf Brother,  False.
Female SubClassOf Parent,  False.
Female SubClassOf Daughter,  False.
Female SubClassOf Man,  False.
Female SubClassOf Mother,  False.
Female SubClassOf GrandParent,  False.
Female SubClassOf Sister,  False.
Female SubClassOf OffSpring,  False.
Female SubClassOf Woman,  True.
Female SubClassOf Sex and Woman,  True for
Female SubClassOf Male,  False.
Female SubClassOf Sibling,  False.
Female SubClassOf GrandFather,  False.
Female SubClassOf Person and Sex and Thing,  False:
Female SubClassOf Person and Sex and Woman,  True for
Brother and Sex SubClassOf Female,  False.
Female and Sister SubClassOf Brother,  False.
Female and GrandFather SubClassOf GrandParent,  False.
hasChild some Sister SubClassOf Brother,  False.
GrandMother and Mother SubClassOf Female,  True.
GrandMother and Mother SubClassOf Son,  False.
GrandMother SubClassOf Female,  True.
GrandMother SubClassOf Thing,  False.
GrandMother SubClassOf Son,  False.
GrandMother SubClassOf Father,  False.
GrandMother SubClassOf Child,  False.
GrandMother SubClassOf Person,  False.
GrandMother SubClassOf Brother,  False.
GrandMother SubClassOf Parent,  False.
GrandMother SubClassOf Daughter,  False.
GrandMother SubClassOf Man,  False.
GrandMother SubClassOf Mother,  False.
GrandMother SubClassOf GrandParent,  False.
GrandMother SubClassOf Sex,  False.
GrandMother SubClassOf Sister,  False.
GrandMother SubClassOf OffSpring,  False.
GrandMother SubClassOf Woman,  True.
GrandMother SubClassOf Female and Woman,  True:
GrandMother SubClassOf Male,  False.
GrandMother SubClassOf Sibling,  False.
GrandMother SubClassOf GrandFather,  False.
Father and OffSpring SubClassOf Son,  False.
OffSpring and Person SubClassOf Mother,  False.
Mother SubClassOf Man,  False.
OffSpring and Woman SubClassOf Father,  False.
Sibling SubClassOf Woman,  False.
hasChild some Father SubClassOf GrandMother,  I cannot
Child SubClassOf hasChild some Sister,  False.
GrandMother and Parent SubClassOf Sister,  False.
Child and Daughter SubClassOf GrandFather,  False.
Sex and Sister SubClassOf Man,  False.
Brother and Man SubClassOf GrandParent,  False.
GrandParent and Woman SubClassOf GrandFather,  False.
hasParent some Son SubClassOf Sibling,  False.
Man and OffSpring SubClassOf Father,  False.
GrandParent and Son SubClassOf Father,  False.
GrandParent and Sex SubClassOf GrandMother,  False.
GrandParent and Son SubClassOf Person,  False.
Female SubClassOf hasChild some Child,  True for
Daughter and Sister SubClassOf Male,  False.
Child and Daughter SubClassOf Male,  False.
Man and Parent SubClassOf Sister,  False.
Father and Person SubClassOf GrandParent,  False.
Person and Sibling SubClassOf Mother,  False.
Sibling SubClassOf hasParent some Mother,  False.
Daughter and Sibling SubClassOf Mother,  False.
GrandParent and Man SubClassOf GrandMother,  False.
Daughter and GrandParent SubClassOf GrandMother,  False.
GrandMother and Person SubClassOf Father,  False.
Parent SubClassOf hasSex some Man,  False.
hasParent some Woman SubClassOf OffSpring,  False.
Child and GrandMother SubClassOf Brother,  False.
Child and GrandFather SubClassOf Woman,  False.
Parent and Person SubClassOf Woman,  False.
GrandParent and Sibling SubClassOf Child,  False.
Sex and Sibling SubClassOf Child,  False.
Father and Parent SubClassOf Brother,  False.
GrandParent and Man SubClassOf Male,  False.
Male SubClassOf hasSex some Woman,  False.
GrandMother and Sibling SubClassOf Male,  False.
Brother and Female SubClassOf Son,  False.
GrandFather and Mother SubClassOf Parent,  False.
OffSpring and Person SubClassOf Male,  False.
Female and Sex SubClassOf GrandMother,  False.
Female and Sister SubClassOf Parent,  False.
GrandMother and GrandParent SubClassOf Daughter,  False.
Man and Sibling SubClassOf Daughter,  False.
Parent SubClassOf Sex,  False.
GrandFather and Man SubClassOf Mother,  False.
Sex SubClassOf hasSex some Brother,  False.
Brother SubClassOf hasChild some Mother,  False.
Female and GrandParent SubClassOf OffSpring,  False.
Mother and Sibling SubClassOf OffSpring,  False.
hasParent some Sex SubClassOf Son,  False.
hasSibling some Brother SubClassOf Son,  False.
GrandMother and Son SubClassOf Mother,  False.
Father and Person SubClassOf OffSpring,  False.
Female and GrandFather SubClassOf Brother,  False.
Brother and Sibling SubClassOf GrandMother,  False.
Female SubClassOf hasParent some Person,  True.
Female SubClassOf Woman and Thing,  True,
Female SubClassOf Person and Woman and Thing,  Here are
Female SubClassOf Sex and Woman and Thing,  False:
Daughter and Father SubClassOf Sister,  False.
GrandFather and Sex SubClassOf Sister,  False.
Male and Man SubClassOf GrandFather,  False.
hasSex some Mother SubClassOf Man,  False.
Brother SubClassOf hasSibling some GrandParent,  False.
Sister and Woman SubClassOf GrandFather,  False.
GrandMother and Man SubClassOf Sibling,  False.
Father and Person SubClassOf Sibling,  False.
hasSibling some OffSpring SubClassOf Man,  False.
Sister and Son SubClassOf Daughter,  False.
OffSpring and Woman SubClassOf Mother,  False.
Mother and Person SubClassOf GrandParent,  False.
Female and Man SubClassOf Father,  False.
Brother and Mother SubClassOf Sister,  False.
GrandParent and Sister SubClassOf Person,  False.
Person SubClassOf hasParent some Person,  True.
Person SubClassOf GrandMother,  False.
Person SubClassOf Son,  False.
Person SubClassOf Female,  False.
Person SubClassOf Father,  False.
Person SubClassOf Child,  False.
Person SubClassOf Brother,  False.
Person SubClassOf Parent,  False.
Person SubClassOf Daughter,  False.
Person SubClassOf Man,  False.
Person SubClassOf Mother,  False.
Person SubClassOf GrandParent,  False.
Person SubClassOf Sex,  False.
Person SubClassOf Sister,  False.
Person SubClassOf OffSpring,  False.
Person SubClassOf Woman,  False.
Person SubClassOf Male,  False.
Person SubClassOf Sibling,  False.
Person SubClassOf GrandFather,  False.
GrandMother SubClassOf hasParent some Person,  False.
Thing SubClassOf hasParent some Person,  False.
Son SubClassOf hasParent some Person,  False.
Thing and (hasParent some Person) SubClassOf Thing and (hasParent some Person),  True.
Brother SubClassOf Person,  False.
Sex SubClassOf Person,  False.
Woman SubClassOf Person,  True.
Woman SubClassOf GrandMother,  False.
Woman SubClassOf Thing,  True.
Woman SubClassOf Person and Thing,  True,
Woman SubClassOf Son,  False.
Woman SubClassOf Female,  True.
Woman SubClassOf Female and Person and Thing,  Here are
Woman SubClassOf Father,  False.
Woman SubClassOf Child,  False.
Woman SubClassOf Brother,  False.
Woman SubClassOf Parent,  False.
Woman SubClassOf Daughter,  False.
Woman SubClassOf Man,  False.
Woman SubClassOf Mother,  False.
Woman SubClassOf GrandParent,  False.
Woman SubClassOf Sex,  False.
Woman SubClassOf Sister,  False.
Woman SubClassOf OffSpring,  False.
Woman SubClassOf Male,  False.
Woman SubClassOf Sibling,  False.
Woman SubClassOf GrandFather,  False.
Sibling SubClassOf Brother,  False.
OffSpring and Woman SubClassOf GrandMother,  False.
Male and Son SubClassOf GrandMother,  False.
Daughter and Person SubClassOf Man,  False.
Child and Female SubClassOf Father,  False.
GrandFather and Person SubClassOf Man,  False,
Parent and Sibling SubClassOf Person,  True for
Mother and Parent SubClassOf Father,  False.
OffSpring SubClassOf hasParent some Sister,  False.
hasSex some Parent SubClassOf Child,  False.
Mother and Person SubClassOf Parent,  False.
GrandParent SubClassOf hasSex some Brother,  False.
hasChild some Man SubClassOf Son,  False.
GrandParent and Sister SubClassOf Son,  False.
OffSpring SubClassOf hasChild some Parent,  False.
GrandMother and Son SubClassOf Male,  True.
GrandMother and Son SubClassOf Father,  False.
GrandMother and Son SubClassOf Child,  False.
GrandMother and Son SubClassOf Brother,  False.
GrandMother and Son SubClassOf Parent,  False.
GrandMother and Son SubClassOf Daughter,  False.
GrandMother and Son SubClassOf Man,  True.
Sex SubClassOf hasSex some Parent,  True (
Female and Mother SubClassOf Sister,  False.
Sex and Son SubClassOf GrandMother,  False.
Person and Woman SubClassOf Brother,  False.
Daughter and Sister SubClassOf Parent,  False.
OffSpring and Parent SubClassOf GrandFather,  False.
Son SubClassOf hasParent some Man,  False.
Sex SubClassOf hasChild some Sex,  True.
Sex SubClassOf GrandMother,  False.
Sex SubClassOf Son,  False.
Sex SubClassOf Female,  False.
Sex SubClassOf Father,  False.
Sex SubClassOf Child,  False.
Sex SubClassOf Brother,  False.
Sex SubClassOf Parent,  False.
Sex SubClassOf Daughter,  False.
Sex SubClassOf Man,  False.
Sex SubClassOf Mother,  False.
Sex SubClassOf GrandParent,  False.
Sex SubClassOf Sister,  False.
Sex SubClassOf Woman,  False.
Sex SubClassOf Male,  False.
Sex SubClassOf Sibling,  False.
Sex SubClassOf GrandFather,  False.
GrandMother SubClassOf hasChild some Sex,  False.
Thing SubClassOf hasChild some Sex,  False.
Son SubClassOf hasChild some Sex,  False.
Female SubClassOf hasChild some Sex,  True for
Father SubClassOf hasChild some Sex,  False.
Child SubClassOf hasChild some Sex,  False.
Person SubClassOf hasChild some Sex,  False.
Brother SubClassOf hasChild some Sex,  False.
Parent SubClassOf hasChild some Sex,  False.
Daughter SubClassOf hasChild some Sex,  False.
Man SubClassOf hasChild some Sex,  False.
Mother SubClassOf hasChild some Sex,  False.
GrandParent SubClassOf hasChild some Sex,  False.
Thing and (hasChild some Sex) SubClassOf Thing and (hasChild some Sex),  True for
Sex SubClassOf Thing,  False.
Sex SubClassOf Sex,  True.
Brother SubClassOf Sex,  False.
Man SubClassOf Sex,  False.
Mother SubClassOf Sex,  False.
GrandParent SubClassOf Sex,  False.
Male SubClassOf Sex and Thing,  False:
Male SubClassOf Person and Sex,  True for
Male SubClassOf Man and Sex,  True for
hasSibling some Female SubClassOf Sister,  True.
Thing SubClassOf Thing and (hasSibling some (Female and Person and Sex and Woman and Thing)),  False.
Female and Person and Sex and Woman and Thing SubClassOf GrandMother,  False.
Female and Person and Sex and Woman and Thing SubClassOf Son,  False for
Female and Person and Sex and Woman and Thing SubClassOf Father,  False.
Female and Person and Sex and Woman and Thing SubClassOf Child,  False for
Female and Person and Sex and Woman and Thing SubClassOf Brother,  False.
Female and Person and Sex and Woman and Thing SubClassOf Parent,  I.
Female and Person and Sex and Woman and Thing SubClassOf Daughter,  False.
Female and Person and Sex and Woman and Thing SubClassOf Man,  False for
Female and Person and Sex and Woman and Thing SubClassOf Mother,  False.
Female and Person and Sex and Woman and Thing SubClassOf GrandParent,  False.
Female and Person and Sex and Woman and Thing SubClassOf Sister,  False.
Female and Person and Sex and Woman and Thing SubClassOf OffSpring,  False.
Female and Person and Sex and Woman and Thing SubClassOf Male,  False for
Female and Person and Sex and Woman and Thing SubClassOf Sibling,  False.
Female and Person and Sex and Woman and Thing SubClassOf GrandFather,  False.
Thing and (hasSibling some Female) and (hasSibling some (Person and Sex and Woman and Thing)) SubClassOf Thing and (hasSibling some (Female and Person and Sex and Woman and Thing)),  False.
Thing and (hasSibling some Female) and (hasSibling some (Person and Sex and Woman and Thing)) SubClassOf Female,  False.
Thing and (hasSibling some (Female and Person and Sex and Woman and Thing)) SubClassOf Thing and (hasSibling some (Female and Person and Sex and Woman and Thing)),  True.
Thing and (hasSibling some (Person and Sex and Woman and Thing)) SubClassOf Female,  False.
Thing and (hasSibling some (Female and Sex and Woman and Thing)) SubClassOf Female,  False.
Thing and (hasSibling some (Female and Person and Woman and Thing)) SubClassOf Female,  False.
Thing and (hasSibling some (Female and Person and Sex and Thing)) SubClassOf Female,  False.
Father and Mother SubClassOf Sister,  False.
GrandParent and Parent SubClassOf Father,  False.
hasParent some Sibling SubClassOf Father,  False.
Female and Sister SubClassOf GrandParent,  False.
Brother and Man SubClassOf GrandFather,  False.
GrandFather SubClassOf hasSex some Person,  False.
Sibling SubClassOf hasChild some GrandParent,  False.
hasSex some Son SubClassOf Daughter,  False.
hasSibling some GrandMother SubClassOf Daughter,  False.
Mother and Woman SubClassOf Man,  False.
Male and OffSpring SubClassOf Female,  False.
hasSex some Daughter SubClassOf Parent,  False.
hasSibling some Sex SubClassOf Parent,  False.
Female SubClassOf hasParent some Female,  True.
GrandMother SubClassOf hasParent some Female,  False.
Thing SubClassOf hasParent some Female,  False.
Son SubClassOf hasParent some Female,  False.
Thing and (hasParent some Female) SubClassOf Thing and (hasParent some Female),  True.
Brother SubClassOf Female,  False.
Parent SubClassOf Female,  False.
Man SubClassOf Female,  False.
Mother SubClassOf Female,  False.
GrandParent SubClassOf Female,  False.
Woman SubClassOf Female and Thing,  True for
Woman SubClassOf Female and Person,  True,
Sex and Sister SubClassOf Son,  False.
Child and Sex SubClassOf Son,  False.
GrandParent and Sibling SubClassOf GrandMother,  False.
Brother and Sister SubClassOf Male,  False.
GrandFather SubClassOf hasParent some Male,  False.
Child and Sibling SubClassOf GrandFather,  False.
GrandFather and Man SubClassOf GrandMother,  False.
Daughter and Mother SubClassOf GrandFather,  False.
hasChild some Male SubClassOf Sister,  False.
Father and GrandMother SubClassOf Sister,  False.
Daughter and Woman SubClassOf Child,  False.
Father and Sister SubClassOf OffSpring,  False.
Brother and Male SubClassOf Son,  False.
hasParent some Woman SubClassOf Son,  False.
Female and OffSpring SubClassOf Male,  False.
Mother and Son SubClassOf Male,  False.
GrandFather and Man SubClassOf OffSpring,  False.
GrandParent and Person SubClassOf Parent,  False.
hasSex some GrandFather SubClassOf Son,  False.
Male and Woman SubClassOf Child,  False.
Daughter SubClassOf hasParent some Parent,  True for
Daughter SubClassOf hasParent some Sex,  False.
Female and Sibling SubClassOf Child,  False.
Daughter and Woman SubClassOf Mother,  False.
Father and Sister SubClassOf Sibling,  False.
GrandFather and Man SubClassOf Person,  True.
GrandFather and Man SubClassOf Son,  False.
GrandFather and Man SubClassOf Female,  False.
GrandFather and Man SubClassOf Father,  False.
GrandFather and Man SubClassOf Child,  False.
GrandFather SubClassOf Person,  False.
Child SubClassOf hasParent some Female,  False.
GrandParent and Parent SubClassOf Female,  False.
OffSpring and Parent SubClassOf Sex,  False.
hasChild some Sibling SubClassOf Daughter,  False.
Sex and Son SubClassOf Child,  False.
Sibling SubClassOf hasChild some Brother,  False.
GrandMother and Sex SubClassOf Mother,  False.
Daughter SubClassOf hasParent some Sister,  False.
GrandParent and Mother SubClassOf Sibling,  False.
Child and GrandFather SubClassOf Father,  False.
Mother and Parent SubClassOf GrandParent,  False.
Child and Female SubClassOf GrandParent,  False.
Father and GrandParent SubClassOf Daughter,  False.
Child and Son SubClassOf Brother,  False.
Male and Sister SubClassOf Mother,  False.
Father and Sex SubClassOf Child,  False.
Sex SubClassOf hasSibling some Male,  False.
OffSpring and Sibling SubClassOf GrandMother,  False.
Daughter and Man SubClassOf GrandFather,  False.
Male and Sex SubClassOf GrandFather,  False.
Child and Person SubClassOf GrandParent,  False.
Brother and Woman SubClassOf GrandMother,  False.
Male and Woman SubClassOf GrandMother,  False.
Sex and Sibling SubClassOf Sister,  False.
Brother and Female SubClassOf Sister,  False.
hasSibling some Person SubClassOf GrandFather,  False.
Daughter and Sister SubClassOf Man,  False.
hasSex some GrandFather SubClassOf GrandFather,  False.
GrandMother and Parent SubClassOf Male,  False.
hasParent some Father SubClassOf Male,  True.
hasParent some Father SubClassOf GrandMother,  False.
hasParent some Father SubClassOf Son,  False.
hasParent some Father SubClassOf Female,  False.
hasParent some Father SubClassOf Child,  False.
hasParent some Father SubClassOf Person,  True.
Thing SubClassOf Thing and (hasParent some (Father and Male and Man and Person and Sex and Thing)),  False.
Father and Male and Man and Person and Sex and Thing SubClassOf GrandMother,  False.
Father and Male and Man and Person and Sex and Thing SubClassOf Son,  False for
Father and Male and Man and Person and Sex and Thing SubClassOf Female,  False.
Father and Male and Man and Person and Sex and Thing SubClassOf Child,  False for
Father and Male and Man and Person and Sex and Thing SubClassOf Brother,  False.
Father and Male and Man and Person and Sex and Thing SubClassOf Parent,  False for
Father and Male and Man and Person and Sex and Thing SubClassOf Daughter,  False.
Father and Male and Man and Person and Sex and Thing SubClassOf Mother,  False.
Father and Male and Man and Person and Sex and Thing SubClassOf GrandParent,  False.
Father and Male and Man and Person and Sex and Thing SubClassOf Sister,  False.
Father and Male and Man and Person and Sex and Thing SubClassOf OffSpring,  False.
Father and Male and Man and Person and Sex and Thing SubClassOf Woman,  False.
Father and Male and Man and Person and Sex and Thing SubClassOf Sibling,  False.
Father and Male and Man and Person and Sex and Thing SubClassOf GrandFather,  False.
Thing and (hasParent some Father) and (hasParent some (Male and Man and Person and Sex and Thing)) SubClassOf Thing and (hasParent some (Father and Male and Man and Person and Sex and Thing)),  True for
Thing and (hasParent some Father) and (hasParent some (Male and Man and Person and Sex and Thing)) SubClassOf Person,  True.
Thing and (hasParent some Father) and (hasParent some Male) and (hasParent some (Man and Person and Sex and Thing)) SubClassOf Thing and (hasParent some Father) and (hasParent some (Male and Man and Person and Sex and Thing)),  True for
Thing and (hasParent some Father) and (hasParent some Male) and (hasParent some (Man and Person and Sex and Thing)) SubClassOf Person,  True.
Thing and (hasParent some Father) and (hasParent some Male) and (hasParent some Man) and (hasParent some (Person and Sex and Thing)) SubClassOf Thing and (hasParent some Father) and (hasParent some Male) and (hasParent some (Man and Person and Sex and Thing)),  True for
Thing and (hasParent some Father) and (hasParent some Male) and (hasParent some Man) and (hasParent some (Person and Sex and Thing)) SubClassOf Person,  True.
Thing and (hasParent some Father) and (hasParent some Male) and (hasParent some Man) and (hasParent some Person) and (hasParent some (Sex and Thing)) SubClassOf Thing and (hasParent some Father) and (hasParent some Male) and (hasParent some Man) and (hasParent some (Person and Sex and Thing)),  True for
Thing and (hasParent some Father) and (hasParent some Male) and (hasParent some Man) and (hasParent some Person) and (hasParent some (Sex and Thing)) SubClassOf Person,  True.
Thing and (hasParent some Father) and (hasParent some Male) and (hasParent some Man) and (hasParent some Person) and (hasParent some Sex) and (hasParent some Thing) SubClassOf Thing and (hasParent some Father) and (hasParent some Male) and (hasParent some Man) and (hasParent some Person) and (hasParent some (Sex and Thing)),  True for
Thing and (hasParent some Father) and (hasParent some Male) and (hasParent some Man) and (hasParent some Person) and (hasParent some Sex) and (hasParent some Thing) SubClassOf Person,  False.
Thing and (hasParent some Father) and (hasParent some Male) and (hasParent some Man) and (hasParent some Person) and (hasParent some (Sex and Thing)) SubClassOf Thing and (hasParent some Father) and (hasParent some Male) and (hasParent some Man) and (hasParent some Person) and (hasParent some (Sex and Thing)),  True for
Thing and (hasParent some Male) and (hasParent some Man) and (hasParent some Person) and (hasParent some Thing) and (hasParent some (Sex and Thing)) SubClassOf Person,  False.
Thing and (hasParent some Father) and (hasParent some Man) and (hasParent some Person) and (hasParent some Thing) and (hasParent some (Sex and Thing)) SubClassOf Person,  False.
Thing and (hasParent some Father) and (hasParent some Male) and (hasParent some Person) and (hasParent some Thing) and (hasParent some (Sex and Thing)) SubClassOf Person,  False.
Thing and (hasParent some Father) and (hasParent some Male) and (hasParent some Man) and (hasParent some Thing) and (hasParent some (Sex and Thing)) SubClassOf Person,  False.
Thing and (hasParent some Father) and (hasParent some Male) and (hasParent some Man) and (hasParent some Person) and (hasParent some Thing) SubClassOf Person,  False.
Daughter and GrandMother SubClassOf Mother,  False.
Son SubClassOf hasChild some Parent,  False.
GrandFather and GrandParent SubClassOf Woman,  False.
Person and Son SubClassOf GrandParent,  False.
GrandFather and GrandMother SubClassOf Child,  False.
Brother and Father SubClassOf Child,  False.
Female and Sex SubClassOf Child,  False.
Male and Sibling SubClassOf Parent,  False.
Daughter and Person SubClassOf Mother,  False.
Daughter SubClassOf hasChild some Mother,  False.
Female and Sister SubClassOf Male,  False.
hasSex some Child SubClassOf GrandMother,  False.
hasSibling some Parent SubClassOf GrandMother,  False.
Father and OffSpring SubClassOf Female,  False.
GrandFather and Son SubClassOf Female,  False.
hasParent some Man SubClassOf Mother,  False.
hasSibling some GrandParent SubClassOf Sex,  False.
GrandFather and Mother SubClassOf OffSpring,  False.
Male and Sibling SubClassOf Woman,  False.
Female SubClassOf hasSex some OffSpring,  True.
GrandMother SubClassOf hasSex some OffSpring,  False.
Thing SubClassOf hasSex some OffSpring,  False.
Son SubClassOf hasSex some OffSpring,  False.
Thing and (hasSex some OffSpring) SubClassOf Thing and (hasSex some OffSpring),  False.
Thing SubClassOf Thing and (hasSex some OffSpring),  False,
Person SubClassOf Thing and (hasSex some OffSpring),  True for
Sex SubClassOf Thing and (hasSex some OffSpring),  True for
Brother SubClassOf OffSpring,  False.
Parent SubClassOf OffSpring,  False.
Man SubClassOf OffSpring,  False.
Mother SubClassOf OffSpring,  False.
Sibling SubClassOf OffSpring,  False.
Female SubClassOf Person and Thing and (hasSex some OffSpring),  True for
Female SubClassOf Sex and Thing and (hasSex some OffSpring),  True for
Female SubClassOf Woman and Thing and (hasSex some OffSpring),  True for
Female SubClassOf Thing and (hasSex some (OffSpring and Thing)),  True for
Female SubClassOf Thing and (hasSex some (Female and OffSpring)),  True for
Female SubClassOf Thing and (hasSex some (OffSpring and Person)),  True for
Female SubClassOf Thing and (hasSex some (OffSpring and Sex)),  True for
Female SubClassOf Thing and (hasSex some (OffSpring and Woman)),  True for
Thing and (hasSex some (OffSpring and Thing)) SubClassOf Thing and (hasSex some (OffSpring and Thing)),  True for
Thing SubClassOf Thing and (hasSex some (OffSpring and Thing)),  True for
Person SubClassOf Thing and (hasSex some (OffSpring and Thing)),  True for
Sex SubClassOf Thing and (hasSex some (OffSpring and Thing)),  True for
GrandMother SubClassOf OffSpring and Thing,  False,
Thing SubClassOf OffSpring and Thing,  True for
Son SubClassOf OffSpring and Thing,  True for
Female SubClassOf OffSpring and Thing,  True,
hasChild some Parent SubClassOf Child,  True.
hasChild some Parent SubClassOf GrandMother,  It is
hasChild some Parent SubClassOf Son,  True,
Parent SubClassOf Son,  False.
Thing SubClassOf Thing and (hasChild some (Parent and Thing)),  True,
Thing and (hasChild some Parent) and (hasChild some Thing) SubClassOf Thing and (hasChild some (Parent and Thing)),  The first
Thing and (hasChild some Parent) and (hasChild some Thing) SubClassOf Son,  I cannot
Thing and (hasChild some (Parent and Thing)) SubClassOf Thing and (hasChild some (Parent and Thing)),  True.
Thing and (hasChild some Thing) SubClassOf Son,  False.
Sister SubClassOf hasParent some Child,  False.
Child and Daughter SubClassOf Brother,  False.
hasSex some Sex SubClassOf Mother,  False.
Man SubClassOf hasSibling some Son,  False.
Person and Sibling SubClassOf Son,  False.
Father and Mother SubClassOf Parent,  True.
Father and Mother SubClassOf GrandMother,  False.
Father and Mother SubClassOf Female,  False.
Father and Mother SubClassOf Child,  False.
Father and Mother SubClassOf Brother,  False.
Mother SubClassOf Parent,  False.
GrandParent and Parent SubClassOf Woman,  False.
hasParent some Sibling SubClassOf OffSpring, False.
GrandMother and Sex SubClassOf Child,  False.
GrandParent SubClassOf hasSex some Parent,  False.
Sibling SubClassOf hasChild some Male,  False.
GrandFather and Sex SubClassOf OffSpring,  False.
Sister SubClassOf hasParent some Sister,  False.
Man and Sister SubClassOf Sibling,  False.
GrandParent and Person SubClassOf GrandMother,  False.
Female and OffSpring SubClassOf GrandMother,  False.
Child SubClassOf hasSibling some Son,  False.
GrandFather and Man SubClassOf Parent,  False.
Sibling SubClassOf hasChild some Mother,  False.
GrandFather SubClassOf hasSex some Mother,  False.
Brother and Male SubClassOf Woman,  False.
Brother and Father SubClassOf Female,  False.
Man SubClassOf Brother,  False.
GrandParent and Person SubClassOf Mother,  False.
hasChild some Child SubClassOf OffSpring,  True if
Male and OffSpring SubClassOf Son,  False.
Child SubClassOf hasParent some Son,  False.
Daughter and Sibling SubClassOf Male,  False.
Mother and Son SubClassOf Child,  False.
Father and GrandFather SubClassOf Sibling,  False.
hasSex some Man SubClassOf Sex,  False.
hasSibling some GrandParent SubClassOf Female,  False.
Child and Woman SubClassOf GrandParent,  False.
Male and Parent SubClassOf GrandFather,  False.
Male and Person SubClassOf Sibling,  False.
Daughter SubClassOf hasSex some Sibling,  False.
Sibling and Sister SubClassOf Daughter,  False.
Child and Daughter SubClassOf Mother,  False.
Mother SubClassOf hasChild some Brother,  False.
Sister SubClassOf hasSex some Father,  False.
hasSibling some Person SubClassOf OffSpring,  True.
hasSibling some Person SubClassOf GrandMother,  False.
hasSibling some Person SubClassOf Son,  False.
hasSibling some Person SubClassOf Female,  False.
hasSibling some Person SubClassOf Father,  False.
hasSibling some Person SubClassOf Child,  False.
hasSibling some Person SubClassOf Person,  True.
Person SubClassOf Person,  False,
Thing SubClassOf Thing and (hasSibling some (Person and Thing)),  False,
Person and Thing SubClassOf GrandMother,  False.
Person and Thing SubClassOf Son,  False.
Person and Thing SubClassOf Female,  False.
Person and Thing SubClassOf Father,  False.
Person and Thing SubClassOf Child,  False.
Person and Thing SubClassOf Brother,  False.
Person and Thing SubClassOf Parent,  False.
Person and Thing SubClassOf Daughter,  False.
Person and Thing SubClassOf Man,  False.
Person and Thing SubClassOf Mother,  False.
Person and Thing SubClassOf GrandParent,  False.
Person and Thing SubClassOf Sex,  False.
Person and Thing SubClassOf Sister,  False.
Person and Thing SubClassOf OffSpring,  False.
Person and Thing SubClassOf Woman,  False.
Person and Thing SubClassOf Male,  False.
Person and Thing SubClassOf Sibling,  False.
Person and Thing SubClassOf GrandFather,  False.
Thing and (hasSibling some Person) and (hasSibling some Thing) SubClassOf Thing and (hasSibling some (Person and Thing)),  False.
Thing and (hasSibling some Person) and (hasSibling some Thing) SubClassOf Person,  False.
Thing and (hasSibling some (Person and Thing)) SubClassOf Thing and (hasSibling some (Person and Thing)),  False.
Thing and (hasSibling some (Person and Thing)) SubClassOf Person,  False.
GrandFather SubClassOf Brother,  False.
Man and Sex SubClassOf Father,  False.
GrandParent and Parent SubClassOf Sister,  False.
hasChild some Person SubClassOf Man,  True,
hasChild some Person SubClassOf GrandMother,  False.
hasChild some Person SubClassOf Son,  False.
hasChild some Person SubClassOf Female,  False.
hasChild some Person SubClassOf Father,  False.
hasChild some Person SubClassOf Child,  False.
hasChild some Person SubClassOf Brother,  False.
hasChild some Person SubClassOf Parent,  True.
Thing SubClassOf Thing and (hasChild some (Person and Thing)),  False,
Thing and (hasChild some Person) and (hasChild some Thing) SubClassOf Thing and (hasChild some (Person and Thing)),  The answers
Thing and (hasChild some Person) and (hasChild some Thing) SubClassOf Parent, False.
Thing and (hasChild some (Person and Thing)) SubClassOf Thing and (hasChild some (Person and Thing)),  True.
Thing and (hasChild some Thing) SubClassOf Parent,  False.
Daughter and GrandMother SubClassOf Father,  False.
OffSpring and Sibling SubClassOf GrandParent,  Offspring
Female and Son SubClassOf GrandFather,  False.
Daughter SubClassOf hasParent some GrandMother,  False.
Sex SubClassOf hasSibling some GrandMother,  False.
GrandMother SubClassOf hasChild some Man,  False.
Mother and Parent SubClassOf GrandFather,  False.
hasParent some OffSpring SubClassOf Man,  False.
hasSex some Sex SubClassOf Child,  False.
Man and OffSpring SubClassOf GrandParent,  False.
Person and Woman SubClassOf Parent,  False.
Man and Sex SubClassOf Woman,  False.
Father and GrandMother SubClassOf Daughter,  False.
Male SubClassOf hasSibling some Man,  True.
GrandMother SubClassOf hasSibling some Man,  False.
Thing SubClassOf hasSibling some Man,  False.
Son SubClassOf hasSibling some Man,  False.
Female SubClassOf hasSibling some Man,  False.
Father SubClassOf hasSibling some Man,  False.
Child SubClassOf hasSibling some Man,  False.
Person SubClassOf hasSibling some Man,  False.
Brother SubClassOf hasSibling some Man,  False.
Parent SubClassOf hasSibling some Man,  False.
Daughter SubClassOf hasSibling some Man,  False.
Man SubClassOf hasSibling some Man,  False.
Mother SubClassOf hasSibling some Man,  False.
GrandParent SubClassOf hasSibling some Man,  False.
Sister SubClassOf hasSibling some Man,  False.
OffSpring SubClassOf hasSibling some Man,  False.
Woman SubClassOf hasSibling some Man,  False.
Thing and (hasSibling some Man) SubClassOf Thing and (hasSibling some Man),  True.
Brother SubClassOf Man,  False.
Parent SubClassOf Man,  False.
GrandParent SubClassOf Man,  False.
OffSpring SubClassOf Man and Thing,  Offspring
OffSpring SubClassOf Man and Person and Thing,  Offspring
Male and Sibling SubClassOf GrandMother,  False.
hasChild some OffSpring SubClassOf Sex,  False.
GrandMother SubClassOf hasChild some Son,  False.
Child and Son SubClassOf Male,  True.
Child and Son SubClassOf GrandMother,  False.
Child and Son SubClassOf Female,  False.
Child and Son SubClassOf Father,  False.
Child and Son SubClassOf Parent,  In object
Child and Son SubClassOf Daughter,  False.
Child and Son SubClassOf Man,  True.
Sex and Sibling SubClassOf OffSpring,  True.
Sex and Sibling SubClassOf GrandMother,  False.
Sex and Sibling SubClassOf Son,  False.
Sex and Sibling SubClassOf Female,  False.
Sex and Sibling SubClassOf Father,  False.
Sex and Sibling SubClassOf Person,  True.
hasSibling some GrandParent SubClassOf Son,  False.
Father and Sibling SubClassOf Son,  False.
hasParent some Man SubClassOf Child,  False.
hasSibling some Parent SubClassOf Father,  False.
Mother SubClassOf hasChild some Parent,  False.
GrandFather and Son SubClassOf Woman,  False.
GrandMother and Man SubClassOf GrandParent,  True.
GrandMother and Man SubClassOf Son,  False.
GrandMother and Man SubClassOf Father,  False.
GrandMother and Man SubClassOf Child,  False.
GrandMother and Man SubClassOf Brother,  False.
GrandMother and Man SubClassOf Parent,  True.
Man SubClassOf Parent,  False.
Brother and Man SubClassOf Sex,  False.
GrandParent and Son SubClassOf OffSpring,  False.
Male and Sibling SubClassOf OffSpring,  False.
Parent and Sex SubClassOf Daughter,  False.
Brother and Man SubClassOf Daughter,  False.
Father SubClassOf hasSex some Mother,  False.
GrandFather SubClassOf hasChild some Sex,  False.
hasParent some Son SubClassOf Brother,  False.
hasSibling some Male SubClassOf Mother,  False.
Brother and Sex SubClassOf Woman,  False.
Person and Sibling SubClassOf Child,  False.
Brother and Man SubClassOf Father,  False.
GrandParent and Woman SubClassOf Sister,  False.
Child and Sibling SubClassOf Man,  True (
Female and Parent SubClassOf Father,  False.
hasSibling some Male SubClassOf GrandParent,  False.
Sister SubClassOf hasSex some GrandParent,  False.
Mother and Sex SubClassOf Daughter,  False.
GrandFather SubClassOf hasChild some GrandFather,  False.
Parent SubClassOf hasSibling some Person,  False.
Brother and OffSpring SubClassOf Sibling,  False.
Child SubClassOf hasParent some Sibling,  False.
Daughter and Person SubClassOf Brother,  False.
Man SubClassOf hasSex some OffSpring,  False.
Person SubClassOf hasChild some Brother,  False.
Parent SubClassOf hasParent some Son,  False.
GrandFather SubClassOf hasSex some Male,  False.
Brother and Child SubClassOf Sex,  False.
GrandParent and Mother SubClassOf OffSpring,  False.
OffSpring and Sibling SubClassOf Brother,  Offspring
Father and Son SubClassOf Child,  False.
GrandFather and Male SubClassOf Child,  False.
Sex and Son SubClassOf Parent,  False.
Brother and GrandMother SubClassOf Male,  False.
OffSpring and Son SubClassOf GrandFather,  Offspring
Parent SubClassOf hasChild some Man,  False.
Female and Sex SubClassOf GrandParent,  False.
Mother and OffSpring SubClassOf GrandFather,  False.
Brother and GrandFather SubClassOf Person,  False.
hasParent some GrandMother SubClassOf Father,  False.
hasSibling some Father SubClassOf Daughter,  False.
Brother and Parent SubClassOf GrandParent,  False.
hasChild some Son SubClassOf Daughter,  It is
Male and Sister SubClassOf Daughter,  False.
GrandParent and Male SubClassOf Female,  False.
hasSex some Sibling SubClassOf Female,  False.
GrandMother and Person SubClassOf Brother,  False.
Child and Father SubClassOf Parent,  False.
Father and Son SubClassOf GrandMother,  False.
GrandParent and Parent SubClassOf Man,  False.
Man and Sibling SubClassOf Father,  False.
GrandMother and Woman SubClassOf GrandFather,  False.
Female and GrandParent SubClassOf Sister,  False.
Brother and Sibling SubClassOf Sister,  False.
GrandMother and Sister SubClassOf GrandFather,  False.
Father SubClassOf hasSibling some Brother,  False.
GrandParent SubClassOf Parent,  False.
Sister and Son SubClassOf Male,  False.
hasParent some Person SubClassOf Son,  False.
Mother and Sibling SubClassOf Male,  False.
Female and Woman SubClassOf Male,  False.
Father SubClassOf hasSex some GrandMother,  False.
Female and GrandParent SubClassOf Parent,  False.
Man SubClassOf hasParent some Person,  True.
Man SubClassOf GrandMother,  False.
Man SubClassOf Father,  False.
Man SubClassOf Child,  False.
Man SubClassOf Daughter,  False.
Man SubClassOf Mother,  False.
Man SubClassOf GrandParent,  False.
Man SubClassOf Sister,  False.
Man SubClassOf Woman,  False.
Man SubClassOf Male,  False:
Man SubClassOf Sibling,  False.
Man SubClassOf GrandFather,  False.
Female SubClassOf Person and Thing and (hasParent some Person),  True for
Female SubClassOf Sex and Thing and (hasParent some Person),  True for
Female SubClassOf Woman and Thing and (hasParent some Person),  True for
Female SubClassOf Thing and (hasParent some (Person and Thing)),  True for
Female SubClassOf Thing and (hasParent some (Female and Person)),  True for
Female SubClassOf Thing and (hasParent some (Person and Sex)),  True for
Female SubClassOf Thing and (hasParent some (Person and Woman)),  True,
Thing and (hasParent some (Person and Woman and Thing)) SubClassOf Thing and (hasParent some (Person and Woman and Thing)),  True for
Thing SubClassOf Thing and (hasParent some (Person and Woman and Thing)),  True for
Person SubClassOf Thing and (hasParent some (Person and Woman and Thing)),  True for
Sex SubClassOf Thing and (hasParent some (Person and Woman and Thing)),  False for
Thing SubClassOf Person and Woman and Thing,  False.
Son SubClassOf Person and Woman and Thing,  1
Father SubClassOf Person and Woman and Thing,  Here are
Child SubClassOf Person and Woman and Thing,  Here are
Person SubClassOf Person and Woman and Thing,  Person is
Brother SubClassOf Person and Woman and Thing,  Brother is
Parent SubClassOf Person and Woman and Thing,  Here are
Man SubClassOf Person and Woman and Thing,  1
Mother SubClassOf Person and Woman and Thing,  Mother is
GrandParent SubClassOf Person and Woman and Thing,  False:
Sex SubClassOf Person and Woman and Thing, False.
OffSpring SubClassOf Person and Woman and Thing,  Offspring
Male SubClassOf Person and Woman and Thing,  False:
Sibling SubClassOf Person and Woman and Thing,  Sibling
GrandFather SubClassOf Person and Woman and Thing,  False:
Female and OffSpring and Person and Sex and Woman and Thing and (hasParent some (Person and Woman and Thing)) SubClassOf Female and OffSpring and Person and Sex and Woman and Thing and (hasParent some (Person and Woman and Thing)),  Here are
Thing SubClassOf Female and OffSpring and Person and Sex and Woman and Thing and (hasParent some (Person and Woman and Thing)),  False for
Person SubClassOf Female and OffSpring and Person and Sex and Woman and Thing and (hasParent some (Person and Woman and Thing)),  False.
Sex SubClassOf Female and OffSpring and Person and Sex and Woman and Thing and (hasParent some (Person and Woman and Thing)),  Here are
Female SubClassOf Female and OffSpring and Person and Sex and Woman and Thing and (hasParent some (Female and Person and Woman and Thing)),  Here are
Female SubClassOf Female and OffSpring and Person and Sex and Woman and Thing and (hasParent some (Person and Sex and Woman and Thing)),  Here are
Female and Man and OffSpring and Person and Sex and Woman and Thing and (hasParent some (Person and Woman and Thing)) SubClassOf Female and Man and OffSpring and Person and Sex and Woman and Thing and (hasParent some (Person and Woman and Thing)),  Here are
Thing SubClassOf Female and Man and OffSpring and Person and Sex and Woman and Thing and (hasParent some (Person and Woman and Thing)),  False for
Person SubClassOf Female and Man and OffSpring and Person and Sex and Woman and Thing and (hasParent some (Person and Woman and Thing)),  Here are
Sex SubClassOf Female and Man and OffSpring and Person and Sex and Woman and Thing and (hasParent some (Person and Woman and Thing)),  Here are
Sibling and Sister SubClassOf Parent,  False.
Daughter and OffSpring SubClassOf Sister,  False.
Sex and Son SubClassOf Sister,  False.
GrandParent and Mother SubClassOf Brother,  False.
Sister SubClassOf hasChild some Parent,  False.
GrandFather and Sibling SubClassOf Son,  False.
Female and Sibling SubClassOf Son,  False.
Father and GrandParent SubClassOf Child,  False.
Woman SubClassOf hasChild some OffSpring,  I cannot
Mother SubClassOf hasSex some OffSpring,  False.
Brother and Sister SubClassOf Child,  False.
Man and Woman SubClassOf Child,  False.
hasSex some Father SubClassOf Parent,  False.
hasChild some Sex SubClassOf Male,  False.
GrandParent SubClassOf Brother,  False.
Person SubClassOf hasSibling some Son,  False.
Man and Sister SubClassOf Brother,  False.
Mother SubClassOf hasParent some Sibling,  False.
OffSpring SubClassOf hasSibling some Person,  False.
Person and Sex SubClassOf Daughter,  False.
hasChild some Mother SubClassOf Mother,  True.
hasChild some Mother SubClassOf GrandMother,  False.
hasChild some Mother SubClassOf Son,  False.
hasChild some Mother SubClassOf Female,  True.
Thing SubClassOf Thing and (hasChild some (Mother and Thing)),  False,
Mother and Thing SubClassOf GrandMother,  False.
Mother and Thing SubClassOf Son,  False.
Mother and Thing SubClassOf Female,  False.
Mother and Thing SubClassOf Father,  False.
Mother and Thing SubClassOf Child,  False.
Mother and Thing SubClassOf Person,  False.
Mother and Thing SubClassOf Brother,  False.
Mother and Thing SubClassOf Parent,  False.
Mother and Thing SubClassOf Daughter,  False.
Mother and Thing SubClassOf Man,  False.
Mother and Thing SubClassOf GrandParent,  False.
Mother and Thing SubClassOf Sex,  False.
Mother and Thing SubClassOf Sister,  False.
Mother and Thing SubClassOf OffSpring,  False.
Mother and Thing SubClassOf Woman,  False.
Mother and Thing SubClassOf Male,  False.
Mother and Thing SubClassOf Sibling,  False.
Mother and Thing SubClassOf GrandFather,  False.
Thing and (hasChild some Mother) and (hasChild some Thing) SubClassOf Thing and (hasChild some (Mother and Thing)),  True for
Thing and (hasChild some Mother) and (hasChild some Thing) SubClassOf Female,  False.
Thing and (hasChild some (Mother and Thing)) SubClassOf Thing and (hasChild some (Mother and Thing)),  True for
Thing and (hasChild some (Mother and Thing)) SubClassOf Female,  True.
Thing and (hasChild some Thing) SubClassOf Female,  False.
Man and Parent SubClassOf GrandParent,  False.
GrandFather and Sex SubClassOf Woman,  False.
Man and Son SubClassOf Female,  False.
Child and Male SubClassOf Brother,  False.
hasParent some Parent SubClassOf Mother,  False.
Brother and Person SubClassOf OffSpring,  False.
Son and Woman SubClassOf Brother,  False.
Child and OffSpring SubClassOf Father,  False.
Female and Sister SubClassOf GrandFather,  False.
GrandFather and Man SubClassOf GrandParent,  False.
Parent and Son SubClassOf Sister,  False.
hasChild some Male SubClassOf Sibling,  False.
Child and Sex SubClassOf GrandFather,  False.
OffSpring and Parent SubClassOf Female,  False.
hasParent some Sibling SubClassOf Sibling,  False.
hasSibling some Female SubClassOf Sibling,  True.
hasSibling some Female SubClassOf Father,  False.
hasSibling some Female SubClassOf Child,  False.
hasSibling some Female SubClassOf Brother,  False.
hasSibling some Female SubClassOf Parent,  True.
Female and Man and OffSpring and Person and Sex and Woman and Thing SubClassOf Female and Man and OffSpring and Person and Sex and Woman and Thing and (hasSibling some (Female and Man and OffSpring and Person and Sex and Woman and Thing)),  Here are
Female and Man and OffSpring and Person and Sex and Woman and Thing SubClassOf GrandMother,  False.
Female and Man and OffSpring and Person and Sex and Woman and Thing SubClassOf Son,  False for
Female and Man and OffSpring and Person and Sex and Woman and Thing SubClassOf Father,  False.
Female and Man and OffSpring and Person and Sex and Woman and Thing SubClassOf Child,  False for
Female and Man and OffSpring and Person and Sex and Woman and Thing SubClassOf Brother,  False.
Female and Man and OffSpring and Person and Sex and Woman and Thing SubClassOf Parent,  False for
Female and Man and OffSpring and Person and Sex and Woman and Thing SubClassOf Daughter,  False.
Female and Man and OffSpring and Person and Sex and Woman and Thing SubClassOf Mother,  False.
Female and Man and OffSpring and Person and Sex and Woman and Thing SubClassOf GrandParent,  False.
Female and Man and OffSpring and Person and Sex and Woman and Thing SubClassOf Sister,  False.
Female and Man and OffSpring and Person and Sex and Woman and Thing SubClassOf Male,  False for
Female and Man and OffSpring and Person and Sex and Woman and Thing SubClassOf Sibling,  False for
Female and Man and OffSpring and Person and Sex and Woman and Thing SubClassOf GrandFather,  False.
Female and Man and OffSpring and Person and Sex and Woman and Thing and (hasSibling some Female) and (hasSibling some (Man and OffSpring and Person and Sex and Woman and Thing)) SubClassOf Female and Man and OffSpring and Person and Sex and Woman and Thing and (hasSibling some (Female and Man and OffSpring and Person and Sex and Woman and Thing)),  It is
Female and Man and OffSpring and Person and Sex and Woman and Thing and (hasSibling some Female) and (hasSibling some (Man and OffSpring and Person and Sex and Woman and Thing)) SubClassOf Parent,  False.
Female and Man and OffSpring and Person and Sex and Woman and Thing and (hasSibling some (Female and Man and OffSpring and Person and Sex and Woman and Thing)) SubClassOf Female and Man and OffSpring and Person and Sex and Woman and Thing and (hasSibling some (Female and Man and OffSpring and Person and Sex and Woman and Thing)),  True for
Female and Man and OffSpring and Person and Sex and Woman and Thing and (hasSibling some (Female and Man and OffSpring and Person and Sex and Woman and Thing)) SubClassOf Parent,  True.
Man and OffSpring and Person and Sex and Woman and Thing and (hasSibling some (Female and Man and OffSpring and Person and Sex and Woman and Thing)) SubClassOf Parent,  True.
OffSpring and Person and Sex and Woman and Thing and (hasSibling some (Female and Man and OffSpring and Person and Sex and Woman and Thing)) SubClassOf Parent,  True.
Person and Sex and Woman and Thing and (hasSibling some (Female and Man and OffSpring and Person and Sex and Woman and Thing)) SubClassOf Parent,  False.
OffSpring and Sex and Woman and Thing and (hasSibling some (Female and Man and OffSpring and Person and Sex and Woman and Thing)) SubClassOf Parent,  False.
OffSpring and Person and Woman and Thing and (hasSibling some (Female and Man and OffSpring and Person and Sex and Woman and Thing)) SubClassOf Parent,  True.
OffSpring and Person and Thing and (hasSibling some (Female and Man and OffSpring and Person and Sex and Woman and Thing)) SubClassOf Parent,  False.
OffSpring and Person and Woman and Thing and (hasSibling some (Man and OffSpring and Person and Sex and Woman and Thing)) SubClassOf Parent,  True.
OffSpring and Person and Woman and Thing and (hasSibling some (OffSpring and Person and Sex and Woman and Thing)) SubClassOf Parent,  True.
OffSpring and Person and Woman and Thing and (hasSibling some (Person and Sex and Woman and Thing)) SubClassOf Parent,  True.
OffSpring and Person and Woman and Thing and (hasSibling some (Sex and Woman and Thing)) SubClassOf Parent,  True.
OffSpring and Person and Woman and Thing and (hasSibling some (Woman and Thing)) SubClassOf Parent,  False.
OffSpring and Person and Woman and Thing and (hasSibling some (Sex and Thing)) SubClassOf Parent,  True.
Son SubClassOf hasParent some Daughter,  False.
Male SubClassOf hasSibling some Daughter,  False.
hasParent some Parent SubClassOf Male,  False.
GrandMother SubClassOf hasParent some GrandMother,  False.
Father SubClassOf hasParent some Sister,  False.
Sex and Sister SubClassOf Parent,  False.
GrandMother and Male SubClassOf Sister,  False.
hasSex some Daughter SubClassOf Sister,  False.
Woman SubClassOf hasChild some Father,  False.
Person SubClassOf hasSibling some GrandFather,  False.
hasSibling some Sex SubClassOf GrandMother,  False.
Brother and Sister SubClassOf GrandMother,  False.
Male SubClassOf hasParent some GrandFather,  False.
Parent and Woman SubClassOf GrandParent,  False.
Man and Mother SubClassOf Daughter,  False.
Person SubClassOf hasSex some Sibling,  False.
hasSibling some Sibling SubClassOf Man,  True.
hasSibling some Sibling SubClassOf Brother,  True.
Person and Thing SubClassOf Person and Thing and (hasSibling some (Sibling and Thing)),  False.
Person and Thing and (hasSibling some Sibling) and (hasSibling some Thing) SubClassOf Person and Thing and (hasSibling some (Sibling and Thing)),  False.
Person and Thing and (hasSibling some Sibling) and (hasSibling some Thing) SubClassOf Brother,  False.
Person and Thing and (hasSibling some (Sibling and Thing)) SubClassOf Person and Thing and (hasSibling some (Sibling and Thing)),  I'
Person and Thing and (hasSibling some (Sibling and Thing)) SubClassOf Brother,  False.
Thing and (hasSibling some (Sibling and Thing)) SubClassOf Brother,  True.
Thing and (hasSibling some Thing) SubClassOf Brother,  True.
Man and OffSpring SubClassOf Brother,  False.
Daughter SubClassOf hasChild some Sibling,  False.
Father and Man SubClassOf Daughter,  False.
hasChild some Son SubClassOf Sex,  False.
GrandParent SubClassOf hasSibling some GrandFather,  False.
Sex and Sister SubClassOf GrandMother,  False.
Daughter SubClassOf hasSibling some GrandMother,  False.
hasParent some Son SubClassOf Man,  False.
Daughter and Man SubClassOf Child,  False.
Person and Sibling SubClassOf Sister,  False.
GrandFather SubClassOf Father,  False.
Father and Person SubClassOf Mother,  False.
hasChild some Woman SubClassOf Child,  False.
Sister SubClassOf hasSibling some Son,  False.
OffSpring and Son SubClassOf Parent,  True,
OffSpring and Son SubClassOf GrandMother,  False.
OffSpring and Son SubClassOf Female,  False.
OffSpring and Son SubClassOf Father,  False.
OffSpring and Son SubClassOf Child,  False.
OffSpring and Son SubClassOf Brother,  False.
Male and Son SubClassOf Parent,  False.
Father and Sibling SubClassOf Child,  False.
Father and Male SubClassOf Daughter,  False.
Parent SubClassOf hasSex some GrandMother,  False.
Sister SubClassOf hasParent some Mother,  False.
Female SubClassOf hasParent some Father,  False.
Brother SubClassOf hasSibling some Father,  False.
GrandParent SubClassOf hasChild some GrandParent,  False.
Daughter and Person SubClassOf GrandParent,  False.
Person and Sibling SubClassOf OffSpring,  False.
hasParent some GrandParent SubClassOf Child,  False.
Male SubClassOf hasParent some Mother,  False.
Person SubClassOf hasSex some Woman,  False.
Female SubClassOf hasChild some OffSpring,  I'
Father and Female SubClassOf Son,  False.
GrandFather and Mother SubClassOf Woman,  False.
Child and Sex SubClassOf Male,  True.
Child and Sex SubClassOf GrandMother,  False.
Child and Sex SubClassOf Female,  False.
Child and Sex SubClassOf Father,  False.
Child and Sex SubClassOf Brother,  False.
Child and Sex SubClassOf Parent,  False.
Child and Sex SubClassOf Daughter,  False.
Child and Sex SubClassOf Man,  True.
hasSex some Brother SubClassOf Male,  True.
hasSex some Brother SubClassOf GrandMother,  False.
hasSex some Brother SubClassOf Son,  False.
hasSex some Brother SubClassOf Female,  False.
hasSex some Brother SubClassOf Father,  False.
hasSex some Brother SubClassOf Child,  False.
hasSex some Brother SubClassOf Person,  False.
hasSex some Brother SubClassOf Brother,  True.
Brother SubClassOf Brother,  False.
Thing SubClassOf Thing and (hasSex some (Brother and Thing)),  True for
Brother and Thing SubClassOf GrandMother,  False.
Brother and Thing SubClassOf Son,  False.
Brother and Thing SubClassOf Female,  False.
Brother and Thing SubClassOf Father,  False.
Brother and Thing SubClassOf Child,  False.
Brother and Thing SubClassOf Person,  False.
Brother and Thing SubClassOf Parent,  False.
Brother and Thing SubClassOf Daughter,  False.
Brother and Thing SubClassOf Man,  False.
Brother and Thing SubClassOf Mother,  False.
Brother and Thing SubClassOf GrandParent,  False.
Brother and Thing SubClassOf Sex,  False.
Brother and Thing SubClassOf Sister,  False.
Brother and Thing SubClassOf OffSpring,  False.
Brother and Thing SubClassOf Woman,  False.
Brother and Thing SubClassOf Male,  False.
Brother and Thing SubClassOf Sibling,  False.
Brother and Thing SubClassOf GrandFather,  False.
Thing and (hasSex some Brother) and (hasSex some Thing) SubClassOf Thing and (hasSex some (Brother and Thing)),  The first
Thing and (hasSex some Brother) and (hasSex some Thing) SubClassOf Brother,  False.
Thing and (hasSex some (Brother and Thing)) SubClassOf Thing and (hasSex some (Brother and Thing)),  False.
Thing and (hasSex some (Brother and Thing)) SubClassOf Brother,  False.
Thing and (hasSex some Thing) SubClassOf Brother,  False.
Father and Woman SubClassOf Parent,  False.
Brother SubClassOf hasSibling some Daughter,  False.
Sex SubClassOf hasParent some Female,  False.
Father SubClassOf hasChild some Mother,  False.
Can Parent that is also Person be considered a subcategory of 'Father'?,  False.
Can GrandParent that is also Person be considered a subcategory of 'Woman'?,  False.
Can GrandFather be considered a subcategory of 'OffSpring'?,  False.
Can something that hasParent some GrandMother be considered a subcategory of 'Male'?,  False.
Can GrandMother that is also GrandParent be considered a subcategory of 'OffSpring'?,  False.
Can Son be considered a subcategory of 'something that hasSex some Parent'?,  True,
Can Son be considered a subcategory of 'GrandMother'?,  False.
Can Son be considered a subcategory of 'Female'?,  False.
Can Son be considered a subcategory of 'Father'?,  False.
Can Son be considered a subcategory of 'Child'?,  True.
Can Son be considered a subcategory of 'Thing'?,  True.
Can Son be considered a subcategory of 'Child that is also Thing'?,  True.
Can Son be considered a subcategory of 'Person'?,  True.
Can Son be considered a subcategory of 'Child that is also Person that is also Thing'?,  True.
Can Son be considered a subcategory of 'Brother'?,  False.
Can Son be considered a subcategory of 'Parent'?,  False.
Can Son be considered a subcategory of 'Daughter'?,  False.
Can Son be considered a subcategory of 'Man'?,  False.
Can Son be considered a subcategory of 'Mother'?,  False.
Can Son be considered a subcategory of 'GrandParent'?,  False.
Can Son be considered a subcategory of 'Sex'?,  False.
Can Son be considered a subcategory of 'Sister'?,  False.
Can Son be considered a subcategory of 'OffSpring'?,  True.
Can Son be considered a subcategory of 'Child that is also OffSpring that is also Person that is also Thing'?,  True.
Can Son be considered a subcategory of 'Woman'?,  False.
Can Son be considered a subcategory of 'Male'?,  False.
Can Son be considered a subcategory of 'Sibling'?,  False.
Can Son be considered a subcategory of 'GrandFather'?,  False.
Can Parent be considered a subcategory of 'something that hasChild some Male'?,  False.
Can Female that is also GrandMother be considered a subcategory of 'Daughter'?,  False.
Can GrandFather be considered a subcategory of 'Daughter'?,  False.
Can Father that is also Mother be considered a subcategory of 'Male'?,  False.
Can Daughter that is also OffSpring be considered a subcategory of 'Father'?,  False.
Can Male that is also Mother be considered a subcategory of 'Sister'?,  False.
Can something that hasSex some OffSpring be considered a subcategory of 'GrandMother'?,  False.
Can Man that is also Woman be considered a subcategory of 'Sister'?,  False.
Can Male be considered a subcategory of 'something that hasSibling some Mother'?,  False.
Can something that hasParent some Sister be considered a subcategory of 'Sex'?,  False.
Can Son be considered a subcategory of 'something that hasParent some Brother'?,  False.
Can GrandFather that is also OffSpring be considered a subcategory of 'Son'?,  False.
Can Sibling that is also Son be considered a subcategory of 'Woman'?,  False.
Can something that hasSibling some Female be considered a subcategory of 'Sex'?,  False.
Can Father that is also Mother be considered a subcategory of 'Son'?,  False.
Can GrandFather that is also Woman be considered a subcategory of 'Brother'?,  False.
Can Child that is also Person be considered a subcategory of 'Male'?,  False.
Can Female that is also GrandMother be considered a subcategory of 'OffSpring'?,  False.
Can Father that is also Mother be considered a subcategory of 'OffSpring'?,  False.
Can Parent that is also Sister be considered a subcategory of 'Child'?,  False.
Can Man be considered a subcategory of 'Son'?,  False.
Can something that hasSex some Woman be considered a subcategory of 'Male'?,  False.
Can something that hasChild some Child be considered a subcategory of 'Child'?,  False.
Can something that hasParent some OffSpring be considered a subcategory of 'Person'?,  False.
Can something that hasSibling some Son be considered a subcategory of 'Person'?,  True,
Can something that hasSibling some Son be considered a subcategory of 'GrandMother'?,  False.
Can something that hasSibling some Son be considered a subcategory of 'Son'?,  False.
Can something that hasSibling some Son be considered a subcategory of 'Female'?,  False.
Can something that hasSibling some Son be considered a subcategory of 'Father'?,  False.
Can something that hasSibling some Son be considered a subcategory of 'Child'?,  False.
Can Thing be considered a subcategory of 'Thing that is also something that (hasSibling some (Child that is also OffSpring that is also Person that is also Son that is also Thing))'?,  False.
Can Thing be considered a subcategory of 'GrandMother'?,  False.
Can Thing be considered a subcategory of 'Son'?,  False.
Can Thing be considered a subcategory of 'Female'?,  False.
Can Thing be considered a subcategory of 'Father'?,  False.
Can Thing be considered a subcategory of 'Child'?,  False.
Can Thing be considered a subcategory of 'Person'?,  False.
Can Thing be considered a subcategory of 'Brother'?,  False.
Can Thing be considered a subcategory of 'Parent'?,  False.
Can Thing be considered a subcategory of 'Daughter'?,  False.
Can Thing be considered a subcategory of 'Man'?,  False.
Can Thing be considered a subcategory of 'Mother'?,  False.
Can Thing be considered a subcategory of 'GrandParent'?,  False.
Can Thing be considered a subcategory of 'Sex'?,  False.
Can Thing be considered a subcategory of 'Sister'?,  False.
Can Thing be considered a subcategory of 'OffSpring'?,  False.
Can Thing be considered a subcategory of 'Woman'?,  False.
Can Thing be considered a subcategory of 'Male'?,  False.
Can Thing be considered a subcategory of 'Sibling'?,  False.
Can Thing be considered a subcategory of 'GrandFather'?,  False.
Can Child that is also OffSpring that is also Person that is also Son that is also Thing be considered a subcategory of 'GrandMother'?,  False.
Can Child that is also OffSpring that is also Person that is also Son that is also Thing be considered a subcategory of 'Female'?,  False.
Can Child that is also OffSpring that is also Person that is also Son that is also Thing be considered a subcategory of 'Father'?,  False.
Can Child that is also OffSpring that is also Person that is also Son that is also Thing be considered a subcategory of 'Brother'?,  False.
Can Child that is also OffSpring that is also Person that is also Son that is also Thing be considered a subcategory of 'Parent'?,  False.
Can Child that is also OffSpring that is also Person that is also Son that is also Thing be considered a subcategory of 'Daughter'?,  False.
Can Child that is also OffSpring that is also Person that is also Son that is also Thing be considered a subcategory of 'Man'?, False.
Can Child that is also OffSpring that is also Person that is also Son that is also Thing be considered a subcategory of 'Mother'?,  False.
Can Child that is also OffSpring that is also Person that is also Son that is also Thing be considered a subcategory of 'GrandParent'?,  False.
Can Child that is also OffSpring that is also Person that is also Son that is also Thing be considered a subcategory of 'Sex'?,  False.
Can Child that is also OffSpring that is also Person that is also Son that is also Thing be considered a subcategory of 'Sister'?,  False.
Can Child that is also OffSpring that is also Person that is also Son that is also Thing be considered a subcategory of 'Woman'?,  False.
Can Child that is also OffSpring that is also Person that is also Son that is also Thing be considered a subcategory of 'Male'?,  False.
Can Child that is also OffSpring that is also Person that is also Son that is also Thing be considered a subcategory of 'Sibling'?,  False.
Can Child that is also OffSpring that is also Person that is also Son that is also Thing be considered a subcategory of 'GrandFather'?,  False.
Can Thing that is also something that (hasSibling some Child) that is also something that (hasSibling some (OffSpring that is also Person that is also Son that is also Thing)) be considered a subcategory of 'Thing that is also something that (hasSibling some (Child that is also OffSpring that is also Person that is also Son that is also Thing))'?,  False.
Can Thing that is also something that (hasSibling some Child) that is also something that (hasSibling some (OffSpring that is also Person that is also Son that is also Thing)) be considered a subcategory of 'Person'?,  False.
Can Thing that is also something that (hasSibling some (Child that is also OffSpring that is also Person that is also Son that is also Thing)) be considered a subcategory of 'Thing that is also something that (hasSibling some (Child that is also OffSpring that is also Person that is also Son that is also Thing))'?,  False.
Can Thing that is also something that (hasSibling some (Child that is also OffSpring that is also Person that is also Son that is also Thing)) be considered a subcategory of 'Person'?,  False.
Can Thing that is also something that (hasSibling some (OffSpring that is also Person that is also Son that is also Thing)) be considered a subcategory of 'Person'?,  False.
Can Thing that is also something that (hasSibling some (Child that is also Person that is also Son that is also Thing)) be considered a subcategory of 'Person'?,  False.
Can Thing that is also something that (hasSibling some (Child that is also OffSpring that is also Son that is also Thing)) be considered a subcategory of 'Person'?,  False.
Can Thing that is also something that (hasSibling some (Child that is also OffSpring that is also Person that is also Thing)) be considered a subcategory of 'Person'?,  False.
Can Man that is also Son be considered a subcategory of 'Daughter'?,  False.
Can Male that is also Mother be considered a subcategory of 'Sibling'?,  False.
Can GrandFather that is also Sibling be considered a subcategory of 'Sex'?,  False.
Can Father that is also Male be considered a subcategory of 'Mother'?,  False.
Can Father that is also GrandFather be considered a subcategory of 'Mother'?,  False.
Can Child that is also Parent be considered a subcategory of 'Woman'?,  False.
Can Brother that is also Person be considered a subcategory of 'Daughter'?,  False.
Can Brother that is also Woman be considered a subcategory of 'Female'?,  False.
Can Child that is also Woman be considered a subcategory of 'Daughter'?,  True.
Can Child that is also Woman be considered a subcategory of 'GrandMother'?,  False.
Can Child that is also Woman be considered a subcategory of 'Son'?,  False.
Can Child that is also Woman be considered a subcategory of 'Female'?,  True.
Can Woman be considered a subcategory of 'Female'?,  True.
Can Woman be considered a subcategory of 'GrandMother'?,  False.
Can Woman be considered a subcategory of 'Thing'?,  False.
Can Woman be considered a subcategory of 'Son'?,  False.
Can Woman be considered a subcategory of 'Father'?,  False.
Can Woman be considered a subcategory of 'Child'?,  False.
Can Woman be considered a subcategory of 'Person'?,  True.
Can Woman be considered a subcategory of 'Female that is also Person'?,  True.
Can Woman be considered a subcategory of 'Brother'?,  False.
Can Woman be considered a subcategory of 'Parent'?,  False.
Can Woman be considered a subcategory of 'Daughter'?,  False.
Can Woman be considered a subcategory of 'Man'?,  False.
Can Woman be considered a subcategory of 'Mother'?,  False.
Can Woman be considered a subcategory of 'GrandParent'?,  False.
Can Woman be considered a subcategory of 'Sex'?,  False.
Can Woman be considered a subcategory of 'Sister'?,  False.
Can Woman be considered a subcategory of 'OffSpring'?,  False.
Can Woman be considered a subcategory of 'Male'?,  False.
Can Woman be considered a subcategory of 'Sibling'?,  False.
Can Woman be considered a subcategory of 'GrandFather'?,  False.
Can Female that is also Man be considered a subcategory of 'Mother'?,  False.
Can Mother that is also Person be considered a subcategory of 'Sex'?,  False.
Can something that hasChild some GrandParent be considered a subcategory of 'Brother'?,  False.
Can Sibling that is also Sister be considered a subcategory of 'Brother'?,  False.
Can Female that is also Person be considered a subcategory of 'Woman'?,  True.
Can Female that is also Person be considered a subcategory of 'GrandMother'?,  False.
Can Female that is also Person be considered a subcategory of 'Son'?,  False.
Can Female that is also Person be considered a subcategory of 'Father'?,  False.
Can Female that is also Person be considered a subcategory of 'Child'?,  False.
Can Female that is also Person be considered a subcategory of 'Brother'?,  False.
Can Female that is also Person be considered a subcategory of 'Parent'?,  False.
Can Female that is also Person be considered a subcategory of 'Daughter'?,  False.
Can Female that is also Person be considered a subcategory of 'Man'?,  False.
Can Female that is also Person be considered a subcategory of 'Mother'?,  False.
Can Female that is also Person be considered a subcategory of 'GrandParent'?,  False.
Can Female that is also Person be considered a subcategory of 'Sex'?,  False.
Can Female that is also Person be considered a subcategory of 'Sister'?,  False.
Can Female that is also Person be considered a subcategory of 'OffSpring'?,  False.
Can Female be considered a subcategory of 'Woman'?,  True.
Can Female be considered a subcategory of 'GrandMother'?,  False.
Can Female be considered a subcategory of 'Thing'?,  False.
Can Female be considered a subcategory of 'Son'?,  False.
Can Female be considered a subcategory of 'Father'?,  False.
Can Female be considered a subcategory of 'Child'?,  False.
Can Female be considered a subcategory of 'Person'?,  True.
Can Female be considered a subcategory of 'Person that is also Woman'?,  False.
Can Female be considered a subcategory of 'Brother'?,  False.
Can Female be considered a subcategory of 'Parent'?,  False.
Can Female be considered a subcategory of 'Daughter'?,  False.
Can Female be considered a subcategory of 'Man'?,  False.
Can Female be considered a subcategory of 'Mother'?,  False.
Can Female be considered a subcategory of 'GrandParent'?,  False.
Can Female be considered a subcategory of 'Sex'?,  False.
Can Female be considered a subcategory of 'Sister'?,  False.
Can Female be considered a subcategory of 'OffSpring'?,  False.
Can Female be considered a subcategory of 'Male'?,  False.
Can Female be considered a subcategory of 'Sibling'?,  False.
Can Female be considered a subcategory of 'GrandFather'?,  False.
Can GrandParent that is also Person be considered a subcategory of 'GrandFather'?,  False.
Can GrandParent be considered a subcategory of 'Woman'?,  False.
Can Male that is also OffSpring be considered a subcategory of 'Father'?,  False.
Can Child be considered a subcategory of 'something that hasSex some Sister'?,  False.
Can Female that is also Sibling be considered a subcategory of 'Man'?,  False.
Can Female that is also Mother be considered a subcategory of 'Father'?,  False.
Can Daughter that is also GrandMother be considered a subcategory of 'GrandParent'?,  False.
Can Man that is also Sex be considered a subcategory of 'GrandParent'?,  False.
Can Parent be considered a subcategory of 'something that hasChild some Sister'?,  False.
Can something that hasChild some Person be considered a subcategory of 'Person'?,  False.
Can Sex be considered a subcategory of 'something that hasSibling some Man'?,  False.
Can OffSpring that is also Sister be considered a subcategory of 'Daughter'?,  False.
Can Brother that is also GrandParent be considered a subcategory of 'GrandFather'?,  False.
Can Daughter be considered a subcategory of 'something that hasParent some GrandFather'?,  False.
Can Child that is also Person be considered a subcategory of 'GrandMother'?,  False.
Can GrandFather be considered a subcategory of 'something that hasSibling some Woman'?,  False.
Can Person that is also Sister be considered a subcategory of 'Parent'?,  False.
Can Daughter that is also GrandFather be considered a subcategory of 'Male'?,  False.
Can Daughter that is also GrandMother be considered a subcategory of 'Man'?,  False.
Can GrandFather that is also Man be considered a subcategory of 'Daughter'?,  False.
Can Male that is also Sister be considered a subcategory of 'Child'?,  False.
Can OffSpring that is also Sibling be considered a subcategory of 'Man'?,  False.
Can Man be considered a subcategory of 'something that hasSibling some Sister'?,  False.
Can GrandParent that is also Sister be considered a subcategory of 'GrandMother'?,  False.
Can something that hasChild some Brother be considered a subcategory of 'Father'?,  False.
Can GrandMother that is also Woman be considered a subcategory of 'Sister'?,  False.
Can OffSpring be considered a subcategory of 'GrandFather'?,  False.
Can Daughter that is also Man be considered a subcategory of 'GrandMother'?,  False.
Can GrandFather that is also GrandParent be considered a subcategory of 'Daughter'?,  False.
Can GrandMother that is also OffSpring be considered a subcategory of 'Son'?,  False.
Can Child that is also Daughter be considered a subcategory of 'Woman'?,  True.
Can Child that is also Daughter be considered a subcategory of 'GrandMother'?,  False.
Can Child that is also Daughter be considered a subcategory of 'Son'?,  False.
Can Child that is also Daughter be considered a subcategory of 'Female'?,  True.
Can Child be considered a subcategory of 'Female'?,  False.
Can Daughter be considered a subcategory of 'Female'?,  True,
Can Daughter be considered a subcategory of 'GrandMother'?,  False.
Can Daughter be considered a subcategory of 'Thing'?,  True,
Can Daughter be considered a subcategory of 'Female that is also Thing'?,  False.
Can Daughter be considered a subcategory of 'Son'?,  False.
Can Daughter be considered a subcategory of 'Father'?,  False.
Can Daughter be considered a subcategory of 'Child'?,  True.
Can Daughter be considered a subcategory of 'Child that is also Female'?,  True,
Can Daughter be considered a subcategory of 'Person'?,  True.
Can Daughter be considered a subcategory of 'Child that is also Female that is also Person'?,  True.
Can Daughter be considered a subcategory of 'Brother'?,  False.
Can Daughter be considered a subcategory of 'Parent'?,  False.
Can Daughter be considered a subcategory of 'Man'?,  False.
Can Daughter be considered a subcategory of 'Mother'?,  False.
Can Daughter be considered a subcategory of 'GrandParent'?,  False.
Can Daughter be considered a subcategory of 'Sex'?,  False.
Can Daughter be considered a subcategory of 'Sister'?,  False.
Can Daughter be considered a subcategory of 'OffSpring'?,  True.
Can Daughter be considered a subcategory of 'Child that is also Female that is also OffSpring that is also Person'?,  True.
Can Daughter be considered a subcategory of 'Woman'?,  True.
Can Daughter be considered a subcategory of 'Child that is also Female that is also OffSpring that is also Person that is also Woman'?,  True.
Can Daughter be considered a subcategory of 'Male'?,  False.
Can Daughter be considered a subcategory of 'Sibling'?,  False.
Can Daughter be considered a subcategory of 'GrandFather'?,  False.
Can Daughter be considered a subcategory of 'Child that is also Female that is also OffSpring that is also Person that is also Woman that is also Thing'?,  False.
Can Daughter be considered a subcategory of 'something that hasSex some Child'?,  False.
Can Mother be considered a subcategory of 'something that hasChild some Son'?,  False.
Can GrandMother that is also Woman be considered a subcategory of 'Parent'?,  True.
Can GrandMother that is also Woman be considered a subcategory of 'Son'?,  False.
Can GrandMother that is also Woman be considered a subcategory of 'Father'?,  False.
Can GrandMother that is also Woman be considered a subcategory of 'Child'?,  False.
Can GrandMother that is also Woman be considered a subcategory of 'Brother'?,  False.
Can GrandMother be considered a subcategory of 'Parent'?,  False.
Can Father be considered a subcategory of 'something that hasSibling some Parent'?,  False.
Can Parent that is also Sex be considered a subcategory of 'OffSpring'?,  False.
Can something that hasParent some Brother be considered a subcategory of 'OffSpring'?,  False.
Can GrandParent that is also Sex be considered a subcategory of 'Child'?,  False.
Can Brother that is also OffSpring be considered a subcategory of 'Son'?,  False.
Can GrandParent that is also Sister be considered a subcategory of 'Male'?,  False.
Can Man that is also Sibling be considered a subcategory of 'Child'?,  False.
Can Father that is also Female be considered a subcategory of 'Sister'?,  False.
Can GrandFather that is also Man be considered a subcategory of 'Woman'?,  False.
Can Child that is also Woman be considered a subcategory of 'Sex'?,  False.
Can Child that is also Parent be considered a subcategory of 'Female'?,  False.
Can Brother that is also OffSpring be considered a subcategory of 'Mother'?,  False.
Can Father that is also GrandParent be considered a subcategory of 'Woman'?,  False.
Can something that hasChild some Sister be considered a subcategory of 'Female'?,  False.
Can GrandMother that is also Man be considered a subcategory of 'Woman'?,  False.
Can Brother be considered a subcategory of 'something that hasSex some Mother'?,  False.
Can Sibling that is also Son be considered a subcategory of 'Brother'?,  True,
Can Sibling that is also Son be considered a subcategory of 'GrandMother'?,  False.
Can Sibling that is also Son be considered a subcategory of 'Female'?,  False.
Can Sibling that is also Son be considered a subcategory of 'Father'?,  False.
Can Sibling be considered a subcategory of 'Brother'?,  False.
Can Male that is also Sex be considered a subcategory of 'Brother'?,  False.
Can something that hasSibling some Sex be considered a subcategory of 'Son'?,  False.
Can Father that is also Parent be considered a subcategory of 'Woman'?,  False.
Can Male that is also Person be considered a subcategory of 'Child'?,  False.
Can something that hasParent some Daughter be considered a subcategory of 'Son'?,  False.
Can something that hasSibling some GrandFather be considered a subcategory of 'Father'?,  False.
Can Father that is also Person be considered a subcategory of 'Sister'?,  False.
Can Male that is also Parent be considered a subcategory of 'Man'?,  True,
Can Male that is also Parent be considered a subcategory of 'GrandMother'?,  False.
Can Male that is also Parent be considered a subcategory of 'Son'?,  False.
Can Male that is also Parent be considered a subcategory of 'Female'?,  False.
Can Male that is also Parent be considered a subcategory of 'Father'?,  False.
Can Male that is also Parent be considered a subcategory of 'Child'?,  False.
Can Male that is also Parent be considered a subcategory of 'Person'?,  True.
Can Male be considered a subcategory of 'Person'?,  True.
Can Male be considered a subcategory of 'GrandMother'?,  False.
Can Male be considered a subcategory of 'Thing'?,  False.
Can Male be considered a subcategory of 'Son'?,  False.
Can Male be considered a subcategory of 'Female'?,  False.
Can Male be considered a subcategory of 'Father'?,  False.
Can Male be considered a subcategory of 'Child'?,  False.
Can Male be considered a subcategory of 'Brother'?,  False.
Can Male be considered a subcategory of 'Parent'?,  False.
Can Male be considered a subcategory of 'Daughter'?,  False.
Can Male be considered a subcategory of 'Man'?,  True.
Can Male be considered a subcategory of 'Man that is also Person'?,  True.
Can Male be considered a subcategory of 'Mother'?,  False.
Can Male be considered a subcategory of 'GrandParent'?,  False.
Can Male be considered a subcategory of 'Sex'?,  False.
Can Male be considered a subcategory of 'Sister'?,  False.
Can Male be considered a subcategory of 'OffSpring'?,  False.
Can Male be considered a subcategory of 'Woman'?,  False.
Can Male be considered a subcategory of 'Sibling'?,  False.
Can Male be considered a subcategory of 'GrandFather'?,  False.
Can something that hasParent some Father be considered a subcategory of 'Father'?,  False.
Can Female that is also Parent be considered a subcategory of 'GrandParent'?,  False.
Can Brother be considered a subcategory of 'something that hasParent some GrandParent'?,  False.
Can Daughter that is also GrandFather be considered a subcategory of 'Sibling'?,  False.
Can Child that is also Sibling be considered a subcategory of 'Person'?,  True.
Can Child that is also Sibling be considered a subcategory of 'GrandMother'?,  False.
Can Child that is also Sibling be considered a subcategory of 'Son'?,  False.
Can Child that is also Sibling be considered a subcategory of 'Female'?,  False.
Can Child that is also Sibling be considered a subcategory of 'Father'?,  False.
Can Child be considered a subcategory of 'Person'?,  True.
Can Child be considered a subcategory of 'GrandMother'?,  False.
Can Child be considered a subcategory of 'Thing'?,  True.
Can Child be considered a subcategory of 'Person that is also Thing'?,  False.
Can Child be considered a subcategory of 'Son'?,  False.
Can Child be considered a subcategory of 'Father'?,  False.
Can Child be considered a subcategory of 'Brother'?,  False.
Can Child be considered a subcategory of 'Parent'?,  False.
Can Child be considered a subcategory of 'Daughter'?,  False.
Can Child be considered a subcategory of 'Man'?,  False.
Can Child be considered a subcategory of 'Mother'?,  False.
Can Child be considered a subcategory of 'GrandParent'?,  False.
Can Child be considered a subcategory of 'Sex'?,  False.
Can Child be considered a subcategory of 'Sister'?,  False.
Can Child be considered a subcategory of 'OffSpring'?,  True.
Can Child be considered a subcategory of 'OffSpring that is also Person'?,  True.
Can Child be considered a subcategory of 'Woman'?,  False.
Can Child be considered a subcategory of 'Male'?,  False.
Can Child be considered a subcategory of 'Sibling'?,  False.
Can Child be considered a subcategory of 'GrandFather'?,  False.
Can Child be considered a subcategory of 'OffSpring that is also Person that is also Thing'?,  True.
Can something that hasSex some Female be considered a subcategory of 'Female'?,  False.
Can something that hasSibling some Mother be considered a subcategory of 'Daughter'?,  False.
Can Woman be considered a subcategory of 'something that hasSibling some GrandFather'?,  False.
Can Male that is also Sibling be considered a subcategory of 'GrandFather'?,  False.
Can Daughter that is also Father be considered a subcategory of 'Brother'?,  False.
Can Sister be considered a subcategory of 'something that hasSex some Daughter'?,  False.
Can Man be considered a subcategory of 'something that hasChild some Sibling'?,  False.
Can something that hasSex some Sibling be considered a subcategory of 'Brother'?,  False.
Can something that hasChild some Female be considered a subcategory of 'Mother'?,  True.
Can something that hasChild some Female be considered a subcategory of 'GrandMother'?,  False.
Can something that hasChild some Female be considered a subcategory of 'Son'?,  False.
Can something that hasChild some Female be considered a subcategory of 'Female'?,  False.
Can something that hasChild some Female be considered a subcategory of 'Father'?,  False.
Can something that hasChild some Female be considered a subcategory of 'Child'?,  False.
Can something that hasChild some Female be considered a subcategory of 'Person'?,  True.
Can Thing be considered a subcategory of 'Thing that is also something that (hasChild some (Female that is also Person that is also Woman that is also Thing))'?,  True,
Can Female that is also Person that is also Woman that is also Thing be considered a subcategory of 'GrandMother'?,  False.
Can Female that is also Person that is also Woman that is also Thing be considered a subcategory of 'Son'?,  False.
Can Female that is also Person that is also Woman that is also Thing be considered a subcategory of 'Father'?,  False.
Can Female that is also Person that is also Woman that is also Thing be considered a subcategory of 'Child'?,  False.
Can Female that is also Person that is also Woman that is also Thing be considered a subcategory of 'Brother'?,  False.
Can Female that is also Person that is also Woman that is also Thing be considered a subcategory of 'Parent'?,  False.
Can Female that is also Person that is also Woman that is also Thing be considered a subcategory of 'Daughter'?,  False.
Can Female that is also Person that is also Woman that is also Thing be considered a subcategory of 'Man'?,  False.
Can Female that is also Person that is also Woman that is also Thing be considered a subcategory of 'Mother'?,  False.
Can Female that is also Person that is also Woman that is also Thing be considered a subcategory of 'GrandParent'?,  False.
Can Female that is also Person that is also Woman that is also Thing be considered a subcategory of 'Sex'?,  False.
Can Female that is also Person that is also Woman that is also Thing be considered a subcategory of 'Sister'?,  False.
Can Female that is also Person that is also Woman that is also Thing be considered a subcategory of 'OffSpring'?,  False.
Can Female that is also Person that is also Woman that is also Thing be considered a subcategory of 'Male'?,  False.
Can Female that is also Person that is also Woman that is also Thing be considered a subcategory of 'Sibling'?,  False.
Can Female that is also Person that is also Woman that is also Thing be considered a subcategory of 'GrandFather'?,  False.
Can Thing that is also something that (hasChild some Female) that is also something that (hasChild some (Person that is also Woman that is also Thing)) be considered a subcategory of 'Thing that is also something that (hasChild some (Female that is also Person that is also Woman that is also Thing))'?,  False.
Can Thing that is also something that (hasChild some Female) that is also something that (hasChild some (Person that is also Woman that is also Thing)) be considered a subcategory of 'Person'?,  I cannot
Can Thing that is also something that (hasChild some (Female that is also Person that is also Woman that is also Thing)) be considered a subcategory of 'Thing that is also something that (hasChild some (Female that is also Person that is also Woman that is also Thing))'?,  True.
Can Thing that is also something that (hasChild some (Person that is also Woman that is also Thing)) be considered a subcategory of 'Person'?,  False.
Can Thing that is also something that (hasChild some (Female that is also Woman that is also Thing)) be considered a subcategory of 'Person'?,  False.
Can Thing that is also something that (hasChild some (Female that is also Person that is also Thing)) be considered a subcategory of 'Person'?,  False.
Can Woman be considered a subcategory of 'something that hasParent some OffSpring'?,  False.
Can Person be considered a subcategory of 'something that hasChild some Child'?,  False.
Can Daughter that is also GrandMother be considered a subcategory of 'Son'?,  False.
Can Man be considered a subcategory of 'something that hasSex some Child'?,  False.
Can OffSpring that is also Sex be considered a subcategory of 'Woman'?,  False.
Can Father that is also Man be considered a subcategory of 'Male'?,  True.
Can Father that is also Man be considered a subcategory of 'GrandMother'?,  False.
Can Father that is also Man be considered a subcategory of 'Son'?,  False.
Can Father that is also Man be considered a subcategory of 'Female'?,  False.
Can Father that is also Man be considered a subcategory of 'Child'?,  False.
Can Father that is also Man be considered a subcategory of 'Person'?,  True.
Can Father be considered a subcategory of 'Person'?,  True.
Can Father be considered a subcategory of 'GrandMother'?,  False.
Can Father be considered a subcategory of 'Thing'?,  True.
Can Father be considered a subcategory of 'Person that is also Thing'?,  False.
Can Father be considered a subcategory of 'Son'?,  False.
Can Father be considered a subcategory of 'Female'?,  False.
Can Father be considered a subcategory of 'Child'?,  False.
Can Father be considered a subcategory of 'Brother'?,  False.
Can Father be considered a subcategory of 'Parent'?,  True.
Can Father be considered a subcategory of 'Parent that is also Person'?,  True.
Can Father be considered a subcategory of 'Daughter'?,  False.
Can Father be considered a subcategory of 'Man'?,  True,
Can Father be considered a subcategory of 'Man that is also Parent that is also Person'?,  True.
Can Father be considered a subcategory of 'Mother'?,  False.
Can Father be considered a subcategory of 'GrandParent'?,  False.
Can Father be considered a subcategory of 'Sex'?,  False.
Can Father be considered a subcategory of 'Sister'?,  False.
Can Father be considered a subcategory of 'OffSpring'?,  False.
Can Father be considered a subcategory of 'Woman'?,  False.
Can Father be considered a subcategory of 'Male'?,  True.
Can Father be considered a subcategory of 'Male that is also Man that is also Parent that is also Person'?,  True.
Can Father be considered a subcategory of 'Sibling'?,  False.
Can Father be considered a subcategory of 'GrandFather'?,  False.
Can Father be considered a subcategory of 'Male that is also Man that is also Parent that is also Person that is also Thing'?,  True.
Can GrandParent be considered a subcategory of 'Child'?,  False.
Can Female that is also GrandMother be considered a subcategory of 'Sibling'?,  False.
Can GrandMother that is also Sister be considered a subcategory of 'Male'?,  False.
Can Man be considered a subcategory of 'something that hasSex some GrandFather'?,  False.
Can GrandParent be considered a subcategory of 'something that hasChild some Man'?,  False.
Can something that hasChild some Female be considered a subcategory of 'GrandParent'?,  False.
Can GrandMother that is also Mother be considered a subcategory of 'GrandFather'?,  False.
Can Brother that is also Sex be considered a subcategory of 'Sibling'?,  False.
Can Brother that is also Son be considered a subcategory of 'Sibling'?,  True.
Can Brother that is also Son be considered a subcategory of 'GrandMother'?,  False.
Can Brother that is also Son be considered a subcategory of 'Female'?,  False.
Can Brother that is also Son be considered a subcategory of 'Father'?,  False.
Can Brother that is also Son be considered a subcategory of 'Parent'?,  False.
Can Brother that is also Son be considered a subcategory of 'Daughter'?,  False.
Can Brother that is also Son be considered a subcategory of 'Man'?,  True.
Can Brother be considered a subcategory of 'Man'?,  False.
Can Father that is also Sex be considered a subcategory of 'Daughter'?,  False.
Can something that hasSibling some Sister be considered a subcategory of 'Mother'?,  False.
Can Father that is also Man be considered a subcategory of 'Sex'?,  False.
Can something that hasParent some Child be considered a subcategory of 'Brother'?,  False.
Can Female that is also Son be considered a subcategory of 'Daughter'?,  False.
Can Brother that is also Parent be considered a subcategory of 'Woman'?,  False.
Can GrandFather that is also GrandParent be considered a subcategory of 'Sex'?,  False.
Can OffSpring that is also Sibling be considered a subcategory of 'Female'?,  False.
Can GrandParent be considered a subcategory of 'something that hasSex some Sibling'?,  False.
Can Brother that is also Daughter be considered a subcategory of 'GrandParent'?,  False.
Can Sister that is also Son be considered a subcategory of 'Man'?,  False.
Can Man that is also Parent be considered a subcategory of 'Father'?,  False.
Can Sex that is also Woman be considered a subcategory of 'GrandFather'?,  False.
Can Child that is also OffSpring be considered a subcategory of 'Man'?,  False.
Can something that hasParent some GrandParent be considered a subcategory of 'Father'?,  False.
Can something that hasSibling some Sibling be considered a subcategory of 'Sibling'?,  False.
Can Brother that is also Person be considered a subcategory of 'GrandFather'?,  False.
Can Sibling be considered a subcategory of 'something that hasSex some GrandParent'?,  False.
Can Female be considered a subcategory of 'something that hasChild some GrandFather'?,  False.
Can GrandFather that is also Parent be considered a subcategory of 'Sibling'?,  False.
Can GrandParent that is also Person be considered a subcategory of 'Brother'?,  False.
Can OffSpring that is also Sibling be considered a subcategory of 'Son'?,  False.
Can Female that is also Woman be considered a subcategory of 'Sibling'?,  False.
Can something that hasSibling some Daughter be considered a subcategory of 'Parent'?,  False.
Can Child that is also Sister be considered a subcategory of 'GrandMother'?,  False.
Can Female that is also Sibling be considered a subcategory of 'Parent'?,  False.
Can something that hasSex some Person be considered a subcategory of 'Parent'?,  False.
Can Daughter that is also Sex be considered a subcategory of 'Parent'?,  False.
Can Female that is also Woman be considered a subcategory of 'Sister'?,  False.
Can Person be considered a subcategory of 'something that hasSex some OffSpring'?,  True,
Can Person be considered a subcategory of 'GrandMother'?,  False.
Can Person be considered a subcategory of 'Son'?,  False.
Can Person be considered a subcategory of 'Female'?,  False.
Can Person be considered a subcategory of 'Father'?,  False.
Can Person be considered a subcategory of 'Child'?,  False.
Can Person be considered a subcategory of 'Brother'?,  False.
Can Person be considered a subcategory of 'Parent'?,  False.
Can Person be considered a subcategory of 'Daughter'?,  False.
Can Person be considered a subcategory of 'Man'?,  False.
Can Person be considered a subcategory of 'Mother'?,  False.
Can Person be considered a subcategory of 'GrandParent'?,  False.
Can Person be considered a subcategory of 'Sex'?,  False.
Can Person be considered a subcategory of 'Sister'?,  False.
Can Person be considered a subcategory of 'OffSpring'?,  False.
Can Person be considered a subcategory of 'Woman'?,  False.
Can Person be considered a subcategory of 'Male'?,  False.
Can Person be considered a subcategory of 'Sibling'?,  False.
Can Person be considered a subcategory of 'GrandFather'?,  False.
Can GrandMother be considered a subcategory of 'something that hasSex some OffSpring'?,  False.
Can Thing be considered a subcategory of 'something that hasSex some OffSpring'?,  False.
Can Son be considered a subcategory of 'something that hasSex some OffSpring'?,  True.
Can Thing that is also something that (hasSex some OffSpring) be considered a subcategory of 'Thing that is also something that (hasSex some OffSpring)'?, False.
Can Thing be considered a subcategory of 'Thing that is also something that (hasSex some OffSpring)'?,  False.
Can Son be considered a subcategory of 'Son'?,  False.
Can Child be considered a subcategory of 'Thing that is also something that (hasSex some OffSpring)'?,  True.
Can Child be considered a subcategory of 'Child'?,  False.
Can Person be considered a subcategory of 'Thing that is also something that (hasSex some OffSpring)'?,  True.
Can Person be considered a subcategory of 'Thing'?,  True.
Can Person be considered a subcategory of 'Person'?,  False.
Can GrandMother be considered a subcategory of 'OffSpring'?,  False.
Can Brother be considered a subcategory of 'OffSpring'?,  False.
Can Parent be considered a subcategory of 'OffSpring'?,  False.
Can Man be considered a subcategory of 'OffSpring'?,  False.
Can Mother be considered a subcategory of 'OffSpring'?,  False.
Can GrandParent be considered a subcategory of 'OffSpring'?,  False.
Can Sex be considered a subcategory of 'OffSpring'?,  False.
Can Sister be considered a subcategory of 'OffSpring'?,  False.
Can Sibling be considered a subcategory of 'OffSpring'?,  False.
Can Person be considered a subcategory of 'Thing that is also something that (hasSex some (OffSpring that is also Thing))'?,  True.
Can Thing that is also something that (hasSex some (OffSpring that is also Thing)) be considered a subcategory of 'Thing that is also something that (hasSex some (OffSpring that is also Thing))'?,  I'
Can Thing be considered a subcategory of 'Thing that is also something that (hasSex some (OffSpring that is also Thing))'?,  True.
Can Thing be considered a subcategory of 'Thing'?,  False.
Can GrandMother be considered a subcategory of 'OffSpring that is also Thing'?,  False.
Can Thing be considered a subcategory of 'OffSpring that is also Thing'?,  False.
Can Female be considered a subcategory of 'OffSpring that is also Thing'?,  False.
Can Father be considered a subcategory of 'OffSpring that is also Thing'?,  False.
Can Person be considered a subcategory of 'OffSpring that is also Thing'?,  False.
Can Brother be considered a subcategory of 'OffSpring that is also Thing'?,  True.
Can Brother be considered a subcategory of 'GrandMother'?,  False.
Can Brother be considered a subcategory of 'Son'?,  False.
Can Brother be considered a subcategory of 'Female'?,  False.
Can Brother be considered a subcategory of 'Father'?,  False.
Can Brother be considered a subcategory of 'Child'?,  False.
Can Brother be considered a subcategory of 'Person'?,  True.
Can Brother be considered a subcategory of 'OffSpring that is also Person that is also Thing'?,  False.
Can Brother be considered a subcategory of 'Parent'?,  False.
Can Brother be considered a subcategory of 'Daughter'?,  False.
Can Brother be considered a subcategory of 'Mother'?,  False.
Can Brother be considered a subcategory of 'GrandParent'?,  False.
Can Brother be considered a subcategory of 'Sex'?,  False.
Can Brother be considered a subcategory of 'Sister'?,  False.
Can Brother be considered a subcategory of 'Woman'?,  False.
Can Brother be considered a subcategory of 'Male'?,  False.
Can Brother be considered a subcategory of 'Sibling'?,  True.
Can Brother be considered a subcategory of 'OffSpring that is also Sibling that is also Thing'?,  False.
Can Brother be considered a subcategory of 'GrandFather'?,  False.
Can GrandMother that is also Sibling be considered a subcategory of 'Brother'?,  False.
Can OffSpring that is also Parent be considered a subcategory of 'Father'?,  False.
Can GrandFather that is also Sister be considered a subcategory of 'Sibling'?,  False.
Can Child that is also Mother be considered a subcategory of 'Father'?,  False.
Can Male that is also Sex be considered a subcategory of 'Son'?,  False.
Can GrandFather that is also Sex be considered a subcategory of 'Male'?,  False.
Can Brother that is also Person be considered a subcategory of 'Child'?,  False.
Can Child that is also Mother be considered a subcategory of 'Son'?,  False.
Can GrandFather that is also Sister be considered a subcategory of 'Parent'?,  False.
Can something that hasParent some Parent be considered a subcategory of 'Woman'?,  False.
Can GrandParent be considered a subcategory of 'something that hasSibling some OffSpring'?,  False.
Can Mother that is also OffSpring be considered a subcategory of 'Male'?,  False.
Can Woman be considered a subcategory of 'something that hasChild some Child'?,  False.
Can Female that is also Mother be considered a subcategory of 'Male'?,  False.
Can GrandFather that is also Sibling be considered a subcategory of 'Father'?,  False.
Can Daughter that is also Woman be considered a subcategory of 'Sister'?,  False.
Can Man that is also Person be considered a subcategory of 'Sibling'?,  False.
Can GrandMother that is also Sister be considered a subcategory of 'Sibling'?,  False.
Can Male that is also Sex be considered a subcategory of 'Female'?,  False.
Can Child that is also GrandParent be considered a subcategory of 'Sister'?,  False.
Can Brother that is also Daughter be considered a subcategory of 'Mother'?,  False.
Can Mother that is also Woman be considered a subcategory of 'Sex'?,  False.
Can Father that is also Man be considered a subcategory of 'Brother'?,  False.
Can Person that is also Sex be considered a subcategory of 'Brother'?,  False.
Can Man that is also Parent be considered a subcategory of 'Woman'?,  False.
Can something that hasChild some GrandParent be considered a subcategory of 'Woman'?,  False.
Can Child that is also OffSpring be considered a subcategory of 'Sex'?,  False.
Can Child that is also Sister be considered a subcategory of 'Female'?,  False.
Can GrandParent that is also Male be considered a subcategory of 'Brother'?,  False.
Can Sibling be considered a subcategory of 'something that hasSex some Mother'?,  False.
Can GrandMother that is also Sibling be considered a subcategory of 'OffSpring'?,  False.
Can Brother that is also Sister be considered a subcategory of 'Man'?,  False.
Can GrandFather that is also Woman be considered a subcategory of 'Father'?,  False.
Can something that hasSex some Sister be considered a subcategory of 'GrandFather'?,  False.
Can something that hasSibling some Man be considered a subcategory of 'Man'?,  False.
Can Man that is also Mother be considered a subcategory of 'Person'?,  True.
Can Man that is also Mother be considered a subcategory of 'GrandMother'?,  False.
Can Man that is also Mother be considered a subcategory of 'Son'?,  False.
Can Man that is also Mother be considered a subcategory of 'Female'?,  False.
Can Man that is also Mother be considered a subcategory of 'Father'?,  False.
Can Man that is also Mother be considered a subcategory of 'Child'?,  False.
Can Man be considered a subcategory of 'Person'?,  True.
Can Man be considered a subcategory of 'GrandMother'?,  False.
Can Man be considered a subcategory of 'Thing'?,  False.
Can Man be considered a subcategory of 'Female'?,  False.
Can Man be considered a subcategory of 'Father'?,  False.
Can Man be considered a subcategory of 'Child'?,  False.
Can Man be considered a subcategory of 'Brother'?,  False.
Can Man be considered a subcategory of 'Parent'?,  False.
Can Man be considered a subcategory of 'Daughter'?,  False.
Can Man be considered a subcategory of 'Mother'?,  False.
Can Man be considered a subcategory of 'GrandParent'?,  False.
Can Man be considered a subcategory of 'Sex'?,  False.
Can Man be considered a subcategory of 'Sister'?,  False.
Can Man be considered a subcategory of 'Woman'?,  False.
Can Man be considered a subcategory of 'Male'?,  False.
Can Man be considered a subcategory of 'Sibling'?,  False.
Can Man be considered a subcategory of 'GrandFather'?,  False.
Can GrandParent that is also OffSpring be considered a subcategory of 'Person'?,  True.
Can GrandParent that is also OffSpring be considered a subcategory of 'GrandMother'?,  False.
Can GrandParent that is also OffSpring be considered a subcategory of 'Son'?,  False.
Can GrandParent that is also OffSpring be considered a subcategory of 'Female'?,  False.
Can GrandParent that is also OffSpring be considered a subcategory of 'Father'?,  False.
Can GrandParent that is also OffSpring be considered a subcategory of 'Child'?,  False.
Can GrandParent be considered a subcategory of 'Person'?,  True.
Can GrandParent be considered a subcategory of 'GrandMother'?,  False.
Can GrandParent be considered a subcategory of 'Thing'?,  True.
Can GrandParent be considered a subcategory of 'Person that is also Thing'?,  False.
Can GrandParent be considered a subcategory of 'Son'?,  False.
Can GrandParent be considered a subcategory of 'Female'?,  False.
Can GrandParent be considered a subcategory of 'Father'?,  False.
Can GrandParent be considered a subcategory of 'Brother'?,  False.
Can GrandParent be considered a subcategory of 'Parent'?,  False.
Can GrandParent be considered a subcategory of 'Daughter'?,  False.
Can GrandParent be considered a subcategory of 'Man'?,  False.
Can GrandParent be considered a subcategory of 'Mother'?,  False.
Can GrandParent be considered a subcategory of 'Sex'?,  False.
Can GrandParent be considered a subcategory of 'Sister'?,  False.
Can GrandParent be considered a subcategory of 'Male'?,  False.
Can GrandParent be considered a subcategory of 'Sibling'?,  False.
Can GrandParent be considered a subcategory of 'GrandFather'?,  False.
Can Child that is also Person be considered a subcategory of 'Daughter'?,  False.
Can Daughter that is also Sister be considered a subcategory of 'Sibling'?,  False.
Can something that hasChild some Male be considered a subcategory of 'Sex'?,  False.
Can GrandMother be considered a subcategory of 'something that hasSex some Female'?,  False.
Can Child that is also Sibling be considered a subcategory of 'GrandParent'?,  False.
Can Parent that is also Son be considered a subcategory of 'Mother'?,  False.
Can Man be considered a subcategory of 'something that hasChild some Female'?,  False.
Can GrandParent that is also Person be considered a subcategory of 'Daughter'?,  False.
Can Daughter that is also Parent be considered a subcategory of 'Sister'?,  False.
Can Man that is also Sex be considered a subcategory of 'GrandMother'?,  False.
Can Person that is also Woman be considered a subcategory of 'OffSpring'?,  False.
Can Child that is also GrandParent be considered a subcategory of 'Parent'?,  False.
Can Daughter be considered a subcategory of 'something that hasParent some Father'?,  True.
Can GrandMother be considered a subcategory of 'something that hasParent some Father'?,  False.
Can Thing be considered a subcategory of 'something that hasParent some Father'?,  False.
Can Son be considered a subcategory of 'something that hasParent some Father'?,  False.
Can Female be considered a subcategory of 'something that hasParent some Father'?,  False.
Can Father be considered a subcategory of 'something that hasParent some Father'?,  False.
Can Child be considered a subcategory of 'something that hasParent some Father'?,  False.
Can Person be considered a subcategory of 'something that hasParent some Father'?,  False.
Can Brother be considered a subcategory of 'something that hasParent some Father'?,  False.
Can Parent be considered a subcategory of 'something that hasParent some Father'?,  False.
Can Thing that is also something that (hasParent some Father) be considered a subcategory of 'Thing that is also something that (hasParent some Father)'?,  False.
Can Thing be considered a subcategory of 'Thing that is also something that (hasParent some Father)'?,  True,
Can GrandMother be considered a subcategory of 'Father'?,  False.
Can Parent be considered a subcategory of 'Father'?,  False.
Can Mother be considered a subcategory of 'Father'?,  False.
Can Sex be considered a subcategory of 'Father'?,  False.
Can Sister be considered a subcategory of 'Father'?,  False.
Can OffSpring be considered a subcategory of 'Father'?,  False.
Can Sibling be considered a subcategory of 'Father'?,  False.
Can GrandFather be considered a subcategory of 'Father'?,  False.
Can Thing that is also something that (hasParent some (Father that is also Thing)) be considered a subcategory of 'Thing that is also something that (hasParent some (Father that is also Thing))'?,  False.
Can GrandMother be considered a subcategory of 'Father that is also Thing'?,  False.
Can Thing be considered a subcategory of 'Father that is also Thing'?,  False.
Can Son be considered a subcategory of 'Father that is also Thing'?,  False.
Can Female be considered a subcategory of 'Father that is also Thing'?,  False.
Can Child be considered a subcategory of 'Father that is also Thing'?,  False.
Can Person be considered a subcategory of 'Father that is also Thing'?,  False.
Can Brother be considered a subcategory of 'Father that is also Thing'?,  False.
Can Parent be considered a subcategory of 'Father that is also Thing'?,  False.
Can Daughter be considered a subcategory of 'Father that is also Thing'?,  False.
Can Man be considered a subcategory of 'Father that is also Thing'?,  False.
Can Mother be considered a subcategory of 'Father that is also Thing'?,  False.
Can GrandParent be considered a subcategory of 'Father that is also Thing'?,  False.
Can Sex be considered a subcategory of 'Father that is also Thing'?,  False.
Can Sister be considered a subcategory of 'Father that is also Thing'?,  False.
Can OffSpring be considered a subcategory of 'Father that is also Thing'?,  False.
Can Woman be considered a subcategory of 'Father that is also Thing'?,  False.
Can Male be considered a subcategory of 'Father that is also Thing'?,  False.
Can Sibling be considered a subcategory of 'Father that is also Thing'?,  False.
Can GrandFather be considered a subcategory of 'Father that is also Thing'?,  False.
Can Thing that is also something that (hasParent some (Father that is also Person that is also Thing)) be considered a subcategory of 'Thing that is also something that (hasParent some (Father that is also Person that is also Thing))'?,  True.
Can GrandMother be considered a subcategory of 'Father that is also Person that is also Thing'?,  False.
Can Thing be considered a subcategory of 'Father that is also Person that is also Thing'?,  False.
Can Son be considered a subcategory of 'Father that is also Person that is also Thing'?,  True.
Can Son be considered a subcategory of 'Child that is also Father that is also Person that is also Thing'?,  False.
Can Son be considered a subcategory of 'Father that is also OffSpring that is also Person that is also Thing'?,  False.
Can GrandMother that is also Person be considered a subcategory of 'OffSpring'?,  False.
Can GrandFather that is also Person be considered a subcategory of 'Father'?,  False.
Can Daughter that is also Sibling be considered a subcategory of 'Sister'?,  False.
Can GrandMother be considered a subcategory of 'something that hasSex some Man'?,  False.
Can Father be considered a subcategory of 'something that hasChild some Father'?,  False.
Can Woman be considered a subcategory of 'something that hasParent some GrandParent'?,  False.
Can Male be considered a subcategory of 'something that hasSibling some GrandParent'?,  False.
Can Female that is also Sex be considered a subcategory of 'Sister'?,  False.
Can GrandFather be considered a subcategory of 'something that hasChild some GrandParent'?,  False.
Can Person that is also Sibling be considered a subcategory of 'Sex'?,  False.
Can something that hasSibling some Male be considered a subcategory of 'Person'?,  True.
Can something that hasSibling some Male be considered a subcategory of 'GrandMother'?,  False.
Can something that hasSibling some Male be considered a subcategory of 'Son'?,  False.
Can something that hasSibling some Male be considered a subcategory of 'Female'?,  False.
Can something that hasSibling some Male be considered a subcategory of 'Father'?,  False.
Can something that hasSibling some Male be considered a subcategory of 'Child'?,  False.
Can Thing be considered a subcategory of 'Thing that is also something that (hasSibling some (Male that is also Man that is also Person that is also Thing))'?,  True.
Can Male that is also Man that is also Person that is also Thing be considered a subcategory of 'GrandMother'?,  False.
Can Male that is also Man that is also Person that is also Thing be considered a subcategory of 'Son'?,  False.
Can Male that is also Man that is also Person that is also Thing be considered a subcategory of 'Female'?,  False.
Can Male that is also Man that is also Person that is also Thing be considered a subcategory of 'Father'?,  False.
Can Male that is also Man that is also Person that is also Thing be considered a subcategory of 'Child'?,  False.
Can Male that is also Man that is also Person that is also Thing be considered a subcategory of 'Brother'?,  False.
Can Male that is also Man that is also Person that is also Thing be considered a subcategory of 'Parent'?,  False.
Can Male that is also Man that is also Person that is also Thing be considered a subcategory of 'Daughter'?,  False.
Can Male that is also Man that is also Person that is also Thing be considered a subcategory of 'Mother'?,  False.
Can Male that is also Man that is also Person that is also Thing be considered a subcategory of 'GrandParent'?,  False.
Can Male that is also Man that is also Person that is also Thing be considered a subcategory of 'Sex'?,  False.
Can Male that is also Man that is also Person that is also Thing be considered a subcategory of 'Sister'?,  False.
Can Male that is also Man that is also Person that is also Thing be considered a subcategory of 'OffSpring'?,  False.
Can Male that is also Man that is also Person that is also Thing be considered a subcategory of 'Woman'?,  False.
Can Male that is also Man that is also Person that is also Thing be considered a subcategory of 'Sibling'?,  False.
Can Male that is also Man that is also Person that is also Thing be considered a subcategory of 'GrandFather'?,  False.
Can Thing that is also something that (hasSibling some Male) that is also something that (hasSibling some (Man that is also Person that is also Thing)) be considered a subcategory of 'Thing that is also something that (hasSibling some (Male that is also Man that is also Person that is also Thing))'?,  True.
Can Thing that is also something that (hasSibling some (Male that is also Man that is also Person that is also Thing)) be considered a subcategory of 'Thing that is also something that (hasSibling some (Male that is also Man that is also Person that is also Thing))'?,  True.
Can Thing that is also something that (hasSibling some (Man that is also Person that is also Thing)) be considered a subcategory of 'Person'?,  False.
Can Thing that is also something that (hasSibling some (Male that is also Person that is also Thing)) be considered a subcategory of 'Person'?,  False.
Can Thing that is also something that (hasSibling some (Male that is also Man that is also Thing)) be considered a subcategory of 'Person'?,  False.
Can Father be considered a subcategory of 'something that hasSex some GrandParent'?,  False.
Can Parent that is also Woman be considered a subcategory of 'Daughter'?,  False.
Can Male be considered a subcategory of 'something that hasParent some Daughter'?,  False.
Can Daughter that is also Female be considered a subcategory of 'Sex'?,  False.
Can Brother that is also Sex be considered a subcategory of 'Female'?,  False.
Can Female that is also Sister be considered a subcategory of 'Brother'?,  False.
Can Female that is also GrandFather be considered a subcategory of 'GrandParent'?,  False.
Can something that hasChild some Sister be considered a subcategory of 'Brother'?,  False.
Can GrandMother that is also Mother be considered a subcategory of 'Female'?,  True.
Can GrandMother that is also Mother be considered a subcategory of 'Son'?,  False.
Can GrandMother be considered a subcategory of 'Female'?,  False.
Can Mother be considered a subcategory of 'Female'?,  True.
Can Mother be considered a subcategory of 'GrandMother'?,  False.
Can Mother be considered a subcategory of 'Thing'?,  True.
Can Mother be considered a subcategory of 'Female that is also Thing'?,  False.
Can Mother be considered a subcategory of 'Son'?,  False.
Can Mother be considered a subcategory of 'Child'?,  False.
Can Mother be considered a subcategory of 'Person'?,  True.
Can Mother be considered a subcategory of 'Female that is also Person'?,  True.
Can Mother be considered a subcategory of 'Brother'?,  False.
Can Mother be considered a subcategory of 'Parent'?,  True.
Can Mother be considered a subcategory of 'Female that is also Parent that is also Person'?,  True.
Can Mother be considered a subcategory of 'Daughter'?,  False.
Can Mother be considered a subcategory of 'Man'?,  False.
Can Mother be considered a subcategory of 'GrandParent'?,  False.
Can Mother be considered a subcategory of 'Sex'?,  False.
Can Mother be considered a subcategory of 'Sister'?,  False.
Can Mother be considered a subcategory of 'Woman'?,  True.
Can Mother be considered a subcategory of 'Female that is also Parent that is also Person that is also Woman'?,  True.
Can Mother be considered a subcategory of 'Male'?,  False.
Can Mother be considered a subcategory of 'Sibling'?,  False.
Can Mother be considered a subcategory of 'GrandFather'?,  False.
Can Mother be considered a subcategory of 'Female that is also Parent that is also Person that is also Woman that is also Thing'?,  True.
Can Father that is also OffSpring be considered a subcategory of 'Son'?,  False.
Can OffSpring that is also Person be considered a subcategory of 'Mother'?,  False.
Can Daughter that is also Son be considered a subcategory of 'Sex'?,  False.
Can OffSpring that is also Woman be considered a subcategory of 'Father'?,  False.
Can Sibling be considered a subcategory of 'Woman'?,  False.
Can something that hasChild some Father be considered a subcategory of 'GrandMother'?,  False.
Can Child be considered a subcategory of 'something that hasChild some Sister'?,  False.
Can GrandMother that is also Parent be considered a subcategory of 'Sister'?,  False.
Can Child that is also Daughter be considered a subcategory of 'GrandFather'?,  False.
Can Sex that is also Sister be considered a subcategory of 'Man'?,  False.
Can Brother that is also Man be considered a subcategory of 'GrandParent'?,  False.
Can GrandParent that is also Woman be considered a subcategory of 'GrandFather'?,  False.
Can something that hasParent some Son be considered a subcategory of 'Sibling'?,  False.
Can Man that is also OffSpring be considered a subcategory of 'Father'?,  False.
Can GrandParent that is also Sex be considered a subcategory of 'GrandMother'?,  False.
Can Female be considered a subcategory of 'something that hasChild some Child'?,  False.
Can Daughter that is also Sister be considered a subcategory of 'Male'?,  False.
Can Child that is also Daughter be considered a subcategory of 'Male'?,  False.
Can Man that is also Parent be considered a subcategory of 'Sister'?,  False.
Can Father that is also Person be considered a subcategory of 'GrandParent'?,  False.
Can Person that is also Sibling be considered a subcategory of 'Mother'?,  False.
Can Sibling be considered a subcategory of 'something that hasParent some Mother'?,  False.
Can Daughter that is also Sibling be considered a subcategory of 'Mother'?,  False.
Can GrandParent that is also Man be considered a subcategory of 'GrandMother'?,  False.
Can Daughter that is also GrandParent be considered a subcategory of 'GrandMother'?,  False.
Can GrandMother that is also Person be considered a subcategory of 'Father'?,  False.
Can Parent be considered a subcategory of 'something that hasSex some Man'?,  False.
Can something that hasParent some Woman be considered a subcategory of 'OffSpring'?,  False.
Can Child that is also GrandMother be considered a subcategory of 'Brother'?,  False.
Can Child that is also GrandFather be considered a subcategory of 'Woman'?,  False.
Can Parent that is also Person be considered a subcategory of 'Woman'?,  False.
Can GrandParent that is also Sibling be considered a subcategory of 'Child'?,  False.
Can Sex that is also Sibling be considered a subcategory of 'Child'?,  False.
Can Father that is also Parent be considered a subcategory of 'Brother'?,  False.
Can GrandParent that is also Man be considered a subcategory of 'Male'?,  True.
Can GrandParent that is also Man be considered a subcategory of 'Son'?,  False.
Can GrandParent that is also Man be considered a subcategory of 'Female'?,  False.
Can GrandParent that is also Man be considered a subcategory of 'Father'?,  False.
Can GrandParent that is also Man be considered a subcategory of 'Child'?,  False.
Can GrandParent that is also Man be considered a subcategory of 'Brother'?,  False.
Can GrandParent that is also Man be considered a subcategory of 'Parent'?,  False.
Can GrandParent that is also Man be considered a subcategory of 'Daughter'?,  False.
Can GrandParent that is also Man be considered a subcategory of 'Mother'?,  False.
Can GrandParent that is also Man be considered a subcategory of 'Sex'?,  False.
Can GrandParent that is also Man be considered a subcategory of 'Sister'?,  False.
Can GrandParent that is also Man be considered a subcategory of 'OffSpring'?,  False.
Can GrandParent that is also Man be considered a subcategory of 'Woman'?,  False.
Can Male be considered a subcategory of 'something that hasSex some Woman'?,  False.
Can GrandMother that is also Sibling be considered a subcategory of 'Male'?,  False.
Can Brother that is also Female be considered a subcategory of 'Son'?,  False.
Can OffSpring that is also Person be considered a subcategory of 'Male'?,  False.
Can Female that is also Sex be considered a subcategory of 'GrandMother'?,  False.
Can Female that is also Sister be considered a subcategory of 'Parent'?,  False.
Can GrandMother that is also GrandParent be considered a subcategory of 'Daughter'?,  False.
Can Man that is also Sibling be considered a subcategory of 'Daughter'?,  False.
Can Parent be considered a subcategory of 'Sex'?,  False.
Can GrandFather that is also Man be considered a subcategory of 'Mother'?,  False.
Can Sex be considered a subcategory of 'something that hasSex some Brother'?,  False.
Can Brother be considered a subcategory of 'something that hasChild some Mother'?,  False.
Can Female that is also GrandParent be considered a subcategory of 'OffSpring'?,  False.
Can Mother that is also Sibling be considered a subcategory of 'OffSpring'?,  False.
Can something that hasParent some Sex be considered a subcategory of 'Son'?,  False.
Can something that hasSibling some Brother be considered a subcategory of 'Son'?,  False.
Can GrandMother that is also Son be considered a subcategory of 'Mother'?,  False.
Can Daughter that is also Male be considered a subcategory of 'Sex'?,  False.
Can Father that is also Person be considered a subcategory of 'OffSpring'?,  False.
Can Female that is also GrandFather be considered a subcategory of 'Brother'?,  False.
Can Brother that is also Sibling be considered a subcategory of 'GrandMother'?,  False.
Can Female be considered a subcategory of 'something that hasParent some Person'?,  False.
Can Daughter that is also Father be considered a subcategory of 'Sister'?,  False.
Can GrandFather that is also Sex be considered a subcategory of 'Sister'?,  False.
Can Male that is also Man be considered a subcategory of 'GrandFather'?,  False.
Can something that hasSex some Mother be considered a subcategory of 'Man'?,  False.
Can Brother be considered a subcategory of 'something that hasSibling some GrandParent'?,  False.
Can Sister that is also Woman be considered a subcategory of 'GrandFather'?,  False.
Can GrandMother that is also Man be considered a subcategory of 'Sibling'?,  False.
Can Father that is also Person be considered a subcategory of 'Sibling'?,  False.
Can something that hasSibling some OffSpring be considered a subcategory of 'Man'?,  False.
Can Sister that is also Son be considered a subcategory of 'Daughter'?,  False.
Can OffSpring that is also Woman be considered a subcategory of 'Mother'?,  False.
Can Mother that is also Person be considered a subcategory of 'GrandParent'?,  False.
Can Female that is also Man be considered a subcategory of 'Father'?,  False.
Can Brother that is also Mother be considered a subcategory of 'Sister'?,  False.
Can Person be considered a subcategory of 'something that hasParent some Person'?,  False.
Can OffSpring that is also Woman be considered a subcategory of 'GrandMother'?,  False.
Can Male that is also Son be considered a subcategory of 'GrandMother'?,  False.
Can Daughter that is also Person be considered a subcategory of 'Man'?,  False.
Can Child that is also Female be considered a subcategory of 'Father'?,  False.
Can GrandFather that is also Person be considered a subcategory of 'Man'?,  True,
Can GrandFather that is also Person be considered a subcategory of 'GrandMother'?,  False.
Can GrandFather that is also Person be considered a subcategory of 'Son'?,  False.
Can GrandFather that is also Person be considered a subcategory of 'Female'?,  False.
Can GrandFather that is also Person be considered a subcategory of 'Child'?,  False.
Can GrandFather that is also Person be considered a subcategory of 'Brother'?,  False.
Can GrandFather that is also Person be considered a subcategory of 'Parent'?,  False.
Can GrandFather that is also Person be considered a subcategory of 'Daughter'?,  False.
Can GrandFather be considered a subcategory of 'Man'?,  True,
Can GrandFather be considered a subcategory of 'GrandMother'?,  False.
Can GrandFather be considered a subcategory of 'Thing'?,  True.
Can GrandFather be considered a subcategory of 'Man that is also Thing'?,  False.
Can GrandFather be considered a subcategory of 'Son'?,  False.
Can GrandFather be considered a subcategory of 'Female'?,  False.
Can GrandFather be considered a subcategory of 'Child'?,  False.
Can GrandFather be considered a subcategory of 'Person'?,  True.
Can GrandFather be considered a subcategory of 'Man that is also Person'?,  True.
Can GrandFather be considered a subcategory of 'Brother'?,  False.
Can GrandFather be considered a subcategory of 'Parent'?,  False.
Can GrandFather be considered a subcategory of 'Mother'?,  False.
Can GrandFather be considered a subcategory of 'GrandParent'?,  False.
Can GrandFather be considered a subcategory of 'Sex'?,  False.
Can GrandFather be considered a subcategory of 'Sister'?,  False.
Can GrandFather be considered a subcategory of 'Woman'?,  False.
Can GrandFather be considered a subcategory of 'Male'?,  False.
Can GrandFather be considered a subcategory of 'Sibling'?,  False.
Can GrandFather be considered a subcategory of 'Man that is also Person that is also Thing'?,  True.
Can Parent that is also Sibling be considered a subcategory of 'Person'?,  True.
Can Parent that is also Sibling be considered a subcategory of 'GrandMother'?,  False.
Can Parent that is also Sibling be considered a subcategory of 'Son'?,  False.
Can Parent that is also Sibling be considered a subcategory of 'Female'?,  False.
Can Parent that is also Sibling be considered a subcategory of 'Father'?,  False.
Can Parent that is also Sibling be considered a subcategory of 'Child'?,  False.
Can Parent be considered a subcategory of 'Person'?,  True.
Can Parent be considered a subcategory of 'GrandMother'?,  False.
Can Parent be considered a subcategory of 'Thing'?,  True.
Can Parent be considered a subcategory of 'Person that is also Thing'?,  False.
Can Parent be considered a subcategory of 'Son'?,  False.
Can Parent be considered a subcategory of 'Female'?,  False.
Can Parent be considered a subcategory of 'Child'?,  False.
Can Parent be considered a subcategory of 'Brother'?,  False.
Can Parent be considered a subcategory of 'Daughter'?,  False.
Can Parent be considered a subcategory of 'Man'?,  False.
Can Parent be considered a subcategory of 'Mother'?,  False.
Can Parent be considered a subcategory of 'GrandParent'?,  False.
Can Parent be considered a subcategory of 'Sister'?,  False.
Can Parent be considered a subcategory of 'Woman'?,  False.
Can Parent be considered a subcategory of 'Male'?,  False.
Can Parent be considered a subcategory of 'Sibling'?,  False.
Can Parent be considered a subcategory of 'GrandFather'?,  False.
Can Mother that is also Parent be considered a subcategory of 'Father'?,  False.
Can OffSpring be considered a subcategory of 'something that hasParent some Sister'?,  False.
Can something that hasSex some Parent be considered a subcategory of 'Child'?,  False.
Can GrandParent be considered a subcategory of 'something that hasSex some Brother'?,  False.
Can something that hasChild some Man be considered a subcategory of 'Son'?,  False.
Can GrandParent that is also Sister be considered a subcategory of 'Son'?,  False.
Can OffSpring be considered a subcategory of 'something that hasChild some Parent'?,  True,
Can OffSpring be considered a subcategory of 'GrandMother'?,  False.
Can OffSpring be considered a subcategory of 'Son'?,  False.
Can OffSpring be considered a subcategory of 'Female'?,  False.
Can OffSpring be considered a subcategory of 'Child'?,  False.
Can OffSpring be considered a subcategory of 'Person'?,  True,
Can OffSpring be considered a subcategory of 'Thing'?,  True.
Can OffSpring be considered a subcategory of 'Person that is also Thing'?,  False.
Can OffSpring be considered a subcategory of 'Brother'?,  False.
Can OffSpring be considered a subcategory of 'Parent'?,  False.
Can OffSpring be considered a subcategory of 'Daughter'?,  False.
Can OffSpring be considered a subcategory of 'Man'?,  False.
Can OffSpring be considered a subcategory of 'Mother'?,  False.
Can OffSpring be considered a subcategory of 'GrandParent'?,  False.
Can OffSpring be considered a subcategory of 'Sex'?,  False.
Can OffSpring be considered a subcategory of 'Sister'?,  False.
Can OffSpring be considered a subcategory of 'Woman'?,  False.
Can OffSpring be considered a subcategory of 'Male'?,  False.
Can OffSpring be considered a subcategory of 'Sibling'?,  False.
Can Daughter that is also Female be considered a subcategory of 'Parent'?,  False.
Can Sex be considered a subcategory of 'something that hasSex some Parent'?,  False.
Can Female that is also Mother be considered a subcategory of 'Sister'?,  False.
Can Sex that is also Son be considered a subcategory of 'GrandMother'?,  False.
Can Person that is also Woman be considered a subcategory of 'Brother'?,  False.
Can Daughter that is also Sister be considered a subcategory of 'Parent'?,  False.
Can OffSpring that is also Parent be considered a subcategory of 'GrandFather'?,  False.
Can Son be considered a subcategory of 'something that hasParent some Man'?,  False.
Can Sex be considered a subcategory of 'something that hasChild some Sex'?,  False.
Can something that hasSibling some Female be considered a subcategory of 'Sister'?,  False.
Can Father that is also Mother be considered a subcategory of 'Sister'?,  False.
Can GrandParent that is also Parent be considered a subcategory of 'Father'?,  False.
Can something that hasParent some Sibling be considered a subcategory of 'Father'?,  False.
Can Female that is also Sister be considered a subcategory of 'GrandParent'?,  False.
Can Brother that is also Man be considered a subcategory of 'GrandFather'?,  False.
Can GrandFather be considered a subcategory of 'something that hasSex some Person'?,  False.
Can Sibling be considered a subcategory of 'something that hasChild some GrandParent'?,  False.
Can something that hasSex some Son be considered a subcategory of 'Daughter'?,  False.
Can something that hasSibling some GrandMother be considered a subcategory of 'Daughter'?,  False.
Can Mother that is also Woman be considered a subcategory of 'Man'?,  False.
Can Male that is also OffSpring be considered a subcategory of 'Female'?,  False.
Can something that hasSex some Daughter be considered a subcategory of 'Parent'?,  True,
Can something that hasSex some Daughter be considered a subcategory of 'GrandMother'?,  False.
Can something that hasSex some Daughter be considered a subcategory of 'Son'?,  False.
Can something that hasSex some Daughter be considered a subcategory of 'Female'?,  True,
Can Thing be considered a subcategory of 'Thing that is also something that (hasSex some (Child that is also Daughter that is also Female that is also OffSpring that is also Person that is also Woman that is also Thing))'?,  True,
Can Child that is also Daughter that is also Female that is also OffSpring that is also Person that is also Woman that is also Thing be considered a subcategory of 'GrandMother'?,  False.
Can Child that is also Daughter that is also Female that is also OffSpring that is also Person that is also Woman that is also Thing be considered a subcategory of 'Son'?,  False.
Can Child that is also Daughter that is also Female that is also OffSpring that is also Person that is also Woman that is also Thing be considered a subcategory of 'Father'?,  False.
Can Child that is also Daughter that is also Female that is also OffSpring that is also Person that is also Woman that is also Thing be considered a subcategory of 'Brother'?,  False.
Can Child that is also Daughter that is also Female that is also OffSpring that is also Person that is also Woman that is also Thing be considered a subcategory of 'Parent'?,  False.
Can Child that is also Daughter that is also Female that is also OffSpring that is also Person that is also Woman that is also Thing be considered a subcategory of 'Man'?,  False.
Can Child that is also Daughter that is also Female that is also OffSpring that is also Person that is also Woman that is also Thing be considered a subcategory of 'Mother'?,  False.
Can Child that is also Daughter that is also Female that is also OffSpring that is also Person that is also Woman that is also Thing be considered a subcategory of 'GrandParent'?,  False.
Can Child that is also Daughter that is also Female that is also OffSpring that is also Person that is also Woman that is also Thing be considered a subcategory of 'Sex'?,  False.
Can Child that is also Daughter that is also Female that is also OffSpring that is also Person that is also Woman that is also Thing be considered a subcategory of 'Sister'?,  False.
Can Child that is also Daughter that is also Female that is also OffSpring that is also Person that is also Woman that is also Thing be considered a subcategory of 'Male'?,  False.
Can Child that is also Daughter that is also Female that is also OffSpring that is also Person that is also Woman that is also Thing be considered a subcategory of 'Sibling'?,  False.
Can Child that is also Daughter that is also Female that is also OffSpring that is also Person that is also Woman that is also Thing be considered a subcategory of 'GrandFather'?,  False.
Can Thing that is also something that (hasSex some Child) that is also something that (hasSex some (Daughter that is also Female that is also OffSpring that is also Person that is also Woman that is also Thing)) be considered a subcategory of 'Thing that is also something that (hasSex some (Child that is also Daughter that is also Female that is also OffSpring that is also Person that is also Woman that is also Thing))'?,  True.
Can Thing that is also something that (hasSex some (Child that is also Daughter that is also Female that is also OffSpring that is also Person that is also Woman that is also Thing)) be considered a subcategory of 'Thing that is also something that (hasSex some (Child that is also Daughter that is also Female that is also OffSpring that is also Person that is also Woman that is also Thing))'?,  False.
Can Thing that is also something that (hasSex some (Child that is also Daughter that is also Female that is also OffSpring that is also Person that is also Woman that is also Thing)) be considered a subcategory of 'Female'?,  False.
Can Thing that is also something that (hasSex some (Daughter that is also Female that is also OffSpring that is also Person that is also Woman that is also Thing)) be considered a subcategory of 'Female'?,  False.
Can Thing that is also something that (hasSex some (Child that is also Female that is also OffSpring that is also Person that is also Woman that is also Thing)) be considered a subcategory of 'Female'?,  False.
Can Thing that is also something that (hasSex some (Child that is also Daughter that is also OffSpring that is also Person that is also Woman that is also Thing)) be considered a subcategory of 'Female'?,  False.
Can Thing that is also something that (hasSex some (Child that is also Daughter that is also Female that is also Person that is also Woman that is also Thing)) be considered a subcategory of 'Female'?,  False.
Can Thing that is also something that (hasSex some (Child that is also Daughter that is also Female that is also OffSpring that is also Woman that is also Thing)) be considered a subcategory of 'Female'?,  False.
Can Thing that is also something that (hasSex some (Child that is also Daughter that is also Female that is also OffSpring that is also Person that is also Thing)) be considered a subcategory of 'Female'?,  False.
Can something that hasSibling some Sex be considered a subcategory of 'Parent'?,  False.
Can Female be considered a subcategory of 'something that hasParent some Female'?,  False.
Can Sex that is also Sister be considered a subcategory of 'Son'?,  False.
Can Child that is also Sex be considered a subcategory of 'Son'?,  False.
Can GrandParent that is also Sibling be considered a subcategory of 'GrandMother'?,  False.
Can Brother that is also Sister be considered a subcategory of 'Male'?,  False.
Can GrandFather be considered a subcategory of 'something that hasParent some Male'?,  False.
Can Daughter that is also Man be considered a subcategory of 'Sex'?,  False.
Can Son be considered a subcategory of 'something that hasParent some Person'?,  True,
Can GrandMother be considered a subcategory of 'something that hasParent some Person'?,  True.
Can Thing that is also something that (hasParent some Person) be considered a subcategory of 'Thing that is also something that (hasParent some Person)'?,  False.
Can GrandMother be considered a subcategory of 'GrandMother'?,  False.
Can GrandMother be considered a subcategory of 'Thing'?,  True.
Can Thing be considered a subcategory of 'Thing that is also something that (hasParent some Person)'?,  False.
Can GrandMother be considered a subcategory of 'Son'?,  False.
Can GrandMother be considered a subcategory of 'Child'?,  False.
Can GrandMother be considered a subcategory of 'Person'?,  True.
Can Person be considered a subcategory of 'Thing that is also something that (hasParent some Person)'?,  True.
Can GrandMother be considered a subcategory of 'Person that is also Thing'?,  False.
Can GrandMother be considered a subcategory of 'Brother'?,  False.
Can GrandMother be considered a subcategory of 'Daughter'?,  False.
Can GrandMother be considered a subcategory of 'Man'?,  False.
Can GrandMother be considered a subcategory of 'Mother'?,  False.
Can GrandMother be considered a subcategory of 'GrandParent'?,  True.
Can GrandMother be considered a subcategory of 'GrandParent that is also Person'?,  True.
Can GrandMother be considered a subcategory of 'Sex'?,  False.
Can GrandMother be considered a subcategory of 'Sister'?,  False.
Can GrandMother be considered a subcategory of 'Woman'?,  True.
Can GrandMother be considered a subcategory of 'GrandParent that is also Person that is also Woman'?,  False.
Can GrandMother be considered a subcategory of 'Male'?,  False.
Can GrandMother be considered a subcategory of 'Sibling'?,  False.
Can GrandMother be considered a subcategory of 'GrandFather'?,  False.
Can GrandMother be considered a subcategory of 'GrandParent that is also Person that is also Thing'?,  True.
Can GrandMother be considered a subcategory of 'GrandParent that is also Person that is also Woman that is also Thing'?,  True,
Can Child that is also Sibling be considered a subcategory of 'GrandFather'?,  False.
Can GrandFather that is also Man be considered a subcategory of 'GrandMother'?,  False.
Can Daughter that is also Mother be considered a subcategory of 'GrandFather'?,  False.
Can something that hasChild some Male be considered a subcategory of 'Sister'?,  False.
Can Father that is also GrandMother be considered a subcategory of 'Sister'?,  False.
Can Father that is also Sister be considered a subcategory of 'OffSpring'?,  False.
Can Brother that is also Male be considered a subcategory of 'Son'?,  False.
Can something that hasParent some Woman be considered a subcategory of 'Son'?,  False.
Can Female that is also OffSpring be considered a subcategory of 'Male'?,  False.
Can GrandFather that is also Man be considered a subcategory of 'OffSpring'?,  False.
Can GrandParent that is also Person be considered a subcategory of 'Parent'?,  False.
Can something that hasSex some GrandFather be considered a subcategory of 'Son'?,  False.
Can Male that is also Woman be considered a subcategory of 'Child'?,  False.
Can Daughter be considered a subcategory of 'something that hasParent some Parent'?,  True,
Can GrandMother be considered a subcategory of 'something that hasParent some Parent'?,  False.
Can Thing be considered a subcategory of 'something that hasParent some Parent'?,  False.
Can Son be considered a subcategory of 'something that hasParent some Parent'?,  False.
Can Female be considered a subcategory of 'something that hasParent some Parent'?,  False.
Can Father be considered a subcategory of 'something that hasParent some Parent'?,  False.
Can Child be considered a subcategory of 'something that hasParent some Parent'?,  False.
Can Person be considered a subcategory of 'something that hasParent some Parent'?,  False.
Can Brother be considered a subcategory of 'something that hasParent some Parent'?,  False.
Can Parent be considered a subcategory of 'something that hasParent some Parent'?,  False.
Can Thing that is also something that (hasParent some Parent) be considered a subcategory of 'Thing that is also something that (hasParent some Parent)'?,  False.
Can Thing be considered a subcategory of 'Thing that is also something that (hasParent some Parent)'?,  False.
Can Female be considered a subcategory of 'Thing that is also something that (hasParent some Parent)'?,  False.
Can Child be considered a subcategory of 'Thing that is also something that (hasParent some Parent)'?,  False.
Can Person be considered a subcategory of 'Thing that is also something that (hasParent some Parent)'?,  False.
Can Daughter be considered a subcategory of 'Daughter'?,  False.
Can OffSpring be considered a subcategory of 'Thing that is also something that (hasParent some Parent)'?,  True.
Can OffSpring be considered a subcategory of 'OffSpring'?,  False.
Can Sex be considered a subcategory of 'Parent'?,  False.
Can Sister be considered a subcategory of 'Parent'?,  False.
Can Sibling be considered a subcategory of 'Parent'?,  False.
Can OffSpring be considered a subcategory of 'Person that is also Thing that is also something that (hasParent some Parent)'?,  True.
Can OffSpring be considered a subcategory of 'Person that is also Thing that is also something that (hasParent some (Parent that is also Thing))'?,  True.
Can OffSpring be considered a subcategory of 'Person that is also Thing that is also something that (hasParent some (Parent that is also Person that is also Thing))'?,  True.
Can Person that is also Thing that is also something that (hasParent some (Parent that is also Person that is also Thing)) be considered a subcategory of 'Person that is also Thing that is also something that (hasParent some (Parent that is also Person that is also Thing))'?,  It is
Can Thing be considered a subcategory of 'Person that is also Thing that is also something that (hasParent some (Parent that is also Person that is also Thing))'?,  False.
Can Person be considered a subcategory of 'Person that is also Thing that is also something that (hasParent some (Parent that is also Person that is also Thing))'?,  False.
Can Thing be considered a subcategory of 'Parent that is also Person that is also Thing'?,  False.
Can Female be considered a subcategory of 'Parent that is also Person that is also Thing'?,  False.
Can Child be considered a subcategory of 'Parent that is also Person that is also Thing'?, False.
Can Person be considered a subcategory of 'Parent that is also Person that is also Thing'?,  False.
Can Brother be considered a subcategory of 'Parent that is also Person that is also Thing'?,  False.
Can Daughter be considered a subcategory of 'Parent that is also Person that is also Thing'?,  False.
Can Man be considered a subcategory of 'Parent that is also Person that is also Thing'?,  False.
Can GrandParent be considered a subcategory of 'Parent that is also Person that is also Thing'?,  False.
Can Sex be considered a subcategory of 'Parent that is also Person that is also Thing'?,  False.
Can Sister be considered a subcategory of 'Parent that is also Person that is also Thing'?,  True.
Can Sister be considered a subcategory of 'GrandMother'?,  False.
Can Sister be considered a subcategory of 'Son'?,  False.
Can Sister be considered a subcategory of 'Female'?,  True.
Can Sister be considered a subcategory of 'Female that is also Parent that is also Person that is also Thing'?,  True.
Can Sister be considered a subcategory of 'Child'?,  False.
Can Sister be considered a subcategory of 'Brother'?,  False.
Can Sister be considered a subcategory of 'Daughter'?,  False.
Can Sister be considered a subcategory of 'Man'?,  False.
Can Sister be considered a subcategory of 'Mother'?,  False.
Can Sister be considered a subcategory of 'GrandParent'?,  False.
Can Sister be considered a subcategory of 'Sex'?,  False.
Can Sister be considered a subcategory of 'Woman'?,  True.
Can Sister be considered a subcategory of 'Female that is also Parent that is also Person that is also Woman that is also Thing'?,  True,
Can Sister be considered a subcategory of 'Male'?,  False.
Can Sister be considered a subcategory of 'Sibling'?,  False.
Can Sister be considered a subcategory of 'GrandFather'?,  False.
Can Daughter be considered a subcategory of 'something that hasParent some Sex'?,  False.
Can Female that is also Sibling be considered a subcategory of 'Child'?,  False.
Can Daughter that is also Woman be considered a subcategory of 'Mother'?,  False.
Can Father that is also Sister be considered a subcategory of 'Sibling'?,  False.
Can Child be considered a subcategory of 'something that hasParent some Female'?,  False.
Can GrandParent that is also Parent be considered a subcategory of 'Female'?,  False.
Can OffSpring that is also Parent be considered a subcategory of 'Sex'?,  False.
Can something that hasChild some Sibling be considered a subcategory of 'Daughter'?,  False.
Can Brother that is also Daughter be considered a subcategory of 'Sex'?,  False.
Can Sibling be considered a subcategory of 'something that hasChild some Brother'?,  False.
Can GrandMother that is also Sex be considered a subcategory of 'Mother'?,  False.
Can Daughter be considered a subcategory of 'something that hasParent some Sister'?,  False.
Can GrandParent that is also Mother be considered a subcategory of 'Sibling'?,  False.
Can Child that is also GrandFather be considered a subcategory of 'Father'?,  False.
Can Mother that is also Parent be considered a subcategory of 'GrandParent'?,  False.
Can Child that is also Female be considered a subcategory of 'GrandParent'?,  False.
Can Father that is also GrandParent be considered a subcategory of 'Daughter'?,  False.
Can GrandMother be considered a subcategory of 'something that hasChild some Sex'?,  False.
Can Child that is also Son be considered a subcategory of 'Brother'?,  False.
Can Male that is also Sister be considered a subcategory of 'Mother'?,  False.
Can Female be considered a subcategory of 'something that hasChild some Sex'?,  False.
Can Father that is also Sex be considered a subcategory of 'Child'?,  False.
Can Sex be considered a subcategory of 'something that hasSibling some Male'?,  False.
Can OffSpring that is also Sibling be considered a subcategory of 'GrandMother'?,  False.
Can Daughter that is also Man be considered a subcategory of 'GrandFather'?,  False.
Can Male that is also Sex be considered a subcategory of 'GrandFather'?,  False.
Can Child that is also Person be considered a subcategory of 'GrandParent'?,  False.
Can Brother that is also Woman be considered a subcategory of 'GrandMother'?,  False.
Can Male that is also Woman be considered a subcategory of 'GrandMother'?,  False.
Can Sex that is also Sibling be considered a subcategory of 'Sister'?,  False.
Can Brother that is also Female be considered a subcategory of 'Sister'?,  False.
Can something that hasSibling some Person be considered a subcategory of 'GrandFather'?,  False.
Can Daughter that is also Sister be considered a subcategory of 'Man'?,  False.
Can something that hasSex some GrandFather be considered a subcategory of 'GrandFather'?,  False.
Can GrandMother that is also Parent be considered a subcategory of 'Male'?,  False.
Can something that hasParent some Father be considered a subcategory of 'Male'?,  False.
Can Daughter that is also GrandMother be considered a subcategory of 'Mother'?,  False.
Can Son be considered a subcategory of 'something that hasChild some Parent'?,  True,
Can GrandMother be considered a subcategory of 'something that hasChild some Parent'?,  False.
Can Thing be considered a subcategory of 'something that hasChild some Parent'?,  False.
Can Thing that is also something that (hasChild some Parent) be considered a subcategory of 'Thing that is also something that (hasChild some Parent)'?,  False.
Can Thing be considered a subcategory of 'Thing that is also something that (hasChild some Parent)'?,  True,
Can Thing that is also something that (hasChild some (Parent that is also Thing)) be considered a subcategory of 'Thing that is also something that (hasChild some (Parent that is also Thing))'?,  True.
Can Thing be considered a subcategory of 'Parent that is also Thing'?,  False.
Can Female be considered a subcategory of 'Parent that is also Thing'?,  False.
Can Child be considered a subcategory of 'Parent that is also Thing'?,  False.
Can Person be considered a subcategory of 'Parent that is also Thing'?,  False.
Can Brother be considered a subcategory of 'Parent that is also Thing'?,  False.
Can Daughter be considered a subcategory of 'Parent that is also Thing'?,  False.
Can Man be considered a subcategory of 'Parent that is also Thing'?,  False.
Can GrandParent be considered a subcategory of 'Parent that is also Thing'?,  False.
Can Sex be considered a subcategory of 'Parent that is also Thing'?,  False.
Can OffSpring be considered a subcategory of 'Parent that is also Thing'?,  False.
Can Woman be considered a subcategory of 'Parent that is also Thing'?,  False.
Can Male be considered a subcategory of 'Parent that is also Thing'?,  False.
Can Sibling be considered a subcategory of 'Parent that is also Thing'?,  False.
Can GrandFather be considered a subcategory of 'Parent that is also Thing'?,  False.
Can Thing that is also something that (hasChild some (Parent that is also Person that is also Thing)) be considered a subcategory of 'Thing that is also something that (hasChild some (Parent that is also Person that is also Thing))'?,  I cannot
Can OffSpring be considered a subcategory of 'Parent that is also Person that is also Thing'?,  False.
Can Woman be considered a subcategory of 'Parent that is also Person that is also Thing'?,  False.
Can Male be considered a subcategory of 'Parent that is also Person that is also Thing'?,  False.
Can Sibling be considered a subcategory of 'Parent that is also Person that is also Thing'?,  False.
Can GrandFather be considered a subcategory of 'Parent that is also Person that is also Thing'?, False.
Can GrandFather that is also GrandParent be considered a subcategory of 'Woman'?,  False.
Can Person that is also Son be considered a subcategory of 'GrandParent'?,  False.
Can GrandFather that is also GrandMother be considered a subcategory of 'Child'?,  False.
Can Brother that is also Father be considered a subcategory of 'Child'?,  False.
Can Female that is also Sex be considered a subcategory of 'Child'?,  False.
Can Male that is also Sibling be considered a subcategory of 'Parent'?,  False.
Can Daughter that is also Person be considered a subcategory of 'Mother'?,  False.
Can Daughter be considered a subcategory of 'something that hasChild some Mother'?,  True.
Can GrandMother be considered a subcategory of 'something that hasChild some Mother'?,  True.
Can Thing that is also something that (hasChild some Mother) be considered a subcategory of 'Thing that is also something that (hasChild some Mother)'?,  False.
Can Thing be considered a subcategory of 'Thing that is also something that (hasChild some Mother)'?,  False.
Can Person be considered a subcategory of 'Thing that is also something that (hasChild some Mother)'?,  False.
Can GrandParent be considered a subcategory of 'Thing that is also something that (hasChild some Mother)'?,  False.
Can Woman be considered a subcategory of 'Thing that is also something that (hasChild some Mother)'?,  False.
Can Sex be considered a subcategory of 'Mother'?,  False.
Can Sibling be considered a subcategory of 'Mother'?,  False.
Can GrandMother be considered a subcategory of 'Person that is also Thing that is also something that (hasChild some Mother)'?,  True.
Can GrandMother be considered a subcategory of 'GrandParent that is also Person that is also Thing that is also something that (hasChild some Mother)'?,  True.
Can GrandMother be considered a subcategory of 'GrandParent that is also Person that is also Woman that is also Thing that is also something that (hasChild some Mother)'?,  True.
Can GrandMother be considered a subcategory of 'GrandParent that is also Person that is also Woman that is also Thing that is also something that (hasChild some (Mother that is also Thing))'?,  True.
Can GrandMother be considered a subcategory of 'GrandParent that is also Person that is also Woman that is also Thing that is also something that (hasChild some (Mother that is also Person that is also Thing))'?,  True.
Can GrandMother be considered a subcategory of 'GrandParent that is also Person that is also Woman that is also Thing that is also something that (hasChild some (GrandParent that is also Mother that is also Person that is also Thing))'?,  True.
Can GrandMother be considered a subcategory of 'GrandParent that is also Person that is also Woman that is also Thing that is also something that (hasChild some (GrandParent that is also Mother that is also Person that is also Woman that is also Thing))'?,  True.
Can Female that is also GrandParent that is also Person that is also Woman that is also Thing that is also something that (hasChild some (GrandParent that is also Mother that is also Person that is also Woman that is also Thing)) be considered a subcategory of 'Female that is also GrandParent that is also Person that is also Woman that is also Thing that is also something that (hasChild some (GrandParent that is also Mother that is also Person that is also Woman that is also Thing))'?,  True.
Can GrandMother be considered a subcategory of 'GrandParent that is also Mother that is also Person that is also Woman that is also Thing'?,  True.
Can Female that is also Sister be considered a subcategory of 'Male'?,  False.
Can something that hasSex some Child be considered a subcategory of 'GrandMother'?,  False.
Can something that hasSibling some Parent be considered a subcategory of 'GrandMother'?,  False.
Can Father that is also OffSpring be considered a subcategory of 'Female'?,  False.
Can GrandFather that is also Son be considered a subcategory of 'Female'?,  False.
Can something that hasParent some Man be considered a subcategory of 'Mother'?,  False.
Can something that hasSibling some GrandParent be considered a subcategory of 'Sex'?,  False.
Can GrandFather that is also Mother be considered a subcategory of 'OffSpring'?,  False.
Can Male that is also Sibling be considered a subcategory of 'Woman'?,  False.
Can Female be considered a subcategory of 'something that hasSex some OffSpring'?,  False.
Can something that hasChild some Parent be considered a subcategory of 'Child'?,  False.
Can Sister be considered a subcategory of 'something that hasParent some Child'?,  False.
Can Child that is also Daughter be considered a subcategory of 'Brother'?,  False.
Can something that hasSex some Sex be considered a subcategory of 'Mother'?,  False.
Can Man be considered a subcategory of 'something that hasSibling some Son'?,  False.
Can Person that is also Sibling be considered a subcategory of 'Son'?,  False.
Can GrandParent that is also Parent be considered a subcategory of 'Woman'?,  False.
Can something that hasParent some Sibling be considered a subcategory of 'OffSpring'?,  False.
Can GrandMother that is also Sex be considered a subcategory of 'Child'?,  False.
Can GrandParent be considered a subcategory of 'something that hasSex some Parent'?,  True,
Can GrandMother be considered a subcategory of 'something that hasSex some Parent'?,  False.
Can Thing be considered a subcategory of 'something that hasSex some Parent'?,  I cannot
Can Thing that is also something that (hasSex some Parent) be considered a subcategory of 'Thing that is also something that (hasSex some Parent)'?,  False.
Can Thing be considered a subcategory of 'Thing that is also something that (hasSex some Parent)'?,  False.
Can Child be considered a subcategory of 'Thing that is also something that (hasSex some Parent)'?,  False.
Can Person be considered a subcategory of 'Thing that is also something that (hasSex some Parent)'?,  False.
Can OffSpring be considered a subcategory of 'Thing that is also something that (hasSex some Parent)'?,  True.
Can OffSpring be considered a subcategory of 'Person that is also Thing that is also something that (hasSex some Parent)'?,  True.
Can OffSpring be considered a subcategory of 'Person that is also Thing that is also something that (hasSex some (Parent that is also Thing))'?,  True.
Can OffSpring be considered a subcategory of 'Person that is also Thing that is also something that (hasSex some (Parent that is also Person that is also Thing))'?,  True.
Can Person that is also Thing that is also something that (hasSex some (Parent that is also Person that is also Thing)) be considered a subcategory of 'Person that is also Thing that is also something that (hasSex some (Parent that is also Person that is also Thing))'?,  I cannot
Can Thing be considered a subcategory of 'Person that is also Thing that is also something that (hasSex some (Parent that is also Person that is also Thing))'?,  False.
Can Person be considered a subcategory of 'Person that is also Thing that is also something that (hasSex some (Parent that is also Person that is also Thing))'?,  False.
Can Sibling be considered a subcategory of 'something that hasChild some Male'?,  False.
Can GrandFather that is also Sex be considered a subcategory of 'OffSpring'?,  False.
Can Sister be considered a subcategory of 'something that hasParent some Sister'?,  False.
Can Man that is also Sister be considered a subcategory of 'Sibling'?,  False.
Can GrandParent that is also Person be considered a subcategory of 'GrandMother'?,  False.
Can Female that is also OffSpring be considered a subcategory of 'GrandMother'?,  False.
Can Child be considered a subcategory of 'something that hasSibling some Son'?,  False.
Can GrandFather that is also Man be considered a subcategory of 'Parent'?,  True,
Can GrandFather that is also Man be considered a subcategory of 'Son'?,  False.
Can GrandFather that is also Man be considered a subcategory of 'Female'?,  False.
Can GrandFather that is also Man be considered a subcategory of 'Father'?,  False.
Can GrandFather that is also Man be considered a subcategory of 'Child'?,  False.
Can GrandFather that is also Man be considered a subcategory of 'Brother'?,  False.
Can Sibling be considered a subcategory of 'something that hasChild some Mother'?,  False.
Can Female that is also GrandMother be considered a subcategory of 'Sex'?,  False.
Can GrandFather be considered a subcategory of 'something that hasSex some Mother'?,  False.
Can Brother that is also Male be considered a subcategory of 'Woman'?,  False.
Can something that hasSex some Woman be considered a subcategory of 'Woman'?,  False.
Can Brother that is also Father be considered a subcategory of 'Female'?,  False.
Can GrandParent that is also Person be considered a subcategory of 'Mother'?,  False.
Can something that hasChild some Child be considered a subcategory of 'OffSpring'?,  False.
Can Male that is also OffSpring be considered a subcategory of 'Son'?,  True,
Can Male that is also OffSpring be considered a subcategory of 'GrandMother'?,  False.
Can Child be considered a subcategory of 'something that hasParent some Son'?,  False.
Can Daughter that is also Sibling be considered a subcategory of 'Male'?,  False.
Can Father that is also GrandFather be considered a subcategory of 'Sibling'?,  False.
Can something that hasSex some Man be considered a subcategory of 'Sex'?,  False.
Can something that hasSibling some GrandParent be considered a subcategory of 'Female'?,  False.
Can Child that is also Woman be considered a subcategory of 'GrandParent'?,  False.
Can Male that is also Parent be considered a subcategory of 'GrandFather'?,  False.
Can Male that is also Person be considered a subcategory of 'Sibling'?,  False.
Can Daughter be considered a subcategory of 'something that hasSex some Sibling'?,  False.
Can Sibling that is also Sister be considered a subcategory of 'Daughter'?,  False.
Can Child that is also Daughter be considered a subcategory of 'Mother'?,  False.
Can Mother be considered a subcategory of 'something that hasChild some Brother'?,  False.
Can Sister be considered a subcategory of 'something that hasSex some Father'?,  False.
Can something that hasSibling some Person be considered a subcategory of 'OffSpring'?,  False.
Can Man that is also Sex be considered a subcategory of 'Father'?,  False.
Can GrandParent that is also Parent be considered a subcategory of 'Sister'?,  False.
Can something that hasChild some Person be considered a subcategory of 'Man'?,  False.
Can Daughter that is also GrandMother be considered a subcategory of 'Father'?,  False.
Can OffSpring that is also Sibling be considered a subcategory of 'GrandParent'?,  False.
Can Female that is also Son be considered a subcategory of 'GrandFather'?,  False.
Can Daughter be considered a subcategory of 'something that hasParent some GrandMother'?,  False.
Can Sex be considered a subcategory of 'something that hasSibling some GrandMother'?,  False.
Can GrandMother be considered a subcategory of 'something that hasChild some Man'?,  False.
Can Mother that is also Parent be considered a subcategory of 'GrandFather'?,  False.
Can something that hasParent some OffSpring be considered a subcategory of 'Man'?,  False.
Can something that hasSex some Sex be considered a subcategory of 'Child'?,  False.
Can Man that is also OffSpring be considered a subcategory of 'GrandParent'?,  False.
Can Person that is also Woman be considered a subcategory of 'Parent'?,  False.
Can Man that is also Sex be considered a subcategory of 'Woman'?,  False.
Can GrandFather that is also Woman be considered a subcategory of 'OffSpring'?,  False.
Can Father that is also GrandMother be considered a subcategory of 'Daughter'?,  False.
Can Male be considered a subcategory of 'something that hasSibling some Man'?,  False.
Can Male that is also Sibling be considered a subcategory of 'GrandMother'?,  False.
Can GrandParent that is also Woman be considered a subcategory of 'Man'?,  False.
Can something that hasSibling some Sister be considered a subcategory of 'Sex'?,  False.
Can something that hasChild some OffSpring be considered a subcategory of 'Sex'?,  False.
Can GrandMother be considered a subcategory of 'something that hasChild some Son'?,  False.
Can Sex that is also Sibling be considered a subcategory of 'OffSpring'?,  False.
Can something that hasSibling some GrandParent be considered a subcategory of 'Son'?,  False.
Can Father that is also Sibling be considered a subcategory of 'Son'?,  False.
Can something that hasParent some Man be considered a subcategory of 'Child'?,  False.
Can something that hasSibling some Parent be considered a subcategory of 'Father'?,  False.
Can GrandFather that is also Son be considered a subcategory of 'Woman'?,  False.
Can GrandParent that is also Woman be considered a subcategory of 'Sex'?,  False.
Can Brother that is also Man be considered a subcategory of 'Sex'?,  False.
Can Male that is also Sibling be considered a subcategory of 'OffSpring'?,  False.
Can Parent that is also Sex be considered a subcategory of 'Daughter'?,  False.
Can Brother that is also Man be considered a subcategory of 'Daughter'?,  False.
Can Father be considered a subcategory of 'something that hasSex some Mother'?,  False.
Can GrandFather be considered a subcategory of 'something that hasChild some Sex'?,  False.
Can something that hasParent some Son be considered a subcategory of 'Brother'?,  False.
Can something that hasSibling some Male be considered a subcategory of 'Mother'?,  False.
Can Brother that is also Sex be considered a subcategory of 'Woman'?,  False.
Can Person that is also Sibling be considered a subcategory of 'Child'?,  False.
Can Daughter that is also Female be considered a subcategory of 'Son'?,  False.
Can Brother that is also Man be considered a subcategory of 'Father'?,  False.
Can GrandParent that is also Woman be considered a subcategory of 'Sister'?,  False.
Can Child that is also Sibling be considered a subcategory of 'Man'?,  False.
Can Female that is also Parent be considered a subcategory of 'Father'?,  False.
Can something that hasSibling some Male be considered a subcategory of 'GrandParent'?,  False.
Can Sister be considered a subcategory of 'something that hasSex some GrandParent'?,  False.
Can something that hasSex some Female be considered a subcategory of 'Person'?,  True.
Can something that hasSex some Female be considered a subcategory of 'GrandMother'?,  False.
Can something that hasSex some Female be considered a subcategory of 'Son'?,  False.
Can something that hasSex some Female be considered a subcategory of 'Father'?,  False.
Can something that hasSex some Female be considered a subcategory of 'Child'?,  False.
Can Thing be considered a subcategory of 'Thing that is also something that (hasSex some (Female that is also Person that is also Woman that is also Thing))'?,  False.
Can Thing that is also something that (hasSex some Female) that is also something that (hasSex some (Person that is also Woman that is also Thing)) be considered a subcategory of 'Thing that is also something that (hasSex some (Female that is also Person that is also Woman that is also Thing))'?,  I cannot
Can Thing that is also something that (hasSex some Female) that is also something that (hasSex some (Person that is also Woman that is also Thing)) be considered a subcategory of 'Person'?,  False.
Can Thing that is also something that (hasSex some (Female that is also Person that is also Woman that is also Thing)) be considered a subcategory of 'Thing that is also something that (hasSex some (Female that is also Person that is also Woman that is also Thing))'?,  True,
Can Thing that is also something that (hasSex some (Person that is also Woman that is also Thing)) be considered a subcategory of 'Person'?,  False.
Can Thing that is also something that (hasSex some (Female that is also Woman that is also Thing)) be considered a subcategory of 'Person'?,  I cannot
Can Thing that is also something that (hasSex some (Female that is also Person that is also Thing)) be considered a subcategory of 'Person'?,  I cannot
Can Daughter that is also Female be considered a subcategory of 'Man'?,  False.
Can Mother that is also Sex be considered a subcategory of 'Daughter'?,  False.
Can GrandFather be considered a subcategory of 'something that hasChild some GrandFather'?,  False.
Can GrandMother that is also Person be considered a subcategory of 'Man'?,  False.
Can Parent be considered a subcategory of 'something that hasSibling some Person'?,  False.
Can Brother that is also OffSpring be considered a subcategory of 'Sibling'?,  False.
Can Child be considered a subcategory of 'something that hasParent some Sibling'?,  False.
Can Daughter that is also Person be considered a subcategory of 'Brother'?,  False.
Can Man be considered a subcategory of 'something that hasSex some OffSpring'?,  True.
Can Thing that is also something that (hasSex some (OffSpring that is also Person that is also Thing)) be considered a subcategory of 'Thing that is also something that (hasSex some (OffSpring that is also Person that is also Thing))'?,  True.
Can GrandMother be considered a subcategory of 'OffSpring that is also Person that is also Thing'?,  False.
Can Thing be considered a subcategory of 'OffSpring that is also Person that is also Thing'?,  False.
Can Female be considered a subcategory of 'OffSpring that is also Person that is also Thing'?,  False.
Can Father be considered a subcategory of 'OffSpring that is also Person that is also Thing'?,  False.
Can Person be considered a subcategory of 'OffSpring that is also Person that is also Thing'?,  False.
Can Parent be considered a subcategory of 'OffSpring that is also Person that is also Thing'?,  False.
Can Man be considered a subcategory of 'OffSpring that is also Person that is also Thing'?,  False.
Can Mother be considered a subcategory of 'OffSpring that is also Person that is also Thing'?,  False.
Can GrandParent be considered a subcategory of 'OffSpring that is also Person that is also Thing'?,  False.
Can Sex be considered a subcategory of 'OffSpring that is also Person that is also Thing'?,  False.
Can Sister be considered a subcategory of 'OffSpring that is also Person that is also Thing'?,  False.
Can Woman be considered a subcategory of 'OffSpring that is also Person that is also Thing'?,  False.
Can Male be considered a subcategory of 'OffSpring that is also Person that is also Thing'?,  False.
Can Sibling be considered a subcategory of 'OffSpring that is also Person that is also Thing'?,  False.
Can GrandFather be considered a subcategory of 'OffSpring that is also Person that is also Thing'?,  False.
Can Person be considered a subcategory of 'something that hasChild some Brother'?,  False.
Can Parent be considered a subcategory of 'something that hasParent some Son'?,  False.
Can GrandFather be considered a subcategory of 'something that hasSex some Male'?,  False.
Can Brother that is also Child be considered a subcategory of 'Sex'?,  False.
Can GrandParent that is also Mother be considered a subcategory of 'OffSpring'?,  False.
Can OffSpring that is also Sibling be considered a subcategory of 'Brother'?,  False.
Can Father that is also Female be considered a subcategory of 'OffSpring'?,  False.
Can GrandFather that is also Male be considered a subcategory of 'Child'?,  False.
Can Brother that is also GrandMother be considered a subcategory of 'Male'?,  False.
Can OffSpring that is also Son be considered a subcategory of 'GrandFather'?,  False.
Can Parent be considered a subcategory of 'something that hasChild some Man'?,  False.
Can Female that is also Sex be considered a subcategory of 'GrandParent'?,  False.
Can Mother that is also OffSpring be considered a subcategory of 'GrandFather'?,  False.
Can something that hasParent some GrandMother be considered a subcategory of 'Father'?,  False.
Can something that hasSibling some Father be considered a subcategory of 'Daughter'?,  False.
Can Brother that is also Parent be considered a subcategory of 'GrandParent'?,  False.
Can Man that is also Woman be considered a subcategory of 'Sex'?,  False.
Can something that hasChild some Son be considered a subcategory of 'Daughter'?,  False.
Can Male that is also Sister be considered a subcategory of 'Daughter'?,  False.
Can GrandParent that is also Male be considered a subcategory of 'Female'?,  False.
Can something that hasSex some Sibling be considered a subcategory of 'Female'?,  False.
Can GrandMother that is also Person be considered a subcategory of 'Brother'?,  False.
Can Father that is also Son be considered a subcategory of 'GrandMother'?,  False.
Can GrandParent that is also Parent be considered a subcategory of 'Man'?,  False.
Can Man that is also Sibling be considered a subcategory of 'Father'?,  False.
Can GrandMother that is also Woman be considered a subcategory of 'GrandFather'?,  False.
Can Female that is also GrandParent be considered a subcategory of 'Sister'?,  False.
Can Brother that is also Sibling be considered a subcategory of 'Sister'?,  False.
Can GrandMother that is also Sister be considered a subcategory of 'GrandFather'?,  False.
Can Father be considered a subcategory of 'something that hasSibling some Brother'?,  False.
Can something that hasParent some Person be considered a subcategory of 'Son'?,  False.
Can something that hasSibling some Woman be considered a subcategory of 'Woman'?,  False.
Can Mother that is also Sibling be considered a subcategory of 'Male'?,  False.
Can Female that is also Woman be considered a subcategory of 'Male'?,  False.
Can Father be considered a subcategory of 'something that hasSex some GrandMother'?,  False.
Can Female that is also GrandParent be considered a subcategory of 'Parent'?,  True,
Can Female that is also GrandParent be considered a subcategory of 'GrandMother'?,  True.
Can Man be considered a subcategory of 'something that hasParent some Person'?,  False.
Can Father that is also Mother be considered a subcategory of 'GrandMother'?,  False.
Can Daughter that is also OffSpring be considered a subcategory of 'Sister'?,  False.
Can Sex that is also Son be considered a subcategory of 'Sister'?,  False.
Can GrandParent that is also Mother be considered a subcategory of 'Brother'?,  False.
Can GrandFather that is also Sibling be considered a subcategory of 'Son'?,  False.
Can Female that is also Sibling be considered a subcategory of 'Son'?,  False.
Can Father that is also GrandParent be considered a subcategory of 'Child'?,  False.
Can Woman be considered a subcategory of 'something that hasChild some OffSpring'?,  False.
Can Brother that is also Sister be considered a subcategory of 'Child'?,  False.
Can Man that is also Woman be considered a subcategory of 'Child'?,  False.
Can something that hasSex some Father be considered a subcategory of 'Parent'?,  True.
Can something that hasSex some Father be considered a subcategory of 'GrandMother'?,  False.
Can something that hasSex some Father be considered a subcategory of 'Son'?,  False.
Can something that hasSex some Father be considered a subcategory of 'Female'?,  False.
Can something that hasSex some Father be considered a subcategory of 'Father'?,  False.
Can something that hasSex some Father be considered a subcategory of 'Child'?,  False.
Can something that hasSex some Father be considered a subcategory of 'Person'?,  True.
Can Thing be considered a subcategory of 'Thing that is also something that (hasSex some (Father that is also Male that is also Man that is also Parent that is also Person that is also Thing))'?,  False.
Can Father that is also Male that is also Man that is also Parent that is also Person that is also Thing be considered a subcategory of 'GrandMother'?,  False.
Can Father that is also Male that is also Man that is also Parent that is also Person that is also Thing be considered a subcategory of 'Son'?,  False.
Can Father that is also Male that is also Man that is also Parent that is also Person that is also Thing be considered a subcategory of 'Female'?,  False.
Can Father that is also Male that is also Man that is also Parent that is also Person that is also Thing be considered a subcategory of 'Child'?,  False.
Can Father that is also Male that is also Man that is also Parent that is also Person that is also Thing be considered a subcategory of 'Brother'?,  False.
Can Father that is also Male that is also Man that is also Parent that is also Person that is also Thing be considered a subcategory of 'Daughter'?,  False.
Can Father that is also Male that is also Man that is also Parent that is also Person that is also Thing be considered a subcategory of 'Mother'?,  False.
Can Father that is also Male that is also Man that is also Parent that is also Person that is also Thing be considered a subcategory of 'GrandParent'?,  False.
Can Father that is also Male that is also Man that is also Parent that is also Person that is also Thing be considered a subcategory of 'Sex'?,  False.
Can Father that is also Male that is also Man that is also Parent that is also Person that is also Thing be considered a subcategory of 'Sister'?,  False.
Can Father that is also Male that is also Man that is also Parent that is also Person that is also Thing be considered a subcategory of 'OffSpring'?,  False.
Can Father that is also Male that is also Man that is also Parent that is also Person that is also Thing be considered a subcategory of 'Woman'?,  False.
Can Father that is also Male that is also Man that is also Parent that is also Person that is also Thing be considered a subcategory of 'Sibling'?,  False.
Can Father that is also Male that is also Man that is also Parent that is also Person that is also Thing be considered a subcategory of 'GrandFather'?,  False.
Can Thing that is also something that (hasSex some Father) that is also something that (hasSex some (Male that is also Man that is also Parent that is also Person that is also Thing)) be considered a subcategory of 'Thing that is also something that (hasSex some (Father that is also Male that is also Man that is also Parent that is also Person that is also Thing))'?,  True.
Can Thing that is also something that (hasSex some (Father that is also Male that is also Man that is also Parent that is also Person that is also Thing)) be considered a subcategory of 'Thing that is also something that (hasSex some (Father that is also Male that is also Man that is also Parent that is also Person that is also Thing))'?,  False.
Can Thing that is also something that (hasSex some (Father that is also Male that is also Man that is also Parent that is also Person that is also Thing)) be considered a subcategory of 'Person'?,  False.
Can Thing that is also something that (hasSex some (Male that is also Man that is also Parent that is also Person that is also Thing)) be considered a subcategory of 'Person'?,  True,
Can Thing that is also something that (hasSex some (Man that is also Parent that is also Person that is also Thing)) be considered a subcategory of 'Person'?,  False.
Can Thing that is also something that (hasSex some (Male that is also Parent that is also Person that is also Thing)) be considered a subcategory of 'Person'?,  False.
Can Thing that is also something that (hasSex some (Male that is also Man that is also Person that is also Thing)) be considered a subcategory of 'Person'?,  False.
Can Thing that is also something that (hasSex some (Male that is also Man that is also Parent that is also Thing)) be considered a subcategory of 'Person'?,  True,
Can something that hasChild some Sex be considered a subcategory of 'Male'?,  False.
Can Person be considered a subcategory of 'something that hasSibling some Son'?,  False.
Can Man that is also Sister be considered a subcategory of 'Brother'?,  False.
Can Mother be considered a subcategory of 'something that hasParent some Sibling'?,  False.
Can OffSpring be considered a subcategory of 'something that hasSibling some Person'?,  False.
Can Person that is also Sex be considered a subcategory of 'Daughter'?,  False.
Can something that hasChild some Mother be considered a subcategory of 'Mother'?,  False.
Can GrandMother that is also OffSpring be considered a subcategory of 'Sex'?,  False.
Can Man that is also Parent be considered a subcategory of 'GrandParent'?,  False.
Can GrandFather that is also Sex be considered a subcategory of 'Woman'?,  False.
Can Man that is also Son be considered a subcategory of 'Female'?,  False.
Can Child that is also Male be considered a subcategory of 'Brother'?,  False.
Can something that hasParent some Parent be considered a subcategory of 'Mother'?,  False.
Can Son that is also Woman be considered a subcategory of 'Brother'?,  False.
Can Child that is also OffSpring be considered a subcategory of 'Father'?,  False.
Can Female that is also Sister be considered a subcategory of 'GrandFather'?,  False.
Can GrandFather that is also Man be considered a subcategory of 'GrandParent'?,  True,
Can Parent that is also Son be considered a subcategory of 'Sister'?,  False.
Can something that hasChild some Male be considered a subcategory of 'Sibling'?,  False.
Can Child that is also Sex be considered a subcategory of 'GrandFather'?,  False.
Can OffSpring that is also Parent be considered a subcategory of 'Female'?,  False.
Can something that hasParent some Sibling be considered a subcategory of 'Sibling'?,  False.
Can something that hasSibling some Female be considered a subcategory of 'Sibling'?,  False.
Can Son be considered a subcategory of 'something that hasParent some Daughter'?,  False.
Can Male be considered a subcategory of 'something that hasSibling some Daughter'?,  False.
Can something that hasParent some Parent be considered a subcategory of 'Male'?,  False.
Can GrandMother be considered a subcategory of 'something that hasParent some GrandMother'?,  False.
Can Father be considered a subcategory of 'something that hasParent some Sister'?,  False.
Can GrandMother that is also Male be considered a subcategory of 'Sister'?,  False.
Can something that hasSex some Daughter be considered a subcategory of 'Sister'?,  False.
Can Woman be considered a subcategory of 'something that hasChild some Father'?,  False.
Can Person be considered a subcategory of 'something that hasSibling some GrandFather'?,  False.
Can something that hasSibling some Sex be considered a subcategory of 'GrandMother'?,  False.
Can Brother that is also Sister be considered a subcategory of 'GrandMother'?,  False.
Can Male be considered a subcategory of 'something that hasParent some GrandFather'?,  False.
Can Parent that is also Woman be considered a subcategory of 'GrandParent'?,  False.
Can Man that is also Mother be considered a subcategory of 'Daughter'?,  False.
Can Person be considered a subcategory of 'something that hasSex some Sibling'?,  False.
Can something that hasSibling some Sibling be considered a subcategory of 'Man'?,  False.
Can Man that is also OffSpring be considered a subcategory of 'Brother'?,  False.
Can Daughter be considered a subcategory of 'something that hasChild some Sibling'?,  False.
Can Father that is also Man be considered a subcategory of 'Daughter'?,  False.
Can something that hasChild some Son be considered a subcategory of 'Sex'?,  False.
Can Brother that is also Father be considered a subcategory of 'Sex'?,  False.
Can GrandParent be considered a subcategory of 'something that hasSibling some GrandFather'?,  False.
Can Father that is also Sibling be considered a subcategory of 'Sex'?,  False.
Can Sex that is also Sister be considered a subcategory of 'GrandMother'?,  False.
Can Father that is also GrandFather be considered a subcategory of 'Sex'?,  False.
Can Daughter be considered a subcategory of 'something that hasSibling some GrandMother'?,  False.
Can something that hasParent some Son be considered a subcategory of 'Man'?,  False.
Can Person that is also Sibling be considered a subcategory of 'Sister'?,  False.
Can Father that is also Person be considered a subcategory of 'Mother'?,  False.
Can something that hasChild some Woman be considered a subcategory of 'Child'?,  False.
Can Sister be considered a subcategory of 'something that hasSibling some Son'?,  False.
Can Father that is also Sibling be considered a subcategory of 'Child'?,  False.
Can Father that is also Male be considered a subcategory of 'Daughter'?,  False.
Can Parent be considered a subcategory of 'something that hasSex some GrandMother'?,  False.
Can Sister be considered a subcategory of 'something that hasParent some Mother'?,  True,
Can GrandMother be considered a subcategory of 'something that hasParent some Mother'?,  True.
Can Thing that is also something that (hasParent some Mother) be considered a subcategory of 'Thing that is also something that (hasParent some Mother)'?,  False.
Can Thing be considered a subcategory of 'Thing that is also something that (hasParent some Mother)'?,  True,
Can Thing that is also something that (hasParent some (Mother that is also Thing)) be considered a subcategory of 'Thing that is also something that (hasParent some (Mother that is also Thing))'?,  False.
Can Thing be considered a subcategory of 'Mother that is also Thing'?,  False.
Can Son be considered a subcategory of 'Mother that is also Thing'?,  False.
Can Female be considered a subcategory of 'Mother that is also Thing'?,  False.
Can Father be considered a subcategory of 'Mother that is also Thing'?,  False.
Can Child be considered a subcategory of 'Mother that is also Thing'?,  False.
Can Person be considered a subcategory of 'Mother that is also Thing'?,  False.
Can Brother be considered a subcategory of 'Mother that is also Thing'?,  False.
Can Parent be considered a subcategory of 'Mother that is also Thing'?,  False.
Can Daughter be considered a subcategory of 'Mother that is also Thing'?,  False.
Can Man be considered a subcategory of 'Mother that is also Thing'?,  False.
Can GrandParent be considered a subcategory of 'Mother that is also Thing'?,  False.
Can Sex be considered a subcategory of 'Mother that is also Thing'?,  False.
Can Sister be considered a subcategory of 'Mother that is also Thing'?,  False.
Can OffSpring be considered a subcategory of 'Mother that is also Thing'?,  False.
Can Woman be considered a subcategory of 'Mother that is also Thing'?,  False.
Can Male be considered a subcategory of 'Mother that is also Thing'?,  False.
Can Sibling be considered a subcategory of 'Mother that is also Thing'?,  False.
Can GrandFather be considered a subcategory of 'Mother that is also Thing'?,  False.
Can Thing that is also something that (hasChild some (Parent that is also Person that is also Thing)) be considered a subcategory of 'Thing that is also something that (hasChild some (Parent that is also Person that is also Thing)) that is also something that (hasParent some (Female that is also Mother that is also Thing))'?,  I cannot
Can Thing be considered a subcategory of 'Female that is also Mother that is also Thing'?,  False.
Can Son be considered a subcategory of 'Female that is also Mother that is also Thing'?,  False.
Can Female be considered a subcategory of 'Female that is also Mother that is also Thing'?,  False.
Can Father be considered a subcategory of 'Female that is also Mother that is also Thing'?,  False.
Can Child be considered a subcategory of 'Female that is also Mother that is also Thing'?,  False.
Can Person be considered a subcategory of 'Female that is also Mother that is also Thing'?,  False.
Can Brother be considered a subcategory of 'Female that is also Mother that is also Thing'?,  False.
Can Parent be considered a subcategory of 'Female that is also Mother that is also Thing'?,  False.
Can Daughter be considered a subcategory of 'Female that is also Mother that is also Thing'?,  False.
Can Man be considered a subcategory of 'Female that is also Mother that is also Thing'?,  False.
Can GrandParent be considered a subcategory of 'Female that is also Mother that is also Thing'?,  False.
Can Sex be considered a subcategory of 'Female that is also Mother that is also Thing'?,  False.
Can Sister be considered a subcategory of 'Female that is also Mother that is also Thing'?,  False.
Can OffSpring be considered a subcategory of 'Female that is also Mother that is also Thing'?,  False.
Can Woman be considered a subcategory of 'Female that is also Mother that is also Thing'?,  False.
Can Male be considered a subcategory of 'Female that is also Mother that is also Thing'?,  False.
Can Sibling be considered a subcategory of 'Female that is also Mother that is also Thing'?,  False.
Can GrandFather be considered a subcategory of 'Female that is also Mother that is also Thing'?,  False.
Can Thing that is also something that (hasChild some (Parent that is also Person that is also Thing)) be considered a subcategory of 'Thing that is also something that (hasChild some (Parent that is also Person that is also Thing)) that is also something that (hasParent some (Female that is also Mother that is also Person that is also Thing))'?,  I cannot
Can Thing be considered a subcategory of 'Female that is also Mother that is also Person that is also Thing'?,  False.
Can Son be considered a subcategory of 'Female that is also Mother that is also Person that is also Thing'?,  False.
Can Female be considered a subcategory of 'Female that is also Mother that is also Person that is also Thing'?,  False.
Can Father be considered a subcategory of 'Female that is also Mother that is also Person that is also Thing'?,  False.
Can Child be considered a subcategory of 'Female that is also Mother that is also Person that is also Thing'?,  True.
Can Brother be considered a subcategory of 'something that hasSibling some Father'?,  False.
Can GrandParent be considered a subcategory of 'something that hasChild some GrandParent'?,  False.
Can Daughter that is also Person be considered a subcategory of 'GrandParent'?,  False.
Can Sex that is also Woman be considered a subcategory of 'OffSpring'?,  False.
Can Person that is also Sibling be considered a subcategory of 'OffSpring'?,  False.
Can something that hasParent some GrandParent be considered a subcategory of 'Child'?,  False.
Can something that hasSibling some Sibling be considered a subcategory of 'Child'?,  False.
Can Male be considered a subcategory of 'something that hasParent some Mother'?,  False.
Can Person be considered a subcategory of 'something that hasSex some Woman'?,  False.
Can Female be considered a subcategory of 'something that hasChild some OffSpring'?,  False.
Can Father that is also Female be considered a subcategory of 'Son'?,  False.
Can Child that is also Sex be considered a subcategory of 'Male'?,  False.
Can something that hasSex some Brother be considered a subcategory of 'Male'?,  True,
Can something that hasSex some Brother be considered a subcategory of 'GrandMother'?,  False.
Can something that hasSex some Brother be considered a subcategory of 'Son'?,  False.
Can something that hasSex some Brother be considered a subcategory of 'Female'?,  False.
Can something that hasSex some Brother be considered a subcategory of 'Father'?,  False.
Can something that hasSex some Brother be considered a subcategory of 'Child'?,  False.
Can something that hasSex some Brother be considered a subcategory of 'Person'?,  True.
Can Thing be considered a subcategory of 'Thing that is also something that (hasSex some (Brother that is also OffSpring that is also Person that is also Thing))'?,  False.
Can Brother that is also OffSpring that is also Person that is also Thing be considered a subcategory of 'GrandMother'?,  False.
Can Brother that is also OffSpring that is also Person that is also Thing be considered a subcategory of 'Son'?,  False.
Can Brother that is also OffSpring that is also Person that is also Thing be considered a subcategory of 'Female'?,  False.
Can Brother that is also OffSpring that is also Person that is also Thing be considered a subcategory of 'Father'?,  False.
Can Brother that is also OffSpring that is also Person that is also Thing be considered a subcategory of 'Child'?,  False.
Can Brother that is also OffSpring that is also Person that is also Thing be considered a subcategory of 'Parent'?,  False.
Can Brother that is also OffSpring that is also Person that is also Thing be considered a subcategory of 'Daughter'?,  False.
Can Brother that is also OffSpring that is also Person that is also Thing be considered a subcategory of 'Man'?,  False.
Can Brother that is also OffSpring that is also Person that is also Thing be considered a subcategory of 'Mother'?,  False.
Can Brother that is also OffSpring that is also Person that is also Thing be considered a subcategory of 'GrandParent'?,  False.
Can Brother that is also OffSpring that is also Person that is also Thing be considered a subcategory of 'Sex'?,  False.
Can Brother that is also OffSpring that is also Person that is also Thing be considered a subcategory of 'Sister'?,  False.
Can Brother that is also OffSpring that is also Person that is also Thing be considered a subcategory of 'Woman'?,  False.
Can Brother that is also OffSpring that is also Person that is also Thing be considered a subcategory of 'Male'?,  False.
Can Brother that is also OffSpring that is also Person that is also Thing be considered a subcategory of 'Sibling'?,  False.
Can Brother that is also OffSpring that is also Person that is also Thing be considered a subcategory of 'GrandFather'?,  False.
Can Thing that is also something that (hasSex some Brother) that is also something that (hasSex some (OffSpring that is also Person that is also Thing)) be considered a subcategory of 'Thing that is also something that (hasSex some (Brother that is also OffSpring that is also Person that is also Thing))'?,  False.
Can Thing that is also something that (hasSex some Brother) that is also something that (hasSex some (OffSpring that is also Person that is also Thing)) be considered a subcategory of 'Person'?,  I cannot
Can Thing that is also something that (hasSex some (Brother that is also OffSpring that is also Person that is also Thing)) be considered a subcategory of 'Thing that is also something that (hasSex some (Brother that is also OffSpring that is also Person that is also Thing))'?,  I cannot
Can Thing that is also something that (hasSex some (Brother that is also OffSpring that is also Person that is also Thing)) be considered a subcategory of 'Person'?,  false.
Can Thing that is also something that (hasSex some (OffSpring that is also Person that is also Thing)) be considered a subcategory of 'Person'?,  False.
Can Thing that is also something that (hasSex some (Brother that is also Person that is also Thing)) be considered a subcategory of 'Person'?,  False.
Can Thing that is also something that (hasSex some (Brother that is also OffSpring that is also Thing)) be considered a subcategory of 'Person'?,  False.
Can Brother be considered a subcategory of 'something that hasSibling some Daughter'?,  False.
Can Sex be considered a subcategory of 'something that hasParent some Female'?,  False.
Can something that hasSibling some OffSpring be considered a subcategory of 'Brother'?,  False.
Can Father be considered a subcategory of 'something that hasChild some Mother'?,  False.
