Can Crop that is also MarinePlant be considered a subcategory of 'Arthropod'?,  False.
Can Canopy that is also MarineMicrobiota be considered a subcategory of 'Macroalgae'?,  False.
Can MarineInvertebrate that is also Poultry be considered a subcategory of 'Human'?,  False.
Can Diatom that is also Human be considered a subcategory of 'Invertebrate'?,  False.
Can Amphibian that is also Coral be considered a subcategory of 'VegetationCover'?,  False.
Can Algae that is also Mammal be considered a subcategory of 'Reptile'?,  False.
Can Coccolithophore that is also Sponge be considered a subcategory of 'Roundworm'?,  False.
Can FloweringPlant that is also MarineBird be considered a subcategory of 'Canopy'?,  False.
Can MarineMammal that is also Roundworm be considered a subcategory of 'MarineBird'?,  False.
Can Amoebae that is also Leaf be considered a subcategory of 'Flatworm'?,  False.
Can IndigenousVegetation that is also Invertebrate be considered a subcategory of 'SlimeMold'?,  False.
Can Foraminifer that is also Vegetation be considered a subcategory of 'Millipede'?,  False.
Can Fungi that is also MarineMicrobiota be considered a subcategory of 'Zooplankton'?,  False.
Can DeciduousVegetation that is also Microbiota be considered a subcategory of 'Mammal'?,  False.
Can Moss that is also Reptile be considered a subcategory of 'IndigenousSpecies'?,  False.
Can Macroalgae that is also Microphyte be considered a subcategory of 'Radiolarian'?,  False.
Can Chlorophyll that is also Coccolithophore be considered a subcategory of 'Bacteria'?,  False.
Can FloweringPlant that is also Microphyte be considered a subcategory of 'Poultry'?,  False.
Can Crop that is also Dairy be considered a subcategory of 'Yeast'?,  False.
Can MarineMicrobiota that is also Mold be considered a subcategory of 'Algae'?,  False.
Can Invertebrate that is also Jellyfish be considered a subcategory of 'EvergreenVegetation'?,  False.
Can Roundworm that is also Vegetation be considered a subcategory of 'Leaf'?,  False.
Can Ciliate that is also MarineMammal be considered a subcategory of 'Vegetation'?,  False.
Can Algae that is also Mushroom be considered a subcategory of 'Centipede'?,  False.
Can Echinoderm that is also Reptile be considered a subcategory of 'Microphyte'?,  False.
Can Anemone that is also Microphyte be considered a subcategory of 'Pollen'?,  False.
Can Animal that is also Plant be considered a subcategory of 'MarineAnimal'?,  False.
Can FloweringPlant that is also Leaf be considered a subcategory of 'Livestock'?,  False.
Can Pollen that is also Radiolarian be considered a subcategory of 'Coral'?,  False.
Can Crown that is also MarineInvertebrate be considered a subcategory of 'Mushroom'?,  False.
Can Fern that is also Fungi be considered a subcategory of 'ExoticSpecies'?,  False.
Can Nutrient that is also Protist be considered a subcategory of 'Sponge'?,  False.
Can Sporozoan be considered a subcategory of 'Bird'?,  False.
Can Coccolithophore that is also Lichen be considered a subcategory of 'Vertebrate'?,  False.
Can Crown that is also Plankton be considered a subcategory of 'Plant'?,  False.
Can Insect that is also SlimeMold be considered a subcategory of 'Echinoderm'?,  False.
Can Lichen that is also VegetationCover be considered a subcategory of 'Amphibian'?,  False.
Can Diatom that is also Litter be considered a subcategory of 'Flagellate'?,  False.
Can Macroalgae that is also VegetationSpecies be considered a subcategory of 'Yeast'?,  False.
Can Amoebae that is also Leaf be considered a subcategory of 'Centipede'?,  False.
Can Chlorophyll that is also IndigenousSpecies be considered a subcategory of 'Fern'?,  False.
Can Livestock that is also Radiolarian be considered a subcategory of 'Poultry'?,  False.
Can Dairy that is also Millipede be considered a subcategory of 'EvergreenVegetation'?,  False.
Can Invertebrate that is also Phytoplankton be considered a subcategory of 'Coccolithophore'?,  False.
Can Chlorophyll that is also Jellyfish be considered a subcategory of 'ExoticSpecies'?,  False.
Can ExoticSpecies that is also Mushroom be considered a subcategory of 'IndigenousVegetation'?,  False.
Can Ciliate that is also Mammal be considered a subcategory of 'MarineAnimal'?,  False.
Can Poultry be considered a subcategory of 'Chlorophyll'?,  False.
Can Liverwort that is also Macroalgae be considered a subcategory of 'Insect'?,  False.
Can Bird that is also Radiolarian be considered a subcategory of 'Litter'?,  False.
Can Human that is also Protist be considered a subcategory of 'Mollusk'?,  False.
Can Livestock that is also Microalgae be considered a subcategory of 'TreeRing'?,  False.
Can Crustacean that is also Millipede be considered a subcategory of 'Ciliate'?,  False.
Can Insect that is also MarineAnimal be considered a subcategory of 'Foraminifer'?,  False.
Can Arachnid that is also Mushroom be considered a subcategory of 'Crustacean'?,  False.
Can Flagellate that is also Mammal be considered a subcategory of 'ExoticVegetation'?,  False.
Can Amoebae that is also Animal be considered a subcategory of 'MarineInvertebrate'?,  False.
Can Phytoplankton that is also SegmentedWorm be considered a subcategory of 'Amoebae'?,  False.
Can Canopy that is also EvergreenVegetation be considered a subcategory of 'MarineMicrobiota'?,  False.
Can Macrophyte that is also Mollusk be considered a subcategory of 'Phytoplankton'?,  False.
Can Algae that is also Phytoplankton be considered a subcategory of 'Jellyfish'?,  False.
Can IndigenousSpecies that is also Mold be considered a subcategory of 'DominantSpecies'?,  False.
Can Canopy that is also Livestock be considered a subcategory of 'Radiolarian'?,  False.
Can Macrophyte that is also MarineMammal be considered a subcategory of 'Anemone'?,  False.
Can Phytoplankton that is also Vegetation be considered a subcategory of 'Protist'?,  False.
Can Chlorophyll that is also IndigenousVegetation be considered a subcategory of 'Zooplankton'?,  False.
Can Flatworm that is also Macroalgae be considered a subcategory of 'Insect'?,  False.
Can ExoticVegetation that is also MarineMicrobiota be considered a subcategory of 'Chlorophyll'?,  False.
Can Coral that is also Yeast be considered a subcategory of 'Vegetation'?,  False.
Can MarineInvertebrate that is also Moss be considered a subcategory of 'Liverwort'?,  False.
Can Mollusk that is also Protist be considered a subcategory of 'Macrophyte'?,  False.
Can Centipede that is also Plant be considered a subcategory of 'Plankton'?,  False.
Can Fern that is also Microbiota be considered a subcategory of 'Crop'?,  False.
Can MarineMicrobiota that is also Yeast be considered a subcategory of 'Livestock'?,  False.
Can Ciliate that is also Macrophyte be considered a subcategory of 'Coral'?,  False.
Can Amphibian that is also Microalgae be considered a subcategory of 'Crustacean'?,  False.
Can Liverwort that is also MarineMammal be considered a subcategory of 'Ciliate'?,  False.
Can Conifer that is also Flagellate be considered a subcategory of 'FungiTaxonomy'?,  False.
Can FloweringPlant that is also Lichen be considered a subcategory of 'DeciduousVegetation'?,  False.
Can Crown that is also Echinoderm be considered a subcategory of 'Nutrient'?,  False.
Can Canopy that is also MicrobiotaTaxonomy be considered a subcategory of 'Pollen'?,  False.
Can Macrophyte that is also Plant be considered a subcategory of 'MarineMammal'?,  False.
Can Crop that is also Litter be considered a subcategory of 'Moss'?,  False.
Can Fish that is also Macroalgae be considered a subcategory of 'Arthropod'?,  False.
Can Anemone that is also Protist be considered a subcategory of 'Invertebrate'?,  False.
Can Litter that is also Sporozoan be considered a subcategory of 'Human'?,  False.
Can Human that is also TreeRing be considered a subcategory of 'Canopy'?,  False.
Can MarinePlant that is also Millipede be considered a subcategory of 'Microbiota'?,  False.
Can Crown that is also Insect be considered a subcategory of 'Diatom'?,  False.
Can FungiTaxonomy that is also VegetationCover be considered a subcategory of 'MicrobiotaTaxonomy'?,  False.
Can Jellyfish that is also SegmentedWorm be considered a subcategory of 'FloweringPlant'?,  False.
Can Amphibian that is also Mammal be considered a subcategory of 'MarineBird'?,  False.
Can Amoebae that is also Canopy be considered a subcategory of 'Arachnid'?,  False.
Can IndigenousSpecies that is also Sponge be considered a subcategory of 'SlimeMold'?,  False.
Can Animal that is also Dairy be considered a subcategory of 'Conifer'?,  False.
Can Leaf be considered a subcategory of 'Pollen'?,  False.
Can Ciliate that is also Lichen be considered a subcategory of 'Litter'?,  False.
Can Amphibian that is also Bacteria be considered a subcategory of 'IndigenousVegetation'?,  False.
Can Amoebae that is also Fungi be considered a subcategory of 'MarineMammal'?,  False.
Can Fish that is also Invertebrate be considered a subcategory of 'Microalgae'?,  False.
Can Chlorophyll that is also MarinePlant be considered a subcategory of 'ExoticSpecies'?,  False.
Can Conifer that is also ExoticSpecies be considered a subcategory of 'Fish'?,  False.
Can Poultry that is also VegetationCover be considered a subcategory of 'Arthropod'?,  False.
Can BlueGreenAlgae that is also Yeast be considered a subcategory of 'MarineInvertebrate'?,  False.
Can MarineInvertebrate that is also MicrobiotaTaxonomy be considered a subcategory of 'Invertebrate'?,  False.
Can Coccolithophore that is also Litter be considered a subcategory of 'MicrobiotaTaxonomy'?,  False.
Can Crop that is also Plant be considered a subcategory of 'Reptile'?,  False.
Can Fern that is also Flatworm be considered a subcategory of 'Animal'?,  False.
Can Anemone that is also MarineMicrobiota be considered a subcategory of 'DominantSpecies'?,  False.
Can Arachnid that is also Conifer be considered a subcategory of 'Vertebrate'?,  False.
Can Animal that is also Crustacean be considered a subcategory of 'Sporozoan'?,  False.
Can Animal that is also Dairy be considered a subcategory of 'BlueGreenAlgae'?,  False.
Can Yeast that is also Zooplankton be considered a subcategory of 'VegetationCover'?,  False.
Can EvergreenVegetation that is also MarineInvertebrate be considered a subcategory of 'Sponge'?,  False.
Can Fungi that is also Millipede be considered a subcategory of 'Phytoplankton'?,  False.
Can Algae that is also Fish be considered a subcategory of 'VegetationSpecies'?,  False.
Can Fern that is also Plankton be considered a subcategory of 'Lichen'?,  False.
Can MarineMicrobiota that is also Nutrient be considered a subcategory of 'Flatworm'?,  False.
Can Insect that is also Poultry be considered a subcategory of 'Yeast'?,  False.
Can Coccolithophore that is also ExoticVegetation be considered a subcategory of 'Algae'?,  False.
Can MarineMammal that is also VegetationSpecies be considered a subcategory of 'Fern'?,  False.
Can Algae that is also Fungi be considered a subcategory of 'Dairy'?,  False.
Can Mollusk that is also Sporozoan be considered a subcategory of 'Amphibian'?,  False.
Can DominantSpecies that is also Plant be considered a subcategory of 'Centipede'?,  False.
Can Microalgae that is also Radiolarian be considered a subcategory of 'Reptile'?,  False.
Can Human that is also Mushroom be considered a subcategory of 'SlimeMold'?,  False.
Can Conifer that is also MarineBird be considered a subcategory of 'DominantSpecies'?,  False.
Can DeciduousVegetation that is also Microphyte be considered a subcategory of 'MicrobiotaTaxonomy'?,  False.
Can Arachnid that is also Crop be considered a subcategory of 'FloweringPlant'?,  False.
Can Microbiota that is also Millipede be considered a subcategory of 'SegmentedWorm'?,  False.
Can Animal that is also Liverwort be considered a subcategory of 'Millipede'?,  False.
Can Diatom that is also Roundworm be considered a subcategory of 'Fungi'?,  False.
Can Coral that is also Fern be considered a subcategory of 'Mammal'?,  False.
Can Insect that is also Zooplankton be considered a subcategory of 'Poultry'?,  False.
Can Algae that is also Coccolithophore be considered a subcategory of 'Radiolarian'?,  False.
Can MarineInvertebrate that is also Roundworm be considered a subcategory of 'Insect'?,  False.
Can Invertebrate that is also Pollen be considered a subcategory of 'Vegetation'?,  False.
Can Plankton that is also Vegetation be considered a subcategory of 'Mold'?,  False.
Can Amphibian that is also Centipede be considered a subcategory of 'Leaf'?,  False.
Can DominantSpecies that is also Vegetation be considered a subcategory of 'MarineAnimal'?,  False.
Can Bacteria that is also Sponge be considered a subcategory of 'Centipede'?,  False.
Can Arthropod that is also SegmentedWorm be considered a subcategory of 'Fern'?,  False.
Can Bird that is also Coral be considered a subcategory of 'ExoticSpecies'?,  False.
Can Livestock that is also SlimeMold be considered a subcategory of 'Conifer'?,  False.
Can Moss that is also Vertebrate be considered a subcategory of 'Microalgae'?,  False.
Can EvergreenVegetation that is also Microbiota be considered a subcategory of 'MarineInvertebrate'?,  False.
Can ExoticVegetation that is also Nutrient be considered a subcategory of 'DeciduousVegetation'?,  False.
Can Anemone that is also Macroalgae be considered a subcategory of 'MarineMammal'?,  False.
Can Arachnid that is also Centipede be considered a subcategory of 'Diatom'?,  False.
Can Liverwort that is also Microphyte be considered a subcategory of 'Animal'?,  False.
Can MicrobiotaTaxonomy that is also Yeast be considered a subcategory of 'Invertebrate'?,  False.
Can IndigenousVegetation that is also Protist be considered a subcategory of 'Arthropod'?,  False.
Can MarineAnimal that is also Reptile be considered a subcategory of 'Amphibian'?,  False.
Can Fish that is also Microphyte be considered a subcategory of 'Flatworm'?,  False.
Can Poultry that is also Roundworm be considered a subcategory of 'Lichen'?,  False.
Can Foraminifer that is also Litter be considered a subcategory of 'Echinoderm'?,  False.
Can Arthropod that is also Radiolarian be considered a subcategory of 'Fern'?,  False.
Can Human that is also MarinePlant be considered a subcategory of 'IndigenousVegetation'?,  False.
Can DeciduousVegetation that is also MarineBird be considered a subcategory of 'IndigenousSpecies'?,  False.
Can Crustacean that is also FungiTaxonomy be considered a subcategory of 'Dairy'?,  False.
Can Crop that is also SegmentedWorm be considered a subcategory of 'Chlorophyll'?,  False.
Can IndigenousSpecies that is also Microbiota be considered a subcategory of 'Pollen'?,  False.
Can Liverwort that is also Reptile be considered a subcategory of 'MarineAnimal'?,  False.
Can Flagellate that is also VegetationSpecies be considered a subcategory of 'Mollusk'?,  False.
Can Coral that is also Livestock be considered a subcategory of 'Nutrient'?,  False.
Can TreeRing that is also Zooplankton be considered a subcategory of 'Ciliate'?,  False.
Can Plankton that is also Vegetation be considered a subcategory of 'MarineMammal'?,  False.
Can Flatworm that is also Mollusk be considered a subcategory of 'Microalgae'?,  False.
Can Fungi that is also MarineBird be considered a subcategory of 'Microphyte'?,  False.
Can Crustacean that is also Lichen be considered a subcategory of 'Crown'?,  False.
Can DominantSpecies that is also Reptile be considered a subcategory of 'Macrophyte'?,  False.
Can Microphyte that is also VegetationSpecies be considered a subcategory of 'Livestock'?,  False.
Can Leaf that is also Liverwort be considered a subcategory of 'ExoticVegetation'?,  False.
Can Diatom that is also Foraminifer be considered a subcategory of 'Mushroom'?,  False.
Can Bacteria that is also Radiolarian be considered a subcategory of 'Amoebae'?,  False.
Can Human that is also Mammal be considered a subcategory of 'Crustacean'?,  False.
Can Invertebrate that is also Plankton be considered a subcategory of 'Phytoplankton'?,  False.
Can BlueGreenAlgae that is also FloweringPlant be considered a subcategory of 'Vertebrate'?,  False.
Can Crop that is also ExoticSpecies be considered a subcategory of 'Human'?,  False.
Can Amoebae that is also Microbiota be considered a subcategory of 'BlueGreenAlgae'?,  False.
Can Bird that is also BlueGreenAlgae be considered a subcategory of 'VegetationCover'?,  False.
Can Flatworm that is also Vegetation be considered a subcategory of 'Flagellate'?,  False.
Can Coral that is also MicrobiotaTaxonomy be considered a subcategory of 'Plant'?,  False.
Can VegetationCover that is also Zooplankton be considered a subcategory of 'Canopy'?,  False.
Can Jellyfish that is also Zooplankton be considered a subcategory of 'Mold'?,  False.
Can Fern that is also IndigenousVegetation be considered a subcategory of 'Crop'?,  False.
Can Amoebae that is also Millipede be considered a subcategory of 'Poultry'?,  False.
Can Echinoderm that is also IndigenousSpecies be considered a subcategory of 'EvergreenVegetation'?,  False.
Can Crown that is also Sponge be considered a subcategory of 'Coccolithophore'?,  False.
Can MarineInvertebrate that is also Microalgae be considered a subcategory of 'ExoticSpecies'?,  False.
Can Insect that is also Phytoplankton be considered a subcategory of 'Livestock'?,  False.
Can Chlorophyll that is also Pollen be considered a subcategory of 'Macrophyte'?,  False.
Can Canopy that is also Centipede be considered a subcategory of 'Crustacean'?,  False.
Can Human that is also Lichen be considered a subcategory of 'Crown'?,  False.
Can DominantSpecies that is also FungiTaxonomy be considered a subcategory of 'Coral'?,  False.
Can Mammal that is also Pollen be considered a subcategory of 'Macroalgae'?,  False.
Can Leaf that is also VegetationCover be considered a subcategory of 'Phytoplankton'?,  False.
Can Litter that is also MarineBird be considered a subcategory of 'Invertebrate'?,  False.
Can Bacteria that is also Vertebrate be considered a subcategory of 'Human'?,  False.
Can Diatom that is also Phytoplankton be considered a subcategory of 'Animal'?,  False.
Can Chlorophyll that is also Vertebrate be considered a subcategory of 'Diatom'?,  False.
Can BlueGreenAlgae that is also Coral be considered a subcategory of 'MarineInvertebrate'?,  False.
Can ExoticVegetation that is also Mammal be considered a subcategory of 'Moss'?,  False.
Can Lichen that is also Radiolarian be considered a subcategory of 'MarineMicrobiota'?,  False.
Can Centipede that is also FungiTaxonomy be considered a subcategory of 'Arachnid'?,  False.
Can SlimeMold that is also Sponge be considered a subcategory of 'Jellyfish'?,  False.
Can Macrophyte that is also Yeast be considered a subcategory of 'DominantSpecies'?,  False.
Can Litter that is also Microphyte be considered a subcategory of 'Sponge'?,  False.
Can Microalgae that is also Vertebrate be considered a subcategory of 'Bird'?,  False.
Can Centipede that is also Mold be considered a subcategory of 'SlimeMold'?,  False.
Can Conifer that is also Sporozoan be considered a subcategory of 'FloweringPlant'?,  False.
Can Roundworm that is also TreeRing be considered a subcategory of 'Anemone'?,  False.
Can Echinoderm that is also Plant be considered a subcategory of 'Vegetation'?,  False.
Can Mushroom that is also Pollen be considered a subcategory of 'Algae'?,  False.
Can Jellyfish that is also VegetationCover be considered a subcategory of 'Radiolarian'?,  False.
Can Flagellate that is also MarineMammal be considered a subcategory of 'Microalgae'?,  False.
Can Algae that is also SegmentedWorm be considered a subcategory of 'MarineInvertebrate'?,  False.
Can Phytoplankton that is also Pollen be considered a subcategory of 'Fish'?,  False.
Can Bird that is also Reptile be considered a subcategory of 'TreeRing'?,  False.
Can Animal that is also Mollusk be considered a subcategory of 'ExoticVegetation'?,  False.
Can Coccolithophore that is also Leaf be considered a subcategory of 'Animal'?,  False.
Can IndigenousSpecies that is also Invertebrate be considered a subcategory of 'Ciliate'?,  False.
Can Amphibian that is also EvergreenVegetation be considered a subcategory of 'FungiTaxonomy'?,  False.
Can ExoticVegetation that is also Fungi be considered a subcategory of 'MarinePlant'?,  False.
Can DeciduousVegetation that is also Diatom be considered a subcategory of 'Vertebrate'?,  False.
Can Reptile that is also TreeRing be considered a subcategory of 'DominantSpecies'?,  False.
Can Conifer that is also Nutrient be considered a subcategory of 'Jellyfish'?,  False.
Can Lichen that is also Poultry be considered a subcategory of 'Bird'?,  False.
Can Diatom that is also Radiolarian be considered a subcategory of 'Sponge'?,  False.
Can Radiolarian that is also Vertebrate be considered a subcategory of 'Arachnid'?,  False.
Can MarineInvertebrate that is also SlimeMold be considered a subcategory of 'Fungi'?,  False.
Can Amoebae that is also Moss be considered a subcategory of 'Canopy'?,  False.
Can IndigenousSpecies that is also Moss be considered a subcategory of 'Microbiota'?,  False.
Can Foraminifer that is also TreeRing be considered a subcategory of 'VegetationSpecies'?,  False.
Can Echinoderm that is also MarineMammal be considered a subcategory of 'VegetationCover'?,  False.
Can Arachnid that is also VegetationCover be considered a subcategory of 'Flatworm'?,  False.
Can Bird that is also Chlorophyll be considered a subcategory of 'Amphibian'?,  False.
Can BlueGreenAlgae that is also Jellyfish be considered a subcategory of 'Millipede'?,  False.
Can IndigenousVegetation that is also MarineMicrobiota be considered a subcategory of 'Lichen'?,  False.
Can Lichen that is also Liverwort be considered a subcategory of 'Dairy'?,  False.
Can FungiTaxonomy that is also MarineAnimal be considered a subcategory of 'Litter'?,  False.
Can Flatworm that is also Sponge be considered a subcategory of 'Protist'?,  False.
Can Microalgae that is also Poultry be considered a subcategory of 'Zooplankton'?,  False.
Can Crustacean that is also Litter be considered a subcategory of 'Insect'?,  False.
Can Arthropod that is also Vertebrate be considered a subcategory of 'Chlorophyll'?,  False.
Can Centipede that is also Macrophyte be considered a subcategory of 'IndigenousVegetation'?,  False.
Can DeciduousVegetation that is also DominantSpecies be considered a subcategory of 'Conifer'?,  False.
Can IndigenousVegetation that is also Millipede be considered a subcategory of 'SegmentedWorm'?,  False.
Can ExoticSpecies that is also Foraminifer be considered a subcategory of 'Yeast'?,  False.
Can Amphibian that is also MicrobiotaTaxonomy be considered a subcategory of 'Fungi'?,  False.
Can Livestock that is also Mammal be considered a subcategory of 'Bird'?,  False.
Can Bacteria that is also Moss be considered a subcategory of 'Poultry'?,  False.
Can Arthropod that is also BlueGreenAlgae be considered a subcategory of 'Vegetation'?,  False.
Can MarineMammal that is also SegmentedWorm be considered a subcategory of 'Algae'?,  False.
Can Amoebae that is also Mushroom be considered a subcategory of 'Bacteria'?,  False.
Can Bird that is also MarineAnimal be considered a subcategory of 'Leaf'?,  False.
Can Protist that is also SlimeMold be considered a subcategory of 'MarineAnimal'?,  False.
Can Canopy that is also Microbiota be considered a subcategory of 'Fern'?,  False.
Can MarineAnimal that is also Nutrient be considered a subcategory of 'Crown'?,  False.
Can Anemone that is also Macrophyte be considered a subcategory of 'ExoticSpecies'?,  False.
Can Crown that is also Poultry be considered a subcategory of 'Livestock'?,  False.
Can Liverwort that is also Protist be considered a subcategory of 'Microphyte'?,  False.
Can Plant that is also SegmentedWorm be considered a subcategory of 'Chlorophyll'?,  False.
Can Millipede that is also Mushroom be considered a subcategory of 'Fish'?,  False.
Can Arachnid that is also Jellyfish be considered a subcategory of 'Conifer'?,  False.
Can ExoticSpecies that is also Roundworm be considered a subcategory of 'Pollen'?,  False.
Can Fern that is also Mold be considered a subcategory of 'MarineInvertebrate'?,  False.
Can Canopy that is also Crop be considered a subcategory of 'Invertebrate'?,  False.
Can Bacteria that is also Echinoderm be considered a subcategory of 'TreeRing'?,  False.
Can Anemone that is also Arthropod be considered a subcategory of 'Microalgae'?,  False.
Can Crown that is also MarineInvertebrate be considered a subcategory of 'Animal'?,  False.
Can Bird that is also Human be considered a subcategory of 'DominantSpecies'?,  False.
Can MarineAnimal that is also Pollen be considered a subcategory of 'FungiTaxonomy'?,  False.
Can Crown that is also SlimeMold be considered a subcategory of 'ExoticVegetation'?,  False.
Can Macroalgae that is also Sponge be considered a subcategory of 'Vertebrate'?,  False.
Can EvergreenVegetation that is also MarineBird be considered a subcategory of 'Arachnid'?,  False.
Can DominantSpecies that is also Nutrient be considered a subcategory of 'MarineMicrobiota'?,  False.
Can Anemone that is also Canopy be considered a subcategory of 'Reptile'?,  False.
Can BlueGreenAlgae that is also Radiolarian be considered a subcategory of 'Mammal'?,  False.
Can Dairy that is also Mollusk be considered a subcategory of 'Liverwort'?,  False.
Can Coral that is also SlimeMold be considered a subcategory of 'Dairy'?,  False.
Can ExoticSpecies that is also Flagellate be considered a subcategory of 'Pollen'?,  False.
Can Ciliate be considered a subcategory of 'Foraminifer'?,  False.
Can Mold that is also Roundworm be considered a subcategory of 'Mollusk'?,  False.
Can Dairy that is also MicrobiotaTaxonomy be considered a subcategory of 'Ciliate'?,  False.
Can MarinePlant that is also Plant be considered a subcategory of 'MarineInvertebrate'?,  False.
Can Invertebrate that is also MarineBird be considered a subcategory of 'Macrophyte'?,  False.
Can Crustacean that is also Jellyfish be considered a subcategory of 'TreeRing'?,  False.
Can Anemone that is also Fish be considered a subcategory of 'ExoticVegetation'?,  False.
Can Fern that is also Microbiota be considered a subcategory of 'Jellyfish'?,  False.
Can FloweringPlant that is also Liverwort be considered a subcategory of 'Moss'?,  False.
Can Echinoderm that is also VegetationSpecies be considered a subcategory of 'Crustacean'?,  False.
Can Animal that is also MicrobiotaTaxonomy be considered a subcategory of 'Mushroom'?,  False.
Can Livestock that is also Phytoplankton be considered a subcategory of 'Human'?,  False.
Can Crustacean that is also Insect be considered a subcategory of 'Coral'?,  False.
Can Algae that is also SegmentedWorm be considered a subcategory of 'Diatom'?,  False.
Can IndigenousSpecies that is also Mushroom be considered a subcategory of 'Roundworm'?,  False.
Can Arachnid that is also Millipede be considered a subcategory of 'BlueGreenAlgae'?,  False.
Can ExoticSpecies that is also Flagellate be considered a subcategory of 'Arthropod'?,  False.
Can Coccolithophore that is also Mold be considered a subcategory of 'Flagellate'?,  False.
Can Canopy that is also TreeRing be considered a subcategory of 'SlimeMold'?,  False.
Can EvergreenVegetation that is also Mammal be considered a subcategory of 'Canopy'?,  False.
Can Arthropod that is also Mollusk be considered a subcategory of 'VegetationCover'?,  False.
Can Diatom that is also Plankton be considered a subcategory of 'Flatworm'?,  False.
Can Flatworm that is also VegetationSpecies be considered a subcategory of 'IndigenousSpecies'?,  False.
Can Macrophyte that is also Nutrient be considered a subcategory of 'Millipede'?,  False.
Can Microbiota that is also Sporozoan be considered a subcategory of 'MarineBird'?,  False.
Can Microbiota that is also Plankton be considered a subcategory of 'ExoticSpecies'?,  False.
Can Bird that is also Flatworm be considered a subcategory of 'Crown'?,  False.
Can Fish that is also Macroalgae be considered a subcategory of 'MarineAnimal'?,  False.
Can MarineMicrobiota that is also Yeast be considered a subcategory of 'Coccolithophore'?,  False.
Can BlueGreenAlgae that is also Liverwort be considered a subcategory of 'Nutrient'?,  False.
Can Conifer that is also Mollusk be considered a subcategory of 'Invertebrate'?,  False.
Can ExoticVegetation that is also Protist be considered a subcategory of 'MarineMammal'?,  False.
Can Centipede that is also Fern be considered a subcategory of 'DeciduousVegetation'?,  False.
Can Crustacean that is also Flagellate be considered a subcategory of 'Animal'?,  False.
Can Animal that is also Ciliate be considered a subcategory of 'Diatom'?,  False.
Can Macrophyte that is also Plant be considered a subcategory of 'Human'?,  False.
Can Foraminifer that is also Microalgae be considered a subcategory of 'Macroalgae'?,  False.
Can Centipede that is also Millipede be considered a subcategory of 'Microbiota'?,  False.
Can Algae that is also DominantSpecies be considered a subcategory of 'Millipede'?,  False.
Can Amphibian that is also Phytoplankton be considered a subcategory of 'MicrobiotaTaxonomy'?,  False.
Can Arachnid that is also Crustacean be considered a subcategory of 'Canopy'?,  False.
Can Crown that is also ExoticVegetation be considered a subcategory of 'Arachnid'?,  False.
Can FungiTaxonomy that is also Zooplankton be considered a subcategory of 'Vertebrate'?,  False.
Can Crop that is also Plankton be considered a subcategory of 'MarinePlant'?,  False.
Can Fish that is also Flatworm be considered a subcategory of 'MarineMicrobiota'?,  False.
Can Canopy that is also Plant be considered a subcategory of 'Bird'?,  False.
Can Foraminifer that is also Sponge be considered a subcategory of 'Algae'?,  False.
Can BlueGreenAlgae that is also Human be considered a subcategory of 'Plant'?,  False.
Can MarinePlant that is also Mollusk be considered a subcategory of 'Sponge'?,  False.
Can MarineBird that is also Vegetation be considered a subcategory of 'Amphibian'?,  False.
Can Crustacean that is also IndigenousVegetation be considered a subcategory of 'Poultry'?,  False.
Can Flagellate that is also MarineBird be considered a subcategory of 'Radiolarian'?,  False.
Can Amphibian that is also Ciliate be considered a subcategory of 'Echinoderm'?,  False.
Can Coral that is also Liverwort be considered a subcategory of 'Fern'?,  False.
Can Moss that is also VegetationSpecies be considered a subcategory of 'IndigenousVegetation'?,  False.
Can Dairy that is also Livestock be considered a subcategory of 'EvergreenVegetation'?,  False.
Can MarineMammal that is also MarinePlant be considered a subcategory of 'Leaf'?,  False.
Can BlueGreenAlgae that is also MarineAnimal be considered a subcategory of 'Crustacean'?,  False.
Can MicrobiotaTaxonomy that is also Vertebrate be considered a subcategory of 'Sporozoan'?,  False.
Can Centipede that is also Ciliate be considered a subcategory of 'FungiTaxonomy'?,  False.
Can DominantSpecies that is also Invertebrate be considered a subcategory of 'ExoticVegetation'?,  False.
Can Flatworm that is also Nutrient be considered a subcategory of 'Vertebrate'?,  False.
Can Anemone that is also Echinoderm be considered a subcategory of 'Arachnid'?,  False.
Can Pollen that is also VegetationCover be considered a subcategory of 'BlueGreenAlgae'?,  False.
Can Bird that is also FloweringPlant be considered a subcategory of 'MarinePlant'?,  False.
Can Fish that is also MicrobiotaTaxonomy be considered a subcategory of 'Sponge'?,  False.
Can Crown that is also IndigenousVegetation be considered a subcategory of 'Yeast'?,  False.
Can Litter that is also Moss be considered a subcategory of 'VegetationSpecies'?,  False.
Can Crop that is also EvergreenVegetation be considered a subcategory of 'VegetationCover'?,  False.
Can MarinePlant that is also Sponge be considered a subcategory of 'Flatworm'?,  False.
Can Microalgae that is also Reptile be considered a subcategory of 'Amphibian'?,  False.
Can Arachnid that is also FungiTaxonomy be considered a subcategory of 'Algae'?,  False.
Can Arthropod that is also ExoticSpecies be considered a subcategory of 'Bacteria'?,  False.
Can Insect that is also Pollen be considered a subcategory of 'MarineBird'?,  False.
Can Bird that is also Coccolithophore be considered a subcategory of 'Protist'?,  False.
Can MarineAnimal that is also Zooplankton be considered a subcategory of 'SlimeMold'?,  False.
Can EvergreenVegetation that is also Vertebrate be considered a subcategory of 'FloweringPlant'?,  False.
Can Moss that is also Sporozoan be considered a subcategory of 'Anemone'?,  False.
Can Diatom that is also EvergreenVegetation be considered a subcategory of 'Vegetation'?,  False.
Can Plankton that is also TreeRing be considered a subcategory of 'Zooplankton'?,  False.
Can Echinoderm that is also Nutrient be considered a subcategory of 'Dairy'?,  False.
Can Arachnid that is also Lichen be considered a subcategory of 'Chlorophyll'?,  False.
Can Bacteria that is also ExoticSpecies be considered a subcategory of 'Fish'?,  False.
Can Jellyfish that is also VegetationSpecies be considered a subcategory of 'Liverwort'?,  False.
Can Fungi that is also IndigenousVegetation be considered a subcategory of 'Insect'?,  False.
Can Bacteria that is also Chlorophyll be considered a subcategory of 'Plankton'?,  False.
Can Arthropod that is also ExoticSpecies be considered a subcategory of 'Ciliate'?,  False.
Can Dairy that is also Sponge be considered a subcategory of 'Livestock'?,  False.
Can Leaf that is also Microalgae be considered a subcategory of 'Macrophyte'?,  False.
Can Algae that is also Diatom be considered a subcategory of 'Amphibian'?,  False.
Can Crop that is also Zooplankton be considered a subcategory of 'Centipede'?,  False.
Can Arachnid that is also Human be considered a subcategory of 'Bacteria'?,  False.
Can FloweringPlant that is also Pollen be considered a subcategory of 'MarineAnimal'?,  False.
Can Coral that is also Plankton be considered a subcategory of 'Livestock'?,  False.
Can EvergreenVegetation that is also MarineMicrobiota be considered a subcategory of 'Fern'?,  False.
Can Coccolithophore that is also Insect be considered a subcategory of 'Leaf'?,  False.
Can DominantSpecies that is also Mammal be considered a subcategory of 'ExoticSpecies'?,  False.
Can Phytoplankton that is also VegetationSpecies be considered a subcategory of 'DeciduousVegetation'?,  False.
Can Algae that is also MarineInvertebrate be considered a subcategory of 'Conifer'?,  False.
Can Invertebrate that is also Sporozoan be considered a subcategory of 'Pollen'?,  False.
Can Bacteria that is also Macrophyte be considered a subcategory of 'MarineInvertebrate'?,  False.
Can Dairy that is also SlimeMold be considered a subcategory of 'Invertebrate'?,  False.
Can Fungi that is also Mold be considered a subcategory of 'Nutrient'?,  False.
Can Canopy that is also Lichen be considered a subcategory of 'Microalgae'?,  False.
Can ExoticVegetation that is also MarineMicrobiota be considered a subcategory of 'Amoebae'?,  False.
Can Coccolithophore that is also Macroalgae be considered a subcategory of 'FungiTaxonomy'?,  False.
Can Diatom that is also MarineMammal be considered a subcategory of 'Macrophyte'?,  False.
Can Coral that is also Crop be considered a subcategory of 'Plankton'?,  False.
Can Algae that is also Yeast be considered a subcategory of 'Sporozoan'?,  False.
Can Invertebrate that is also Protist be considered a subcategory of 'BlueGreenAlgae'?,  False.
Can FloweringPlant that is also Vertebrate be considered a subcategory of 'ExoticVegetation'?,  False.
Can MarineMammal that is also Microbiota be considered a subcategory of 'Animal'?,  False.
Can Conifer that is also Leaf be considered a subcategory of 'Arachnid'?,  False.
Can Macrophyte that is also Reptile be considered a subcategory of 'Fungi'?,  False.
Can Centipede that is also Vegetation be considered a subcategory of 'MarinePlant'?,  False.
Can Animal that is also Liverwort be considered a subcategory of 'Vertebrate'?,  False.
Can Animal that is also DeciduousVegetation be considered a subcategory of 'Yeast'?,  False.
Can Radiolarian that is also Roundworm be considered a subcategory of 'Echinoderm'?,  False.
Can Microalgae that is also Microphyte be considered a subcategory of 'VegetationCover'?,  False.
Can Fungi that is also Mushroom be considered a subcategory of 'Sponge'?,  False.
Can Crown that is also Reptile be considered a subcategory of 'Foraminifer'?,  False.
Can Protist that is also Sponge be considered a subcategory of 'Macrophyte'?,  False.
Can Arthropod that is also Macrophyte be considered a subcategory of 'Mold'?,  False.
Can Lichen that is also MarinePlant be considered a subcategory of 'Insect'?,  False.
Can Macroalgae that is also Vegetation be considered a subcategory of 'Crown'?,  False.
Can Insect that is also Mollusk be considered a subcategory of 'Amoebae'?,  False.
Can SegmentedWorm that is also Sporozoan be considered a subcategory of 'TreeRing'?,  False.
Can IndigenousSpecies that is also Litter be considered a subcategory of 'Microphyte'?,  False.
Can Coral that is also Millipede be considered a subcategory of 'Jellyfish'?,  False.
Can Amoebae that is also ExoticVegetation be considered a subcategory of 'Human'?,  False.
Can Livestock that is also VegetationCover be considered a subcategory of 'Crustacean'?,  False.
Can Livestock that is also TreeRing be considered a subcategory of 'ExoticVegetation'?,  False.
Can Mammal that is also SlimeMold be considered a subcategory of 'Vertebrate'?,  False.
Can Phytoplankton that is also Yeast be considered a subcategory of 'Plant'?,  False.
Can IndigenousSpecies that is also Macroalgae be considered a subcategory of 'BlueGreenAlgae'?,  False.
Can Mushroom that is also Vertebrate be considered a subcategory of 'Phytoplankton'?,  False.
Can ExoticSpecies that is also Sporozoan be considered a subcategory of 'Roundworm'?,  False.
Can Amoebae that is also Anemone be considered a subcategory of 'DominantSpecies'?,  False.
Can Crown that is also Leaf be considered a subcategory of 'Arthropod'?,  False.
Can Foraminifer that is also Protist be considered a subcategory of 'Diatom'?,  False.
Can MicrobiotaTaxonomy that is also VegetationCover be considered a subcategory of 'SlimeMold'?,  False.
Can Livestock that is also VegetationCover be considered a subcategory of 'Millipede'?,  False.
Can Invertebrate that is also Macroalgae be considered a subcategory of 'MicrobiotaTaxonomy'?,  False.
Can BlueGreenAlgae that is also Insect be considered a subcategory of 'Reptile'?,  False.
Can IndigenousSpecies that is also Poultry be considered a subcategory of 'SegmentedWorm'?,  False.
Can Litter that is also Mushroom be considered a subcategory of 'Radiolarian'?,  False.
Can FloweringPlant that is also Millipede be considered a subcategory of 'MarineBird'?,  False.
Can Amoebae that is also Flatworm be considered a subcategory of 'Bird'?,  False.
Can DeciduousVegetation that is also Mold be considered a subcategory of 'Liverwort'?,  False.
Can Canopy that is also FungiTaxonomy be considered a subcategory of 'Vegetation'?,  False.
Can Mammal that is also MarineAnimal be considered a subcategory of 'Zooplankton'?,  False.
Can Fish that is also Phytoplankton be considered a subcategory of 'Mammal'?,  False.
Can Conifer that is also Human be considered a subcategory of 'Invertebrate'?,  False.
Can DominantSpecies that is also VegetationSpecies be considered a subcategory of 'MarineInvertebrate'?,  False.
Can Dairy that is also Plankton be considered a subcategory of 'Microalgae'?,  False.
Can MarineInvertebrate that is also MarinePlant be considered a subcategory of 'Nutrient'?,  False.
Can MarineBird that is also MarineInvertebrate be considered a subcategory of 'Diatom'?,  False.
Can Bacteria that is also Flatworm be considered a subcategory of 'MicrobiotaTaxonomy'?,  False.
Can Canopy that is also Fish be considered a subcategory of 'Moss'?,  False.
Can Fungi that is also Yeast be considered a subcategory of 'Animal'?,  False.
Can Foraminifer that is also MarineMicrobiota be considered a subcategory of 'Arachnid'?,  False.
Can ExoticSpecies that is also Mollusk be considered a subcategory of 'SlimeMold'?,  False.
Can ExoticVegetation that is also Mammal be considered a subcategory of 'DominantSpecies'?,  False.
Can Fern that is also Leaf be considered a subcategory of 'MarineMicrobiota'?,  False.
Can Algae that is also BlueGreenAlgae be considered a subcategory of 'Bird'?,  False.
Can Ciliate that is also MarineMicrobiota be considered a subcategory of 'Algae'?,  False.
Can Amoebae that is also Plant be considered a subcategory of 'FloweringPlant'?,  False.
Can MarineMammal that is also Moss be considered a subcategory of 'SegmentedWorm'?,  False.
Can Macrophyte that is also Mold be considered a subcategory of 'Flagellate'?,  False.
Can Chlorophyll that is also Radiolarian be considered a subcategory of 'Sponge'?,  False.
Can Canopy that is also Centipede be considered a subcategory of 'VegetationCover'?,  False.
Can Mushroom that is also Sporozoan be considered a subcategory of 'Poultry'?,  False.
Can Animal that is also Litter be considered a subcategory of 'IndigenousSpecies'?,  False.
Can FungiTaxonomy that is also Microphyte be considered a subcategory of 'Echinoderm'?,  False.
Can Microalgae that is also Protist be considered a subcategory of 'Amphibian'?,  False.
Can Millipede that is also VegetationCover be considered a subcategory of 'IndigenousVegetation'?,  False.
Can Echinoderm that is also MarineMammal be considered a subcategory of 'MarineAnimal'?,  False.
Can Macroalgae that is also Roundworm be considered a subcategory of 'Dairy'?,  False.
Can Insect that is also Plant be considered a subcategory of 'Fern'?,  False.
Can Amphibian that is also Insect be considered a subcategory of 'Pollen'?,  False.
Can Animal that is also Pollen be considered a subcategory of 'MarineMammal'?,  False.
Can Flagellate that is also Zooplankton be considered a subcategory of 'Coccolithophore'?,  False.
Can Ciliate that is also Fern be considered a subcategory of 'Chlorophyll'?,  False.
Can Amphibian that is also TreeRing be considered a subcategory of 'Roundworm'?,  False.
Can Animal that is also Nutrient be considered a subcategory of 'VegetationSpecies'?,  False.
Can Algae that is also Mollusk be considered a subcategory of 'Human'?,  False.
Can Ciliate that is also Coccolithophore be considered a subcategory of 'Macroalgae'?,  False.
Can Conifer that is also Vertebrate be considered a subcategory of 'Microbiota'?,  False.
Can Fungi that is also SlimeMold be considered a subcategory of 'Millipede'?,  False.
Can ExoticVegetation that is also Leaf be considered a subcategory of 'VegetationCover'?,  False.
Can Diatom that is also MarinePlant be considered a subcategory of 'Sponge'?,  False.
Can Dairy that is also MarineInvertebrate be considered a subcategory of 'Amphibian'?,  False.
Can Mold that is also Poultry be considered a subcategory of 'Centipede'?,  False.
Can DeciduousVegetation that is also Yeast be considered a subcategory of 'Lichen'?,  False.
Can Radiolarian that is also Yeast be considered a subcategory of 'Flatworm'?,  False.
Can Ciliate that is also MicrobiotaTaxonomy be considered a subcategory of 'Litter'?,  False.
Can Livestock that is also Mushroom be considered a subcategory of 'Mollusk'?,  False.
Can Chlorophyll that is also Moss be considered a subcategory of 'Zooplankton'?,  False.
Can EvergreenVegetation that is also Microphyte be considered a subcategory of 'Dairy'?,  False.
Can Dairy that is also Flatworm be considered a subcategory of 'Vegetation'?,  False.
Can MarinePlant that is also Poultry be considered a subcategory of 'Liverwort'?,  False.
Can Amphibian that is also VegetationCover be considered a subcategory of 'Radiolarian'?,  False.
Can Animal that is also Bird be considered a subcategory of 'Anemone'?,  False.
Can Fish that is also Macrophyte be considered a subcategory of 'Crop'?,  False.
Can DeciduousVegetation that is also Yeast be considered a subcategory of 'Livestock'?,  False.
Can Conifer that is also Litter be considered a subcategory of 'EvergreenVegetation'?,  False.
Can Fungi that is also MarineAnimal be considered a subcategory of 'Leaf'?,  False.
Can ExoticVegetation that is also Phytoplankton be considered a subcategory of 'ExoticSpecies'?,  False.
Can Fern that is also Reptile be considered a subcategory of 'Crown'?,  False.
Can Crustacean that is also MarineInvertebrate be considered a subcategory of 'Macrophyte'?,  False.
Can Arthropod that is also Poultry be considered a subcategory of 'Plankton'?,  False.
Can IndigenousSpecies that is also Plant be considered a subcategory of 'Sporozoan'?,  False.
Can MarineMammal that is also Vegetation be considered a subcategory of 'BlueGreenAlgae'?,  False.
Can Flagellate that is also MarineMicrobiota be considered a subcategory of 'Coral'?,  False.
Can Mollusk that is also SegmentedWorm be considered a subcategory of 'Crustacean'?,  False.
Can Jellyfish that is also SegmentedWorm be considered a subcategory of 'Flatworm'?,  False.
Can MicrobiotaTaxonomy that is also Mushroom be considered a subcategory of 'IndigenousSpecies'?,  False.
Can Arachnid that is also Ciliate be considered a subcategory of 'Echinoderm'?,  False.
Can ExoticSpecies that is also Invertebrate be considered a subcategory of 'Amphibian'?,  False.
Can Echinoderm that is also Mold be considered a subcategory of 'IndigenousVegetation'?,  False.
Can Anemone that is also Canopy be considered a subcategory of 'MarineAnimal'?,  False.
Can Bacteria that is also Plant be considered a subcategory of 'Centipede'?,  False.
Can Arthropod that is also FloweringPlant be considered a subcategory of 'Fern'?,  False.
Can Crown that is also Protist be considered a subcategory of 'MarineMammal'?,  False.
Can Fern that is also MarineAnimal be considered a subcategory of 'Mollusk'?,  False.
Can Crop that is also SlimeMold be considered a subcategory of 'Conifer'?,  False.
Can Macroalgae that is also MarinePlant be considered a subcategory of 'Ciliate'?,  False.
Can Canopy that is also EvergreenVegetation be considered a subcategory of 'MarineInvertebrate'?,  False.
Can FungiTaxonomy that is also Nutrient be considered a subcategory of 'DeciduousVegetation'?,  False.
Can Anemone that is also Human be considered a subcategory of 'Nutrient'?,  False.
Can Amphibian that is also Mollusk be considered a subcategory of 'Plankton'?,  False.
Can Animal that is also Coccolithophore be considered a subcategory of 'Amoebae'?,  False.
Can Algae that is also IndigenousSpecies be considered a subcategory of 'TreeRing'?,  False.
Can Ciliate that is also EvergreenVegetation be considered a subcategory of 'Microphyte'?,  False.
Can Conifer that is also ExoticVegetation be considered a subcategory of 'Mushroom'?,  False.
Can Diatom that is also Fungi be considered a subcategory of 'Sporozoan'?,  False.
Can Leaf that is also TreeRing be considered a subcategory of 'Crustacean'?,  False.
Can MarinePlant that is also Nutrient be considered a subcategory of 'ExoticVegetation'?,  False.
Can Lichen that is also MarineInvertebrate be considered a subcategory of 'Vertebrate'?,  False.
Can Poultry that is also Radiolarian be considered a subcategory of 'Plant'?,  False.
Can DeciduousVegetation that is also VegetationSpecies be considered a subcategory of 'BlueGreenAlgae'?,  False.
Can SlimeMold that is also Yeast be considered a subcategory of 'Phytoplankton'?,  False.
Can Chlorophyll that is also MarineMicrobiota be considered a subcategory of 'Flagellate'?,  False.
Can Livestock that is also Microphyte be considered a subcategory of 'Yeast'?,  False.
Can Dairy that is also Diatom be considered a subcategory of 'VegetationSpecies'?,  False.
Can Fern that is also Mold be considered a subcategory of 'VegetationCover'?,  False.
Can Microalgae that is also MicrobiotaTaxonomy be considered a subcategory of 'Crop'?,  False.
Can Crustacean that is also Livestock be considered a subcategory of 'Foraminifer'?,  False.
Can Conifer that is also Macroalgae be considered a subcategory of 'EvergreenVegetation'?,  False.
Can Insect that is also Macrophyte be considered a subcategory of 'Mold'?,  False.
Can Arachnid that is also SegmentedWorm be considered a subcategory of 'Microphyte'?,  False.
Can Flagellate that is also Mushroom be considered a subcategory of 'Crown'?,  False.
Can Animal that is also Millipede be considered a subcategory of 'Macrophyte'?,  False.
Can Amoebae that is also Phytoplankton be considered a subcategory of 'Plankton'?,  False.
Can EvergreenVegetation that is also Mold be considered a subcategory of 'Sporozoan'?,  False.
Can Canopy that is also Insect be considered a subcategory of 'Jellyfish'?,  False.
Can Algae that is also Mammal be considered a subcategory of 'Coral'?,  False.
Can Arthropod that is also Zooplankton be considered a subcategory of 'Crustacean'?,  False.
Can Crown that is also Nutrient be considered a subcategory of 'Phytoplankton'?,  False.
Can Protist that is also Sporozoan be considered a subcategory of 'VegetationSpecies'?,  False.
Can Coccolithophore that is also Macrophyte be considered a subcategory of 'Human'?,  False.
Can Plankton that is also SlimeMold be considered a subcategory of 'Macroalgae'?,  False.
Can Amphibian that is also Millipede be considered a subcategory of 'Diatom'?,  False.
Can ExoticSpecies that is also Mammal be considered a subcategory of 'MicrobiotaTaxonomy'?,  False.
Can MicrobiotaTaxonomy that is also Sponge be considered a subcategory of 'Moss'?,  False.
Can Livestock that is also MarineBird be considered a subcategory of 'Arthropod'?,  False.
Can Mammal that is also MarineMammal be considered a subcategory of 'Reptile'?,  False.
Can Arthropod that is also Coral be considered a subcategory of 'SlimeMold'?,  False.
Can IndigenousVegetation that is also SegmentedWorm be considered a subcategory of 'DominantSpecies'?,  False.
Can Livestock that is also Mushroom be considered a subcategory of 'MarineMicrobiota'?,  False.
Can MarineAnimal that is also MarineMicrobiota be considered a subcategory of 'Bird'?,  False.
Can Microbiota that is also SlimeMold be considered a subcategory of 'Algae'?,  False.
Can Mold that is also Moss be considered a subcategory of 'FloweringPlant'?,  False.
Can Canopy that is also Macroalgae be considered a subcategory of 'MarineBird'?,  False.
Can Nutrient that is also Poultry be considered a subcategory of 'Mammal'?,  False.
Can Bird that is also Crown be considered a subcategory of 'Radiolarian'?,  False.
Can Protist be considered a subcategory of 'Anemone'?,  False.
Can Crop that is also ExoticVegetation be considered a subcategory of 'MarineInvertebrate'?,  False.
Can Fish that is also Zooplankton be considered a subcategory of 'Ciliate'?,  False.
Can Anemone that is also Plankton be considered a subcategory of 'MarineMammal'?,  False.
Can Flatworm that is also Litter be considered a subcategory of 'Microalgae'?,  False.
Can Human that is also Plant be considered a subcategory of 'Animal'?,  False.
Can Foraminifer that is also MarinePlant be considered a subcategory of 'DominantSpecies'?,  False.
Can BlueGreenAlgae that is also Crown be considered a subcategory of 'FungiTaxonomy'?,  False.
Can FungiTaxonomy that is also Mollusk be considered a subcategory of 'Moss'?,  False.
Can Amphibian that is also SegmentedWorm be considered a subcategory of 'MarineMicrobiota'?,  False.
Can Amphibian that is also Crustacean be considered a subcategory of 'Arachnid'?,  False.
Can Flagellate that is also Reptile be considered a subcategory of 'MicrobiotaTaxonomy'?,  False.
Can Ciliate that is also Sponge be considered a subcategory of 'MarinePlant'?,  False.
Can Liverwort that is also Livestock be considered a subcategory of 'SegmentedWorm'?,  False.
Can MarineMammal that is also VegetationSpecies be considered a subcategory of 'Yeast'?,  False.
Can Dairy that is also Vegetation be considered a subcategory of 'Fungi'?,  False.
Can IndigenousVegetation that is also MarinePlant be considered a subcategory of 'FloweringPlant'?,  False.
Can BlueGreenAlgae that is also SlimeMold be considered a subcategory of 'Microbiota'?,  False.
Can Lichen that is also Mollusk be considered a subcategory of 'Flagellate'?,  False.
Can Diatom that is also ExoticVegetation be considered a subcategory of 'Plant'?,  False.
Can VegetationSpecies that is also Zooplankton be considered a subcategory of 'Canopy'?,  False.
Can Flagellate that is also Leaf be considered a subcategory of 'Amphibian'?,  False.
Can Chlorophyll that is also Ciliate be considered a subcategory of 'Protist'?,  False.
Can Bacteria that is also Roundworm be considered a subcategory of 'Lichen'?,  False.
Can Dairy that is also Foraminifer be considered a subcategory of 'Flatworm'?,  False.
Can Dairy that is also Invertebrate be considered a subcategory of 'Litter'?,  False.
Can Jellyfish that is also MarinePlant be considered a subcategory of 'IndigenousVegetation'?,  False.
Can ExoticSpecies that is also MarineBird be considered a subcategory of 'IndigenousSpecies'?,  False.
Can Ciliate that is also Crustacean be considered a subcategory of 'Dairy'?,  False.
Can Fish that is also FloweringPlant be considered a subcategory of 'Chlorophyll'?,  False.
Can Flatworm that is also Yeast be considered a subcategory of 'Fish'?,  False.
Can Liverwort that is also MicrobiotaTaxonomy be considered a subcategory of 'Conifer'?,  False.
Can VegetationCover that is also VegetationSpecies be considered a subcategory of 'Mollusk'?,  False.
Can Pollen that is also Zooplankton be considered a subcategory of 'Macroalgae'?,  False.
Can Bird that is also EvergreenVegetation be considered a subcategory of 'Roundworm'?,  False.
Can Conifer that is also Millipede be considered a subcategory of 'BlueGreenAlgae'?,  False.
Can Algae that is also Vertebrate be considered a subcategory of 'Arthropod'?,  False.
Can Moss that is also Plankton be considered a subcategory of 'Reptile'?,  False.
Can EvergreenVegetation that is also MarineInvertebrate be considered a subcategory of 'Microbiota'?,  False.
Can Insect that is also Nutrient be considered a subcategory of 'Canopy'?,  False.
Can Echinoderm that is also Pollen be considered a subcategory of 'VegetationCover'?,  False.
Can Arachnid that is also VegetationSpecies be considered a subcategory of 'Flatworm'?,  False.
Can ExoticSpecies that is also Fungi be considered a subcategory of 'IndigenousSpecies'?,  False.
Can Jellyfish that is also Sporozoan be considered a subcategory of 'Millipede'?,  False.
Can DominantSpecies that is also IndigenousVegetation be considered a subcategory of 'MarineBird'?,  False.
Can Bacteria that is also Dairy be considered a subcategory of 'Mammal'?,  False.
Can Arthropod that is also Leaf be considered a subcategory of 'Litter'?,  False.
Can Lichen that is also Sponge be considered a subcategory of 'Protist'?,  False.
Can Bacteria that is also Microalgae be considered a subcategory of 'Zooplankton'?,  False.
Can Macroalgae that is also Plankton be considered a subcategory of 'Anemone'?,  False.
Can Flatworm that is also Vertebrate be considered a subcategory of 'Vegetation'?,  False.
Can Coral that is also Fish be considered a subcategory of 'Algae'?,  False.
Can ExoticVegetation that is also Yeast be considered a subcategory of 'Bacteria'?,  False.
Can BlueGreenAlgae that is also Protist be considered a subcategory of 'Leaf'?,  False.
Can Centipede that is also Mollusk be considered a subcategory of 'Crop'?,  False.
Can ExoticVegetation that is also Microbiota be considered a subcategory of 'Mold'?,  False.
Can Fern that is also Yeast be considered a subcategory of 'EvergreenVegetation'?,  False.
Can Flagellate that is also Macrophyte be considered a subcategory of 'Plankton'?,  False.
Can Ciliate that is also Microalgae be considered a subcategory of 'ExoticSpecies'?,  False.
Can Liverwort that is also Plant be considered a subcategory of 'Livestock'?,  False.
Can Conifer that is also MarineMammal be considered a subcategory of 'Microphyte'?,  False.
Can Dairy that is also Roundworm be considered a subcategory of 'Mushroom'?,  False.
Can Arachnid that is also MarinePlant be considered a subcategory of 'Sporozoan'?,  False.
Can Amphibian that is also Mushroom be considered a subcategory of 'DeciduousVegetation'?,  False.
Can Animal that is also Crustacean be considered a subcategory of 'Coral'?,  False.
Can MarineMicrobiota that is also TreeRing be considered a subcategory of 'Litter'?,  False.
Can Coccolithophore that is also Coral be considered a subcategory of 'Mollusk'?,  False.
Can Diatom that is also Mollusk be considered a subcategory of 'Zooplankton'?,  False.
Can Crop that is also Livestock be considered a subcategory of 'Mammal'?,  False.
Can Algae that is also Vertebrate be considered a subcategory of 'Foraminifer'?,  False.
Can Invertebrate that is also Microbiota be considered a subcategory of 'Fish'?,  False.
Can ExoticVegetation that is also FloweringPlant be considered a subcategory of 'Chlorophyll'?,  False.
Can Coral that is also Macroalgae be considered a subcategory of 'Pollen'?,  False.
Can Centipede that is also Leaf be considered a subcategory of 'MarineInvertebrate'?,  False.
Can Mold that is also Reptile be considered a subcategory of 'Moss'?,  False.
Can Vegetation that is also Yeast be considered a subcategory of 'TreeRing'?,  False.
Can Animal that is also Radiolarian be considered a subcategory of 'Ciliate'?,  False.
Can DeciduousVegetation that is also Microalgae be considered a subcategory of 'Jellyfish'?,  False.
Can Mushroom that is also Radiolarian be considered a subcategory of 'DominantSpecies'?,  False.
Can Conifer that is also Microphyte be considered a subcategory of 'FungiTaxonomy'?,  False.
Can Fungi that is also Microphyte be considered a subcategory of 'ExoticVegetation'?,  False.
Can Flatworm that is also FloweringPlant be considered a subcategory of 'Sporozoan'?,  False.
Can Anemone that is also MarineMammal be considered a subcategory of 'BlueGreenAlgae'?,  False.
Can MarineMicrobiota that is also VegetationCover be considered a subcategory of 'Coral'?,  False.
Can Coccolithophore that is also FloweringPlant be considered a subcategory of 'Mushroom'?,  False.
Can Fish that is also Vegetation be considered a subcategory of 'Roundworm'?,  False.
Can Animal that is also DeciduousVegetation be considered a subcategory of 'Canopy'?,  False.
Can Algae that is also Litter be considered a subcategory of 'Phytoplankton'?,  False.
Can Invertebrate that is also MarineAnimal be considered a subcategory of 'Macroalgae'?,  False.
Can MarinePlant that is also Microphyte be considered a subcategory of 'Yeast'?,  False.
Can Fungi that is also Reptile be considered a subcategory of 'Millipede'?,  False.
Can FungiTaxonomy that is also Leaf be considered a subcategory of 'VegetationCover'?,  False.
Can Arthropod that is also Reptile be considered a subcategory of 'Flagellate'?,  False.
Can Poultry that is also Vegetation be considered a subcategory of 'Centipede'?,  False.
Can DeciduousVegetation that is also Sponge be considered a subcategory of 'MarineBird'?,  False.
Can Radiolarian that is also SegmentedWorm be considered a subcategory of 'Flatworm'?,  False.
Can Leaf that is also Sporozoan be considered a subcategory of 'Crown'?,  False.
Can Anemone that is also Foraminifer be considered a subcategory of 'Coral'?,  False.
Can Bacteria that is also Crown be considered a subcategory of 'Coccolithophore'?,  False.
Can Mammal that is also Protist be considered a subcategory of 'Microphyte'?,  False.
Can Invertebrate that is also VegetationCover be considered a subcategory of 'Mushroom'?,  False.
Can BlueGreenAlgae that is also Livestock be considered a subcategory of 'Human'?,  False.
Can ExoticSpecies that is also Macroalgae be considered a subcategory of 'DeciduousVegetation'?,  False.
Can Amoebae that is also Insect be considered a subcategory of 'Nutrient'?,  False.
Can Bird that is also IndigenousSpecies be considered a subcategory of 'Diatom'?,  False.
Can Flatworm that is also Mushroom be considered a subcategory of 'MicrobiotaTaxonomy'?,  False.
Can MarineMicrobiota that is also Millipede be considered a subcategory of 'Macroalgae'?,  False.
Can Amoebae that is also VegetationCover be considered a subcategory of 'Phytoplankton'?,  False.
Can Chlorophyll that is also MarineAnimal be considered a subcategory of 'Flagellate'?,  False.
Can Canopy that is also Fish be considered a subcategory of 'Lichen'?,  False.
Can Mammal that is also Poultry be considered a subcategory of 'Canopy'?,  False\n
Can Litter that is also Phytoplankton be considered a subcategory of 'Microbiota'?,  False.
Can Diatom that is also Plant be considered a subcategory of 'Vertebrate'?,  False.
Can Crop that is also Millipede be considered a subcategory of 'Plant'?,  False.
Can Animal that is also Human be considered a subcategory of 'MarineMicrobiota'?,  False.
Can Poultry that is also Roundworm be considered a subcategory of 'Arachnid'?,  False.
Can Fern that is also FloweringPlant be considered a subcategory of 'Algae'?,  False.
Can Coral that is also Insect be considered a subcategory of 'Radiolarian'?,  False.
Can Echinoderm that is also Microbiota be considered a subcategory of 'Fungi'?,  False.
Can Coccolithophore that is also Zooplankton be considered a subcategory of 'Bird'?,  False.
Can MarineInvertebrate that is also Vegetation be considered a subcategory of 'Poultry'?,  False.
Can Roundworm that is also Sporozoan be considered a subcategory of 'EvergreenVegetation'?,  False.
Can Algae that is also Pollen be considered a subcategory of 'Echinoderm'?,  False.
Can Invertebrate that is also Plankton be considered a subcategory of 'Bacteria'?,  False.
Can Fungi that is also Macrophyte be considered a subcategory of 'IndigenousVegetation'?,  False.
Can Lichen that is also MarineBird be considered a subcategory of 'MarineAnimal'?,  False.
Can Canopy be considered a subcategory of 'Crop'?,  False.
Can Macrophyte that is also Radiolarian be considered a subcategory of 'Sporozoan'?,  False.
Can Centipede that is also Lichen be considered a subcategory of 'Jellyfish'?,  False.
Can Chlorophyll that is also SlimeMold be considered a subcategory of 'ExoticVegetation'?,  False.
Can Canopy that is also Yeast be considered a subcategory of 'Crustacean'?,  False.
Can Microphyte that is also Sporozoan be considered a subcategory of 'Arachnid'?,  False.
Can Ciliate that is also Litter be considered a subcategory of 'VegetationSpecies'?,  False.
Can FungiTaxonomy that is also Mold be considered a subcategory of 'MarinePlant'?,  False.
Can Chlorophyll that is also Protist be considered a subcategory of 'Vertebrate'?,  False.
Can Roundworm that is also VegetationCover be considered a subcategory of 'Yeast'?,  False.
Can Plant that is also TreeRing be considered a subcategory of 'Algae'?,  False.
Can Mushroom that is also Vertebrate be considered a subcategory of 'Plant'?,  False.
Can Insect that is also Jellyfish be considered a subcategory of 'Sponge'?,  False.
Can Animal that is also Fern be considered a subcategory of 'Centipede'?,  False.
Can Millipede be considered a subcategory of 'Bacteria'?,  False.
Can Amoebae that is also Echinoderm be considered a subcategory of 'Flatworm'?,  False.
Can Arthropod that is also Crown be considered a subcategory of 'Protist'?,  False.
Can Phytoplankton that is also Protist be considered a subcategory of 'Zooplankton'?,  False.
Can DeciduousVegetation that is also Macrophyte be considered a subcategory of 'FloweringPlant'?,  False.
Can Crustacean that is also Lichen be considered a subcategory of 'MarineBird'?,  False.
Can Macroalgae that is also SegmentedWorm be considered a subcategory of 'Mammal'?,  False.
Can IndigenousSpecies that is also Insect be considered a subcategory of 'Liverwort'?,  False.
Can Reptile that is also Sporozoan be considered a subcategory of 'Dairy'?,  False.
Can Livestock that is also Millipede be considered a subcategory of 'Fish'?,  False.
Can Amoebae that is also TreeRing be considered a subcategory of 'Foraminifer'?,  False.
Can Vegetation that is also VegetationCover be considered a subcategory of 'Insect'?,  False.
Can Mollusk that is also TreeRing be considered a subcategory of 'Chlorophyll'?,  False.
Can Diatom that is also Mammal be considered a subcategory of 'Ciliate'?,  False.
Can Phytoplankton that is also Vertebrate be considered a subcategory of 'FungiTaxonomy'?,  False.
Can IndigenousSpecies that is also Nutrient be considered a subcategory of 'Macrophyte'?,  False.
Can ExoticVegetation that is also Mushroom be considered a subcategory of 'Plankton'?,  False.
Can Leaf that is also VegetationCover be considered a subcategory of 'Microbiota'?,  False.
Can Bird that is also MarinePlant be considered a subcategory of 'Millipede'?,  False.
Can Amphibian that is also BlueGreenAlgae be considered a subcategory of 'MicrobiotaTaxonomy'?,  False.
Can Animal that is also MarineMicrobiota be considered a subcategory of 'Reptile'?,  False.
Can Fish that is also Liverwort be considered a subcategory of 'SegmentedWorm'?,  False.
Can MarineAnimal that is also Yeast be considered a subcategory of 'Radiolarian'?,  False.
Can Conifer that is also Protist be considered a subcategory of 'MarineBird'?,  False.
Can Fungi that is also Poultry be considered a subcategory of 'FloweringPlant'?,  False.
Can Crustacean that is also ExoticVegetation be considered a subcategory of 'Litter'?,  False.
Can Arthropod that is also Fern be considered a subcategory of 'Vegetation'?,  False.
Can Macrophyte that is also MarineInvertebrate be considered a subcategory of 'Zooplankton'?,  False.
Can DeciduousVegetation that is also Poultry be considered a subcategory of 'Mammal'?,  False.
Can Flagellate that is also Plant be considered a subcategory of 'Foraminifer'?,  False.
Can Algae that is also MarineMammal be considered a subcategory of 'Fish'?,  False.
Can MarineMicrobiota that is also Phytoplankton be considered a subcategory of 'Mold'?,  False.
Can Arachnid that is also Coccolithophore be considered a subcategory of 'Insect'?,  False.
Can Conifer that is also Crown be considered a subcategory of 'MarineAnimal'?,  False.
Can Fungi that is also MarineInvertebrate be considered a subcategory of 'IndigenousVegetation'?,  False.
Can Crop that is also Dairy be considered a subcategory of 'EvergreenVegetation'?,  False.
Can MarinePlant that is also Pollen be considered a subcategory of 'Leaf'?,  False.
Can Canopy that is also MarineInvertebrate be considered a subcategory of 'ExoticSpecies'?,  False.
Can Flatworm that is also Fungi be considered a subcategory of 'DeciduousVegetation'?,  False.
Can Fish that is also Human be considered a subcategory of 'Conifer'?,  False.
Can DominantSpecies that is also Yeast be considered a subcategory of 'Coccolithophore'?,  False.
Can Mammal that is also MarineMicrobiota be considered a subcategory of 'MarineInvertebrate'?,  False.
Can IndigenousVegetation that is also Mollusk be considered a subcategory of 'Invertebrate'?,  False.
Can ExoticVegetation that is also MarineBird be considered a subcategory of 'Coral'?,  False.
Can Amphibian that is also Fern be considered a subcategory of 'Microalgae'?,  False.
Can Algae that is also Amoebae be considered a subcategory of 'Roundworm'?,  False.
Can Ciliate that is also Moss be considered a subcategory of 'DominantSpecies'?,  False.
Can Foraminifer that is also Plant be considered a subcategory of 'Arthropod'?,  False.
Can MarineMammal be considered a subcategory of 'Macroalgae'?,  False.
Can Arthropod that is also Fern be considered a subcategory of 'Macrophyte'?,  False.
Can Crop that is also Mold be considered a subcategory of 'TreeRing'?,  False.
Can Echinoderm that is also Microalgae be considered a subcategory of 'Insect'?,  False.
Can Anemone that is also Bacteria be considered a subcategory of 'Foraminifer'?,  False.
Can FungiTaxonomy that is also SlimeMold be considered a subcategory of 'Amoebae'?,  False.
Can Human that is also Pollen be considered a subcategory of 'Crustacean'?,  False.
Can DominantSpecies that is also Pollen be considered a subcategory of 'Ciliate'?,  False.
Can Crown that is also MarineAnimal be considered a subcategory of 'Plankton'?,  False.
Can Sponge that is also Zooplankton be considered a subcategory of 'Sporozoan'?,  False.
Can Invertebrate that is also MarineBird be considered a subcategory of 'BlueGreenAlgae'?,  False.
Can Bird that is also MarinePlant be considered a subcategory of 'ExoticVegetation'?,  False.
Can Canopy that is also Coral be considered a subcategory of 'Jellyfish'?,  False.
Can Foraminifer that is also IndigenousVegetation be considered a subcategory of 'Plant'?,  False.
Can Foraminifer that is also Reptile be considered a subcategory of 'Sponge'?,  False.
Can Amphibian that is also Vegetation be considered a subcategory of 'Phytoplankton'?,  False.
Can Mammal that is also Roundworm be considered a subcategory of 'Vertebrate'?,  False.
Can DominantSpecies that is also VegetationSpecies be considered a subcategory of 'Canopy'?,  False.
Can MarineAnimal that is also SlimeMold be considered a subcategory of 'MicrobiotaTaxonomy'?,  False.
Can Arthropod that is also ExoticVegetation be considered a subcategory of 'Macroalgae'?,  False.
Can Centipede that is also Diatom be considered a subcategory of 'Roundworm'?,  False.
Can Bird that is also Dairy be considered a subcategory of 'Millipede'?,  False.
Can Mold that is also Nutrient be considered a subcategory of 'MarineBird'?,  False.
Can Lichen that is also SlimeMold be considered a subcategory of 'Reptile'?,  False.
Can Pollen that is also Radiolarian be considered a subcategory of 'SlimeMold'?,  False.
Can Ciliate that is also EvergreenVegetation be considered a subcategory of 'Radiolarian'?,  False.
Can MicrobiotaTaxonomy that is also Mushroom be considered a subcategory of 'Zooplankton'?,  False.
Can Chlorophyll that is also Echinoderm be considered a subcategory of 'Flatworm'?,  False.
Can Microphyte that is also Moss be considered a subcategory of 'SegmentedWorm'?,  False.
Can ExoticSpecies that is also Plant be considered a subcategory of 'Mollusk'?,  False.
Can FloweringPlant that is also SegmentedWorm be considered a subcategory of 'Mold'?,  False.
Can IndigenousVegetation that is also Jellyfish be considered a subcategory of 'Mammal'?,  False.
Can Arachnid that is also MicrobiotaTaxonomy be considered a subcategory of 'Litter'?,  False.
Can Algae that is also Microphyte be considered a subcategory of 'MarineInvertebrate'?,  False.
Can IndigenousSpecies that is also MarineBird be considered a subcategory of 'Moss'?,  False.
Can Arachnid that is also Foraminifer be considered a subcategory of 'Nutrient'?,  False.
Can Flagellate that is also Reptile be considered a subcategory of 'Invertebrate'?,  False.
Can Coccolithophore that is also Human be considered a subcategory of 'MicrobiotaTaxonomy'?,  False.
Can Liverwort that is also Plankton be considered a subcategory of 'Canopy'?,  False.
Can Crustacean that is also EvergreenVegetation be considered a subcategory of 'Arthropod'?,  False.
Can Insect that is also Radiolarian be considered a subcategory of 'Diatom'?,  False.
Can Diatom that is also Microbiota be considered a subcategory of 'SlimeMold'?,  False.
Can Plankton that is also VegetationSpecies be considered a subcategory of 'FloweringPlant'?,  False.
Can Nutrient that is also VegetationSpecies be considered a subcategory of 'MarineMicrobiota'?,  False.
Can Crop that is also Sporozoan be considered a subcategory of 'Arachnid'?,  False.
Can Bacteria that is also Zooplankton be considered a subcategory of 'Algae'?,  False.
Can BlueGreenAlgae that is also Dairy be considered a subcategory of 'Radiolarian'?,  False.
Can FloweringPlant that is also SlimeMold be considered a subcategory of 'MarineBird'?,  False.
Can Coral that is also Lichen be considered a subcategory of 'Protist'?,  False.
Can DeciduousVegetation that is also Moss be considered a subcategory of 'Yeast'?,  False.
Can Macroalgae that is also Radiolarian be considered a subcategory of 'Echinoderm'?,  False.
Can MarineMammal that is also Microphyte be considered a subcategory of 'VegetationCover'?,  False.
Can Coral that is also MarineBird be considered a subcategory of 'Flagellate'?,  False.
Can Bird that is also Diatom be considered a subcategory of 'IndigenousSpecies'?,  False.
Can Crop that is also Protist be considered a subcategory of 'Centipede'?,  False.
Can Human that is also MarineMicrobiota be considered a subcategory of 'Amphibian'?,  False.
Can Liverwort that is also Microbiota be considered a subcategory of 'Poultry'?,  False.
Can Conifer that is also FloweringPlant be considered a subcategory of 'MarineAnimal'?,  False.
Can Coral that is also Macrophyte be considered a subcategory of 'Coccolithophore'?,  False.
Can Microbiota that is also Poultry be considered a subcategory of 'Fern'?,  False.
Can Liverwort that is also Plankton be considered a subcategory of 'IndigenousVegetation'?,  False.
Can Animal that is also Vegetation be considered a subcategory of 'MarineMammal'?,  False.
Can Phytoplankton that is also Roundworm be considered a subcategory of 'DeciduousVegetation'?,  False.
Can Microalgae that is also Zooplankton be considered a subcategory of 'Chlorophyll'?,  False.
Can BlueGreenAlgae that is also Crustacean be considered a subcategory of 'Pollen'?,  False.
Can IndigenousVegetation that is also Reptile be considered a subcategory of 'VegetationSpecies'?,  False.
Can Phytoplankton that is also Sponge be considered a subcategory of 'VegetationCover'?,  False.
Can Human that is also IndigenousSpecies be considered a subcategory of 'Macroalgae'?,  False.
Can Jellyfish that is also MarinePlant be considered a subcategory of 'Phytoplankton'?,  False.
Can Microalgae that is also Vegetation be considered a subcategory of 'Flagellate'?,  False.
Can Chlorophyll that is also SegmentedWorm be considered a subcategory of 'Sponge'?,  False.
Can Amphibian that is also Sponge be considered a subcategory of 'Microbiota'?,  False.
Can Coral that is also Sporozoan be considered a subcategory of 'Centipede'?,  False.
Can Litter that is also Moss be considered a subcategory of 'IndigenousSpecies'?,  False.
Can FungiTaxonomy that is also Livestock be considered a subcategory of 'Flatworm'?,  False.
Can Centipede that is also MarineMammal be considered a subcategory of 'Amphibian'?,  False.
Can Microbiota that is also VegetationCover be considered a subcategory of 'IndigenousVegetation'?,  False.
Can TreeRing that is also Yeast be considered a subcategory of 'Conifer'?,  False.
Can Macroalgae that is also Vertebrate be considered a subcategory of 'Dairy'?,  False.
Can Pollen that is also Vertebrate be considered a subcategory of 'Litter'?,  False.
Can ExoticSpecies that is also Foraminifer be considered a subcategory of 'Liverwort'?,  False.
Can Ciliate that is also Flagellate be considered a subcategory of 'Insect'?,  False.
Can Leaf that is also Vegetation be considered a subcategory of 'Anemone'?,  False.
Can Chlorophyll that is also Roundworm be considered a subcategory of 'Mammal'?,  False.
Can Crustacean that is also MicrobiotaTaxonomy be considered a subcategory of 'Livestock'?,  False.
Can Dairy that is also Plant be considered a subcategory of 'Macrophyte'?,  False.
Can Invertebrate that is also Microphyte be considered a subcategory of 'Mold'?,  False.
Can Jellyfish that is also MarineBird be considered a subcategory of 'Crop'?,  False.
Can Anemone that is also Vertebrate be considered a subcategory of 'Crown'?,  False.
Can Insect that is also Litter be considered a subcategory of 'Coral'?,  False.
Can FloweringPlant that is also Human be considered a subcategory of 'Plankton'?,  False.
Can Flatworm that is also Liverwort be considered a subcategory of 'Ciliate'?,  False.
Can Crown that is also Echinoderm be considered a subcategory of 'Jellyfish'?,  False.
Can Amoebae that is also FungiTaxonomy be considered a subcategory of 'MarinePlant'?,  False.
Can Crop that is also VegetationCover be considered a subcategory of 'Crustacean'?,  False.
Can Fish that is also TreeRing be considered a subcategory of 'Sporozoan'?,  False.
Can Echinoderm that is also Sporozoan be considered a subcategory of 'Radiolarian'?,  False.
Can DominantSpecies that is also Moss be considered a subcategory of 'Algae'?,  False.
Can Bird that is also Plankton be considered a subcategory of 'FloweringPlant'?,  False.
Can MarineInvertebrate that is also TreeRing be considered a subcategory of 'SegmentedWorm'?,  False.
Can IndigenousVegetation that is also Lichen be considered a subcategory of 'Vegetation'?,  False.
Can Arachnid that is also Bacteria be considered a subcategory of 'Mold'?,  False.
Can IndigenousSpecies that is also VegetationSpecies be considered a subcategory of 'Bacteria'?,  False.
Can Fungi that is also Jellyfish be considered a subcategory of 'Anemone'?,  False.
Can Foraminifer that is also Microalgae be considered a subcategory of 'MarineAnimal'?,  False.
Can ExoticSpecies that is also Radiolarian be considered a subcategory of 'Livestock'?,  False.
Can Chlorophyll that is also Dairy be considered a subcategory of 'Insect'?,  False.
Can BlueGreenAlgae that is also Diatom be considered a subcategory of 'Amoebae'?,  False.
Can Fern that is also MicrobiotaTaxonomy be considered a subcategory of 'DeciduousVegetation'?,  False.
Can Amoebae that is also MarineInvertebrate be considered a subcategory of 'Microphyte'?,  False.
Can Invertebrate that is also Poultry be considered a subcategory of 'Plankton'?,  False.
Can IndigenousSpecies that is also Liverwort be considered a subcategory of 'Fish'?,  False.
Can Conifer that is also Jellyfish be considered a subcategory of 'MarineMammal'?,  False.
Can Echinoderm that is also Protist be considered a subcategory of 'Pollen'?,  False.
Can Centipede that is also Moss be considered a subcategory of 'Chlorophyll'?,  False.
Can Chlorophyll that is also Mushroom be considered a subcategory of 'Invertebrate'?,  False.
Can Animal that is also Sponge be considered a subcategory of 'FungiTaxonomy'?,  False.
Can IndigenousVegetation that is also Macrophyte be considered a subcategory of 'Microalgae'?,  False.
Can Microalgae that is also Phytoplankton be considered a subcategory of 'MarineInvertebrate'?,  False.
Can FungiTaxonomy that is also Millipede be considered a subcategory of 'DominantSpecies'?,  False.
Can Algae that is also Centipede be considered a subcategory of 'MicrobiotaTaxonomy'?,  False.
Can Microalgae that is also Roundworm be considered a subcategory of 'Moss'?,  False.
Can Arachnid that is also Lichen be considered a subcategory of 'Animal'?,  False.
Can Insect that is also Vertebrate be considered a subcategory of 'Arachnid'?,  False.
Can Coccolithophore that is also Pollen be considered a subcategory of 'Fungi'?,  False.
Can DominantSpecies that is also Zooplankton be considered a subcategory of 'Reptile'?,  False.
Can EvergreenVegetation that is also Litter be considered a subcategory of 'Vertebrate'?,  False.
Can ExoticSpecies that is also Yeast be considered a subcategory of 'Crustacean'?,  False.
Can Protist that is also SegmentedWorm be considered a subcategory of 'Coral'?,  False.
Can Livestock that is also Vertebrate be considered a subcategory of 'Plankton'?,  False.
Can Microbiota that is also Millipede be considered a subcategory of 'Amoebae'?,  False.
Can Arthropod that is also Conifer be considered a subcategory of 'BlueGreenAlgae'?,  False.
Can Microphyte that is also Mold be considered a subcategory of 'Phytoplankton'?,  False.
Can Bacteria that is also Mold be considered a subcategory of 'Human'?,  False.
Can Animal that is also SlimeMold be considered a subcategory of 'Canopy'?,  False.
Can Crown that is also Roundworm be considered a subcategory of 'VegetationCover'?,  False.
Can Canopy that is also Microalgae be considered a subcategory of 'Vertebrate'?,  False.
Can MarineAnimal that is also Mushroom be considered a subcategory of 'Roundworm'?,  False.
Can Macroalgae that is also Zooplankton be considered a subcategory of 'MarineBird'?,  False.
Can Arachnid that is also Protist be considered a subcategory of 'Flagellate'?,  False.
Can Millipede that is also Nutrient be considered a subcategory of 'Yeast'?,  False.
Can FungiTaxonomy that is also Invertebrate be considered a subcategory of 'Fungi'?,  False.
Can Amphibian that is also Arthropod be considered a subcategory of 'FloweringPlant'?,  False.
Can Fish that is also MarineMammal be considered a subcategory of 'SlimeMold'?,  False.
Can Algae that is also DeciduousVegetation be considered a subcategory of 'Arachnid'?,  False.
Can DominantSpecies that is also Sponge be considered a subcategory of 'Zooplankton'?,  False.
Can MarineAnimal that is also SegmentedWorm be considered a subcategory of 'Bacteria'?,  False.
Can Animal that is also MarinePlant be considered a subcategory of 'SegmentedWorm'?,  False.
Can Mold that is also Reptile be considered a subcategory of 'Radiolarian'?,  False.
Can Bird that is also Mollusk be considered a subcategory of 'Mold'?,  False.
Can Livestock that is also Nutrient be considered a subcategory of 'Insect'?,  False.
Can Amphibian that is also SlimeMold be considered a subcategory of 'Poultry'?,  False.
Can EvergreenVegetation that is also ExoticVegetation be considered a subcategory of 'Livestock'?,  False.
Can Macroalgae that is also MicrobiotaTaxonomy be considered a subcategory of 'Microphyte'?,  False.
Can Anemone that is also TreeRing be considered a subcategory of 'Foraminifer'?,  False.
Can Coral that is also Macroalgae be considered a subcategory of 'MarineAnimal'?,  False.
Can Insect that is also MarineMicrobiota be considered a subcategory of 'DominantSpecies'?,  False.
Can MicrobiotaTaxonomy that is also VegetationCover be considered a subcategory of 'MarineMicrobiota'?,  False.
Can Anemone that is also Invertebrate be considered a subcategory of 'ExoticVegetation'?,  False.
Can BlueGreenAlgae that is also Macroalgae be considered a subcategory of 'Jellyfish'?,  False.
Can Amoebae that is also Poultry be considered a subcategory of 'Plant'?,  False.
Can Litter that is also MarineBird be considered a subcategory of 'Fungi'?,  False.
Can Bird that is also Livestock be considered a subcategory of 'Arachnid'?,  False.
Can Flatworm that is also Millipede be considered a subcategory of 'SlimeMold'?,  False.
Can DeciduousVegetation that is also Human be considered a subcategory of 'Radiolarian'?,  False.
Can FungiTaxonomy that is also Liverwort be considered a subcategory of 'Anemone'?,  False.
Can Crustacean that is also MarineAnimal be considered a subcategory of 'Bird'?,  False.
Can Dairy that is also Fish be considered a subcategory of 'Algae'?,  False.
Can Microbiota that is also Reptile be considered a subcategory of 'EvergreenVegetation'?,  False.
Can Flagellate that is also Plankton be considered a subcategory of 'Mold'?,  False.
Can Arthropod that is also VegetationSpecies be considered a subcategory of 'Amphibian'?,  False.
Can Fish that is also Phytoplankton be considered a subcategory of 'Poultry'?,  False.
Can Livestock that is also Pollen be considered a subcategory of 'Dairy'?,  False.
Can Millipede that is also Plankton be considered a subcategory of 'Fern'?,  False.
Can EvergreenVegetation that is also Fern be considered a subcategory of 'Flatworm'?,  False.
Can Insect that is also MicrobiotaTaxonomy be considered a subcategory of 'IndigenousSpecies'?,  False.
Can DominantSpecies that is also Mushroom be considered a subcategory of 'Mollusk'?,  False.
Can Mammal that is also VegetationSpecies be considered a subcategory of 'Chlorophyll'?,  False.
Can ExoticSpecies that is also MarineInvertebrate be considered a subcategory of 'IndigenousVegetation'?,  False.
Can SegmentedWorm that is also Sporozoan be considered a subcategory of 'Litter'?,  False.
Can Bacteria that is also Canopy be considered a subcategory of 'Fish'?,  False.
Can Macrophyte that is also Mammal be considered a subcategory of 'TreeRing'?,  False.
Can Arthropod that is also Fungi be considered a subcategory of 'Pollen'?,  False.
Can MarineBird that is also Mold be considered a subcategory of 'MarineMammal'?,  False.
Can ExoticSpecies that is also Protist be considered a subcategory of 'Moss'?,  False.
Can Amoebae that is also Nutrient be considered a subcategory of 'Animal'?,  False.
Can Leaf that is also SlimeMold be considered a subcategory of 'Ciliate'?,  False.
Can Crown that is also Foraminifer be considered a subcategory of 'MarineInvertebrate'?,  False.
Can Flatworm that is also Mushroom be considered a subcategory of 'Lichen'?,  False.
Can ExoticVegetation that is also Jellyfish be considered a subcategory of 'Flatworm'?,  False.
Can Microphyte that is also Yeast be considered a subcategory of 'Microbiota'?,  False.
Can Ciliate that is also Plankton be considered a subcategory of 'Flagellate'?,  False.
Can Millipede that is also Mollusk be considered a subcategory of 'Zooplankton'?,  False\n
Can Echinoderm that is also Plant be considered a subcategory of 'Dairy'?,  False.
Can Roundworm that is also Zooplankton be considered a subcategory of 'MarineBird'?,  False.
Can BlueGreenAlgae that is also Plant be considered a subcategory of 'Protist'?,  False.
Can Ciliate that is also Crop be considered a subcategory of 'Liverwort'?,  False.
Can Amphibian that is also Pollen be considered a subcategory of 'Insect'?,  False.
Can Foraminifer that is also Zooplankton be considered a subcategory of 'Litter'?,  False.
Can Fern that is also Flagellate be considered a subcategory of 'IndigenousVegetation'?,  False.
Can Human that is also MarinePlant be considered a subcategory of 'MarineMammal'?,  False.
Can Conifer that is also DominantSpecies be considered a subcategory of 'Microalgae'?,  False.
Can Crown that is also Crustacean be considered a subcategory of 'Chlorophyll'?,  False.
Can Dairy that is also MarineInvertebrate be considered a subcategory of 'Fish'?,  False.
Can Vegetation that is also Zooplankton be considered a subcategory of 'MarineAnimal'?,  False.
Can BlueGreenAlgae that is also Mollusk be considered a subcategory of 'Coccolithophore'?,  False.
Can Flatworm that is also SegmentedWorm be considered a subcategory of 'Crop'?,  False.
Can ExoticVegetation that is also IndigenousSpecies be considered a subcategory of 'Livestock'?,  False.
Can Foraminifer that is also Nutrient be considered a subcategory of 'Coral'?,  False.
Can ExoticVegetation that is also Flagellate be considered a subcategory of 'Crustacean'?,  False.
Can Livestock that is also Mollusk be considered a subcategory of 'Microphyte'?,  False.
Can Plant that is also TreeRing be considered a subcategory of 'Crown'?,  False.
Can Crustacean that is also SlimeMold be considered a subcategory of 'Human'?,  False.
Can Dairy that is also Yeast be considered a subcategory of 'Macroalgae'?,  False.
Can Ciliate that is also Diatom be considered a subcategory of 'Nutrient'?,  False.
Can MarineBird that is also Vertebrate be considered a subcategory of 'Invertebrate'?,  False.
Can Mold that is also VegetationSpecies be considered a subcategory of 'MicrobiotaTaxonomy'?,  False.
Can Conifer that is also Fish be considered a subcategory of 'Canopy'?,  False.
Can MarinePlant that is also Radiolarian be considered a subcategory of 'Phytoplankton'?,  False.
Can Centipede that is also Liverwort be considered a subcategory of 'VegetationSpecies'?,  False.
Can Macrophyte that is also Vertebrate be considered a subcategory of 'Centipede'?,  False.
Can DeciduousVegetation that is also Pollen be considered a subcategory of 'EvergreenVegetation'?,  False.
Can DominantSpecies that is also Liverwort be considered a subcategory of 'Poultry'?,  False.
Can MarineAnimal be considered a subcategory of 'Amphibian'?,  False.
Can Echinoderm that is also Phytoplankton be considered a subcategory of 'Livestock'?,  False.
Can Moss that is also Reptile be considered a subcategory of 'Conifer'?,  False.
Can Bird that is also Crustacean be considered a subcategory of 'Leaf'?,  False.
Can Arthropod that is also Nutrient be considered a subcategory of 'MarineAnimal'?,  False.
Can IndigenousSpecies that is also IndigenousVegetation be considered a subcategory of 'DeciduousVegetation'?,  False.
Can Arachnid that is also EvergreenVegetation be considered a subcategory of 'Coral'?,  False.
Can EvergreenVegetation that is also Flagellate be considered a subcategory of 'Coccolithophore'?,  False.
Can Algae that is also MicrobiotaTaxonomy be considered a subcategory of 'ExoticSpecies'?,  False.
Can Microalgae that is also TreeRing be considered a subcategory of 'Invertebrate'?,  False.
Can Bacteria that is also Nutrient be considered a subcategory of 'Arthropod'?,  False.
Can ExoticSpecies that is also Mollusk be considered a subcategory of 'Mushroom'?,  False.
Can Coccolithophore that is also Sponge be considered a subcategory of 'MarineInvertebrate'?,  False.
Can MarineBird that is also Yeast be considered a subcategory of 'FungiTaxonomy'?,  False.
Can Bacteria that is also Plankton be considered a subcategory of 'ExoticVegetation'?,  False.
Can Canopy that is also VegetationSpecies be considered a subcategory of 'Plankton'?,  False.
Can Fish that is also Fungi be considered a subcategory of 'Ciliate'?,  False.
Can Fern that is also Foraminifer be considered a subcategory of 'Jellyfish'?,  False.
Can BlueGreenAlgae that is also MarineMammal be considered a subcategory of 'MarinePlant'?,  False.
Can Flatworm that is also Mammal be considered a subcategory of 'Animal'?,  False.
Can ExoticVegetation that is also IndigenousVegetation be considered a subcategory of 'Sporozoan'?,  False.
Can BlueGreenAlgae that is also ExoticSpecies be considered a subcategory of 'Fungi'?,  False.
Can MarineMicrobiota that is also Sponge be considered a subcategory of 'Plant'?,  False.
Can Amoebae that is also IndigenousVegetation be considered a subcategory of 'Vertebrate'?,  False.
Can FungiTaxonomy that is also Protist be considered a subcategory of 'Algae'?,  False.
Can Centipede that is also Poultry be considered a subcategory of 'Bacteria'?,  False.
Can Microalgae that is also VegetationCover be considered a subcategory of 'Sponge'?,  False.
Can Bacteria that is also Bird be considered a subcategory of 'Yeast'?,  False.
Can DominantSpecies that is also Sporozoan be considered a subcategory of 'Amoebae'?,  False.
Can Diatom that is also MarineAnimal be considered a subcategory of 'DeciduousVegetation'?,  False.
Can Arthropod that is also Plankton be considered a subcategory of 'Microphyte'?,  False.
Can Centipede that is also Nutrient be considered a subcategory of 'Crown'?,  False.
Can Bird that is also Lichen be considered a subcategory of 'Human'?,  False.
Can Nutrient that is also Radiolarian be considered a subcategory of 'Macroalgae'?,  False.
Can SlimeMold that is also VegetationSpecies be considered a subcategory of 'Nutrient'?,  False.
Can Pollen that is also SlimeMold be considered a subcategory of 'Mushroom'?,  False.
Can Chlorophyll that is also EvergreenVegetation be considered a subcategory of 'Roundworm'?,  False.
Can ExoticSpecies that is also MicrobiotaTaxonomy be considered a subcategory of 'Canopy'?,  False.
Can Anemone that is also Dairy be considered a subcategory of 'Phytoplankton'?,  False.
Can Leaf that is also Moss be considered a subcategory of 'Diatom'?,  False.
Can ExoticSpecies that is also Jellyfish be considered a subcategory of 'Lichen'?,  False.
Can MicrobiotaTaxonomy that is also SegmentedWorm be considered a subcategory of 'Millipede'?,  False.
Can Ciliate that is also IndigenousVegetation be considered a subcategory of 'Microbiota'?,  False.
Can Arachnid that is also Invertebrate be considered a subcategory of 'Flagellate'?,  False.
Can Liverwort that is also Vertebrate be considered a subcategory of 'Plant'?,  False.
Can MarineAnimal that is also Pollen be considered a subcategory of 'Fungi'?,  False.
Can DominantSpecies that is also Protist be considered a subcategory of 'Reptile'?,  False.
Can MarineAnimal that is also Poultry be considered a subcategory of 'SlimeMold'?,  False.
Can Crustacean that is also Echinoderm be considered a subcategory of 'Radiolarian'?,  False.
Can Animal that is also Moss be considered a subcategory of 'Anemone'?,  False.
Can Microalgae that is also Nutrient be considered a subcategory of 'SegmentedWorm'?,  False.
Can Flagellate that is also IndigenousVegetation be considered a subcategory of 'EvergreenVegetation'?,  False.
Can Algae that is also Arachnid be considered a subcategory of 'Mold'?,  False.
Can EvergreenVegetation that is also Phytoplankton be considered a subcategory of 'Bacteria'?,  False.
Can Arachnid that is also MicrobiotaTaxonomy be considered a subcategory of 'Poultry'?,  False.
Can Microalgae that is also Mollusk be considered a subcategory of 'MarineAnimal'?,  False.
Can ExoticSpecies that is also IndigenousSpecies be considered a subcategory of 'Crop'?,  False.
Can EvergreenVegetation that is also SegmentedWorm be considered a subcategory of 'Leaf'?,  False.
Can Crustacean that is also MarineMammal be considered a subcategory of 'Jellyfish'?,  False.
Can Coral that is also Radiolarian be considered a subcategory of 'MarinePlant'?,  False.
Can IndigenousVegetation that is also Microphyte be considered a subcategory of 'Animal'?,  False.
Can Livestock that is also MarineBird be considered a subcategory of 'Sporozoan'?,  False.
Can Diatom that is also MarineMicrobiota be considered a subcategory of 'Fungi'?,  False.
Can Crop that is also Microbiota be considered a subcategory of 'Plant'?,  False.
Can Human that is also Moss be considered a subcategory of 'MarineMicrobiota'?,  False.
Can Liverwort that is also Macroalgae be considered a subcategory of 'Arachnid'?,  False.
Can Centipede that is also FloweringPlant be considered a subcategory of 'Algae'?,  False.
Can Coral that is also Liverwort be considered a subcategory of 'Bacteria'?,  False.
Can Microbiota that is also Yeast be considered a subcategory of 'Sponge'?,  False.
Can Plankton that is also Protist be considered a subcategory of 'Bird'?,  False.
Can Microalgae that is also Vegetation be considered a subcategory of 'Centipede'?,  False.
Can Crustacean that is also Roundworm be considered a subcategory of 'EvergreenVegetation'?,  False.
Can Conifer that is also Zooplankton be considered a subcategory of 'Anemone'?,  False.
Can BlueGreenAlgae that is also Macrophyte be considered a subcategory of 'Amphibian'?,  False.
Can Arthropod that is also Echinoderm be considered a subcategory of 'IndigenousSpecies'?,  False.
Can Anemone that is also Mold be considered a subcategory of 'Dairy'?,  False.
Can Microalgae that is also Plant be considered a subcategory of 'MarineBird'?,  False.
Can Bacteria that is also FloweringPlant be considered a subcategory of 'Protist'?,  False.
Can Fish that is also SlimeMold be considered a subcategory of 'Liverwort'?,  False.
Can Crown be considered a subcategory of 'Mollusk'?,  False.
Can Crop that is also MarineAnimal be considered a subcategory of 'Mammal'?,  False.
Can Anemone that is also MarinePlant be considered a subcategory of 'MarineMammal'?,  False.
Can Canopy that is also Moss be considered a subcategory of 'Macrophyte'?,  False.
Can Bird that is also FungiTaxonomy be considered a subcategory of 'Chlorophyll'?,  False.
Can Human that is also Nutrient be considered a subcategory of 'Fish'?,  False.
Can Amphibian that is also Foraminifer be considered a subcategory of 'FungiTaxonomy'?,  False.
Can Reptile that is also Vegetation be considered a subcategory of 'Moss'?,  False.
Can Sponge that is also Vegetation be considered a subcategory of 'TreeRing'?,  False.
Can Roundworm that is also SegmentedWorm be considered a subcategory of 'Ciliate'?,  False.
Can Foraminifer that is also Leaf be considered a subcategory of 'Millipede'?,  False.
Can Chlorophyll that is also Flagellate be considered a subcategory of 'Lichen'?,  False.
Can Bacteria that is also Vegetation be considered a subcategory of 'Reptile'?,  False.
Can Dairy that is also Roundworm be considered a subcategory of 'Microbiota'?,  False.
Can Crustacean that is also Invertebrate be considered a subcategory of 'Protist'?,  False.
Can BlueGreenAlgae that is also Dairy be considered a subcategory of 'Zooplankton'?,  False.
Can ExoticSpecies that is also Microphyte be considered a subcategory of 'FloweringPlant'?,  False.
Can Amoebae that is also MarineBird be considered a subcategory of 'SegmentedWorm'?,  False.
Can FloweringPlant that is also VegetationSpecies be considered a subcategory of 'Vegetation'?,  False.
Can Fish that is also Flatworm be considered a subcategory of 'Liverwort'?,  False.
Can Human that is also MicrobiotaTaxonomy be considered a subcategory of 'Mammal'?,  False.
Can Liverwort that is also VegetationCover be considered a subcategory of 'Litter'?,  False.
Can Crop that is also Echinoderm be considered a subcategory of 'Fish'?,  False.
Can Amoebae that is also Fish be considered a subcategory of 'TreeRing'?,  False.
Can Anemone that is also Microbiota be considered a subcategory of 'Insect'?,  False.
Can Litter that is also TreeRing be considered a subcategory of 'Foraminifer'?,  False.
Can Arachnid that is also Microphyte be considered a subcategory of 'Livestock'?,  False.
Can MarineBird that is also Millipede be considered a subcategory of 'Conifer'?,  False.
Can Animal that is also Foraminifer be considered a subcategory of 'Leaf'?,  False.
Can Flagellate that is also Roundworm be considered a subcategory of 'Crop'?,  False.
Can EvergreenVegetation that is also Human be considered a subcategory of 'Crown'?,  False.
Can Insect that is also Liverwort be considered a subcategory of 'Coral'?,  False.
Can Algae that is also Crustacean be considered a subcategory of 'Coccolithophore'?,  False.
Can Radiolarian that is also Zooplankton be considered a subcategory of 'ExoticSpecies'?,  False.
Can Microbiota that is also Nutrient be considered a subcategory of 'Invertebrate'?,  False.
Can Plankton that is also Sporozoan be considered a subcategory of 'Arthropod'?,  False.
Can Coccolithophore that is also VegetationSpecies be considered a subcategory of 'Microalgae'?,  False.
Can Crop that is also Plankton be considered a subcategory of 'Nutrient'?,  False.
Can Fungi that is also Zooplankton be considered a subcategory of 'Diatom'?,  False.
Can BlueGreenAlgae that is also Lichen be considered a subcategory of 'MicrobiotaTaxonomy'?,  False.
Can DominantSpecies that is also Flatworm be considered a subcategory of 'Macroalgae'?,  False.
Can Coral that is also VegetationSpecies be considered a subcategory of 'Roundworm'?,  False.
Can Echinoderm that is also Microbiota be considered a subcategory of 'Bacteria'?,  False.
Can Moss that is also Yeast be considered a subcategory of 'Poultry'?,  False.
Can Chlorophyll that is also Microphyte be considered a subcategory of 'MarineAnimal'?,  False.
Can Microalgae that is also Sponge be considered a subcategory of 'Coccolithophore'?,  False.
Can IndigenousVegetation that is also Mold be considered a subcategory of 'Fern'?,  False.
Can Arachnid that is also Conifer be considered a subcategory of 'Leaf'?,  False.
Can FungiTaxonomy that is also Roundworm be considered a subcategory of 'ExoticSpecies'?,  False.
Can Arachnid that is also Centipede be considered a subcategory of 'DeciduousVegetation'?,  False.
Can Microalgae that is also Mushroom be considered a subcategory of 'Conifer'?,  False.
Can Animal that is also Lichen be considered a subcategory of 'Pollen'?,  False.
Can Vertebrate that is also Zooplankton be considered a subcategory of 'MarineInvertebrate'?,  False.
Can Fern that is also Pollen be considered a subcategory of 'Moss'?,  False.
Can DominantSpecies that is also Millipede be considered a subcategory of 'Nutrient'?,  False.
Can Echinoderm that is also Litter be considered a subcategory of 'Mushroom'?,  False.
Can Arthropod that is also IndigenousVegetation be considered a subcategory of 'Amoebae'?,  False.
Can MarinePlant that is also Phytoplankton be considered a subcategory of 'FungiTaxonomy'?,  False.
Can DeciduousVegetation that is also IndigenousSpecies be considered a subcategory of 'Macrophyte'?,  False.
Can FungiTaxonomy that is also Jellyfish be considered a subcategory of 'Plankton'?,  False.
Can Microalgae that is also SegmentedWorm be considered a subcategory of 'Sporozoan'?,  False.
Can Amphibian that is also Lichen be considered a subcategory of 'BlueGreenAlgae'?,  False.
Can Chlorophyll that is also Reptile be considered a subcategory of 'ExoticVegetation'?,  False.
Can Sponge be considered a subcategory of 'Jellyfish'?,  False.
Can DominantSpecies that is also Livestock be considered a subcategory of 'Plant'?,  False.
Can Litter that is also TreeRing be considered a subcategory of 'Fungi'?,  False.
Can FungiTaxonomy that is also Vegetation be considered a subcategory of 'MarinePlant'?,  False.
Can Centipede that is also Mollusk be considered a subcategory of 'Vertebrate'?,  False.
Can Macroalgae that is also VegetationCover be considered a subcategory of 'Yeast'?,  False.
Can TreeRing that is also Vertebrate be considered a subcategory of 'Echinoderm'?,  False.
Can Coral that is also Vertebrate be considered a subcategory of 'VegetationCover'?,  False.
Can ExoticVegetation that is also Pollen be considered a subcategory of 'Sponge'?,  False.
Can Fish that is also Invertebrate be considered a subcategory of 'Moss'?,  False.
Can Amphibian that is also DeciduousVegetation be considered a subcategory of 'Arthropod'?,  False.
Can Litter that is also MarineMammal be considered a subcategory of 'Mushroom'?,  False.
Can Algae that is also MarineAnimal be considered a subcategory of 'Human'?,  False.
Can MarinePlant that is also Reptile be considered a subcategory of 'Canopy'?,  False.
Can Conifer that is also Reptile be considered a subcategory of 'MarineMicrobiota'?,  False.
Can Animal that is also FungiTaxonomy be considered a subcategory of 'Diatom'?,  False.
Can Arthropod that is also Leaf be considered a subcategory of 'Roundworm'?,  False.
Can Bird that is also IndigenousSpecies be considered a subcategory of 'FloweringPlant'?,  False.
Can Nutrient that is also Vegetation be considered a subcategory of 'MarineBird'?,  False.
Can Flagellate that is also SlimeMold be considered a subcategory of 'Reptile'?,  False.
Can Crown that is also SegmentedWorm be considered a subcategory of 'SlimeMold'?,  False.
Can EvergreenVegetation that is also TreeRing be considered a subcategory of 'Radiolarian'?,  False.
Can Coral that is also MicrobiotaTaxonomy be considered a subcategory of 'Anemone'?,  False.
Can Anemone that is also Mollusk be considered a subcategory of 'Protist'?,  False.
Can Livestock that is also Macroalgae be considered a subcategory of 'SegmentedWorm'?,  False.
Can Animal that is also Lichen be considered a subcategory of 'Echinoderm'?,  False.
Can Ciliate that is also VegetationSpecies be considered a subcategory of 'Flagellate'?,  False.
Can Amphibian that is also Fungi be considered a subcategory of 'Yeast'?,  False.
Can Foraminifer that is also Fungi be considered a subcategory of 'Centipede'?,  False.
Can DeciduousVegetation that is also ExoticSpecies be considered a subcategory of 'Fern'?,  False.
Can Mammal that is also MarinePlant be considered a subcategory of 'Poultry'?,  False.
Can Conifer that is also Leaf be considered a subcategory of 'EvergreenVegetation'?,  False.
Can BlueGreenAlgae that is also Poultry be considered a subcategory of 'Coccolithophore'?,  False.
Can ExoticVegetation that is also MicrobiotaTaxonomy be considered a subcategory of 'Microphyte'?,  False.
Can Amoebae that is also Yeast be considered a subcategory of 'Leaf'?,  False.
Can Invertebrate that is also MarineInvertebrate be considered a subcategory of 'MarineAnimal'?,  False.
Can Coccolithophore that is also Flatworm be considered a subcategory of 'DeciduousVegetation'?,  False.
Can Plant that is also Poultry be considered a subcategory of 'Nutrient'?,  False.
Can Fern that is also VegetationCover be considered a subcategory of 'Pollen'?,  False.
Can Bird that is also MarineMicrobiota be considered a subcategory of 'MarineMammal'?,  False.
Can Fern that is also Livestock be considered a subcategory of 'Plant'?,  False.
Can Insect that is also Millipede be considered a subcategory of 'Sponge'?,  False.
Can Echinoderm that is also Insect be considered a subcategory of 'Phytoplankton'?,  False.
Can MicrobiotaTaxonomy that is also Zooplankton be considered a subcategory of 'VegetationSpecies'?,  False.
Can MarineInvertebrate that is also Mushroom be considered a subcategory of 'Lichen'?,  False.
Can Human that is also Mammal be considered a subcategory of 'Echinoderm'?,  False.
Can ExoticSpecies that is also Pollen be considered a subcategory of 'Yeast'?,  False.
Can Crown that is also SegmentedWorm be considered a subcategory of 'Flagellate'?,  False.
Can Canopy that is also Fungi be considered a subcategory of 'EvergreenVegetation'?,  False.
Can Macrophyte that is also MarineBird be considered a subcategory of 'Dairy'?,  False.
Can Arthropod that is also DominantSpecies be considered a subcategory of 'Amphibian'?,  False.
Can Canopy that is also Mold be considered a subcategory of 'Centipede'?,  False.
Can Leaf that is also Protist be considered a subcategory of 'Conifer'?,  False.
Can Foraminifer that is also Sporozoan be considered a subcategory of 'Coccolithophore'?,  False.
Can Bacteria that is also SlimeMold be considered a subcategory of 'Fern'?,  False.
Can Crown that is also Mammal be considered a subcategory of 'IndigenousVegetation'?,  False.
Can ExoticSpecies that is also Vertebrate be considered a subcategory of 'Mollusk'?,  False.
Can SegmentedWorm that is also SlimeMold be considered a subcategory of 'Mold'?,  False.
Can ExoticVegetation that is also Livestock be considered a subcategory of 'Mammal'?,  False.
Can Diatom that is also Millipede be considered a subcategory of 'Liverwort'?,  False.
Can Arthropod that is also Centipede be considered a subcategory of 'Macrophyte'?,  False.
Can Mold be considered a subcategory of 'Plankton'?,  False.
Can Mushroom that is also Yeast be considered a subcategory of 'Crop'?,  False.
Can Mammal that is also Radiolarian be considered a subcategory of 'Foraminifer'?,  False.
Can Microalgae that is also SlimeMold be considered a subcategory of 'Amoebae'?,  False.
Can Crown that is also Mushroom be considered a subcategory of 'Crustacean'?,  False.
Can Canopy that is also Conifer be considered a subcategory of 'Ciliate'?,  False.
Can MarineAnimal that is also Microphyte be considered a subcategory of 'Crown'?,  False.
Can Anemone that is also Plant be considered a subcategory of 'MarinePlant'?,  False.
Can Macroalgae that is also Millipede be considered a subcategory of 'BlueGreenAlgae'?,  False.
Can Jellyfish that is also Protist be considered a subcategory of 'Sporozoan'?,  False.
Can Nutrient that is also Roundworm be considered a subcategory of 'Jellyfish'?,  False.
Can SegmentedWorm that is also Zooplankton be considered a subcategory of 'Algae'?,  False.
Can BlueGreenAlgae that is also IndigenousSpecies be considered a subcategory of 'Bacteria'?,  False.
Can Flatworm that is also Reptile be considered a subcategory of 'SegmentedWorm'?,  False.
Can ExoticVegetation that is also Flagellate be considered a subcategory of 'Protist'?,  False.
Can Coccolithophore that is also Foraminifer be considered a subcategory of 'Liverwort'?,  False.
Can Flagellate that is also TreeRing be considered a subcategory of 'Insect'?,  False.
Can EvergreenVegetation that is also Mollusk be considered a subcategory of 'Anemone'?,  False.
Can Mollusk that is also Plant be considered a subcategory of 'Vegetation'?,  False.
Can Crustacean that is also Diatom be considered a subcategory of 'Livestock'?,  False.
Can Dairy that is also Vertebrate be considered a subcategory of 'Microphyte'?,  False.
Can Ciliate that is also Nutrient be considered a subcategory of 'Leaf'?,  False.
Can Amphibian that is also ExoticVegetation be considered a subcategory of 'Crop'?,  False.
Can Radiolarian that is also VegetationSpecies be considered a subcategory of 'Crown'?,  False.
Can Dairy that is also Fish be considered a subcategory of 'Coral'?,  False.
Can MarinePlant that is also SlimeMold be considered a subcategory of 'Plankton'?,  False.
Can Lichen that is also Liverwort be considered a subcategory of 'Amoebae'?,  False.
Can Insect that is also Moss be considered a subcategory of 'MarineMammal'?,  False.
Can BlueGreenAlgae that is also MicrobiotaTaxonomy be considered a subcategory of 'Microalgae'?,  False.
Can Anemone that is also MarineMammal be considered a subcategory of 'ExoticSpecies'?,  False.
Can Amoebae that is also Macroalgae be considered a subcategory of 'Fish'?,  False.
Can Amoebae that is also Bird be considered a subcategory of 'Arthropod'?,  False.
Can Flatworm that is also SegmentedWorm be considered a subcategory of 'Moss'?,  False.
Can Livestock that is also MarineMicrobiota be considered a subcategory of 'Nutrient'?,  False.
Can Millipede that is also VegetationCover be considered a subcategory of 'Invertebrate'?,  False.
Can MarineAnimal that is also MarinePlant be considered a subcategory of 'MicrobiotaTaxonomy'?,  False.
Can Liverwort that is also Macrophyte be considered a subcategory of 'Reptile'?,  False.
Can Mushroom that is also Poultry be considered a subcategory of 'Animal'?,  False.
Can Dairy that is also Liverwort be considered a subcategory of 'Diatom'?,  False.
Can Arthropod that is also Microbiota be considered a subcategory of 'Fungi'?,  False.
Can Phytoplankton that is also Plankton be considered a subcategory of 'FloweringPlant'?,  False.
Can DeciduousVegetation that is also VegetationSpecies be considered a subcategory of 'Microbiota'?,  False.
Can Crustacean that is also Fish be considered a subcategory of 'Arachnid'?,  False.
Can Canopy that is also Yeast be considered a subcategory of 'Mollusk'?,  False.
Can MarineInvertebrate that is also Sponge be considered a subcategory of 'Conifer'?,  False.
Can Human that is also VegetationSpecies be considered a subcategory of 'Mammal'?,  False.
Can Fish that is also MarinePlant be considered a subcategory of 'Litter'?,  False.
Can Fern that is also Mammal be considered a subcategory of 'Fish'?,  False.
Can BlueGreenAlgae that is also IndigenousVegetation be considered a subcategory of 'TreeRing'?,  False.
Can Flatworm that is also MarineBird be considered a subcategory of 'Pollen'?,  False.
Can Amphibian that is also ExoticVegetation be considered a subcategory of 'MarineMammal'?,  False.
Can Amoebae that is also MarineMammal be considered a subcategory of 'Moss'?,  False.
Can Moss that is also Sponge be considered a subcategory of 'Arthropod'?,  False.
Can Foraminifer that is also Mollusk be considered a subcategory of 'Microalgae'?,  False.
Can MarineMammal that is also Plant be considered a subcategory of 'MarineInvertebrate'?,  False.
Can Arthropod that is also Microbiota be considered a subcategory of 'DominantSpecies'?,  False.
Can Bird that is also Centipede be considered a subcategory of 'MarineMicrobiota'?,  False.
Can Macroalgae that is also Microalgae be considered a subcategory of 'ExoticVegetation'?,  False.
Can Bacteria that is also MarineMicrobiota be considered a subcategory of 'Jellyfish'?,  False.
Can Flatworm that is also Microphyte be considered a subcategory of 'BlueGreenAlgae'?,  False.
Can Ciliate that is also ExoticVegetation be considered a subcategory of 'Phytoplankton'?,  False.
Can Mold that is also Yeast be considered a subcategory of 'Mushroom'?,  False.
Can Chlorophyll that is also Plankton be considered a subcategory of 'Sporozoan'?,  False.
Can Mollusk that is also Roundworm be considered a subcategory of 'VegetationSpecies'?,  False.
Can Plant be considered a subcategory of 'VegetationCover'?,  False.
Can Fern that is also Mushroom be considered a subcategory of 'Macroalgae'?,  False.
Can BlueGreenAlgae that is also Jellyfish be considered a subcategory of 'Roundworm'?,  False.
Can Anemone that is also Ciliate be considered a subcategory of 'Millipede'?,  False.
Can Amphibian that is also Fern be considered a subcategory of 'Lichen'?,  False.
Can FloweringPlant that is also Foraminifer be considered a subcategory of 'Flagellate'?,  False.
Can Echinoderm that is also Flagellate be considered a subcategory of 'Yeast'?,  False.
Can Crown that is also MarinePlant be considered a subcategory of 'Centipede'?,  False.
Can Conifer that is also MarineInvertebrate be considered a subcategory of 'Fern'?,  False.
Can Crop that is also Crustacean be considered a subcategory of 'Flatworm'?,  False.
Can Dairy that is also Pollen be considered a subcategory of 'IndigenousSpecies'?,  False.
Can Coccolithophore that is also Dairy be considered a subcategory of 'MarineMicrobiota'?,  False.
Can FloweringPlant that is also Mold be considered a subcategory of 'Reptile'?,  False.
Can Crop that is also Lichen be considered a subcategory of 'Jellyfish'?,  False.
Can MarineMicrobiota that is also Radiolarian be considered a subcategory of 'DominantSpecies'?,  False.
Can Ciliate that is also Invertebrate be considered a subcategory of 'Fungi'?,  False.
Can Invertebrate that is also Vegetation be considered a subcategory of 'Bird'?,  False.
Can Chlorophyll that is also Coral be considered a subcategory of 'SlimeMold'?,  False.
Can Algae that is also ExoticSpecies be considered a subcategory of 'FloweringPlant'?,  False.
Can Plant that is also Reptile be considered a subcategory of 'Anemone'?,  False.
Can FloweringPlant that is also Microphyte be considered a subcategory of 'Mammal'?,  False.
Can Animal that is also Jellyfish be considered a subcategory of 'SegmentedWorm'?,  False.
Can Leaf that is also MicrobiotaTaxonomy be considered a subcategory of 'Radiolarian'?,  False.
Can Fern that is also Radiolarian be considered a subcategory of 'Mold'?,  False.
Can Echinoderm that is also Fungi be considered a subcategory of 'Poultry'?,  False.
Can Anemone that is also DeciduousVegetation be considered a subcategory of 'EvergreenVegetation'?,  False.
Can Phytoplankton that is also TreeRing be considered a subcategory of 'Fern'?,  False.
Can Arachnid that is also Echinoderm be considered a subcategory of 'IndigenousVegetation'?,  False.
Can Crustacean that is also Pollen be considered a subcategory of 'IndigenousSpecies'?,  False.
Can Animal that is also Bird be considered a subcategory of 'Centipede'?,  False.
Can Animal that is also IndigenousSpecies be considered a subcategory of 'Conifer'?,  False.
Can EvergreenVegetation that is also Leaf be considered a subcategory of 'Pollen'?,  False.
Can Flagellate that is also Moss be considered a subcategory of 'Litter'?,  False.
Can Algae that is also Vegetation be considered a subcategory of 'Mollusk'?,  False.
Can DeciduousVegetation that is also Nutrient be considered a subcategory of 'Microalgae'?,  False.
Can Mollusk that is also Reptile be considered a subcategory of 'MarineMammal'?,  False.
Can Coccolithophore that is also Conifer be considered a subcategory of 'DeciduousVegetation'?,  False.
Can Poultry that is also VegetationSpecies be considered a subcategory of 'Arthropod'?,  False.
Can Radiolarian that is also Sporozoan be considered a subcategory of 'MarineInvertebrate'?,  False.
Can Diatom that is also MarineInvertebrate be considered a subcategory of 'Moss'?,  False.
Can Bird that is also Poultry be considered a subcategory of 'Flatworm'?,  False.
Can Diatom that is also Protist be considered a subcategory of 'MarineBird'?,  False.
Can MarineMicrobiota that is also Radiolarian be considered a subcategory of 'Flagellate'?,  False.
Can Human that is also Microbiota be considered a subcategory of 'Lichen'?,  False.
Can Conifer that is also Livestock be considered a subcategory of 'Dairy'?,  False.
Can Macrophyte that is also Millipede be considered a subcategory of 'Litter'?,  False.
Can Centipede that is also Crop be considered a subcategory of 'Protist'?,  False.
Can Liverwort that is also Microbiota be considered a subcategory of 'IndigenousSpecies'?,  False.
Can Animal that is also Mushroom be considered a subcategory of 'Mollusk'?,  False.
Can Mammal that is also Phytoplankton be considered a subcategory of 'Chlorophyll'?,  False.
Can Amoebae that is also Microalgae be considered a subcategory of 'IndigenousVegetation'?,  False.
Can Crustacean that is also IndigenousSpecies be considered a subcategory of 'Liverwort'?,  False.
Can Algae that is also Canopy be considered a subcategory of 'Microalgae'?,  False.
Can Macrophyte that is also Zooplankton be considered a subcategory of 'Plankton'?,  False.
Can Arachnid that is also Phytoplankton be considered a subcategory of 'Fish'?,  False.
Can Millipede that is also Mold be considered a subcategory of 'MarineMammal'?,  False.
Can Crop that is also FungiTaxonomy be considered a subcategory of 'Coccolithophore'?,  False.
Can Human that is also MarineMicrobiota be considered a subcategory of 'Microphyte'?,  False.
Can Fish that is also Poultry be considered a subcategory of 'Foraminifer'?,  False.
Can Crown that is also Diatom be considered a subcategory of 'Macrophyte'?,  False.
Can Coral that is also Sponge be considered a subcategory of 'Crustacean'?,  False.
Can Algae that is also MarineBird be considered a subcategory of 'Nutrient'?,  False.
Can Coccolithophore that is also MarinePlant be considered a subcategory of 'Crown'?,  False.
Can Canopy that is also FloweringPlant be considered a subcategory of 'Amoebae'?,  False.
Can IndigenousVegetation that is also Roundworm be considered a subcategory of 'Macroalgae'?,  False.
Can Leaf that is also Livestock be considered a subcategory of 'Phytoplankton'?,  False.
Can Amphibian that is also Invertebrate be considered a subcategory of 'Mushroom'?,  False.
Can Vegetation be considered a subcategory of 'Human'?,  False.
Can MarineBird that is also Moss be considered a subcategory of 'Canopy'?,  False.
Can DeciduousVegetation that is also Macroalgae be considered a subcategory of 'Microbiota'?,  False.
Can MarineMammal that is also Reptile be considered a subcategory of 'VegetationSpecies'?,  False.
Can Coral that is also Microphyte be considered a subcategory of 'Roundworm'?,  False.
Can Lichen that is also MicrobiotaTaxonomy be considered a subcategory of 'EvergreenVegetation'?,  False.
Can FungiTaxonomy that is also VegetationCover be considered a subcategory of 'Leaf'?,  False.
Can Canopy that is also Invertebrate be considered a subcategory of 'Vegetation'?,  False.
Can BlueGreenAlgae that is also Macrophyte be considered a subcategory of 'Centipede'?,  False.
Can Anemone that is also Litter be considered a subcategory of 'Microphyte'?,  False.
Can Litter that is also Macroalgae be considered a subcategory of 'Coccolithophore'?,  False.
Can FloweringPlant that is also Protist be considered a subcategory of 'Crop'?,  False.
Can Flatworm that is also Sporozoan be considered a subcategory of 'Livestock'?,  False.
Can Crown that is also TreeRing be considered a subcategory of 'Coral'?,  False.
Can FungiTaxonomy that is also Millipede be considered a subcategory of 'Mushroom'?,  False.
Can Crop that is also Insect be considered a subcategory of 'ExoticSpecies'?,  False.
Can Fish that is also VegetationCover be considered a subcategory of 'DeciduousVegetation'?,  False.
Can Jellyfish that is also Reptile be considered a subcategory of 'Arthropod'?,  False.
Can Mammal that is also Sponge be considered a subcategory of 'Macroalgae'?,  False.
Can Amoebae that is also Arthropod be considered a subcategory of 'Sporozoan'?,  False.
Can IndigenousSpecies that is also MarinePlant be considered a subcategory of 'Invertebrate'?,  False.
Can Coccolithophore that is also Protist be considered a subcategory of 'Moss'?,  False.
Can Plankton that is also Sporozoan be considered a subcategory of 'Animal'?,  False.
Can EvergreenVegetation that is also Lichen be considered a subcategory of 'Ciliate'?,  False.
Can Crown that is also Insect be considered a subcategory of 'FungiTaxonomy'?,  False.
Can Diatom that is also Insect be considered a subcategory of 'MarinePlant'?,  False.
Can VegetationCover that is also VegetationSpecies be considered a subcategory of 'MarineMicrobiota'?,  False.
Can Litter that is also Nutrient be considered a subcategory of 'DominantSpecies'?,  False.
Can Macroalgae that is also Sporozoan be considered a subcategory of 'Jellyfish'?,  False.
Can Amoebae that is also Bacteria be considered a subcategory of 'FloweringPlant'?,  False.
Can Dairy that is also IndigenousSpecies be considered a subcategory of 'Sponge'?,  False.
Can Fungi that is also TreeRing be considered a subcategory of 'Arachnid'?,  False.
Can Lichen that is also Millipede be considered a subcategory of 'Fungi'?,  False.
Can ExoticSpecies that is also Phytoplankton be considered a subcategory of 'Bacteria'?,  False.
Can Chlorophyll that is also Ciliate be considered a subcategory of 'Anemone'?,  False.
Can Leaf that is also Mushroom be considered a subcategory of 'Yeast'?,  False.
Can Chlorophyll that is also Mammal be considered a subcategory of 'Algae'?,  False.
Can MarinePlant that is also Mushroom be considered a subcategory of 'TreeRing'?,  False.
Can Animal that is also Conifer be considered a subcategory of 'Ciliate'?,  False.
Can Animal that is also Microphyte be considered a subcategory of 'Foraminifer'?,  False.
Can Dairy that is also Microalgae be considered a subcategory of 'Fish'?,  False.
Can Millipede that is also Yeast be considered a subcategory of 'FungiTaxonomy'?,  False.
Can Algae that is also MarineInvertebrate be considered a subcategory of 'ExoticVegetation'?,  False.
Can Fungi that is also Roundworm be considered a subcategory of 'Plankton'?,  False.
Can Arachnid that is also Fish be considered a subcategory of 'Amoebae'?,  False.
Can Fern that is also Insect be considered a subcategory of 'BlueGreenAlgae'?,  False.
Can MarineMicrobiota that is also Pollen be considered a subcategory of 'MarinePlant'?,  False.
Can Poultry that is also Zooplankton be considered a subcategory of 'Jellyfish'?,  False.
Can ExoticVegetation that is also Fern be considered a subcategory of 'DominantSpecies'?,  False.
Can MarineMammal that is also Sporozoan be considered a subcategory of 'Fungi'?,  False.
Can Algae that is also DominantSpecies be considered a subcategory of 'Bird'?,  False.
Can Coccolithophore that is also Plankton be considered a subcategory of 'Vertebrate'?,  False.
Can Sponge that is also Vegetation be considered a subcategory of 'MicrobiotaTaxonomy'?,  False.
Can IndigenousVegetation that is also Macrophyte be considered a subcategory of 'Reptile'?,  False.
Can Phytoplankton that is also SegmentedWorm be considered a subcategory of 'Roundworm'?,  False.
Can Amphibian that is also Chlorophyll be considered a subcategory of 'VegetationSpecies'?,  False.
Can Coral that is also Protist be considered a subcategory of 'MarineBird'?,  False.
Can ExoticVegetation be considered a subcategory of 'Flatworm'?,  False.
Can Lichen that is also Livestock be considered a subcategory of 'Microbiota'?,  False.
Can FungiTaxonomy that is also TreeRing be considered a subcategory of 'Millipede'?,  False.
Can Microbiota that is also Mollusk be considered a subcategory of 'Zooplankton'?,  False.
Can Plant that is also Yeast be considered a subcategory of 'Mammal'?,  False.
Can Fern that is also Macroalgae be considered a subcategory of 'SegmentedWorm'?,  False.
Can MarineMicrobiota that is also Vertebrate be considered a subcategory of 'Protist'?,  False.
Can Amphibian that is also Conifer be considered a subcategory of 'Insect'?,  False.
Can MarineMammal that is also Protist be considered a subcategory of 'Litter'?,  False.
Can Algae that is also Centipede be considered a subcategory of 'Mollusk'?,  False.
Can Centipede that is also Sponge be considered a subcategory of 'Bird'?,  False.
Can DominantSpecies that is also SegmentedWorm be considered a subcategory of 'Algae'?,  False.
Can Bacteria that is also MarinePlant be considered a subcategory of 'Plant'?,  False.
Can Arthropod that is also Reptile be considered a subcategory of 'Fungi'?,  False.
Can Mollusk that is also Pollen be considered a subcategory of 'Bacteria'?,  False.
Can Bird that is also Livestock be considered a subcategory of 'Poultry'?,  False.
Can IndigenousSpecies that is also MarineAnimal be considered a subcategory of 'Yeast'?,  False.
Can SlimeMold that is also Vegetation be considered a subcategory of 'Echinoderm'?,  False.
Can ExoticVegetation that is also Moss be considered a subcategory of 'Fern'?,  False.
Can EvergreenVegetation that is also Macroalgae be considered a subcategory of 'IndigenousVegetation'?,  False.
Can Nutrient that is also TreeRing be considered a subcategory of 'EvergreenVegetation'?,  False.
Can Anemone that is also Coral be considered a subcategory of 'Mold'?,  False.
Can Arachnid that is also Yeast be considered a subcategory of 'Microphyte'?,  False.
Can ExoticSpecies that is also Radiolarian be considered a subcategory of 'Crown'?,  False.
Can MicrobiotaTaxonomy that is also Vertebrate be considered a subcategory of 'MarineAnimal'?,  False.
Can Livestock that is also SlimeMold be considered a subcategory of 'Coccolithophore'?,  False.
Can Amoebae that is also MarineAnimal be considered a subcategory of 'Insect'?,  False.
Can Invertebrate that is also SlimeMold be considered a subcategory of 'Foraminifer'?,  False.
Can Centipede that is also Foraminifer be considered a subcategory of 'Mollusk'?,  False.
Can DominantSpecies that is also ExoticSpecies be considered a subcategory of 'Chlorophyll'?,  False.
Can Nutrient that is also VegetationCover be considered a subcategory of 'Ciliate'?,  False.
Can Echinoderm that is also FloweringPlant be considered a subcategory of 'MarineInvertebrate'?,  False.
Can BlueGreenAlgae that is also Pollen be considered a subcategory of 'Fish'?,  False.
Can Bird that is also MicrobiotaTaxonomy be considered a subcategory of 'TreeRing'?,  False.
Can Litter that is also MicrobiotaTaxonomy be considered a subcategory of 'ExoticVegetation'?,  False.
Can IndigenousVegetation that is also MarineAnimal be considered a subcategory of 'Jellyfish'?,  False.
Can Flatworm that is also Moss be considered a subcategory of 'Amoebae'?,  False.
Can EvergreenVegetation that is also Poultry be considered a subcategory of 'FungiTaxonomy'?,  False.
Can FungiTaxonomy that is also SegmentedWorm be considered a subcategory of 'Phytoplankton'?,  False.
Can Arthropod that is also Microalgae be considered a subcategory of 'Vertebrate'?,  False.
Can Arachnid that is also Fish be considered a subcategory of 'DominantSpecies'?,  False.
Can DeciduousVegetation that is also ExoticSpecies be considered a subcategory of 'MarineMicrobiota'?,  False.
Can DominantSpecies that is also MarineBird be considered a subcategory of 'Anemone'?,  False.
Can Canopy that is also Crustacean be considered a subcategory of 'Mammal'?,  False.
Can MarineInvertebrate that is also Reptile be considered a subcategory of 'IndigenousSpecies'?,  False.
Can Human that is also Microphyte be considered a subcategory of 'Radiolarian'?,  False.
Can Bacteria that is also Liverwort be considered a subcategory of 'Chlorophyll'?,  False.
Can Mammal that is also VegetationSpecies be considered a subcategory of 'Crop'?,  False.
Can Fungi that is also Radiolarian be considered a subcategory of 'Liverwort'?,  False.
Can Human that is also MarineBird be considered a subcategory of 'Insect'?,  False.
Can Amoebae that is also FloweringPlant be considered a subcategory of 'Ciliate'?,  False.
Can Crop that is also Leaf be considered a subcategory of 'Foraminifer'?,  False.
Can Foraminifer that is also Microbiota be considered a subcategory of 'Macrophyte'?,  False.
Can BlueGreenAlgae that is also MarineMicrobiota be considered a subcategory of 'Crustacean'?,  False.
Can Vegetation that is also VegetationCover be considered a subcategory of 'Sporozoan'?,  False.
Can Coral that is also Moss be considered a subcategory of 'FungiTaxonomy'?,  False.
Can BlueGreenAlgae that is also Zooplankton be considered a subcategory of 'Amoebae'?,  False.
Can Conifer that is also Radiolarian be considered a subcategory of 'Nutrient'?,  False.
Can Human that is also Microphyte be considered a subcategory of 'Mushroom'?,  False.
Can Centipede that is also SegmentedWorm be considered a subcategory of 'MarineMammal'?,  False.
Can Microalgae that is also Mold be considered a subcategory of 'DeciduousVegetation'?,  False.
Can Animal that is also Crop be considered a subcategory of 'Arthropod'?,  False.
Can Microbiota that is also Roundworm be considered a subcategory of 'Diatom'?,  False.
Can Liverwort that is also Microalgae be considered a subcategory of 'Human'?,  False.
Can Diatom that is also Mushroom be considered a subcategory of 'Macroalgae'?,  False.
Can Coral that is also Echinoderm be considered a subcategory of 'Microbiota'?,  False.
Can Zooplankton be considered a subcategory of 'Flagellate'?,  False.
Can Plankton that is also Plant be considered a subcategory of 'MicrobiotaTaxonomy'?,  False.
Can FloweringPlant that is also Millipede be considered a subcategory of 'Canopy'?,  False.
Can Pollen that is also Roundworm be considered a subcategory of 'MarineBird'?,  False.
Can Foraminifer that is also Plankton be considered a subcategory of 'Protist'?,  False.
Can Fern that is also Invertebrate be considered a subcategory of 'SlimeMold'?,  False.
Can Insect that is also Vegetation be considered a subcategory of 'FloweringPlant'?,  False.
Can Nutrient that is also Roundworm be considered a subcategory of 'Coccolithophore'?,  False.
Can ExoticVegetation that is also Foraminifer be considered a subcategory of 'ExoticSpecies'?,  False.
Can BlueGreenAlgae that is also Coccolithophore be considered a subcategory of 'IndigenousVegetation'?,  False.
Can Mollusk that is also TreeRing be considered a subcategory of 'Conifer'?,  False.
Can Lichen that is also SlimeMold be considered a subcategory of 'Microalgae'?,  False.
Can FungiTaxonomy that is also Yeast be considered a subcategory of 'Nutrient'?,  False.
Can Diatom that is also Sponge be considered a subcategory of 'DeciduousVegetation'?,  False.
Can Macrophyte that is also Vertebrate be considered a subcategory of 'MarineMammal'?,  False.
Can Litter that is also Mold be considered a subcategory of 'Macroalgae'?,  False.
Can Chlorophyll that is also Vertebrate be considered a subcategory of 'Animal'?,  False.
Can Centipede that is also Radiolarian be considered a subcategory of 'Invertebrate'?,  False.
Can Dairy that is also Sporozoan be considered a subcategory of 'Arthropod'?,  False.
Can Mushroom that is also TreeRing be considered a subcategory of 'Reptile'?,  False.
Can Echinoderm that is also Jellyfish be considered a subcategory of 'Microbiota'?,  False.
Can Microphyte that is also Pollen be considered a subcategory of 'DominantSpecies'?,  False.
Can Ciliate that is also VegetationCover be considered a subcategory of 'MicrobiotaTaxonomy'?,  False.
Can Flagellate that is also Poultry be considered a subcategory of 'Vertebrate'?,  False.
Can Litter that is also Microphyte be considered a subcategory of 'Phytoplankton'?,  False.
Can Bird that is also Roundworm be considered a subcategory of 'Jellyfish'?,  False.
Can Flatworm that is also Foraminifer be considered a subcategory of 'MarinePlant'?,  False.
Can DeciduousVegetation that is also Radiolarian be considered a subcategory of 'Sponge'?,  False.
Can Crustacean that is also Human be considered a subcategory of 'Yeast'?,  False.
Can MarineAnimal that is also MarineBird be considered a subcategory of 'VegetationSpecies'?,  False.
Can Crustacean that is also Macrophyte be considered a subcategory of 'Plant'?,  False.
Can Crop that is also Reptile be considered a subcategory of 'Echinoderm'?,  False.
Can Flagellate that is also Microbiota be considered a subcategory of 'Amphibian'?,  False.
Can Arthropod that is also Liverwort be considered a subcategory of 'Algae'?,  False.
Can Phytoplankton that is also VegetationSpecies be considered a subcategory of 'Lichen'?,  False.
Can Coral that is also Vegetation be considered a subcategory of 'Leaf'?,  False.
Can Mollusk that is also Zooplankton be considered a subcategory of 'Litter'?,  False.
Can Plankton that is also SegmentedWorm be considered a subcategory of 'Centipede'?,  False.
Can Flatworm that is also IndigenousSpecies be considered a subcategory of 'EvergreenVegetation'?,  False.
Can Foraminifer that is also Moss be considered a subcategory of 'Coral'?,  False.
Can IndigenousSpecies that is also MarineMammal be considered a subcategory of 'Mushroom'?,  False.
Can Mammal that is also TreeRing be considered a subcategory of 'Amoebae'?,  False.
Can Echinoderm that is also IndigenousVegetation be considered a subcategory of 'FungiTaxonomy'?,  False.
Can Arachnid that is also BlueGreenAlgae be considered a subcategory of 'Phytoplankton'?,  False.
Can Chlorophyll that is also MarineMicrobiota be considered a subcategory of 'Vertebrate'?,  False.
Can Amoebae that is also Jellyfish be considered a subcategory of 'Sporozoan'?,  False.
Can IndigenousVegetation that is also Moss be considered a subcategory of 'BlueGreenAlgae'?,  False.
Can Bacteria that is also Protist be considered a subcategory of 'VegetationCover'?,  False.
Can FungiTaxonomy that is also Poultry be considered a subcategory of 'Flagellate'?,  False.
Can Microbiota that is also Sponge be considered a subcategory of 'Roundworm'?,  False.
Can Bird that is also Microalgae be considered a subcategory of 'VegetationSpecies'?,  False.
Can Litter that is also Macrophyte be considered a subcategory of 'Lichen'?,  False.
Can DeciduousVegetation that is also Vertebrate be considered a subcategory of 'Flatworm'?,  False.
Can Centipede that is also Liverwort be considered a subcategory of 'Yeast'?,  False.
Can DominantSpecies that is also MarineAnimal be considered a subcategory of 'Echinoderm'?,  False.
Can Jellyfish that is also Millipede be considered a subcategory of 'FloweringPlant'?,  False.
Can Echinoderm that is also IndigenousVegetation be considered a subcategory of 'SegmentedWorm'?,  False.
Can Moss that is also Roundworm be considered a subcategory of 'Millipede'?,  False.
Can IndigenousSpecies that is also Plant be considered a subcategory of 'Fungi'?,  False.
Can Crop that is also Sponge be considered a subcategory of 'Mammal'?,  False.
Can Microalgae that is also Pollen be considered a subcategory of 'Anemone'?,  False.
Can Anemone that is also Phytoplankton be considered a subcategory of 'Protist'?,  False.
Can Chlorophyll that is also Fern be considered a subcategory of 'Zooplankton'?,  False.
Can Centipede that is also Human be considered a subcategory of 'Insect'?,  False.
Can DominantSpecies be considered a subcategory of 'Foraminifer'?,  False.
Can Crown that is also Lichen be considered a subcategory of 'Vegetation'?,  False.
Can FungiTaxonomy that is also MarineInvertebrate be considered a subcategory of 'Mold'?,  False.
Can MarineBird that is also Pollen be considered a subcategory of 'Microphyte'?,  False.
Can Amphibian that is also VegetationCover be considered a subcategory of 'Plankton'?,  False.
Can Canopy that is also Litter be considered a subcategory of 'Crop'?,  False.
Can Sponge that is also Vertebrate be considered a subcategory of 'Livestock'?,  False.
Can Crustacean that is also TreeRing be considered a subcategory of 'Sponge'?,  False.
Can Animal that is also Echinoderm be considered a subcategory of 'Bird'?,  False.
Can Macrophyte that is also Pollen be considered a subcategory of 'VegetationSpecies'?,  False.
Can Bird that is also Microalgae be considered a subcategory of 'Plant'?,  False.
Can Flagellate that is also Jellyfish be considered a subcategory of 'Echinoderm'?,  False.
Can Algae that is also IndigenousVegetation be considered a subcategory of 'Amphibian'?,  False.
Can Moss that is also Phytoplankton be considered a subcategory of 'Algae'?,  False.
Can Arachnid that is also EvergreenVegetation be considered a subcategory of 'Lichen'?,  False.
Can Fungi that is also Insect be considered a subcategory of 'Dairy'?,  False.
Can Coccolithophore that is also DeciduousVegetation be considered a subcategory of 'Fern'?,  False.
Can Reptile that is also Zooplankton be considered a subcategory of 'Poultry'?,  False.
Can Poultry that is also Sporozoan be considered a subcategory of 'Coccolithophore'?,  False.
Can Diatom be considered a subcategory of 'ExoticSpecies'?,  False.
Can Plankton that is also Radiolarian be considered a subcategory of 'IndigenousVegetation'?,  False.
Can MarineInvertebrate that is also Nutrient be considered a subcategory of 'Conifer'?,  False.
Can Mammal that is also Moss be considered a subcategory of 'Chlorophyll'?,  False.
Can IndigenousSpecies that is also IndigenousVegetation be considered a subcategory of 'Crop'?,  False.
Can MarineBird that is also TreeRing be considered a subcategory of 'Liverwort'?,  False.
Can Amphibian that is also Echinoderm be considered a subcategory of 'Mollusk'?,  False.
Can Arachnid that is also Coral be considered a subcategory of 'TreeRing'?,  False.
Can Chlorophyll that is also Moss be considered a subcategory of 'Ciliate'?,  False.
Can Jellyfish that is also Livestock be considered a subcategory of 'Foraminifer'?,  False.
Can IndigenousVegetation that is also MarineMammal be considered a subcategory of 'Macrophyte'?,  False.
Can Bacteria that is also Microbiota be considered a subcategory of 'Crustacean'?,  False.
Can Bird that is also FungiTaxonomy be considered a subcategory of 'ExoticVegetation'?,  False.
Can Macroalgae that is also Sponge be considered a subcategory of 'FungiTaxonomy'?,  False.
Can MarineMicrobiota that is also Microalgae be considered a subcategory of 'Amoebae'?,  False.
Can Liverwort that is also MarineAnimal be considered a subcategory of 'MarineMicrobiota'?,  False.
Can Conifer that is also Vertebrate be considered a subcategory of 'Phytoplankton'?,  False.
Can Centipede that is also Protist be considered a subcategory of 'Jellyfish'?,  False.
Can DominantSpecies that is also Poultry be considered a subcategory of 'MarinePlant'?,  False.
Can Crop that is also Fish be considered a subcategory of 'Radiolarian'?,  False.
Can Crown that is also Microbiota be considered a subcategory of 'Anemone'?,  False.
Can Litter that is also Poultry be considered a subcategory of 'Protist'?,  False.
Can Crop that is also Diatom be considered a subcategory of 'Zooplankton'?,  False.
Can Coral that is also MarinePlant be considered a subcategory of 'Insect'?,  False.
Can Algae that is also Reptile be considered a subcategory of 'Foraminifer'?,  False.
Can Coccolithophore that is also FungiTaxonomy be considered a subcategory of 'Vegetation'?,  False.
Can FloweringPlant that is also Human be considered a subcategory of 'Liverwort'?,  False.
Can Amphibian that is also Roundworm be considered a subcategory of 'Macrophyte'?,  False.
Can Leaf that is also Vegetation be considered a subcategory of 'Plankton'?,  False.
Can Invertebrate that is also Sponge be considered a subcategory of 'Crop'?,  False.
Can SegmentedWorm that is also Vegetation be considered a subcategory of 'Livestock'?,  False.
Can MarineBird that is also MarineMammal be considered a subcategory of 'Coral'?,  False.
Can Coral that is also DeciduousVegetation be considered a subcategory of 'Crustacean'?,  False.
Can IndigenousVegetation that is also Reptile be considered a subcategory of 'Amoebae'?,  False.
Can Livestock that is also Microphyte be considered a subcategory of 'FungiTaxonomy'?,  False.
Can Coccolithophore that is also Lichen be considered a subcategory of 'Microalgae'?,  False.
Can Bacteria that is also FloweringPlant be considered a subcategory of 'Nutrient'?,  False.
Can Crop that is also VegetationSpecies be considered a subcategory of 'Pollen'?,  False.
Can MarineMicrobiota that is also SlimeMold be considered a subcategory of 'MarineMammal'?,  False.
Can Chlorophyll that is also Invertebrate be considered a subcategory of 'Moss'?,  False.
Can ExoticSpecies that is also Vegetation be considered a subcategory of 'Animal'?,  False.
Can Coral that is also Dairy be considered a subcategory of 'Invertebrate'?,  False.
Can Algae that is also Leaf be considered a subcategory of 'Human'?,  False.
Can MicrobiotaTaxonomy that is also Microphyte be considered a subcategory of 'Microbiota'?,  False.
Can Ciliate that is also Roundworm be considered a subcategory of 'Diatom'?,  False.
Can Invertebrate that is also Leaf be considered a subcategory of 'MicrobiotaTaxonomy'?,  False.
Can Flatworm that is also Radiolarian be considered a subcategory of 'FloweringPlant'?,  False.
Can Anemone that is also Human be considered a subcategory of 'SegmentedWorm'?,  False.
Can Fungi that is also VegetationCover be considered a subcategory of 'Arachnid'?,  False.
Can DeciduousVegetation that is also FloweringPlant be considered a subcategory of 'SlimeMold'?,  False.
Can EvergreenVegetation that is also Protist be considered a subcategory of 'Conifer'?,  False.
Can Insect that is also Sporozoan be considered a subcategory of 'Pollen'?,  False.
Can Algae that is also Lichen be considered a subcategory of 'Litter'?,  False.
Can Crown that is also Zooplankton be considered a subcategory of 'Mollusk'?,  False.
Can Insect that is also MarineInvertebrate be considered a subcategory of 'TreeRing'?,  False.
Can Sporozoan that is also VegetationCover be considered a subcategory of 'Microalgae'?,  False.
Can Litter that is also Pollen be considered a subcategory of 'ExoticSpecies'?,  False.
Can Macroalgae that is also Plankton be considered a subcategory of 'Fish'?,  False.
Can Amoebae that is also Fungi be considered a subcategory of 'Arthropod'?,  False.
Can IndigenousSpecies that is also Lichen be considered a subcategory of 'ExoticVegetation'?,  False.
Can DominantSpecies that is also TreeRing be considered a subcategory of 'MarineInvertebrate'?,  False.
Can Millipede that is also VegetationSpecies be considered a subcategory of 'Invertebrate'?,  False.
Can Leaf that is also Phytoplankton be considered a subcategory of 'MarineMicrobiota'?,  False.
Can Chlorophyll that is also Foraminifer be considered a subcategory of 'Reptile'?,  False.
Can Bacteria that is also Jellyfish be considered a subcategory of 'Animal'?,  False.
Can Dairy that is also Mammal be considered a subcategory of 'DominantSpecies'?,  False.
Can Liverwort that is also Vertebrate be considered a subcategory of 'MarinePlant'?,  False.
Can Diatom that is also Microbiota be considered a subcategory of 'Vertebrate'?,  False.
Can ExoticVegetation that is also Radiolarian be considered a subcategory of 'Sporozoan'?,  False.
Can Human that is also Macroalgae be considered a subcategory of 'BlueGreenAlgae'?,  False.
Can Centipede that is also Coccolithophore be considered a subcategory of 'VegetationCover'?,  False.
Can FloweringPlant that is also Liverwort be considered a subcategory of 'Sponge'?,  False.
Can Crop that is also Yeast be considered a subcategory of 'Roundworm'?,  False.
Can Microbiota that is also Protist be considered a subcategory of 'VegetationSpecies'?,  False.
Can Microalgae that is also Mushroom be considered a subcategory of 'Lichen'?,  False.
Can Mammal that is also Mushroom be considered a subcategory of 'Flatworm'?,  False.
Can Conifer that is also Coral be considered a subcategory of 'Yeast'?,  False.
Can IndigenousSpecies that is also Macrophyte be considered a subcategory of 'Echinoderm'?,  False.
Can Arachnid that is also Canopy be considered a subcategory of 'Fern'?,  False.
Can Macrophyte that is also Millipede be considered a subcategory of 'Dairy'?,  False.
Can Animal that is also Phytoplankton be considered a subcategory of 'Amphibian'?,  False.
Can Chlorophyll that is also Roundworm be considered a subcategory of 'Centipede'?,  False.
Can SegmentedWorm that is also Sponge be considered a subcategory of 'Crustacean'?,  False.
Can IndigenousSpecies that is also Macrophyte be considered a subcategory of 'Coral'?,  False.
Can Phytoplankton that is also Reptile be considered a subcategory of 'Crown'?,  False.
Can Chlorophyll that is also Sponge be considered a subcategory of 'Amoebae'?,  False.
Can Centipede that is also Livestock be considered a subcategory of 'BlueGreenAlgae'?,  False.
Can Sporozoan that is also TreeRing be considered a subcategory of 'Phytoplankton'?,  False.
Can Lichen that is also Vegetation be considered a subcategory of 'Mushroom'?,  False.
Can FungiTaxonomy that is also Mollusk be considered a subcategory of 'Human'?,  False.
Can Macroalgae that is also Mollusk be considered a subcategory of 'Canopy'?,  False.
Can Plant that is also Vertebrate be considered a subcategory of 'VegetationCover'?,  False.
Can Coral that is also Litter be considered a subcategory of 'VegetationSpecies'?,  False.
Can ExoticVegetation that is also Vertebrate be considered a subcategory of 'Roundworm'?,  False.
Can Ciliate that is also Radiolarian be considered a subcategory of 'Echinoderm'?,  False.
Can Amphibian that is also Centipede be considered a subcategory of 'MarineBird'?,  False.
Can MarineMammal that is also SlimeMold be considered a subcategory of 'Flagellate'?,  False.
Can Algae that is also Yeast be considered a subcategory of 'Lichen'?,  False.
Can Invertebrate that is also Lichen be considered a subcategory of 'Fungi'?,  False.
Can BlueGreenAlgae that is also FungiTaxonomy be considered a subcategory of 'Bird'?,  False.
Can Canopy that is also ExoticSpecies be considered a subcategory of 'SlimeMold'?,  False.
Can Amoebae that is also Macrophyte be considered a subcategory of 'Arachnid'?,  False.
Can FloweringPlant that is also Litter be considered a subcategory of 'Zooplankton'?,  False.
Can Flatworm that is also Vertebrate be considered a subcategory of 'Bacteria'?,  False.
Can MicrobiotaTaxonomy that is also Protist be considered a subcategory of 'SegmentedWorm'?,  False.
Can Sporozoan that is also VegetationCover be considered a subcategory of 'Radiolarian'?,  False.
Can MarineAnimal that is also TreeRing be considered a subcategory of 'Mold'?,  False.
Can Fish that is also Millipede be considered a subcategory of 'Crop'?,  False.
Can Litter that is also VegetationCover be considered a subcategory of 'Vegetation'?,  False.
Can Arthropod that is also Jellyfish be considered a subcategory of 'Livestock'?,  False.
Can Mammal that is also MarinePlant be considered a subcategory of 'Microphyte'?,  False.
Can Amoebae that is also DeciduousVegetation be considered a subcategory of 'Foraminifer'?,  False.
Can FungiTaxonomy that is also IndigenousSpecies be considered a subcategory of 'MarineAnimal'?,  False.
Can Foraminifer that is also MarineAnimal be considered a subcategory of 'Amphibian'?,  False.
Can ExoticSpecies that is also SlimeMold be considered a subcategory of 'Protist'?,  False.
Can Centipede that is also Mammal be considered a subcategory of 'Lichen'?,  False.
Can DominantSpecies that is also Leaf be considered a subcategory of 'Echinoderm'?,  False.
Can BlueGreenAlgae that is also Nutrient be considered a subcategory of 'Fern'?,  False.
Can Anemone that is also MarineMicrobiota be considered a subcategory of 'IndigenousVegetation'?,  False.
Can Amoebae that is also Pollen be considered a subcategory of 'IndigenousSpecies'?,  False.
Can Bird that is also Invertebrate be considered a subcategory of 'Dairy'?,  False.
Can Flatworm that is also MicrobiotaTaxonomy be considered a subcategory of 'Chlorophyll'?,  False.
Can IndigenousVegetation that is also Poultry be considered a subcategory of 'Pollen'?,  False.
Can Moss that is also VegetationCover be considered a subcategory of 'Conifer'?,  False.
Can Bird that is also EvergreenVegetation be considered a subcategory of 'Mollusk'?,  False\n
Can Fish that is also SegmentedWorm be considered a subcategory of 'Nutrient'?,  False.
Can DeciduousVegetation that is also Microalgae be considered a subcategory of 'Ciliate'?,  False.
Can Arachnid that is also Litter be considered a subcategory of 'MarineMammal'?,  False.
Can ExoticSpecies that is also MarineAnimal be considered a subcategory of 'Microalgae'?,  False.
Can Fish that is also Millipede be considered a subcategory of 'Microphyte'?,  False.
Can Echinoderm that is also Yeast be considered a subcategory of 'Crown'?,  False.
Can Conifer that is also Roundworm be considered a subcategory of 'Macrophyte'?,  False.
Can Plant that is also VegetationSpecies be considered a subcategory of 'Livestock'?,  False.
Can Insect that is also Moss be considered a subcategory of 'Sporozoan'?,  False.
Can EvergreenVegetation that is also Pollen be considered a subcategory of 'Mushroom'?,  False.
Can Nutrient that is also Zooplankton be considered a subcategory of 'Amoebae'?,  False.
Can Echinoderm that is also Fern be considered a subcategory of 'Crustacean'?,  False.
Can Arachnid that is also Sporozoan be considered a subcategory of 'Phytoplankton'?,  False.
Can DominantSpecies that is also ExoticSpecies be considered a subcategory of 'VegetationSpecies'?,  False.
Can MicrobiotaTaxonomy that is also Plankton be considered a subcategory of 'Human'?,  False.
Can IndigenousVegetation that is also MarineInvertebrate be considered a subcategory of 'BlueGreenAlgae'?,  False.
Can Bacteria that is also MarineBird be considered a subcategory of 'VegetationCover'?,  False.
Can Arthropod that is also Bacteria be considered a subcategory of 'Flagellate'?,  False.
Can Canopy that is also Sponge be considered a subcategory of 'Plant'?,  False.
Can Fungi that is also Microalgae be considered a subcategory of 'Canopy'?,  False.
Can Bacteria that is also Centipede be considered a subcategory of 'Leaf'?,  False.
Can Arthropod that is also Mold be considered a subcategory of 'Crop'?,  False.
Can SegmentedWorm that is also Yeast be considered a subcategory of 'Poultry'?,  False.
Can Mushroom that is also Radiolarian be considered a subcategory of 'EvergreenVegetation'?,  False.
Can Ciliate that is also Crop be considered a subcategory of 'Coccolithophore'?,  False.
Can Microbiota that is also Mushroom be considered a subcategory of 'ExoticSpecies'?,  False.
Can Chlorophyll that is also Mold be considered a subcategory of 'Livestock'?,  False.
Can Diatom that is also Microphyte be considered a subcategory of 'Macrophyte'?,  False.
Can Coral that is also Plant be considered a subcategory of 'Mushroom'?,  False.
Can Millipede that is also Zooplankton be considered a subcategory of 'Sporozoan'?,  False.
Can Jellyfish that is also Plankton be considered a subcategory of 'Crown'?,  False.
Can FloweringPlant that is also Roundworm be considered a subcategory of 'Coral'?,  False.
Can Fern that is also Roundworm be considered a subcategory of 'Macroalgae'?,  False.
Can Crop that is also Foraminifer be considered a subcategory of 'Roundworm'?,  False.
Can BlueGreenAlgae that is also Echinoderm be considered a subcategory of 'Invertebrate'?,  False.
Can Vegetation that is also Zooplankton be considered a subcategory of 'Human'?,  False.
Can Mold that is also Phytoplankton be considered a subcategory of 'Animal'?,  False.
Can DominantSpecies that is also Reptile be considered a subcategory of 'Diatom'?,  False.
Can Bacteria that is also Crustacean be considered a subcategory of 'FungiTaxonomy'?,  False.
Can Arthropod be considered a subcategory of 'Moss'?,  False.
Can IndigenousSpecies that is also Pollen be considered a subcategory of 'MarineMicrobiota'?,  False.
Can Bird that is also Vegetation be considered a subcategory of 'Arachnid'?,  False.
Can Flagellate that is also MarineAnimal be considered a subcategory of 'Jellyfish'?,  False.
Can SegmentedWorm that is also SlimeMold be considered a subcategory of 'MarinePlant'?,  False.
Can Moss that is also TreeRing be considered a subcategory of 'Sponge'?,  False.
Can EvergreenVegetation that is also Nutrient be considered a subcategory of 'Bird'?,  False.
Can Mollusk that is also Nutrient be considered a subcategory of 'SlimeMold'?,  False.
Can Anemone that is also Livestock be considered a subcategory of 'FloweringPlant'?,  False.
Can Arachnid that is also Vertebrate be considered a subcategory of 'Anemone'?,  False.
Can ExoticSpecies that is also SlimeMold be considered a subcategory of 'Vegetation'?,  False.
Can ExoticVegetation that is also MicrobiotaTaxonomy be considered a subcategory of 'Algae'?,  False.
Can Diatom that is also Livestock be considered a subcategory of 'Bacteria'?,  False.
Can Bird that is also Flagellate be considered a subcategory of 'Microalgae'?,  False.
Can Microphyte that is also Protist be considered a subcategory of 'MarineInvertebrate'?,  False.
Can MarineMicrobiota that is also Roundworm be considered a subcategory of 'Fish'?,  False.
Can Foraminifer that is also VegetationCover be considered a subcategory of 'TreeRing'?,  False.
Can Dairy that is also MarineAnimal be considered a subcategory of 'ExoticVegetation'?,  False.
Can Human that is also Macrophyte be considered a subcategory of 'Animal'?,  False.
Can MarineBird that is also Poultry be considered a subcategory of 'Amoebae'?,  False.
Can Crustacean that is also Liverwort be considered a subcategory of 'FungiTaxonomy'?,  False.
Can Arthropod that is also Fish be considered a subcategory of 'MarinePlant'?,  False.
Can Microbiota that is also Phytoplankton be considered a subcategory of 'Vertebrate'?,  False.
Can DeciduousVegetation that is also Liverwort be considered a subcategory of 'DominantSpecies'?,  False.
Can Crustacean that is also VegetationSpecies be considered a subcategory of 'MarineMicrobiota'?,  False.
Can Algae that is also Coral be considered a subcategory of 'Bird'?,  False.
Can IndigenousSpecies that is also Zooplankton be considered a subcategory of 'Sponge'?,  False.
Can Flagellate that is also Flatworm be considered a subcategory of 'Fungi'?,  False.
Can MarineBird that is also MarineInvertebrate be considered a subcategory of 'Canopy'?,  False.
Can Crustacean that is also Human be considered a subcategory of 'Microbiota'?,  False.
Can Pollen that is also Reptile be considered a subcategory of 'VegetationSpecies'?,  False.
Can Crown that is also Microphyte be considered a subcategory of 'VegetationCover'?,  False.
Can Fungi that is also Liverwort be considered a subcategory of 'Flatworm'?,  False.
Can MarineBird that is also VegetationSpecies be considered a subcategory of 'IndigenousSpecies'?,  False.
Can DominantSpecies that is also Radiolarian be considered a subcategory of 'Millipede'?,  False.
Can Canopy that is also Human be considered a subcategory of 'Lichen'?,  False.
Can IndigenousVegetation that is also Plankton be considered a subcategory of 'Dairy'?,  False.
Can Flatworm that is also Foraminifer be considered a subcategory of 'Litter'?,  False.
Can Amphibian that is also Crop be considered a subcategory of 'Protist'?,  False.
Can Mammal that is also Microbiota be considered a subcategory of 'Zooplankton'?,  False.
Can BlueGreenAlgae that is also Moss be considered a subcategory of 'Insect'?,  False.
Can BlueGreenAlgae that is also Vegetation be considered a subcategory of 'Chlorophyll'?,  False.
Can Coral that is also MarineMammal be considered a subcategory of 'Mollusk'?,  False.
Can Amoebae that is also Zooplankton be considered a subcategory of 'Conifer'?,  False.
Can Jellyfish that is also MicrobiotaTaxonomy be considered a subcategory of 'Arthropod'?,  False.
Can IndigenousVegetation that is also Plant be considered a subcategory of 'Diatom'?,  False.
Can Invertebrate that is also Moss be considered a subcategory of 'Human'?,  False.
Can IndigenousSpecies that is also Jellyfish be considered a subcategory of 'Invertebrate'?,  False.
Can Anemone that is also Sponge be considered a subcategory of 'VegetationCover'?,  False.
Can Fern that is also Microalgae be considered a subcategory of 'Reptile'?,  False.
Can Arachnid that is also FloweringPlant be considered a subcategory of 'Roundworm'?,  False.
Can Chlorophyll that is also Echinoderm be considered a subcategory of 'Canopy'?,  False.
Can Centipede that is also Crown be considered a subcategory of 'MarineBird'?,  False.
Can DominantSpecies that is also FungiTaxonomy be considered a subcategory of 'Protist'?,  False.
Can Crop that is also Lichen be considered a subcategory of 'SlimeMold'?,  False.
Can FungiTaxonomy that is also Pollen be considered a subcategory of 'Millipede'?,  False.
Can Canopy that is also Pollen be considered a subcategory of 'Zooplankton'?,  False.
Can Bird that is also Sponge be considered a subcategory of 'Mammal'?,  False.
Can Human that is also Litter be considered a subcategory of 'IndigenousSpecies'?,  False.
Can MarinePlant that is also Vertebrate be considered a subcategory of 'Radiolarian'?,  False.
Can Coccolithophore that is also Roundworm be considered a subcategory of 'Bacteria'?,  False.
Can Foraminifer that is also TreeRing be considered a subcategory of 'Poultry'?,  False.
Can BlueGreenAlgae that is also EvergreenVegetation be considered a subcategory of 'Yeast'?,  False.
Can Mollusk be considered a subcategory of 'Echinoderm'?,  False.
Can Diatom that is also Lichen be considered a subcategory of 'Fern'?,  False.
Can FungiTaxonomy that is also VegetationSpecies be considered a subcategory of 'Leaf'?,  False.
Can Flagellate that is also Nutrient be considered a subcategory of 'Vegetation'?,  False.
Can Ciliate that is also ExoticVegetation be considered a subcategory of 'Centipede'?,  False.
Can Litter that is also Radiolarian be considered a subcategory of 'Microphyte'?,  False.
Can Dairy that is also Vertebrate be considered a subcategory of 'Pollen'?,  False.
Can Centipede that is also SlimeMold be considered a subcategory of 'MarineAnimal'?,  False.
Can Lichen that is also Sporozoan be considered a subcategory of 'Livestock'?,  False.
Can Microphyte that is also TreeRing be considered a subcategory of 'Nutrient'?,  False.
Can Ciliate that is also Echinoderm be considered a subcategory of 'Mushroom'?,  False.
Can Mold that is also Pollen be considered a subcategory of 'ExoticSpecies'?,  False.
Can Chlorophyll that is also VegetationCover be considered a subcategory of 'DeciduousVegetation'?,  False.
Can Amphibian that is also IndigenousSpecies be considered a subcategory of 'Mammal'?,  False.
Can Animal that is also EvergreenVegetation be considered a subcategory of 'Liverwort'?,  False.
Can Algae that is also Flagellate be considered a subcategory of 'Dairy'?,  False.
Can Algae that is also Invertebrate be considered a subcategory of 'Zooplankton'?,  False.
Can Conifer that is also Plankton be considered a subcategory of 'Fish'?,  False.
Can Fungi that is also Nutrient be considered a subcategory of 'Foraminifer'?,  False.
Can Insect that is also Leaf be considered a subcategory of 'Mollusk'?,  False.
Can Coccolithophore that is also Reptile be considered a subcategory of 'Chlorophyll'?,  False.
Can MarineInvertebrate that is also VegetationSpecies be considered a subcategory of 'Ciliate'?,  False.
Can Poultry that is also SlimeMold be considered a subcategory of 'FungiTaxonomy'?,  False.
Can DeciduousVegetation that is also Sporozoan be considered a subcategory of 'Macrophyte'?,  False.
Can Diatom that is also Yeast be considered a subcategory of 'TreeRing'?,  False.
Can Dairy that is also MarineMicrobiota be considered a subcategory of 'ExoticVegetation'?,  False.
Can Coccolithophore that is also Leaf be considered a subcategory of 'Jellyfish'?,  False.
Can Diatom that is also Lichen be considered a subcategory of 'Moss'?,  False.
Can Bacteria that is also Fern be considered a subcategory of 'Crustacean'?,  False.
Can Leaf that is also Macroalgae be considered a subcategory of 'Mushroom'?,  False.
Can MarineMicrobiota that is also MarinePlant be considered a subcategory of 'Human'?,  False.
Can Amphibian that is also Coral be considered a subcategory of 'DeciduousVegetation'?,  False.
Can Animal that is also Moss be considered a subcategory of 'Nutrient'?,  False.
Can DeciduousVegetation that is also Protist be considered a subcategory of 'Diatom'?,  False.
Can Poultry that is also Yeast be considered a subcategory of 'Roundworm'?,  False.
Can Conifer that is also Microbiota be considered a subcategory of 'BlueGreenAlgae'?,  False.
Can Bird that is also Fungi be considered a subcategory of 'Arthropod'?,  False.
Can ExoticVegetation that is also Macrophyte be considered a subcategory of 'Flagellate'?,  False.
Can Fern that is also Microalgae be considered a subcategory of 'SlimeMold'?,  False.
Can Liverwort that is also MarineInvertebrate be considered a subcategory of 'Canopy'?,  False.
Can Conifer that is also Poultry be considered a subcategory of 'Microbiota'?,  False.
Can Phytoplankton that is also Plant be considered a subcategory of 'Protist'?,  False.
Can Arachnid that is also MarineMammal be considered a subcategory of 'IndigenousSpecies'?,  False.
Can Crustacean that is also MarineMicrobiota be considered a subcategory of 'Millipede'?,  False.
Can Animal that is also Coccolithophore be considered a subcategory of 'MarineBird'?,  False.
Can Millipede that is also Sponge be considered a subcategory of 'ExoticSpecies'?,  False.
Can ExoticSpecies that is also SegmentedWorm be considered a subcategory of 'Crown'?,  False.
Can MarinePlant that is also MicrobiotaTaxonomy be considered a subcategory of 'Conifer'?,  False.
Can Livestock that is also Reptile be considered a subcategory of 'Coccolithophore'?,  False.
Can IndigenousVegetation that is also Mammal be considered a subcategory of 'Nutrient'?,  False.
Can Arthropod that is also Livestock be considered a subcategory of 'Invertebrate'?,  False.
Can Amphibian that is also SegmentedWorm be considered a subcategory of 'MarineMammal'?,  False.
Can Mushroom that is also Vegetation be considered a subcategory of 'Microalgae'?,  False.
Can Macrophyte that is also Moss be considered a subcategory of 'Animal'?,  False.
Can Macroalgae that is also SlimeMold be considered a subcategory of 'Diatom'?,  False.
Can MarineMammal that is also Mold be considered a subcategory of 'Human'?,  False.
Can Canopy that is also Coral be considered a subcategory of 'Macroalgae'?,  False.
Can Nutrient that is also Yeast be considered a subcategory of 'Microbiota'?,  False.
Can Anemone that is also Protist be considered a subcategory of 'Millipede'?,  False.
Can Crown that is also Vertebrate be considered a subcategory of 'MicrobiotaTaxonomy'?,  False.
Can Microbiota that is also Protist be considered a subcategory of 'Reptile'?,  False.
Can Ciliate that is also SegmentedWorm be considered a subcategory of 'Arachnid'?,  False.
Can Invertebrate that is also Mushroom be considered a subcategory of 'VegetationSpecies'?,  False.
Can Chlorophyll that is also FloweringPlant be considered a subcategory of 'MarinePlant'?,  False.
Can ExoticSpecies that is also MarineMammal be considered a subcategory of 'MarineMicrobiota'?,  False.
Can Mold that is also Plant be considered a subcategory of 'Bird'?,  False.
Can Canopy that is also FloweringPlant be considered a subcategory of 'Algae'?,  False.
Can Bacteria that is also Jellyfish be considered a subcategory of 'Plant'?,  False.
Can Arthropod that is also MicrobiotaTaxonomy be considered a subcategory of 'Sponge'?,  False.
Can Crown that is also Litter be considered a subcategory of 'Amphibian'?,  False.
Can Crop that is also Protist be considered a subcategory of 'Poultry'?,  False.
Can Flatworm that is also MarineAnimal be considered a subcategory of 'Bacteria'?,  False.
Can Anemone that is also SlimeMold be considered a subcategory of 'Echinoderm'?,  False.
Can FungiTaxonomy that is also Macroalgae be considered a subcategory of 'Fern'?,  False.
Can Human that is also Insect be considered a subcategory of 'IndigenousVegetation'?,  False.
Can Fish that is also Nutrient be considered a subcategory of 'EvergreenVegetation'?,  False.
Can Anemone that is also Crown be considered a subcategory of 'Leaf'?,  False.
Can DominantSpecies that is also Macroalgae be considered a subcategory of 'Mushroom'?,  False.
Can Mollusk that is also VegetationSpecies be considered a subcategory of 'Sporozoan'?,  False.
Can MarineInvertebrate that is also Sporozoan be considered a subcategory of 'FungiTaxonomy'?,  False.
Can Anemone that is also Sporozoan be considered a subcategory of 'ExoticVegetation'?,  False.
Can Bacteria that is also Flagellate be considered a subcategory of 'Vertebrate'?,  False.
Can Ciliate that is also Dairy be considered a subcategory of 'Plant'?,  False.
Can Fungi that is also Plant be considered a subcategory of 'BlueGreenAlgae'?,  False.
Can Foraminifer that is also Lichen be considered a subcategory of 'MarinePlant'?,  False.
Can Dairy that is also ExoticSpecies be considered a subcategory of 'Sponge'?,  False.
Can Amoebae that is also MarinePlant be considered a subcategory of 'Yeast'?,  False.
Can Leaf that is also MarineBird be considered a subcategory of 'VegetationSpecies'?,  False.
Can Crustacean that is also Foraminifer be considered a subcategory of 'VegetationCover'?,  False.
Can Fish that is also MicrobiotaTaxonomy be considered a subcategory of 'Flatworm'?,  False.
Can VegetationCover that is also Yeast be considered a subcategory of 'IndigenousSpecies'?,  False.
Can Invertebrate that is also Liverwort be considered a subcategory of 'Echinoderm'?,  False.
Can BlueGreenAlgae that is also VegetationSpecies be considered a subcategory of 'Bacteria'?,  False.
Can Conifer that is also MicrobiotaTaxonomy be considered a subcategory of 'SegmentedWorm'?,  False.
Can Livestock that is also Macrophyte be considered a subcategory of 'Protist'?,  False.
Can Centipede that is also Macroalgae be considered a subcategory of 'SlimeMold'?,  False.
Can Insect that is also Liverwort be considered a subcategory of 'FloweringPlant'?,  False.
Can Animal that is also SegmentedWorm be considered a subcategory of 'Anemone'?,  False.
Can Mushroom that is also Roundworm be considered a subcategory of 'Vegetation'?,  False.
Can Microalgae that is also Millipede be considered a subcategory of 'Zooplankton'?,  False.
Can Amoebae that is also Mushroom be considered a subcategory of 'Dairy'?,  False.
Can Algae that is also Mold be considered a subcategory of 'Foraminifer'?,  False.
Can Canopy that is also Zooplankton be considered a subcategory of 'Fish'?,  False.
Can Arachnid that is also Mammal be considered a subcategory of 'Liverwort'?,  False.
Can Millipede that is also Phytoplankton be considered a subcategory of 'Insect'?,  False.
Can Coccolithophore that is also Crown be considered a subcategory of 'Plankton'?,  False.
Can Plankton that is also Protist be considered a subcategory of 'Amoebae'?,  False.
Can EvergreenVegetation that is also Macrophyte be considered a subcategory of 'Livestock'?,  False.
Can Insect that is also SlimeMold be considered a subcategory of 'Macrophyte'?,  False.
Can Coral that is also Plankton be considered a subcategory of 'Reptile'?,  False.
Can ExoticVegetation that is also Flatworm be considered a subcategory of 'SlimeMold'?,  False.
Can Fish that is also Livestock be considered a subcategory of 'DominantSpecies'?,  False.
Can TreeRing that is also Yeast be considered a subcategory of 'MarineMicrobiota'?,  False.
Can BlueGreenAlgae that is also Microbiota be considered a subcategory of 'Bird'?,  False.
Can Mollusk that is also Yeast be considered a subcategory of 'SegmentedWorm'?,  False.
Can ExoticVegetation that is also Macroalgae be considered a subcategory of 'Millipede'?,  False.
Can Fern that is also Vertebrate be considered a subcategory of 'Fungi'?,  False.
Can Flagellate that is also Mold be considered a subcategory of 'Mammal'?,  False.
Can Ciliate that is also Conifer be considered a subcategory of 'Poultry'?,  False.
Can Centipede that is also MarineMammal be considered a subcategory of 'Anemone'?,  False.
Can Dairy that is also Mushroom be considered a subcategory of 'Crop'?,  False.
Can Animal that is also MarinePlant be considered a subcategory of 'Foraminifer'?,  False.
Can Amphibian that is also Microphyte be considered a subcategory of 'Vegetation'?,  False.
Can Animal that is also Microalgae be considered a subcategory of 'Mold'?,  False.
Can Anemone that is also ExoticVegetation be considered a subcategory of 'Leaf'?,  False.
Can Fern that is also Litter be considered a subcategory of 'MarineAnimal'?,  False.
Can FloweringPlant that is also Plankton be considered a subcategory of 'Centipede'?,  False.
Can Flatworm be considered a subcategory of 'Fern'?,  False.
Can DeciduousVegetation that is also Plant be considered a subcategory of 'Pollen'?,  False.
Can Foraminifer that is also FungiTaxonomy be considered a subcategory of 'ExoticSpecies'?,  False.
Can BlueGreenAlgae that is also MarineAnimal be considered a subcategory of 'Mollusk'?,  False.
Can Fish that is also Mollusk be considered a subcategory of 'Conifer'?,  False.
Can Amphibian that is also Reptile be considered a subcategory of 'Microalgae'?,  False.
Can Crustacean that is also Sponge be considered a subcategory of 'MarineInvertebrate'?,  False.
Can Arthropod that is also Flagellate be considered a subcategory of 'DeciduousVegetation'?,  False.
Can Ciliate that is also MarinePlant be considered a subcategory of 'TreeRing'?,  False.
Can Conifer that is also Vegetation be considered a subcategory of 'Diatom'?,  False.
Can Mollusk that is also VegetationSpecies be considered a subcategory of 'Animal'?,  False.
Can Dairy that is also SegmentedWorm be considered a subcategory of 'Moss'?,  False.
Can IndigenousSpecies that is also MarinePlant be considered a subcategory of 'Arthropod'?,  False.
Can FloweringPlant that is also VegetationCover be considered a subcategory of 'Foraminifer'?,  False.
Can Bird that is also MarineMammal be considered a subcategory of 'Macrophyte'?,  False.
Can BlueGreenAlgae that is also MarineMicrobiota be considered a subcategory of 'Mold'?,  False.
Can Coccolithophore that is also MarineMicrobiota be considered a subcategory of 'Crop'?,  False.
Can Litter that is also Vegetation be considered a subcategory of 'Crown'?,  False.
Can Animal that is also MarineAnimal be considered a subcategory of 'Amoebae'?,  False.
Can Algae that is also Flatworm be considered a subcategory of 'Plankton'?,  False.
Can Invertebrate that is also Poultry be considered a subcategory of 'Microphyte'?,  False.
Can FungiTaxonomy that is also Microphyte be considered a subcategory of 'Jellyfish'?,  False.
Can Arthropod that is also Fungi be considered a subcategory of 'Human'?,  False.
Can Fish that is also Leaf be considered a subcategory of 'Crustacean'?,  False.
Can DeciduousVegetation that is also Reptile be considered a subcategory of 'Sporozoan'?,  False.
Can Flagellate that is also Human be considered a subcategory of 'VegetationSpecies'?,  False.
Can Poultry that is also SegmentedWorm be considered a subcategory of 'Plant'?,  False.
Can DeciduousVegetation that is also Phytoplankton be considered a subcategory of 'BlueGreenAlgae'?,  False.
Can Radiolarian that is also Reptile be considered a subcategory of 'Phytoplankton'?,  False.
Can Echinoderm that is also Plankton be considered a subcategory of 'Roundworm'?,  False.
Can MarineInvertebrate that is also Moss be considered a subcategory of 'DominantSpecies'?,  False.
Can Bird that is also Insect be considered a subcategory of 'Arthropod'?,  False.
Can Pollen that is also TreeRing be considered a subcategory of 'Diatom'?,  False.
Can IndigenousVegetation that is also VegetationSpecies be considered a subcategory of 'SlimeMold'?,  False.
Can Arachnid that is also Fungi be considered a subcategory of 'Millipede'?,  False.
Can EvergreenVegetation that is also Sporozoan be considered a subcategory of 'MarineMicrobiota'?,  False.
Can DominantSpecies that is also Jellyfish be considered a subcategory of 'Reptile'?,  False.
Can Mammal that is also Microalgae be considered a subcategory of 'SegmentedWorm'?,  False.
Can Bacteria that is also Leaf be considered a subcategory of 'Radiolarian'?,  False.
Can Bacteria that is also Sponge be considered a subcategory of 'Bird'?,  False.
Can Amoebae that is also Diatom be considered a subcategory of 'Liverwort'?,  False.
Can Crop that is also Invertebrate be considered a subcategory of 'Vegetation'?,  False.
Can Foraminifer that is also FungiTaxonomy be considered a subcategory of 'Anemone'?,  False.
Can Centipede that is also ExoticSpecies be considered a subcategory of 'Mammal'?,  False.
Can Diatom that is also Jellyfish be considered a subcategory of 'Invertebrate'?,  False.
Can Crop that is also Roundworm be considered a subcategory of 'FungiTaxonomy'?,  False.
Can Ciliate that is also Human be considered a subcategory of 'Microalgae'?,  False.
Can Mushroom that is also Poultry be considered a subcategory of 'Nutrient'?,  False.
Can Echinoderm that is also FloweringPlant be considered a subcategory of 'Diatom'?,  False.
Can Coral that is also Zooplankton be considered a subcategory of 'MicrobiotaTaxonomy'?,  False.
Can Microbiota that is also Plant be considered a subcategory of 'Moss'?,  False.
Can Coccolithophore that is also Millipede be considered a subcategory of 'Animal'?,  False.
Can Pollen that is also Vegetation be considered a subcategory of 'Arachnid'?,  False.
Can Crown that is also Roundworm be considered a subcategory of 'Fungi'?,  False.
Can Fern that is also Zooplankton be considered a subcategory of 'Reptile'?,  False.
Can Crop that is also Invertebrate be considered a subcategory of 'MarineMicrobiota'?,  False.
Can DominantSpecies that is also Microphyte be considered a subcategory of 'Bird'?,  False.
Can Canopy that is also Lichen be considered a subcategory of 'Algae'?,  False.
Can Leaf that is also MarineInvertebrate be considered a subcategory of 'FloweringPlant'?,  False.
Can Human that is also Reptile be considered a subcategory of 'SegmentedWorm'?,  False.
Can MarineMicrobiota that is also Mollusk be considered a subcategory of 'Flagellate'?,  False.
Can Coccolithophore that is also Livestock be considered a subcategory of 'Lichen'?,  False.
Can Diatom that is also IndigenousSpecies be considered a subcategory of 'Sponge'?,  False.
Can Crop that is also Vegetation be considered a subcategory of 'Microbiota'?,  False.
Can Algae that is also ExoticVegetation be considered a subcategory of 'Centipede'?,  False.
Can Diatom that is also Invertebrate be considered a subcategory of 'IndigenousSpecies'?,  False.
Can FloweringPlant that is also TreeRing be considered a subcategory of 'Echinoderm'?,  False.
Can Coral that is also Nutrient be considered a subcategory of 'Amphibian'?,  False.
Can Leaf that is also Yeast be considered a subcategory of 'IndigenousVegetation'?,  False.
Can Radiolarian that is also Reptile be considered a subcategory of 'Conifer'?,  False.
Can Vegetation that is also Vertebrate be considered a subcategory of 'Dairy'?,  False.
Can Roundworm that is also SlimeMold be considered a subcategory of 'Fern'?,  False.
Can Conifer that is also DeciduousVegetation be considered a subcategory of 'Fish'?,  False.
Can Microphyte that is also Radiolarian be considered a subcategory of 'MarineMammal'?,  False.
Can Centipede that is also Microphyte be considered a subcategory of 'Coccolithophore'?,  False.
Can Fungi that is also Mold be considered a subcategory of 'Chlorophyll'?,  False.
Can DeciduousVegetation that is also FungiTaxonomy be considered a subcategory of 'Roundworm'?,  False.
Can Crustacean that is also Protist be considered a subcategory of 'VegetationSpecies'?,  False.
Can Macrophyte that is also MarineAnimal be considered a subcategory of 'Human'?,  False.
Can Lichen that is also Macrophyte be considered a subcategory of 'Macroalgae'?,  False.
Can Macroalgae that is also Reptile be considered a subcategory of 'Microbiota'?,  False.
Can Flagellate that is also Insect be considered a subcategory of 'Millipede'?,  False.
Can Arthropod that is also Sporozoan be considered a subcategory of 'VegetationCover'?,  False.
Can Litter that is also Phytoplankton be considered a subcategory of 'Flagellate'?,  False.
Can EvergreenVegetation that is also Millipede be considered a subcategory of 'IndigenousSpecies'?,  False.
Can Amoebae that is also Mollusk be considered a subcategory of 'Centipede'?,  False.
Can Algae that is also VegetationCover be considered a subcategory of 'Lichen'?,  False.
Can IndigenousSpecies that is also TreeRing be considered a subcategory of 'Flatworm'?,  False.
Can Mammal that is also Nutrient be considered a subcategory of 'Litter'?,  False.
Can ExoticVegetation that is also Phytoplankton be considered a subcategory of 'Mollusk'?,  False.
Can Coccolithophore that is also IndigenousSpecies be considered a subcategory of 'Zooplankton'?,  False.
Can Jellyfish that is also TreeRing be considered a subcategory of 'Dairy'?,  False.
Can Bacteria that is also Sporozoan be considered a subcategory of 'Vegetation'?,  False.
Can Litter that is also Mammal be considered a subcategory of 'Liverwort'?,  False.
Can Crown that is also Fungi be considered a subcategory of 'Bacteria'?,  False.
Can MarineBird that is also Protist be considered a subcategory of 'Anemone'?,  False.
Can MarineMammal that is also VegetationCover be considered a subcategory of 'Crop'?,  False.
Can IndigenousVegetation that is also Macroalgae be considered a subcategory of 'EvergreenVegetation'?,  False.
Can Foraminifer that is also Insect be considered a subcategory of 'Leaf'?,  False.
Can IndigenousSpecies that is also MarineMicrobiota be considered a subcategory of 'ExoticSpecies'?,  False.
Can Mushroom that is also VegetationCover be considered a subcategory of 'Crown'?,  False.
Can Millipede that is also Moss be considered a subcategory of 'Microphyte'?,  False.
Can Amoebae that is also BlueGreenAlgae be considered a subcategory of 'Plankton'?,  False.
Can Chlorophyll that is also Poultry be considered a subcategory of 'Sporozoan'?,  False.
Can Canopy that is also Liverwort be considered a subcategory of 'BlueGreenAlgae'?,  False.
Can Bird that is also Mammal be considered a subcategory of 'Coral'?,  False.
Can Phytoplankton that is also Protist be considered a subcategory of 'Mushroom'?,  False.
Can Conifer that is also Crop be considered a subcategory of 'SegmentedWorm'?,  False.
Can Fungi that is also Pollen be considered a subcategory of 'Yeast'?,  False.
Can Anemone that is also Mammal be considered a subcategory of 'Fungi'?,  False.
Can Fern that is also MarinePlant be considered a subcategory of 'Bird'?,  False.
Can Human that is also MarineInvertebrate be considered a subcategory of 'Poultry'?,  False.
Can MarinePlant that is also Poultry be considered a subcategory of 'Vegetation'?,  False.
Can Crown that is also Fish be considered a subcategory of 'Echinoderm'?,  False.
Can FungiTaxonomy that is also Yeast be considered a subcategory of 'Bacteria'?,  False.
Can MarineBird that is also MarineMicrobiota be considered a subcategory of 'Leaf'?,  False.
Can Amphibian that is also Mollusk be considered a subcategory of 'MarineAnimal'?,  False.
Can Canopy that is also ExoticVegetation be considered a subcategory of 'Mold'?,  False.
Can Algae that is also Foraminifer be considered a subcategory of 'Crown'?,  False.
Can Ciliate that is also MarineMammal be considered a subcategory of 'ExoticSpecies'?,  False.
Can Mammal that is also Plant be considered a subcategory of 'Coccolithophore'?,  False.
Can IndigenousVegetation that is also MarineMammal be considered a subcategory of 'Microphyte'?,  False.
Can Macrophyte that is also SlimeMold be considered a subcategory of 'Foraminifer'?,  False.
Can Lichen be considered a subcategory of 'Fish'?,  False.
Can Chlorophyll that is also Diatom be considered a subcategory of 'Conifer'?,  False.
Can Canopy that is also VegetationSpecies be considered a subcategory of 'Pollen'?,  False.
Can Mold that is also Sporozoan be considered a subcategory of 'MarineInvertebrate'?,  False.
Can Chlorophyll that is also Litter be considered a subcategory of 'Moss'?,  False.
Can FungiTaxonomy that is also Radiolarian be considered a subcategory of 'TreeRing'?,  False.
Can Dairy that is also Protist be considered a subcategory of 'Microalgae'?,  False.
Can Mushroom that is also VegetationCover be considered a subcategory of 'Animal'?,  False.
Can Jellyfish that is also TreeRing be considered a subcategory of 'DominantSpecies'?,  False.
Can Microphyte that is also Vertebrate be considered a subcategory of 'FungiTaxonomy'?,  False.
Can Ciliate that is also Insect be considered a subcategory of 'ExoticVegetation'?,  False.
Can FloweringPlant that is also IndigenousSpecies be considered a subcategory of 'Vertebrate'?,  False.
Can Echinoderm that is also Jellyfish be considered a subcategory of 'Plant'?,  False.
Can Echinoderm that is also MicrobiotaTaxonomy be considered a subcategory of 'MarineMicrobiota'?,  False.
Can Amoebae that is also Plant be considered a subcategory of 'Reptile'?,  False.
Can Chlorophyll that is also Millipede be considered a subcategory of 'Algae'?,  False.
Can Canopy that is also Echinoderm be considered a subcategory of 'Radiolarian'?,  False.
Can Roundworm that is also Vegetation be considered a subcategory of 'MarineBird'?,  False.
Can FungiTaxonomy that is also Insect be considered a subcategory of 'Liverwort'?,  False.
Can Pollen that is also Protist be considered a subcategory of 'Insect'?,  False.
Can Macrophyte that is also Zooplankton be considered a subcategory of 'Anemone'?,  False.
Can Fern that is also Lichen be considered a subcategory of 'Vegetation'?,  False.
Can Human that is also Macroalgae be considered a subcategory of 'Livestock'?,  False.
Can DominantSpecies that is also Insect be considered a subcategory of 'Macrophyte'?,  False.
Can Crown that is also Sporozoan be considered a subcategory of 'Mold'?,  False.
Can Litter that is also MarineInvertebrate be considered a subcategory of 'Crop'?,  False.
Can MarineBird that is also Millipede be considered a subcategory of 'Crown'?,  False.
Can Amoebae that is also Bacteria be considered a subcategory of 'Coral'?,  False.
Can Canopy that is also VegetationCover be considered a subcategory of 'Plankton'?,  False.
Can Fungi that is also TreeRing be considered a subcategory of 'Ciliate'?,  False.
Can Coral that is also Microphyte be considered a subcategory of 'MarineMammal'?,  False.
Can ExoticVegetation that is also MarineBird be considered a subcategory of 'DeciduousVegetation'?,  False.
Can Leaf that is also Livestock be considered a subcategory of 'ExoticSpecies'?,  False.
Can Reptile that is also TreeRing be considered a subcategory of 'Pollen'?,  False.
Can Liverwort that is also Yeast be considered a subcategory of 'Moss'?,  False.
Can DeciduousVegetation that is also Diatom be considered a subcategory of 'Nutrient'?,  False.
Can Radiolarian that is also Vertebrate be considered a subcategory of 'Invertebrate'?,  False.
Can Microbiota that is also Mold be considered a subcategory of 'MicrobiotaTaxonomy'?,  False.
Can Conifer that is also Plankton be considered a subcategory of 'Canopy'?,  False.
Can Diatom that is also Radiolarian be considered a subcategory of 'Animal'?,  False.
Can Centipede that is also Crop be considered a subcategory of 'Diatom'?,  False.
Can Mushroom that is also Zooplankton be considered a subcategory of 'SlimeMold'?,  False.
Can Invertebrate that is also Jellyfish be considered a subcategory of 'FloweringPlant'?,  False.
Can FloweringPlant that is also Microphyte be considered a subcategory of 'Microbiota'?,  False.
Can Coral that is also Microalgae be considered a subcategory of 'Arachnid'?,  False.
Can IndigenousSpecies that is also Phytoplankton be considered a subcategory of 'IndigenousVegetation'?,  False.
Can Jellyfish that is also Reptile be considered a subcategory of 'Conifer'?,  False.
Can Crustacean that is also Echinoderm be considered a subcategory of 'Dairy'?,  False.
Can Amoebae that is also Arthropod be considered a subcategory of 'Litter'?,  False.
Can Chlorophyll that is also IndigenousSpecies be considered a subcategory of 'Fish'?,  False.
Can EvergreenVegetation that is also Sponge be considered a subcategory of 'MarineMammal'?,  False.
Can Flagellate that is also Mammal be considered a subcategory of 'Pollen'?,  False.
Can Phytoplankton that is also SegmentedWorm be considered a subcategory of 'ExoticSpecies'?,  False.
Can FungiTaxonomy that is also TreeRing be considered a subcategory of 'Invertebrate'?,  False.
Can Centipede that is also Nutrient be considered a subcategory of 'Arthropod'?,  False.
Can Macrophyte that is also Mollusk be considered a subcategory of 'Microalgae'?,  False.
Can Coccolithophore that is also Lichen be considered a subcategory of 'MarineInvertebrate'?,  False.
Can Vertebrate be considered a subcategory of 'DominantSpecies'?,  False.
Can Pollen that is also SlimeMold be considered a subcategory of 'MicrobiotaTaxonomy'?,  False.
Can Diatom that is also Litter be considered a subcategory of 'Animal'?,  False.
Can Foraminifer that is also Mammal be considered a subcategory of 'BlueGreenAlgae'?,  False.
Can MarineMammal that is also Phytoplankton be considered a subcategory of 'MarinePlant'?,  False.
Can IndigenousSpecies that is also Mammal be considered a subcategory of 'Crustacean'?,  False.
Can Jellyfish that is also Leaf be considered a subcategory of 'Sporozoan'?,  False.
Can BlueGreenAlgae that is also Macrophyte be considered a subcategory of 'VegetationSpecies'?,  False.
Can Lichen that is also MarineMicrobiota be considered a subcategory of 'VegetationCover'?,  False.
Can Amoebae that is also Chlorophyll be considered a subcategory of 'Macroalgae'?,  False.
Can Moss that is also Sponge be considered a subcategory of 'Phytoplankton'?,  False.
Can Flatworm that is also Sporozoan be considered a subcategory of 'Flagellate'?,  False.
Can Litter that is also Poultry be considered a subcategory of 'Lichen'?,  False.
Can FungiTaxonomy that is also VegetationCover be considered a subcategory of 'Sponge'?,  False.
Can Bird that is also Protist be considered a subcategory of 'Yeast'?,  False.
Can Macrophyte that is also VegetationCover be considered a subcategory of 'Centipede'?,  False.
Can DeciduousVegetation that is also TreeRing be considered a subcategory of 'Fern'?,  False.
Can Liverwort that is also Vertebrate be considered a subcategory of 'Flatworm'?,  False.
Can Insect that is also MarineAnimal be considered a subcategory of 'Amphibian'?,  False.
Can MarineInvertebrate that is also Plant be considered a subcategory of 'Amoebae'?,  False.
Can Human that is also MarineMammal be considered a subcategory of 'DeciduousVegetation'?,  False.
Can MarineMicrobiota that is also Pollen be considered a subcategory of 'Microphyte'?,  False.
Can Amphibian that is also Sponge be considered a subcategory of 'Human'?,  False.
Can Animal that is also MarineBird be considered a subcategory of 'BlueGreenAlgae'?,  False.
Can Algae that is also MarinePlant be considered a subcategory of 'Coral'?,  False.
Can Canopy that is also Invertebrate be considered a subcategory of 'Mushroom'?,  False.
Can Conifer that is also IndigenousVegetation be considered a subcategory of 'Roundworm'?,  False.
Can Foraminifer that is also Fungi be considered a subcategory of 'Canopy'?,  False.
Can Amphibian that is also Leaf be considered a subcategory of 'Phytoplankton'?,  False.
Can Mammal that is also Reptile be considered a subcategory of 'Macroalgae'?,  False.
Can MarineInvertebrate that is also Moss be considered a subcategory of 'Yeast'?,  False.
Can Macroalgae that is also Poultry be considered a subcategory of 'Millipede'?,  False.
Can DeciduousVegetation that is also MarineMammal be considered a subcategory of 'VegetationCover'?,  False.
Can Amoebae that is also Yeast be considered a subcategory of 'Flagellate'?,  False.
Can Algae that is also Dairy be considered a subcategory of 'Arachnid'?,  False.
Can Ciliate that is also Mold be considered a subcategory of 'Fungi'?,  False.
Can Lichen that is also VegetationCover be considered a subcategory of 'Reptile'?,  False.
Can Radiolarian that is also TreeRing be considered a subcategory of 'SlimeMold'?,  False.
Can Ciliate that is also Leaf be considered a subcategory of 'Radiolarian'?,  False.
Can MarinePlant that is also Mushroom be considered a subcategory of 'Zooplankton'?,  False.
Can Amphibian that is also Chlorophyll be considered a subcategory of 'FloweringPlant'?,  False.
Can Animal that is also Microphyte be considered a subcategory of 'SegmentedWorm'?,  False.
Can DeciduousVegetation that is also Plant be considered a subcategory of 'Vegetation'?,  False.
Can FloweringPlant that is also Yeast be considered a subcategory of 'Mold'?,  False.
Can Conifer that is also Jellyfish be considered a subcategory of 'Bacteria'?,  False.
Can Fungi that is also Roundworm be considered a subcategory of 'Poultry'?,  False.
Can Diatom that is also Fern be considered a subcategory of 'MarineAnimal'?,  False.
Can Crop that is also Fern be considered a subcategory of 'Livestock'?,  False.
Can Echinoderm that is also MarineInvertebrate be considered a subcategory of 'Insect'?,  False.
Can Anemone that is also Poultry be considered a subcategory of 'Leaf'?,  False.
Can Coccolithophore that is also Diatom be considered a subcategory of 'Jellyfish'?,  False.
Can Crop that is also Plankton be considered a subcategory of 'DominantSpecies'?,  False.
Can EvergreenVegetation that is also MarineInvertebrate be considered a subcategory of 'Animal'?,  False.
Can Mollusk that is also Poultry be considered a subcategory of 'ExoticVegetation'?,  False.
Can Diatom that is also Millipede be considered a subcategory of 'SlimeMold'?,  False.
Can ExoticSpecies that is also VegetationSpecies be considered a subcategory of 'Plant'?,  False.
Can MicrobiotaTaxonomy that is also Nutrient be considered a subcategory of 'MarineMicrobiota'?,  False.
Can Livestock that is also Sporozoan be considered a subcategory of 'Arachnid'?,  False.
Can Mammal that is also Radiolarian be considered a subcategory of 'Algae'?,  False.
Can Arthropod that is also Dairy be considered a subcategory of 'Radiolarian'?,  False.
Can SegmentedWorm that is also SlimeMold be considered a subcategory of 'Sponge'?,  False.
Can Lichen that is also Mushroom be considered a subcategory of 'Bird'?,  False.
Can ExoticSpecies that is also Macrophyte be considered a subcategory of 'Poultry'?,  False.
Can Ciliate that is also SlimeMold be considered a subcategory of 'EvergreenVegetation'?,  False.
Can Leaf that is also Mold be considered a subcategory of 'Anemone'?,  False.
Can Canopy that is also Chlorophyll be considered a subcategory of 'Amphibian'?,  False.
Can Bird that is also MarineMicrobiota be considered a subcategory of 'IndigenousSpecies'?,  False.
Can Coccolithophore that is also Protist be considered a subcategory of 'Dairy'?,  False.
Can Diatom that is also MarineMicrobiota be considered a subcategory of 'MarineBird'?,  False.
Can Fern that is also Microbiota be considered a subcategory of 'Flatworm'?,  False.
Can Algae that is also MarineAnimal be considered a subcategory of 'Litter'?,  False.
Can Invertebrate that is also Macrophyte be considered a subcategory of 'Mollusk'?,  False.
Can FloweringPlant that is also Poultry be considered a subcategory of 'Fern'?,  False.
Can Liverwort that is also MarineMammal be considered a subcategory of 'Mammal'?,  False.
Can Animal that is also Leaf be considered a subcategory of 'MarineMammal'?,  False.
Can Phytoplankton that is also Reptile be considered a subcategory of 'Fish'?,  False.
Can Microalgae that is also Vegetation be considered a subcategory of 'Chlorophyll'?,  False.
Can Animal that is also Crustacean be considered a subcategory of 'Pollen'?,  False.
Can Algae that is also DeciduousVegetation be considered a subcategory of 'MarineInvertebrate'?,  False.
Can IndigenousSpecies that is also Radiolarian be considered a subcategory of 'Moss'?,  False.
Can Arachnid that is also Conifer be considered a subcategory of 'TreeRing'?,  False.
Can Flagellate that is also Fungi be considered a subcategory of 'Ciliate'?,  False.
Can Macroalgae that is also Zooplankton be considered a subcategory of 'EvergreenVegetation'?,  False.
Can Coral that is also Flatworm be considered a subcategory of 'Vegetation'?,  False.
Can Coral that is also Moss be considered a subcategory of 'Poultry'?,  False.
Can Foraminifer that is also Protist be considered a subcategory of 'Macrophyte'?,  False.
Can Centipede that is also Flagellate be considered a subcategory of 'Coccolithophore'?,  False.
Can Microbiota that is also Mollusk be considered a subcategory of 'Crop'?,  False.
Can Bird that is also Roundworm be considered a subcategory of 'Livestock'?,  False.
Can Crustacean that is also Macrophyte be considered a subcategory of 'Coral'?,  False.
Can Dairy that is also Microalgae be considered a subcategory of 'Crustacean'?,  False.
Can Liverwort that is also Microphyte be considered a subcategory of 'ExoticSpecies'?,  False.
Can Conifer that is also MarineBird be considered a subcategory of 'Crown'?,  False.
Can Phytoplankton that is also VegetationSpecies be considered a subcategory of 'Human'?,  False.
Can Arachnid that is also Fish be considered a subcategory of 'Macroalgae'?,  False.
Can Crustacean that is also Human be considered a subcategory of 'Nutrient'?,  False.
Can Animal that is also Liverwort be considered a subcategory of 'Invertebrate'?,  False.
Can Crop that is also Vegetation be considered a subcategory of 'Moss'?,  False.
Can Fish that is also Roundworm be considered a subcategory of 'Animal'?,  False.
Can Anemone that is also Zooplankton be considered a subcategory of 'Ciliate'?,  False.
Can BlueGreenAlgae that is also Fern be considered a subcategory of 'MarineInvertebrate'?,  False.
Can Human that is also Microphyte be considered a subcategory of 'DominantSpecies'?,  False.
Can MarineBird that is also MarinePlant be considered a subcategory of 'MarineMicrobiota'?,  False.
Can Crown that is also Foraminifer be considered a subcategory of 'Diatom'?,  False.
Can Flagellate that is also FungiTaxonomy be considered a subcategory of 'Jellyfish'?,  False.
Can Human that is also MarineBird be considered a subcategory of 'FloweringPlant'?,  False.
Can Amphibian that is also Liverwort be considered a subcategory of 'Sponge'?,  False.
Can Canopy that is also Crustacean be considered a subcategory of 'Arachnid'?,  False.
Can Dairy that is also Sponge be considered a subcategory of 'SlimeMold'?,  False.
Can Livestock that is also Microbiota be considered a subcategory of 'Radiolarian'?,  False.
Can MarineMammal that is also Plankton be considered a subcategory of 'Anemone'?,  False.
Can Vegetation that is also VegetationSpecies be considered a subcategory of 'Bird'?,  False.
Can Crop that is also IndigenousVegetation be considered a subcategory of 'Algae'?,  False.
Can Ciliate that is also VegetationCover be considered a subcategory of 'TreeRing'?,  False.
Can Invertebrate that is also TreeRing be considered a subcategory of 'Microalgae'?,  False.
Can ExoticSpecies that is also Pollen be considered a subcategory of 'Fish'?,  False.
Can IndigenousSpecies that is also VegetationCover be considered a subcategory of 'FungiTaxonomy'?,  False.
Can FloweringPlant that is also Jellyfish be considered a subcategory of 'ExoticVegetation'?,  False.
Can BlueGreenAlgae that is also Echinoderm be considered a subcategory of 'Plankton'?,  False.
Can MicrobiotaTaxonomy that is also Moss be considered a subcategory of 'Ciliate'?,  False.
Can Chlorophyll that is also Litter be considered a subcategory of 'Jellyfish'?,  False.
Can Crop that is also Sponge be considered a subcategory of 'MarinePlant'?,  False.
Can Flatworm that is also IndigenousVegetation be considered a subcategory of 'Animal'?,  False.
Can Anemone that is also Arachnid be considered a subcategory of 'DominantSpecies'?,  False.
Can FungiTaxonomy be considered a subcategory of 'Fungi'?,  False.
Can Arthropod that is also Centipede be considered a subcategory of 'Bird'?,  False.
Can Fish that is also Microalgae be considered a subcategory of 'Vertebrate'?,  False.
Can Bacteria that is also Crown be considered a subcategory of 'Arachnid'?,  False.
Can Flatworm that is also Zooplankton be considered a subcategory of 'MicrobiotaTaxonomy'?,  False.
Can EvergreenVegetation that is also ExoticVegetation be considered a subcategory of 'Canopy'?,  False.
Can Microbiota that is also Millipede be considered a subcategory of 'Phytoplankton'?,  False.
Can Algae that is also Plankton be considered a subcategory of 'VegetationSpecies'?,  False.
Can Mollusk that is also Plankton be considered a subcategory of 'Lichen'?,  False.
Can Nutrient that is also Roundworm be considered a subcategory of 'Flatworm'?,  False.
Can Insect that is also Zooplankton be considered a subcategory of 'Microbiota'?,  False.
Can BlueGreenAlgae that is also Coccolithophore be considered a subcategory of 'Millipede'?,  False.
Can Ciliate that is also VegetationSpecies be considered a subcategory of 'Zooplankton'?,  False.
Can Fungi that is also MarineBird be considered a subcategory of 'Dairy'?,  False.
Can Foraminifer that is also Sporozoan be considered a subcategory of 'MarineBird'?,  False.
Can Diatom that is also Flagellate be considered a subcategory of 'Protist'?,  False.
Can Dairy that is also MarinePlant be considered a subcategory of 'Liverwort'?,  False.
Can Leaf that is also Litter be considered a subcategory of 'Insect'?,  False.
Can Crustacean that is also Lichen be considered a subcategory of 'Litter'?,  False.
Can Bacteria that is also Dairy be considered a subcategory of 'IndigenousVegetation'?,  False.
Can Conifer that is also DominantSpecies be considered a subcategory of 'Invertebrate'?,  False.
Can MarineAnimal that is also Microphyte be considered a subcategory of 'Arthropod'?,  False.
Can Centipede that is also FungiTaxonomy be considered a subcategory of 'Mushroom'?,  False.
Can Centipede that is also Liverwort be considered a subcategory of 'Human'?,  False.
Can Animal that is also Bird be considered a subcategory of 'Canopy'?,  False.
Can Nutrient that is also Roundworm be considered a subcategory of 'MicrobiotaTaxonomy'?,  False.
Can Microalgae that is also Vertebrate be considered a subcategory of 'Diatom'?,  False.
Can Mushroom that is also Pollen be considered a subcategory of 'Roundworm'?,  False.
Can Algae that is also EvergreenVegetation be considered a subcategory of 'Millipede'?,  False.
Can Jellyfish that is also Zooplankton be considered a subcategory of 'MarineBird'?,  False.
Can Arachnid that is also Echinoderm be considered a subcategory of 'Reptile'?,  False.
Can Millipede that is also Moss be considered a subcategory of 'SlimeMold'?,  False.
Can ExoticSpecies that is also Pollen be considered a subcategory of 'Radiolarian'?,  False.
Can Plankton that is also Sponge be considered a subcategory of 'Zooplankton'?,  False.
Can Fern that is also IndigenousVegetation be considered a subcategory of 'Flatworm'?,  False.
Can Arachnid that is also Insect be considered a subcategory of 'SegmentedWorm'?,  False.
Can Sponge that is also Vertebrate be considered a subcategory of 'Algae'?,  False.
Can Pollen that is also SegmentedWorm be considered a subcategory of 'Bacteria'?,  False.
Can DominantSpecies that is also MarinePlant be considered a subcategory of 'Sponge'?,  False.
Can Litter that is also Reptile be considered a subcategory of 'Yeast'?,  False.
Can Echinoderm that is also IndigenousVegetation be considered a subcategory of 'Centipede'?,  False.
Can Livestock that is also Moss be considered a subcategory of 'Fern'?,  False.
Can Amphibian that is also Bird be considered a subcategory of 'Poultry'?,  False.
Can ExoticVegetation that is also IndigenousVegetation be considered a subcategory of 'Livestock'?,  False.
Can Arachnid that is also Macroalgae be considered a subcategory of 'Microphyte'?,  False.
Can EvergreenVegetation that is also TreeRing be considered a subcategory of 'Leaf'?,  False.
Can Coral that is also Jellyfish be considered a subcategory of 'MarineAnimal'?,  False.
Can Microalgae that is also Yeast be considered a subcategory of 'DeciduousVegetation'?,  False.
Can Bacteria that is also Protist be considered a subcategory of 'Coral'?,  False.
Can Chlorophyll that is also Vertebrate be considered a subcategory of 'Pollen'?,  False.
Can Microbiota that is also Sponge be considered a subcategory of 'ExoticSpecies'?,  False.
Can DeciduousVegetation that is also Poultry be considered a subcategory of 'Plant'?,  False.
Can Litter that is also Radiolarian be considered a subcategory of 'Sponge'?,  False.
Can Bird that is also Microphyte be considered a subcategory of 'Phytoplankton'?,  False.
Can Flatworm that is also MarineBird be considered a subcategory of 'Vertebrate'?,  False.
Can DeciduousVegetation that is also Diatom be considered a subcategory of 'Yeast'?,  False.
Can Crop that is also FungiTaxonomy be considered a subcategory of 'Echinoderm'?,  False.
Can Human that is also MarineAnimal be considered a subcategory of 'Bird'?,  False.
Can Fish that is also Poultry be considered a subcategory of 'Flagellate'?,  False.
Can FloweringPlant that is also Reptile be considered a subcategory of 'EvergreenVegetation'?,  False.
Can Coral that is also Flagellate be considered a subcategory of 'Dairy'?,  False.
Can Arthropod that is also Microbiota be considered a subcategory of 'Amphibian'?,  False.
Can Coccolithophore that is also MarinePlant be considered a subcategory of 'Poultry'?,  False.
Can Vegetation be considered a subcategory of 'MarineAnimal'?,  False.
Can Mollusk that is also Roundworm be considered a subcategory of 'Coccolithophore'?,  False.
Can SegmentedWorm that is also Zooplankton be considered a subcategory of 'Fern'?,  False.
Can IndigenousSpecies that is also Invertebrate be considered a subcategory of 'IndigenousVegetation'?,  False.
Can DominantSpecies that is also Human be considered a subcategory of 'Mollusk'?,  False.
Can Poultry that is also VegetationSpecies be considered a subcategory of 'Mold'?,  False.
Can DeciduousVegetation that is also MarineInvertebrate be considered a subcategory of 'Mammal'?,  False.
Can Radiolarian that is also Sporozoan be considered a subcategory of 'Liverwort'?,  False.
Can Bacteria that is also MarineMicrobiota be considered a subcategory of 'Macrophyte'?,  False.
Can Coccolithophore that is also Mammal be considered a subcategory of 'TreeRing'?,  False.
Can Diatom that is also Fungi be considered a subcategory of 'Insect'?,  False.
Can Crop that is also Lichen be considered a subcategory of 'Foraminifer'?,  False.
Can Algae that is also ExoticSpecies be considered a subcategory of 'Amoebae'?,  False.
Can Amoebae that is also Invertebrate be considered a subcategory of 'Crustacean'?,  False.
Can FloweringPlant that is also Leaf be considered a subcategory of 'Ciliate'?,  False.
Can Coral that is also Foraminifer be considered a subcategory of 'Plankton'?,  False.
Can Leaf that is also MicrobiotaTaxonomy be considered a subcategory of 'MarinePlant'?,  False.
Can Reptile that is also VegetationCover be considered a subcategory of 'BlueGreenAlgae'?,  False.
Can Invertebrate that is also Vegetation be considered a subcategory of 'ExoticVegetation'?,  False.
Can BlueGreenAlgae that is also Roundworm be considered a subcategory of 'Jellyfish'?,  False.
Can Lichen that is also Plankton be considered a subcategory of 'Coccolithophore'?,  False.
Can Crown that is also MarineInvertebrate be considered a subcategory of 'ExoticSpecies'?,  False.
Can Canopy that is also Insect be considered a subcategory of 'IndigenousVegetation'?,  False.
Can Macrophyte that is also Pollen be considered a subcategory of 'MarineAnimal'?,  False.
Can Anemone that is also Canopy be considered a subcategory of 'Microalgae'?,  False.
Can Fungi that is also Macroalgae be considered a subcategory of 'Nutrient'?,  False.
Can Human that is also Protist be considered a subcategory of 'Crown'?,  False.
Can DominantSpecies that is also Sporozoan be considered a subcategory of 'MarineMammal'?,  False.
Can Livestock that is also Mammal be considered a subcategory of 'Macroalgae'?,  False.
Can Flagellate that is also Leaf be considered a subcategory of 'Animal'?,  False.
Can Insect that is also MarineBird be considered a subcategory of 'Invertebrate'?,  False.
Can Bacteria that is also VegetationCover be considered a subcategory of 'Human'?,  False.
Can Amoebae that is also Crustacean be considered a subcategory of 'Canopy'?,  False.
Can Dairy that is also Moss be considered a subcategory of 'Microbiota'?,  False.
Can Ciliate that is also Foraminifer be considered a subcategory of 'Diatom'?,  False.
Can Amphibian that is also ExoticSpecies be considered a subcategory of 'MicrobiotaTaxonomy'?,  False.
Can Protist that is also Radiolarian be considered a subcategory of 'MarineMicrobiota'?,  False.
Can Centipede that is also Sporozoan be considered a subcategory of 'Phytoplankton'?,  False.
Can SlimeMold be considered a subcategory of 'Jellyfish'?,  False.
Can Crown that is also Yeast be considered a subcategory of 'MarinePlant'?,  False.
Can Insect that is also Microphyte be considered a subcategory of 'Sponge'?,  False.
Can Microalgae that is also MicrobiotaTaxonomy be considered a subcategory of 'Bird'?,  False.
Can Anemone that is also Mold be considered a subcategory of 'Vertebrate'?,  False.
Can Conifer that is also Macroalgae be considered a subcategory of 'Plant'?,  False.
Can Amoebae that is also Roundworm be considered a subcategory of 'Echinoderm'?,  False.
Can Plant that is also SegmentedWorm be considered a subcategory of 'Amphibian'?,  False.
Can Livestock that is also Mushroom be considered a subcategory of 'Algae'?,  False.
Can Animal that is also Millipede be considered a subcategory of 'Yeast'?,  False.
Can Phytoplankton that is also Zooplankton be considered a subcategory of 'Leaf'?,  False.
Can Millipede that is also Mushroom be considered a subcategory of 'Poultry'?,  False.
Can Echinoderm that is also Mammal be considered a subcategory of 'EvergreenVegetation'?,  False.
Can MarinePlant that is also Mollusk be considered a subcategory of 'Coral'?,  False.
Can Coccolithophore that is also Conifer be considered a subcategory of 'Crustacean'?,  False.
Can Crustacean that is also IndigenousSpecies be considered a subcategory of 'Amoebae'?,  False.
Can Dairy that is also Vegetation be considered a subcategory of 'FungiTaxonomy'?,  False.
Can ExoticVegetation that is also Yeast be considered a subcategory of 'MarinePlant'?,  False.
Can Diatom that is also MarineInvertebrate be considered a subcategory of 'Vertebrate'?,  False.
Can TreeRing that is also VegetationSpecies be considered a subcategory of 'Sporozoan'?,  False.
Can Fish that is also Nutrient be considered a subcategory of 'BlueGreenAlgae'?,  False.
Can Fern that is also Yeast be considered a subcategory of 'VegetationCover'?,  False.
Can BlueGreenAlgae that is also Radiolarian be considered a subcategory of 'Sponge'?,  False.
Can Flatworm that is also Vertebrate be considered a subcategory of 'Phytoplankton'?,  False.
Can ExoticVegetation that is also SlimeMold be considered a subcategory of 'VegetationSpecies'?,  False.
Can Chlorophyll that is also MarineMammal be considered a subcategory of 'Lichen'?,  False.
Can Flagellate that is also Microphyte be considered a subcategory of 'Flatworm'?,  False.
Can Dairy that is also Mollusk be considered a subcategory of 'Yeast'?,  False.
Can Mold that is also Plant be considered a subcategory of 'Echinoderm'?,  False.
Can VegetationCover that is also VegetationSpecies be considered a subcategory of 'FloweringPlant'?,  False.
Can Bird that is also Fish be considered a subcategory of 'SegmentedWorm'?,  False.
Can BlueGreenAlgae that is also MarinePlant be considered a subcategory of 'Millipede'?,  False.
Can Liverwort that is also MarineMicrobiota be considered a subcategory of 'SlimeMold'?,  False.
Can Flatworm that is also Litter be considered a subcategory of 'Radiolarian'?,  False.
Can ExoticVegetation that is also MarineAnimal be considered a subcategory of 'Anemone'?,  False.
Can Flatworm that is also Yeast be considered a subcategory of 'Protist'?,  False.
Can Plankton that is also Poultry be considered a subcategory of 'Zooplankton'?,  False.
Can Crustacean that is also Mollusk be considered a subcategory of 'Insect'?,  False.
Can Arthropod that is also Plant be considered a subcategory of 'Chlorophyll'?,  False.
Can Fern that is also Macrophyte be considered a subcategory of 'Vegetation'?,  False.
Can BlueGreenAlgae that is also DeciduousVegetation be considered a subcategory of 'Liverwort'?,  False.
Can Ciliate that is also Flagellate be considered a subcategory of 'Macrophyte'?,  False.
Can Amphibian that is also SegmentedWorm be considered a subcategory of 'Plankton'?,  False.
Can MarineMammal that is also Phytoplankton be considered a subcategory of 'Crop'?,  False.
Can Flagellate that is also Reptile be considered a subcategory of 'Livestock'?,  False.
Can Amphibian that is also Microalgae be considered a subcategory of 'MicrobiotaTaxonomy'?,  False.
Can Bacteria that is also Mammal be considered a subcategory of 'Reptile'?,  False.
Can ExoticSpecies that is also Sponge be considered a subcategory of 'Animal'?,  False.
Can MarineBird that is also SegmentedWorm be considered a subcategory of 'DominantSpecies'?,  False.
Can DominantSpecies that is also MarineMammal be considered a subcategory of 'Fungi'?,  False.
Can Amoebae that is also MarineAnimal be considered a subcategory of 'Bird'?,  False.
Can Arthropod that is also IndigenousVegetation be considered a subcategory of 'SlimeMold'?,  False.
Can Centipede that is also Foraminifer be considered a subcategory of 'Millipede'?,  False.
Can Bird that is also MarineMicrobiota be considered a subcategory of 'Zooplankton'?,  False.
Can Microbiota that is also Nutrient be considered a subcategory of 'Mammal'?,  False.
Can Moss that is also SlimeMold be considered a subcategory of 'SegmentedWorm'?,  False.
Can BlueGreenAlgae that is also Pollen be considered a subcategory of 'Radiolarian'?,  False.
Can EvergreenVegetation that is also Poultry be considered a subcategory of 'Mold'?,  False.
Can Liverwort that is also MicrobiotaTaxonomy be considered a subcategory of 'Insect'?,  False.
Can Anemone that is also Bird be considered a subcategory of 'Poultry'?,  False.
Can Moss that is also Protist be considered a subcategory of 'Vegetation'?,  False.
Can Animal that is also Jellyfish be considered a subcategory of 'Fern'?,  False.
Can Dairy that is also Roundworm be considered a subcategory of 'Leaf'?,  False.
Can Ciliate be considered a subcategory of 'Amphibian'?,  False.
Can Amphibian that is also Mushroom be considered a subcategory of 'Centipede'?,  False.
Can Echinoderm that is also Fungi be considered a subcategory of 'Conifer'?,  False.
Can Anemone that is also Fish be considered a subcategory of 'Pollen'?,  False.
Can MarinePlant that is also Plant be considered a subcategory of 'Litter'?,  False.
Can Conifer that is also Millipede be considered a subcategory of 'IndigenousVegetation'?,  False.
Can Flatworm that is also Pollen be considered a subcategory of 'TreeRing'?,  False.
Can Crown that is also ExoticVegetation be considered a subcategory of 'Microalgae'?,  False.
Can Fern that is also Yeast be considered a subcategory of 'ExoticSpecies'?,  False.
Can Crop that is also MarineInvertebrate be considered a subcategory of 'DeciduousVegetation'?,  False.
Can DominantSpecies that is also IndigenousVegetation be considered a subcategory of 'Arthropod'?,  False.
Can Arachnid that is also Canopy be considered a subcategory of 'Diatom'?,  False.
Can Human that is also MicrobiotaTaxonomy be considered a subcategory of 'Invertebrate'?,  False.
Can Livestock that is also SlimeMold be considered a subcategory of 'Echinoderm'?,  False.
Can Arachnid that is also Lichen be considered a subcategory of 'MarineBird'?,  False.
Can Diatom that is also EvergreenVegetation be considered a subcategory of 'Flagellate'?,  False.
Can MicrobiotaTaxonomy that is also VegetationSpecies be considered a subcategory of 'Lichen'?,  False.
Can Mold that is also Mushroom be considered a subcategory of 'Dairy'?,  False.
Can Bacteria that is also Chlorophyll be considered a subcategory of 'Fern'?,  False.
Can ExoticSpecies that is also Radiolarian be considered a subcategory of 'Flatworm'?,  False.
Can Dairy that is also SegmentedWorm be considered a subcategory of 'IndigenousSpecies'?,  False.
Can Canopy that is also Invertebrate be considered a subcategory of 'Mollusk'?,  False.
Can Jellyfish that is also MarineAnimal be considered a subcategory of 'Chlorophyll'?,  False.
Can Arthropod that is also ExoticSpecies be considered a subcategory of 'IndigenousVegetation'?,  False.
Can Ciliate that is also Mold be considered a subcategory of 'Litter'?,  False.
Can FloweringPlant be considered a subcategory of 'Microalgae'?,  False.
Can Coral that is also Echinoderm be considered a subcategory of 'TreeRing'?,  False.
Can MicrobiotaTaxonomy that is also SlimeMold be considered a subcategory of 'Pollen'?,  False.
Can Crown that is also Plant be considered a subcategory of 'MarineMammal'?,  False.
Can DeciduousVegetation that is also ExoticSpecies be considered a subcategory of 'Livestock'?,  False.
Can Crustacean that is also SegmentedWorm be considered a subcategory of 'Microphyte'?,  False.
Can Livestock that is also MarineAnimal be considered a subcategory of 'Foraminifer'?,  False.
Can Arachnid that is also Macrophyte be considered a subcategory of 'MarineAnimal'?,  False.
Can Arachnid that is also Arthropod be considered a subcategory of 'Crustacean'?,  False.
Can Flagellate that is also Mold be considered a subcategory of 'Coral'?,  False.
Can Animal that is also Microalgae be considered a subcategory of 'Crown'?,  False.
Can Bacteria that is also Phytoplankton be considered a subcategory of 'Amoebae'?,  False.
Can EvergreenVegetation that is also SlimeMold be considered a subcategory of 'BlueGreenAlgae'?,  False.
Can Crown that is also Mollusk be considered a subcategory of 'Phytoplankton'?,  False.
Can Algae that is also DominantSpecies be considered a subcategory of 'Mushroom'?,  False.
Can IndigenousSpecies that is also MarineAnimal be considered a subcategory of 'Human'?,  False.
Can Anemone that is also Nutrient be considered a subcategory of 'Canopy'?,  False.
Can Moss that is also Sporozoan be considered a subcategory of 'VegetationCover'?,  False.
Can Bird that is also Coccolithophore be considered a subcategory of 'Vertebrate'?,  False.
Can Nutrient that is also TreeRing be considered a subcategory of 'Roundworm'?,  False.
Can Liverwort that is also Phytoplankton be considered a subcategory of 'Nutrient'?,  False.
Can Chlorophyll that is also Conifer be considered a subcategory of 'Ciliate'?,  False.
Can Mushroom that is also Protist be considered a subcategory of 'MarineMammal'?,  False.
Can Mammal that is also Poultry be considered a subcategory of 'Microalgae'?,  False.
Can Crustacean that is also Lichen be considered a subcategory of 'Animal'?,  False.
Can Canopy that is also Macrophyte be considered a subcategory of 'MarineInvertebrate'?,  False.
Can Macrophyte that is also Microalgae be considered a subcategory of 'Moss'?,  False.
Can Flagellate that is also Litter be considered a subcategory of 'MarineMicrobiota'?,  False.
Can Algae that is also Vertebrate be considered a subcategory of 'Arachnid'?,  False.
Can Phytoplankton that is also Protist be considered a subcategory of 'MicrobiotaTaxonomy'?,  False.
Can Arachnid that is also Sporozoan be considered a subcategory of 'MarinePlant'?,  False.
Can Insect that is also TreeRing be considered a subcategory of 'SegmentedWorm'?,  False.
Can Coccolithophore that is also Millipede be considered a subcategory of 'Bird'?,  False.
Can Insect that is also Zooplankton be considered a subcategory of 'SlimeMold'?,  False.
Can EvergreenVegetation that is also VegetationCover be considered a subcategory of 'FloweringPlant'?,  False.
Can Canopy that is also Reptile be considered a subcategory of 'VegetationCover'?,  False.
Can Microphyte that is also Sponge be considered a subcategory of 'Flagellate'?,  False.
Can Human that is also Roundworm be considered a subcategory of 'Plant'?,  False.
Can Foraminifer that is also MarinePlant be considered a subcategory of 'Canopy'?,  False.
Can Mammal that is also Radiolarian be considered a subcategory of 'Amphibian'?,  False.
Can Human that is also IndigenousVegetation be considered a subcategory of 'Flatworm'?,  False.
Can MarineBird be considered a subcategory of 'Lichen'?,  False.
Can Amphibian that is also DeciduousVegetation be considered a subcategory of 'Echinoderm'?,  False.
Can Coral that is also Insect be considered a subcategory of 'Fern'?,  False.
Can Moss that is also VegetationCover be considered a subcategory of 'IndigenousVegetation'?,  False.
Can Litter that is also Livestock be considered a subcategory of 'IndigenousSpecies'?,  False.
Can Macroalgae that is also MarineMammal be considered a subcategory of 'Dairy'?,  False.
Can Amoebae that is also Microbiota be considered a subcategory of 'Chlorophyll'?,  False.
Can Bird that is also IndigenousSpecies be considered a subcategory of 'Pollen'?,  False.
Can Macroalgae that is also TreeRing be considered a subcategory of 'Conifer'?,  False.
Can MarineMicrobiota that is also Millipede be considered a subcategory of 'Mollusk'?,  False.
Can Amoebae that is also Flatworm be considered a subcategory of 'Macroalgae'?,  False.
Can Anemone that is also IndigenousSpecies be considered a subcategory of 'Roundworm'?,  False.
Can TreeRing that is also VegetationCover be considered a subcategory of 'BlueGreenAlgae'?,  False.
Can Echinoderm that is also FloweringPlant be considered a subcategory of 'Human'?,  False.
Can Fish that is also Phytoplankton be considered a subcategory of 'Canopy'?,  False.
Can Chlorophyll that is also Crown be considered a subcategory of 'Microbiota'?,  False.
Can Jellyfish that is also Litter be considered a subcategory of 'VegetationSpecies'?,  False.
Can Crop that is also IndigenousVegetation be considered a subcategory of 'VegetationCover'?,  False.
Can MarinePlant that is also Yeast be considered a subcategory of 'Flatworm'?,  False.
Can MarineInvertebrate that is also Reptile be considered a subcategory of 'Amphibian'?,  False.
Can FungiTaxonomy that is also Sponge be considered a subcategory of 'Millipede'?,  False.
Can Fish that is also Human be considered a subcategory of 'Lichen'?,  False.
Can Amphibian that is also Fern be considered a subcategory of 'Dairy'?,  False.
Can MarineMicrobiota that is also Vegetation be considered a subcategory of 'Litter'?,  False.
Can Poultry that is also Sponge be considered a subcategory of 'Protist'?,  False.
Can ExoticVegetation that is also SegmentedWorm be considered a subcategory of 'Zooplankton'?,  False.
Can Jellyfish that is also Sporozoan be considered a subcategory of 'Anemone'?,  False.
Can Diatom that is also Mammal be considered a subcategory of 'Vegetation'?,  False.
Can Amoebae that is also Plankton be considered a subcategory of 'Algae'?,  False.
Can IndigenousSpecies that is also Nutrient be considered a subcategory of 'Radiolarian'?,  False.
Can Lichen that is also Sponge be considered a subcategory of 'Leaf'?,  False.
Can Bacteria that is also Macrophyte be considered a subcategory of 'Crop'?,  False.
Can Phytoplankton that is also VegetationSpecies be considered a subcategory of 'Liverwort'?,  False.
Can Chlorophyll that is also SlimeMold be considered a subcategory of 'EvergreenVegetation'?,  False.
Can Chlorophyll that is also Protist be considered a subcategory of 'Plankton'?,  False.
Can Dairy that is also Lichen be considered a subcategory of 'Livestock'?,  False.
Can FungiTaxonomy that is also Leaf be considered a subcategory of 'Macrophyte'?,  False.
Can Insect that is also Jellyfish be considered a subcategory of 'Crustacean'?,  False.
Can MicrobiotaTaxonomy that is also VegetationCover be considered a subcategory of 'Sporozoan'?,  False.
Can Ciliate that is also Litter be considered a subcategory of 'Crown'?,  False.
Can Invertebrate that is also Vertebrate be considered a subcategory of 'Coral'?,  False.
Can Arachnid that is also Coccolithophore be considered a subcategory of 'Bird'?,  False.
Can Millipede that is also Plant be considered a subcategory of 'SegmentedWorm'?,  False.
Can Animal that is also Fern be considered a subcategory of 'Arachnid'?,  False.
Can MarineMicrobiota that is also Roundworm be considered a subcategory of 'Fungi'?,  False.
Can EvergreenVegetation that is also Invertebrate be considered a subcategory of 'Bacteria'?,  False.
Can Amphibian that is also Insect be considered a subcategory of 'Poultry'?,  False.
Can Algae that is also MarineMammal be considered a subcategory of 'Yeast'?,  False.
Can MarineInvertebrate that is also Reptile be considered a subcategory of 'Fern'?,  False.
Can Conifer that is also Sporozoan be considered a subcategory of 'Leaf'?,  False.
Can Animal that is also Pollen be considered a subcategory of 'Vegetation'?,  False.
Can Leaf that is also Plankton be considered a subcategory of 'Mold'?,  False.
Can Fungi that is also Radiolarian be considered a subcategory of 'Microphyte'?,  False.
Can Lichen that is also MarineInvertebrate be considered a subcategory of 'Crown'?,  False.
Can DominantSpecies that is also Fungi be considered a subcategory of 'MarineAnimal'?,  False.
Can DeciduousVegetation that is also VegetationSpecies be considered a subcategory of 'Livestock'?,  False.
Can MarineMammal be considered a subcategory of 'Insect'?,  False.
Can Algae that is also Coral be considered a subcategory of 'Chlorophyll'?,  False.
Can Coccolithophore that is also IndigenousVegetation be considered a subcategory of 'Mollusk'?,  False.
Can Livestock that is also Plant be considered a subcategory of 'Conifer'?,  False.
Can Animal that is also Vertebrate be considered a subcategory of 'Microalgae'?,  False.
Can Leaf that is also Microbiota be considered a subcategory of 'MarineInvertebrate'?,  False.
Can ExoticVegetation that is also Invertebrate be considered a subcategory of 'Fish'?,  False.
Can Amphibian that is also Macroalgae be considered a subcategory of 'TreeRing'?,  False.
Can Centipede that is also Fungi be considered a subcategory of 'ExoticVegetation'?,  False.
Can DeciduousVegetation that is also Liverwort be considered a subcategory of 'Animal'?,  False.
Can MarinePlant that is also Yeast be considered a subcategory of 'Ciliate'?,  False.
Can Conifer that is also Protist be considered a subcategory of 'FungiTaxonomy'?,  False.
Can Microalgae that is also Poultry be considered a subcategory of 'MarinePlant'?,  False.
Can Diatom that is also Mushroom be considered a subcategory of 'Vertebrate'?,  False.
Can Conifer that is also Yeast be considered a subcategory of 'DominantSpecies'?,  False.
Can Macrophyte that is also MarineInvertebrate be considered a subcategory of 'MarineMicrobiota'?,  False.
Can Anemone that is also Arthropod be considered a subcategory of 'Zooplankton'?,  False.
Can Macroalgae that is also MarinePlant be considered a subcategory of 'Mammal'?,  False.
Can DeciduousVegetation that is also Protist be considered a subcategory of 'IndigenousSpecies'?,  False.
Can FungiTaxonomy that is also Nutrient be considered a subcategory of 'Radiolarian'?,  False.
Can Livestock that is also SegmentedWorm be considered a subcategory of 'Chlorophyll'?,  False.
Can IndigenousSpecies that is also Millipede be considered a subcategory of 'Insect'?,  False.
Can Insect that is also Reptile be considered a subcategory of 'Liverwort'?,  False.
Can MicrobiotaTaxonomy that is also Sponge be considered a subcategory of 'Mollusk'?,  False.
Can Livestock that is also Mushroom be considered a subcategory of 'TreeRing'?,  False.
Can Mammal that is also TreeRing be considered a subcategory of 'Ciliate'?,  False.
Can Amoebae that is also Vegetation be considered a subcategory of 'Foraminifer'?,  False.
Can Mollusk that is also SegmentedWorm be considered a subcategory of 'Macrophyte'?,  False.
Can Canopy that is also Macroalgae be considered a subcategory of 'Crustacean'?,  False.
Can Macrophyte that is also Vertebrate be considered a subcategory of 'ExoticVegetation'?,  False.
Can Arthropod that is also Coral be considered a subcategory of 'MarineInvertebrate'?,  False.
Can ExoticVegetation that is also Mold be considered a subcategory of 'Amoebae'?,  False.
Can Fern that is also Leaf be considered a subcategory of 'Coral'?,  False.
Can Foraminifer that is also MarineMicrobiota be considered a subcategory of 'Mushroom'?,  False.
Can Bacteria that is also Poultry be considered a subcategory of 'ExoticSpecies'?,  False.
Can Dairy that is also Diatom be considered a subcategory of 'DeciduousVegetation'?,  False.
Can Invertebrate that is also MarineMammal be considered a subcategory of 'Arthropod'?,  False.
Can Algae that is also BlueGreenAlgae be considered a subcategory of 'Diatom'?,  False.
Can Coccolithophore that is also ExoticSpecies be considered a subcategory of 'Human'?,  False.
Can Amoebae that is also FloweringPlant be considered a subcategory of 'BlueGreenAlgae'?,  False.
Can Arthropod that is also FloweringPlant be considered a subcategory of 'VegetationCover'?,  False.
Can Flatworm that is also Mold be considered a subcategory of 'Flagellate'?,  False.
Can Invertebrate that is also MicrobiotaTaxonomy be considered a subcategory of 'Roundworm'?,  False.
Can Vegetation that is also VegetationCover be considered a subcategory of 'Canopy'?,  False.
Can MarineAnimal that is also SlimeMold be considered a subcategory of 'MarineBird'?,  False.
Can Crown that is also Fish be considered a subcategory of 'Flatworm'?,  False.
Can Canopy that is also Poultry be considered a subcategory of 'SlimeMold'?,  False.
Can Litter that is also MarineAnimal be considered a subcategory of 'Millipede'?,  False.
Can Protist that is also SlimeMold be considered a subcategory of 'Microalgae'?,  False.
Can Sporozoan that is also Yeast be considered a subcategory of 'MarineInvertebrate'?,  False.
Can Diatom that is also SlimeMold be considered a subcategory of 'Fish'?,  False.
Can Crown that is also Vertebrate be considered a subcategory of 'MarineMammal'?,  False.
Can Insect that is also Mold be considered a subcategory of 'Moss'?,  False.
Can Chlorophyll that is also VegetationCover be considered a subcategory of 'Animal'?,  False.
Can Anemone that is also Radiolarian be considered a subcategory of 'Ciliate'?,  False.
Can Centipede that is also Macroalgae be considered a subcategory of 'FungiTaxonomy'?,  False.
Can Amoebae that is also Mushroom be considered a subcategory of 'MarinePlant'?,  False.
Can Jellyfish that is also SegmentedWorm be considered a subcategory of 'Vertebrate'?,  False.
Can Livestock that is also Microphyte be considered a subcategory of 'DominantSpecies'?,  False.
Can Ciliate that is also Millipede be considered a subcategory of 'Jellyfish'?,  False.
Can Millipede that is also Phytoplankton be considered a subcategory of 'FloweringPlant'?,  False.
Can Echinoderm that is also Mold be considered a subcategory of 'Sponge'?,  False.
Can Mushroom that is also Roundworm be considered a subcategory of 'Arachnid'?,  False.
Can Mammal that is also Plant be considered a subcategory of 'Fungi'?,  False.
Can Anemone that is also DeciduousVegetation be considered a subcategory of 'Canopy'?,  False.
Can Crustacean that is also Macroalgae be considered a subcategory of 'Microbiota'?,  False.
Can MarineAnimal that is also Protist be considered a subcategory of 'VegetationSpecies'?,  False.
Can Fish that is also Nutrient be considered a subcategory of 'VegetationCover'?,  False.
Can Livestock that is also Reptile be considered a subcategory of 'Flatworm'?,  False.
Can Flagellate that is also Millipede be considered a subcategory of 'Amphibian'?,  False.
Can Arthropod that is also Insect be considered a subcategory of 'Flagellate'?,  False.
Can MicrobiotaTaxonomy that is also Phytoplankton be considered a subcategory of 'Lichen'?,  False.
Can Mushroom that is also Vegetation be considered a subcategory of 'Dairy'?,  False.
Can Mammal that is also Mollusk be considered a subcategory of 'Litter'?,  False.
Can Amoebae that is also SegmentedWorm be considered a subcategory of 'Protist'?,  False.
Can Canopy that is also Nutrient be considered a subcategory of 'Insect'?,  False.
Can ExoticVegetation that is also Macrophyte be considered a subcategory of 'Chlorophyll'?,  False.
Can Livestock that is also Phytoplankton be considered a subcategory of 'IndigenousVegetation'?,  False.
Can Mold that is also TreeRing be considered a subcategory of 'Conifer'?,  False.
Can BlueGreenAlgae that is also VegetationSpecies be considered a subcategory of 'Arthropod'?,  False.
Can Fish that is also MarineMicrobiota be considered a subcategory of 'Macroalgae'?,  False.
Can Amoebae that is also MarinePlant be considered a subcategory of 'Sporozoan'?,  False.
Can Conifer that is also Moss be considered a subcategory of 'Invertebrate'?,  False.
Can Flatworm that is also Protist be considered a subcategory of 'VegetationCover'?,  False.
Can ExoticVegetation that is also Poultry be considered a subcategory of 'Reptile'?,  False.
Can VegetationCover that is also Yeast be considered a subcategory of 'Roundworm'?,  False.
Can Bird that is also Plankton be considered a subcategory of 'Canopy'?,  False.
Can Macrophyte that is also Mollusk be considered a subcategory of 'MarineBird'?,  False.
Can DeciduousVegetation that is also Plant be considered a subcategory of 'Flatworm'?,  False.
Can Fern that is also Liverwort be considered a subcategory of 'Microbiota'?,  False.
Can BlueGreenAlgae that is also MarineAnimal be considered a subcategory of 'Millipede'?,  False.
Can Ciliate that is also Phytoplankton be considered a subcategory of 'Zooplankton'?,  False.
Can Amphibian that is also Arachnid be considered a subcategory of 'Mammal'?,  False.
Can Crustacean that is also MarineMammal be considered a subcategory of 'IndigenousSpecies'?,  False.
Can Arthropod that is also Flagellate be considered a subcategory of 'Protist'?,  False.
Can Crop that is also Lichen be considered a subcategory of 'Bacteria'?,  False.
Can Crown that is also Pollen be considered a subcategory of 'Anemone'?,  False.
Can Canopy that is also Zooplankton be considered a subcategory of 'Yeast'?,  False.
Can Fern that is also Macrophyte be considered a subcategory of 'Algae'?,  False.
Can Human that is also Litter be considered a subcategory of 'EvergreenVegetation'?,  False.
Can DominantSpecies that is also Macroalgae be considered a subcategory of 'Leaf'?,  False.
Can Crown that is also Protist be considered a subcategory of 'Vegetation'?,  False.
Can MarineInvertebrate that is also Sporozoan be considered a subcategory of 'Centipede'?,  False.
Can Livestock that is also MarineBird be considered a subcategory of 'Microphyte'?,  False.
Can Amphibian that is also Millipede be considered a subcategory of 'Coccolithophore'?,  False.
Can Canopy that is also Insect be considered a subcategory of 'MarineAnimal'?,  False.
Can Fungi that is also VegetationCover be considered a subcategory of 'Livestock'?,  False.
Can Crustacean that is also Foraminifer be considered a subcategory of 'Coral'?,  False.
Can Dairy that is also MarineMammal be considered a subcategory of 'Mushroom'?,  False.
Can Amoebae that is also Mammal be considered a subcategory of 'ExoticSpecies'?,  False.
Can Animal that is also Ciliate be considered a subcategory of 'Fungi'?,  False.
Can Dairy that is also Invertebrate be considered a subcategory of 'Bird'?,  False.
Can Chlorophyll that is also Ciliate be considered a subcategory of 'Vertebrate'?,  False.
Can Amphibian that is also Microphyte be considered a subcategory of 'Plant'?,  False.
Can Fungi that is also Plant be considered a subcategory of 'Echinoderm'?,  False.
Can Fish that is also FloweringPlant be considered a subcategory of 'Bacteria'?,  False.
Can Jellyfish that is also MarinePlant be considered a subcategory of 'Flagellate'?,  False.
Can Conifer that is also MicrobiotaTaxonomy be considered a subcategory of 'Yeast'?,  False.
Can Fern that is also Poultry be considered a subcategory of 'Centipede'?,  False.
Can Crop that is also ExoticVegetation be considered a subcategory of 'Fern'?,  False.
Can Echinoderm that is also Yeast be considered a subcategory of 'Poultry'?,  False.
Can Anemone that is also MarineInvertebrate be considered a subcategory of 'EvergreenVegetation'?,  False.
Can FungiTaxonomy that is also Mollusk be considered a subcategory of 'Coccolithophore'?,  False.
Can Arachnid that is also Human be considered a subcategory of 'Microphyte'?,  False.
Can Fern that is also Pollen be considered a subcategory of 'IndigenousVegetation'?,  False.
Can Crown that is also MarineMicrobiota be considered a subcategory of 'MarineAnimal'?,  False.
Can IndigenousSpecies that is also MarinePlant be considered a subcategory of 'Chlorophyll'?,  False.
Can Conifer that is also EvergreenVegetation be considered a subcategory of 'Insect'?,  False.
Can Animal that is also Flagellate be considered a subcategory of 'Litter'?,  False.
Can Algae that is also Dairy be considered a subcategory of 'Mollusk'?,  False.
Can MarineInvertebrate that is also Nutrient be considered a subcategory of 'Ciliate'?,  False.
Can Mollusk that is also VegetationSpecies be considered a subcategory of 'Foraminifer'?,  False.
Can Fern that is also VegetationSpecies be considered a subcategory of 'FungiTaxonomy'?,  False.
Can MarineMicrobiota that is also SlimeMold be considered a subcategory of 'ExoticVegetation'?,  False.
Can ExoticVegetation that is also Flatworm be considered a subcategory of 'MarineInvertebrate'?,  False.
Can Diatom that is also ExoticVegetation be considered a subcategory of 'Amoebae'?,  False.
Can Dairy that is also MarineMammal be considered a subcategory of 'MarineMicrobiota'?,  False.
Can Flagellate that is also Mold be considered a subcategory of 'Phytoplankton'?,  False.
Can Lichen that is also Mollusk be considered a subcategory of 'Jellyfish'?,  False.
Can Plant that is also Radiolarian be considered a subcategory of 'DominantSpecies'?,  False.
Can Conifer that is also ExoticSpecies be considered a subcategory of 'Radiolarian'?,  False.
Can Macrophyte that is also SegmentedWorm be considered a subcategory of 'Anemone'?,  False.
Can Livestock that is also Poultry be considered a subcategory of 'Protist'?,  False.
Can Arachnid that is also Liverwort be considered a subcategory of 'IndigenousSpecies'?,  False.
Can Animal that is also Arthropod be considered a subcategory of 'Insect'?,  False.
Can Mold that is also Phytoplankton be considered a subcategory of 'Chlorophyll'?,  False.
Can Microalgae that is also Mushroom be considered a subcategory of 'Mammal'?,  False.
Can Bacteria that is also Crustacean be considered a subcategory of 'Liverwort'?,  False.
Can Algae that is also SlimeMold be considered a subcategory of 'Macrophyte'?,  False.
Can Crown that is also Zooplankton be considered a subcategory of 'Plankton'?,  False.
Can Arachnid that is also DominantSpecies be considered a subcategory of 'Crop'?,  False.
Can Flagellate that is also MarineAnimal be considered a subcategory of 'Foraminifer'?,  False.
Can Anemone that is also Coccolithophore be considered a subcategory of 'Amoebae'?,  False.
Can Macroalgae that is also Plankton be considered a subcategory of 'Crustacean'?,  False.
Can Bird that is also EvergreenVegetation be considered a subcategory of 'Ciliate'?,  False.
Can Insect that is also Nutrient be considered a subcategory of 'FungiTaxonomy'?,  False.
Can Microalgae that is also Sponge be considered a subcategory of 'DeciduousVegetation'?,  False.
Can Bacteria that is also MarineBird be considered a subcategory of 'Nutrient'?,  False.
Can ExoticSpecies that is also MarinePlant be considered a subcategory of 'Pollen'?,  False.
Can Canopy that is also SegmentedWorm be considered a subcategory of 'MarineMammal'?,  False.
Can DominantSpecies that is also IndigenousVegetation be considered a subcategory of 'Moss'?,  False.
Can Livestock that is also MarineAnimal be considered a subcategory of 'Arthropod'?,  False.
Can Amphibian that is also Arthropod be considered a subcategory of 'Mushroom'?,  False.
Can Mammal that is also Mold be considered a subcategory of 'Human'?,  False.
Can Bird that is also Moss be considered a subcategory of 'Canopy'?,  False.
Can Macroalgae that is also Nutrient be considered a subcategory of 'Microbiota'?,  False.
Can MarineMammal that is also SlimeMold be considered a subcategory of 'Diatom'?,  False.
Can Coral that is also Pollen be considered a subcategory of 'MicrobiotaTaxonomy'?,  False.
Can Bird that is also EvergreenVegetation be considered a subcategory of 'FloweringPlant'?,  False.
Can MicrobiotaTaxonomy that is also Protist be considered a subcategory of 'MarineBird'?,  False.
Can Anemone that is also MarineMicrobiota be considered a subcategory of 'Reptile'?,  False.
Can Microbiota that is also Moss be considered a subcategory of 'SlimeMold'?,  False.
Can Human that is also Reptile be considered a subcategory of 'Crustacean'?,  False.
Can MarinePlant that is also Microphyte be considered a subcategory of 'Sporozoan'?,  False.
Can Crown that is also Roundworm be considered a subcategory of 'FungiTaxonomy'?,  False.
Can Foraminifer that is also FungiTaxonomy be considered a subcategory of 'ExoticVegetation'?,  False.
Can Radiolarian that is also SegmentedWorm be considered a subcategory of 'Vertebrate'?,  False.
Can Amphibian that is also Human be considered a subcategory of 'Arachnid'?,  False.
Can MarineBird that is also Reptile be considered a subcategory of 'Jellyfish'?,  False.
Can Crustacean that is also Sponge be considered a subcategory of 'MarinePlant'?,  False.
Can Crop that is also Livestock be considered a subcategory of 'Sponge'?,  False.
Can MarineMammal that is also VegetationCover be considered a subcategory of 'Yeast'?,  False.
Can Liverwort that is also Vegetation be considered a subcategory of 'VegetationSpecies'?,  False.
Can Diatom that is also IndigenousVegetation be considered a subcategory of 'Plant'?,  False.
Can Amoebae that is also Macroalgae be considered a subcategory of 'Flatworm'?,  False.
Can IndigenousSpecies that is also Vertebrate be considered a subcategory of 'Amphibian'?,  False.
Can Coral that is also TreeRing be considered a subcategory of 'Algae'?,  False.
Can Millipede that is also Moss be considered a subcategory of 'Bacteria'?,  False.
Can Chlorophyll that is also DeciduousVegetation be considered a subcategory of 'Protist'?,  False.
Can Bacteria that is also Reptile be considered a subcategory of 'SlimeMold'?,  False.
Can Dairy that is also Microphyte be considered a subcategory of 'FloweringPlant'?,  False.
Can Invertebrate that is also Liverwort be considered a subcategory of 'Anemone'?,  False.
Can Diatom that is also Jellyfish be considered a subcategory of 'Mammal'?,  False.
Can ExoticSpecies that is also Radiolarian be considered a subcategory of 'Zooplankton'?,  False.
Can Ciliate that is also Human be considered a subcategory of 'Dairy'?,  False.
Can Coccolithophore that is also FloweringPlant be considered a subcategory of 'Chlorophyll'?,  False.
Can Flatworm that is also FloweringPlant be considered a subcategory of 'Fish'?,  False.
Can Crop that is also MicrobiotaTaxonomy be considered a subcategory of 'Liverwort'?,  False.
Can Microbiota that is also Plant be considered a subcategory of 'Insect'?,  False.
Can Crop that is also Invertebrate be considered a subcategory of 'Plankton'?,  False.
Can Fish that is also Vegetation be considered a subcategory of 'Ciliate'?,  False.
Can Anemone that is also Coral be considered a subcategory of 'Foraminifer'?,  False.
Can Litter that is also Zooplankton be considered a subcategory of 'Macrophyte'?,  False.
Can Jellyfish that is also Plankton be considered a subcategory of 'Reptile'?,  False.
Can Mammal that is also MarineInvertebrate be considered a subcategory of 'Microbiota'?,  False.
Can Amoebae that is also Insect be considered a subcategory of 'DominantSpecies'?,  False.
Can Coccolithophore that is also IndigenousSpecies be considered a subcategory of 'MicrobiotaTaxonomy'?,  False.
Can Sponge that is also VegetationSpecies be considered a subcategory of 'FloweringPlant'?,  False.
Can Fungi that is also Macrophyte be considered a subcategory of 'SegmentedWorm'?,  False.
Can Phytoplankton that is also Sporozoan be considered a subcategory of 'Millipede'?,  False.
Can Chlorophyll that is also DominantSpecies be considered a subcategory of 'Fungi'?,  False.
Can Centipede that is also Dairy be considered a subcategory of 'Mammal'?,  False.
Can Leaf that is also Sporozoan be considered a subcategory of 'Anemone'?,  False.
Can Lichen be considered a subcategory of 'Radiolarian'?,  False.
Can Bacteria that is also FungiTaxonomy be considered a subcategory of 'Zooplankton'?,  False.
Can Amoebae that is also Pollen be considered a subcategory of 'Insect'?,  False.
Can Invertebrate that is also VegetationCover be considered a subcategory of 'Foraminifer'?,  False.
Can Foraminifer that is also Litter be considered a subcategory of 'Vegetation'?,  False.
Can ExoticSpecies that is also Vertebrate be considered a subcategory of 'Mold'?,  False.
Can Phytoplankton that is also Protist be considered a subcategory of 'Leaf'?,  False.
Can Centipede that is also Chlorophyll be considered a subcategory of 'Litter'?,  False.
Can Jellyfish that is also Microbiota be considered a subcategory of 'Centipede'?,  False.
Can Mammal that is also Yeast be considered a subcategory of 'EvergreenVegetation'?,  False.
Can Lichen that is also Macrophyte be considered a subcategory of 'Coccolithophore'?,  False.
Can FungiTaxonomy that is also Microalgae be considered a subcategory of 'ExoticSpecies'?,  False.
Can Canopy that is also Liverwort be considered a subcategory of 'IndigenousVegetation'?,  False.
Can Litter that is also Roundworm be considered a subcategory of 'Microalgae'?,  False.
Can Arachnid that is also Vertebrate be considered a subcategory of 'MarineInvertebrate'?,  False.
Can Mushroom that is also Protist be considered a subcategory of 'DeciduousVegetation'?,  False.
Can Animal that is also Sporozoan be considered a subcategory of 'MarineMammal'?,  False.
Can TreeRing that is also Zooplankton be considered a subcategory of 'Macroalgae'?,  False.
Can Echinoderm that is also EvergreenVegetation be considered a subcategory of 'Animal'?,  False.
Can Insect that is also Millipede be considered a subcategory of 'Invertebrate'?,  False.
Can Algae that is also VegetationCover be considered a subcategory of 'Arthropod'?,  False.
Can MarineMammal that is also Mollusk be considered a subcategory of 'Amphibian'?,  False.
Can Algae that is also Livestock be considered a subcategory of 'Flatworm'?,  False.
Can Coccolithophore that is also IndigenousSpecies be considered a subcategory of 'Yeast'?,  False.
Can Plant that is also Vegetation be considered a subcategory of 'Echinoderm'?,  False.
Can Animal that is also ExoticVegetation be considered a subcategory of 'Fern'?,  False.
Can Leaf that is also Macroalgae be considered a subcategory of 'IndigenousVegetation'?,  False.
Can Invertebrate that is also TreeRing be considered a subcategory of 'IndigenousSpecies'?,  False.
Can Amphibian that is also Coral be considered a subcategory of 'Centipede'?,  False.
Can Fungi that is also Yeast be considered a subcategory of 'Conifer'?,  False.
Can DeciduousVegetation that is also Radiolarian be considered a subcategory of 'Pollen'?,  False.
Can Reptile that is also Vertebrate be considered a subcategory of 'MarineAnimal'?,  False.
Can Conifer that is also Microbiota be considered a subcategory of 'Mollusk'?,  False.
Can Conifer that is also Poultry be considered a subcategory of 'TreeRing'?,  False.
Can Diatom that is also Microphyte be considered a subcategory of 'Ciliate'?,  False.
Can Centipede that is also Yeast be considered a subcategory of 'MarineMammal'?,  False.
Can MarineInvertebrate that is also Mold be considered a subcategory of 'DeciduousVegetation'?,  False.
Can Amoebae that is also VegetationCover be considered a subcategory of 'Microphyte'?,  False.
Can FloweringPlant that is also IndigenousSpecies be considered a subcategory of 'Plankton'?,  False.
Can BlueGreenAlgae that is also TreeRing be considered a subcategory of 'Fish'?,  False.
Can Echinoderm that is also MicrobiotaTaxonomy be considered a subcategory of 'Livestock'?,  False.
Can Litter that is also Phytoplankton be considered a subcategory of 'ExoticVegetation'?,  False.
Can Chlorophyll that is also MarineAnimal be considered a subcategory of 'Mushroom'?,  False.
Can Flatworm that is also Jellyfish be considered a subcategory of 'Amoebae'?,  False.
Can Anemone that is also IndigenousVegetation be considered a subcategory of 'Crustacean'?,  False.
Can FungiTaxonomy that is also Lichen be considered a subcategory of 'Phytoplankton'?,  False.
Can Arthropod that is also FungiTaxonomy be considered a subcategory of 'Vertebrate'?,  False.
Can Fish that is also Sponge be considered a subcategory of 'Sporozoan'?,  False.
Can DeciduousVegetation that is also Microalgae be considered a subcategory of 'BlueGreenAlgae'?,  False.
Can Fern that is also Sponge be considered a subcategory of 'VegetationCover'?,  False.
Can MarineMicrobiota that is also SegmentedWorm be considered a subcategory of 'Flagellate'?,  False.
Can MarinePlant that is also Poultry be considered a subcategory of 'Plant'?,  False.
Can ExoticVegetation that is also Reptile be considered a subcategory of 'VegetationSpecies'?,  False.
Can Bacteria that is also Crop be considered a subcategory of 'Mold'?,  False.
Can Mammal that is also MarineMicrobiota be considered a subcategory of 'Crop'?,  False.
Can Diatom that is also MarineBird be considered a subcategory of 'EvergreenVegetation'?,  False.
Can ExoticSpecies that is also MarineMammal be considered a subcategory of 'Coccolithophore'?,  False.
Can Algae that is also Amoebae be considered a subcategory of 'Microphyte'?,  False.
Can Coccolithophore that is also Leaf be considered a subcategory of 'Livestock'?,  False.
Can FloweringPlant that is also Foraminifer be considered a subcategory of 'Macrophyte'?,  False.
Can Animal that is also MarineMicrobiota be considered a subcategory of 'Crustacean'?,  False.
Can Leaf that is also VegetationCover be considered a subcategory of 'Sporozoan'?,  False.
Can Invertebrate be considered a subcategory of 'Crown'?,  False.
Can BlueGreenAlgae that is also Vegetation be considered a subcategory of 'Coral'?,  False.
Can Poultry that is also SlimeMold be considered a subcategory of 'Macroalgae'?,  False.
Can Crown that is also Litter be considered a subcategory of 'Phytoplankton'?,  False.
Can Bird that is also Reptile be considered a subcategory of 'Mushroom'?,  False.
Can Flatworm that is also Macrophyte be considered a subcategory of 'Human'?,  False.
Can Animal that is also Coccolithophore be considered a subcategory of 'Arthropod'?,  False.
Can FloweringPlant that is also Roundworm be considered a subcategory of 'Diatom'?,  False.
Can Fern that is also Microalgae be considered a subcategory of 'MarineInvertebrate'?,  False.
Can MarineMicrobiota that is also Mushroom be considered a subcategory of 'Moss'?,  False.
Can Echinoderm that is also Invertebrate be considered a subcategory of 'MarineMicrobiota'?,  False.
Can Amphibian that is also Zooplankton be considered a subcategory of 'Arachnid'?,  False.
Can MarineMammal that is also Plant be considered a subcategory of 'Jellyfish'?,  False.
Can Algae that is also Millipede be considered a subcategory of 'DominantSpecies'?,  False.
Can Pollen that is also Reptile be considered a subcategory of 'Fungi'?,  False.
Can Conifer that is also Plankton be considered a subcategory of 'Bird'?,  False.
Can Animal that is also Fern be considered a subcategory of 'SlimeMold'?,  False.
Can Insect that is also Leaf be considered a subcategory of 'FloweringPlant'?,  False.
Can DominantSpecies that is also Radiolarian be considered a subcategory of 'Anemone'?,  False.
Can Canopy that is also MarineInvertebrate be considered a subcategory of 'Mammal'?,  False.
Can Fungi that is also MarineInvertebrate be considered a subcategory of 'Algae'?,  False.
Can DeciduousVegetation that is also Sporozoan be considered a subcategory of 'Radiolarian'?,  False.
Can BlueGreenAlgae that is also Microphyte be considered a subcategory of 'Phytoplankton'?,  False.
Can Ciliate that is also Mollusk be considered a subcategory of 'VegetationSpecies'?,  False.
Can Coral that is also Mold be considered a subcategory of 'Human'?,  False.
Can Conifer that is also Zooplankton be considered a subcategory of 'Macroalgae'?,  False.
Can Flagellate that is also Roundworm be considered a subcategory of 'Microbiota'?,  False.
Can Microphyte that is also Plant be considered a subcategory of 'Flagellate'?,  False.
Can Mushroom that is also Roundworm be considered a subcategory of 'VegetationCover'?,  False.
Can Foraminifer that is also Jellyfish be considered a subcategory of 'Sponge'?,  False.
Can Dairy that is also Zooplankton be considered a subcategory of 'Amphibian'?,  False.
Can Fern that is also Human be considered a subcategory of 'Centipede'?,  False.
Can MarineBird that is also Millipede be considered a subcategory of 'Lichen'?,  False.
Can Crustacean that is also Echinoderm be considered a subcategory of 'Flatworm'?,  False.
Can Crown that is also Fish be considered a subcategory of 'Litter'?,  False.
Can MarineInvertebrate that is also Microbiota be considered a subcategory of 'IndigenousVegetation'?,  False.
Can Crop that is also Liverwort be considered a subcategory of 'IndigenousSpecies'?,  False.
Can Pollen that is also VegetationSpecies be considered a subcategory of 'Dairy'?,  False.
Can MicrobiotaTaxonomy that is also SegmentedWorm be considered a subcategory of 'Mammal'?,  False.
Can IndigenousSpecies that is also Livestock be considered a subcategory of 'Liverwort'?,  False.
Can Macroalgae that is also Reptile be considered a subcategory of 'Radiolarian'?,  False.
Can EvergreenVegetation that is also Flagellate be considered a subcategory of 'Anemone'?,  False.
Can Livestock that is also SegmentedWorm be considered a subcategory of 'Crop'?,  False.
Can Crustacean that is also TreeRing be considered a subcategory of 'Livestock'?,  False.
Can Millipede that is also Vegetation be considered a subcategory of 'EvergreenVegetation'?,  False.
Can ExoticSpecies that is also Mollusk be considered a subcategory of 'Mold'?,  False.
Can Diatom that is also Liverwort be considered a subcategory of 'Microphyte'?,  False.
Can VegetationSpecies that is also Vertebrate be considered a subcategory of 'Crown'?,  False.
Can Nutrient that is also Radiolarian be considered a subcategory of 'Macrophyte'?,  False.
Can ExoticVegetation that is also Human be considered a subcategory of 'Plankton'?,  False.
Can Plankton that is also Radiolarian be considered a subcategory of 'Sporozoan'?,  False.
Can Centipede that is also Flatworm be considered a subcategory of 'Jellyfish'?,  False.
Can Crop that is also SlimeMold be considered a subcategory of 'Coral'?,  False.
Can Microbiota that is also Yeast be considered a subcategory of 'Crustacean'?,  False.
Can Liverwort that is also Plankton be considered a subcategory of 'SegmentedWorm'?,  False.
Can Flatworm that is also MarineAnimal be considered a subcategory of 'Yeast'?,  False.
Can Fish that is also Protist be considered a subcategory of 'Fungi'?,  False.
Can Microbiota that is also Poultry be considered a subcategory of 'FloweringPlant'?,  False.
Can BlueGreenAlgae that is also Crustacean be considered a subcategory of 'Poultry'?,  False.
Can Arthropod that is also Mollusk be considered a subcategory of 'Vegetation'?,  False.
Can ExoticVegetation that is also Macrophyte be considered a subcategory of 'Algae'?,  False.
Can DeciduousVegetation that is also Zooplankton be considered a subcategory of 'Bacteria'?,  False.
Can Flagellate that is also Sponge be considered a subcategory of 'Leaf'?,  False.
Can Algae that is also Microalgae be considered a subcategory of 'MarineAnimal'?,  False.
Can Arachnid that is also Phytoplankton be considered a subcategory of 'Mold'?,  False.
Can Chlorophyll that is also Reptile be considered a subcategory of 'EvergreenVegetation'?,  False.
Can Centipede that is also Mollusk be considered a subcategory of 'Plankton'?,  False.
Can Coccolithophore that is also DominantSpecies be considered a subcategory of 'ExoticSpecies'?,  False.
Can IndigenousSpecies that is also Lichen be considered a subcategory of 'Livestock'?,  False.
Can EvergreenVegetation that is also FungiTaxonomy be considered a subcategory of 'Microphyte'?,  False.
Can Canopy that is also Coral be considered a subcategory of 'Chlorophyll'?,  False.
Can Fungi that is also Zooplankton be considered a subcategory of 'Fish'?,  False.
Can Human that is also Plankton be considered a subcategory of 'Conifer'?,  False.
Can DominantSpecies that is also Flatworm be considered a subcategory of 'Pollen'?,  False.
Can Mammal that is also Roundworm be considered a subcategory of 'MarineInvertebrate'?,  False.
Can Foraminifer that is also IndigenousVegetation be considered a subcategory of 'Invertebrate'?,  False.
Can BlueGreenAlgae that is also MarineBird be considered a subcategory of 'MarineMammal'?,  False.
Can Bacteria that is also Mollusk be considered a subcategory of 'Microalgae'?,  False.
Can Amoebae that is also MarineBird be considered a subcategory of 'Animal'?,  False.
Can Crustacean that is also Moss be considered a subcategory of 'DominantSpecies'?,  False.
Can Flagellate that is also Foraminifer be considered a subcategory of 'FungiTaxonomy'?,  False.
Can Ciliate that is also MarineMammal be considered a subcategory of 'Moss'?,  False.
Can Liverwort that is also VegetationCover be considered a subcategory of 'Vertebrate'?,  False.
Can Bird that is also VegetationSpecies be considered a subcategory of 'Arachnid'?,  False.
Can BlueGreenAlgae that is also Dairy be considered a subcategory of 'MicrobiotaTaxonomy'?,  False.
Can MarineMicrobiota that is also MarinePlant be considered a subcategory of 'Reptile'?,  False.
Can Echinoderm that is also MarineAnimal be considered a subcategory of 'Mammal'?,  False.
Can Anemone that is also Vertebrate be considered a subcategory of 'Litter'?,  False.
Can Centipede that is also Plant be considered a subcategory of 'Dairy'?,  False.
Can DominantSpecies that is also FloweringPlant be considered a subcategory of 'Zooplankton'?,  False.
Can Crown that is also Echinoderm be considered a subcategory of 'Foraminifer'?,  False.
Can Fern that is also Pollen be considered a subcategory of 'Mollusk'?,  False.
Can Bird that is also Crop be considered a subcategory of 'Chlorophyll'?,  False.
Can Jellyfish that is also MarinePlant be considered a subcategory of 'Ciliate'?,  False.
Can Canopy that is also IndigenousVegetation be considered a subcategory of 'MarineInvertebrate'?,  False.
Can FungiTaxonomy that is also Moss be considered a subcategory of 'Fish'?,  False.
Can EvergreenVegetation that is also Human be considered a subcategory of 'TreeRing'?,  False.
Can Amphibian that is also Sponge be considered a subcategory of 'ExoticVegetation'?,  False.
Can Mammal that is also Microalgae be considered a subcategory of 'Jellyfish'?,  False.
Can Arachnid that is also Sponge be considered a subcategory of 'Moss'?,  False.
Can ExoticSpecies that is also MarineBird be considered a subcategory of 'Crustacean'?,  False.
Can ExoticVegetation that is also Pollen be considered a subcategory of 'Mushroom'?,  False.
Can Bird that is also Diatom be considered a subcategory of 'Human'?,  False.
Can Litter that is also TreeRing be considered a subcategory of 'DeciduousVegetation'?,  False.
Can Nutrient that is also Vertebrate be considered a subcategory of 'Coral'?,  False.
Can Lichen that is also Moss be considered a subcategory of 'Macroalgae'?,  False.
Can EvergreenVegetation that is also Radiolarian be considered a subcategory of 'Roundworm'?,  False.
Can TreeRing that is also VegetationSpecies be considered a subcategory of 'BlueGreenAlgae'?,  False.
Can Echinoderm that is also SlimeMold be considered a subcategory of 'Arthropod'?,  False.
Can Arachnid that is also Chlorophyll be considered a subcategory of 'Flagellate'?,  False.
Can Chlorophyll that is also Microphyte be considered a subcategory of 'Microbiota'?,  False.
Can Dairy that is also Jellyfish be considered a subcategory of 'Canopy'?,  False.
Can IndigenousVegetation that is also Mold be considered a subcategory of 'VegetationCover'?,  False.
Can Bacteria that is also Jellyfish be considered a subcategory of 'Flatworm'?,  False.
Can FungiTaxonomy that is also MicrobiotaTaxonomy be considered a subcategory of 'IndigenousSpecies'?,  False.
Can Ciliate that is also Sponge be considered a subcategory of 'Millipede'?,  False.
Can Microalgae that is also Mushroom be considered a subcategory of 'MarineBird'?,  False.
Can Arachnid that is also Radiolarian be considered a subcategory of 'Microphyte'?,  False.
Can Flagellate that is also Human be considered a subcategory of 'Crown'?,  False.
Can Animal that is also Fungi be considered a subcategory of 'MarineAnimal'?,  False.
Can DeciduousVegetation that is also Phytoplankton be considered a subcategory of 'Coccolithophore'?,  False.
Can Crop that is also EvergreenVegetation be considered a subcategory of 'Nutrient'?,  False.
Can Insect that is also Microbiota be considered a subcategory of 'Invertebrate'?,  False.
Can Algae that is also Poultry be considered a subcategory of 'MarineMammal'?,  False.
Can Diatom that is also IndigenousSpecies be considered a subcategory of 'DeciduousVegetation'?,  False.
Can Coral that is also Nutrient be considered a subcategory of 'Arthropod'?,  False.
Can Sporozoan that is also Zooplankton be considered a subcategory of 'Diatom'?,  False.
Can Coccolithophore be considered a subcategory of 'Human'?,  False.
Can FloweringPlant that is also Plankton be considered a subcategory of 'Macroalgae'?,  False.
Can Roundworm that is also SlimeMold be considered a subcategory of 'Microbiota'?,  False.
Can Leaf that is also Lichen be considered a subcategory of 'Flagellate'?,  False.
Can Diatom that is also Invertebrate be considered a subcategory of 'MicrobiotaTaxonomy'?,  False.
Can Vegetation that is also VegetationSpecies be considered a subcategory of 'Canopy'?,  False.
Can Centipede that is also MarineMammal be considered a subcategory of 'Arachnid'?,  False.
Can Coral that is also DominantSpecies be considered a subcategory of 'Vertebrate'?,  False.
Can Bacteria that is also IndigenousVegetation be considered a subcategory of 'DominantSpecies'?,  False.
Can Arthropod that is also Foraminifer be considered a subcategory of 'MarineMicrobiota'?,  False.
Can MarineMicrobiota that is also Pollen be considered a subcategory of 'Bird'?,  False.
Can Bird that is also Microbiota be considered a subcategory of 'Algae'?,  False.
Can MarineAnimal that is also Moss be considered a subcategory of 'Plant'?,  False.
Can Macroalgae that is also Vertebrate be considered a subcategory of 'Fungi'?,  False.
Can Invertebrate that is also Poultry be considered a subcategory of 'Amphibian'?,  False.
Can Liverwort that is also Vegetation be considered a subcategory of 'Poultry'?,  False.
Can Bird that is also Nutrient be considered a subcategory of 'Radiolarian'?,  False.
Can Microalgae that is also Reptile be considered a subcategory of 'Fern'?,  False.
Can Crustacean that is also Microphyte be considered a subcategory of 'IndigenousVegetation'?,  False.
Can Conifer that is also Roundworm be considered a subcategory of 'EvergreenVegetation'?,  False.
Can Leaf that is also Macrophyte be considered a subcategory of 'Mold'?,  False.
Can Crown that is also Vegetation be considered a subcategory of 'Millipede'?,  False.
Can IndigenousVegetation that is also Protist be considered a subcategory of 'Lichen'?,  False.
Can Macrophyte that is also SegmentedWorm be considered a subcategory of 'Canopy'?,  False.
Can Amphibian that is also SlimeMold be considered a subcategory of 'Microbiota'?,  False.
Can Coral that is also Macroalgae be considered a subcategory of 'Protist'?,  False.
Can Insect that is also Moss be considered a subcategory of 'Zooplankton'?,  False.
Can Livestock that is also Sporozoan be considered a subcategory of 'FloweringPlant'?,  False.
Can Anemone that is also MarineMammal be considered a subcategory of 'MarineBird'?,  False.
Can Microbiota that is also Millipede be considered a subcategory of 'Mammal'?,  False.
Can Amoebae that is also Yeast be considered a subcategory of 'Liverwort'?,  False.
Can Macroalgae that is also VegetationCover be considered a subcategory of 'Dairy'?,  False.
Can Livestock that is also MarineMicrobiota be considered a subcategory of 'Litter'?,  False.
Can Liverwort that is also Mammal be considered a subcategory of 'Fish'?,  False.
Can Conifer that is also Phytoplankton be considered a subcategory of 'TreeRing'?,  False.
Can IndigenousSpecies that is also Protist be considered a subcategory of 'Insect'?,  False.
Can Centipede that is also Mushroom be considered a subcategory of 'Chlorophyll'?,  False.
Can MicrobiotaTaxonomy that is also Sporozoan be considered a subcategory of 'IndigenousVegetation'?,  False.
Can Anemone that is also Plant be considered a subcategory of 'MarineAnimal'?,  False.
Can Crown that is also Invertebrate be considered a subcategory of 'Mold'?,  False.
Can Jellyfish that is also Protist be considered a subcategory of 'Crop'?,  False.
Can Anemone that is also MicrobiotaTaxonomy be considered a subcategory of 'Crown'?,  False.
Can Litter that is also Livestock be considered a subcategory of 'Coral'?,  False.
Can FloweringPlant that is also Macroalgae be considered a subcategory of 'Coccolithophore'?,  False.
Can Echinoderm that is also Insect be considered a subcategory of 'ExoticSpecies'?,  False.
Can Crown that is also SegmentedWorm be considered a subcategory of 'Invertebrate'?,  False.
Can FungiTaxonomy that is also Mushroom be considered a subcategory of 'Human'?,  False.
Can Crop that is also Millipede be considered a subcategory of 'DeciduousVegetation'?,  False.
Can Amoebae that is also Fish be considered a subcategory of 'Nutrient'?,  False.
Can Canopy that is also Mold be considered a subcategory of 'Diatom'?,  False.
Can Canopy that is also Sponge be considered a subcategory of 'MicrobiotaTaxonomy'?,  False.
Can Human that is also Mammal be considered a subcategory of 'Macroalgae'?,  False.
Can Conifer that is also Lichen be considered a subcategory of 'Amphibian'?,  False.
Can Bacteria that is also VegetationSpecies be considered a subcategory of 'Centipede'?,  False.
Can Dairy that is also VegetationSpecies be considered a subcategory of 'Bacteria'?,  False.
Can Fungi that is also MarinePlant be considered a subcategory of 'Poultry'?,  False.
Can Chlorophyll that is also MarineInvertebrate be considered a subcategory of 'MarineAnimal'?,  False.
Can ExoticSpecies that is also Flatworm be considered a subcategory of 'Livestock'?,  False.
Can Dairy that is also Fish be considered a subcategory of 'EvergreenVegetation'?,  False.
Can BlueGreenAlgae be considered a subcategory of 'ExoticSpecies'?,  False.
Can MicrobiotaTaxonomy that is also Mollusk be considered a subcategory of 'DeciduousVegetation'?,  False.
Can Amoebae that is also ExoticVegetation be considered a subcategory of 'Conifer'?,  False.
Can Fern that is also Invertebrate be considered a subcategory of 'Pollen'?,  False.
Can Flagellate that is also Flatworm be considered a subcategory of 'MarineInvertebrate'?,  False.
Can Anemone that is also Ciliate be considered a subcategory of 'Invertebrate'?,  False.
Can Plant that is also VegetationCover be considered a subcategory of 'Coral'?,  False.
Can FloweringPlant that is also MarineMammal be considered a subcategory of 'Microalgae'?,  False.
Can Crustacean that is also Macrophyte be considered a subcategory of 'Ciliate'?,  False.
Can Animal that is also Lichen be considered a subcategory of 'FungiTaxonomy'?,  False.
Can Canopy that is also Microalgae be considered a subcategory of 'Plankton'?,  False.
Can ExoticVegetation that is also Millipede be considered a subcategory of 'Sporozoan'?,  False.
Can Algae that is also Fern be considered a subcategory of 'Jellyfish'?,  False.
Can Crown that is also Roundworm be considered a subcategory of 'ExoticVegetation'?,  False.
Can Arachnid that is also Flatworm be considered a subcategory of 'Animal'?,  False.
Can Insect that is also Plant be considered a subcategory of 'Arachnid'?,  False.
Can Coccolithophore that is also Foraminifer be considered a subcategory of 'Fungi'?,  False.
Can BlueGreenAlgae that is also Zooplankton be considered a subcategory of 'MarinePlant'?,  False.
Can EvergreenVegetation that is also Mollusk be considered a subcategory of 'Vertebrate'?,  False.
Can Amphibian that is also Sporozoan be considered a subcategory of 'Yeast'?,  False.
Can Crustacean that is also DominantSpecies be considered a subcategory of 'Algae'?,  False.
Can Flagellate that is also Plankton be considered a subcategory of 'VegetationCover'?,  False.
Can Ciliate that is also Nutrient be considered a subcategory of 'Sponge'?,  False.
Can Amphibian that is also Vertebrate be considered a subcategory of 'Foraminifer'?,  False.
Can Animal that is also Microbiota be considered a subcategory of 'Macrophyte'?,  False.
Can Algae that is also ExoticVegetation be considered a subcategory of 'Mold'?,  False.
Can Ciliate that is also Macroalgae be considered a subcategory of 'Insect'?,  False.
Can Centipede that is also MarineAnimal be considered a subcategory of 'Plankton'?,  False.
Can Mold that is also SlimeMold be considered a subcategory of 'Amoebae'?,  False.
Can Dairy that is also Yeast be considered a subcategory of 'TreeRing'?,  False.
Can MarinePlant that is also Protist be considered a subcategory of 'Microphyte'?,  False.
Can Microalgae that is also Nutrient be considered a subcategory of 'Jellyfish'?,  False.
Can Anemone that is also Mushroom be considered a subcategory of 'Sporozoan'?,  False.
Can Conifer that is also Pollen be considered a subcategory of 'Crustacean'?,  False.
Can Bird that is also Microphyte be considered a subcategory of 'ExoticVegetation'?,  False.
Can Arachnid that is also MicrobiotaTaxonomy be considered a subcategory of 'Vertebrate'?,  False.
Can IndigenousVegetation that is also Millipede be considered a subcategory of 'Plant'?,  False.
Can Animal that is also Moss be considered a subcategory of 'BlueGreenAlgae'?,  False.
Can EvergreenVegetation that is also Roundworm be considered a subcategory of 'Phytoplankton'?,  False.
Can Dairy that is also Fish be considered a subcategory of 'Roundworm'?,  False.
Can DeciduousVegetation that is also MarinePlant be considered a subcategory of 'DominantSpecies'?,  False.
Can Amphibian that is also Litter be considered a subcategory of 'Arthropod'?,  False.
Can Animal that is also Crop be considered a subcategory of 'Macroalgae'?,  False.
Can Fish that is also MarinePlant be considered a subcategory of 'SlimeMold'?,  False.
Can Reptile that is also Yeast be considered a subcategory of 'Millipede'?,  False.
Can Conifer that is also FungiTaxonomy be considered a subcategory of 'MicrobiotaTaxonomy'?,  False.
Can Arthropod that is also VegetationSpecies be considered a subcategory of 'Reptile'?,  False.
Can Amphibian that is also ExoticVegetation be considered a subcategory of 'SegmentedWorm'?,  False.
Can Fern that is also Vegetation be considered a subcategory of 'Radiolarian'?,  False.
Can MarineInvertebrate that is also Sponge be considered a subcategory of 'MarineBird'?,  False.
Can Flatworm that is also SegmentedWorm be considered a subcategory of 'FloweringPlant'?,  False.
Can Plant that is also TreeRing be considered a subcategory of 'Litter'?,  False.
Can Coral that is also MarineMammal be considered a subcategory of 'Vegetation'?,  False.
Can MarineMicrobiota that is also Mollusk be considered a subcategory of 'Zooplankton'?,  False.
Can Livestock that is also Mollusk be considered a subcategory of 'Mammal'?,  False.
Can BlueGreenAlgae that is also ExoticSpecies be considered a subcategory of 'MarineInvertebrate'?,  False.
Can ExoticSpecies that is also MicrobiotaTaxonomy be considered a subcategory of 'DeciduousVegetation'?,  False.
Can Amoebae that is also Livestock be considered a subcategory of 'Nutrient'?,  False.
Can Bacteria that is also Bird be considered a subcategory of 'Diatom'?,  False.
Can Arthropod that is also Flatworm be considered a subcategory of 'MicrobiotaTaxonomy'?,  False.
Can MarineMicrobiota that is also SegmentedWorm be considered a subcategory of 'Moss'?,  False.
Can Mushroom that is also VegetationCover be considered a subcategory of 'Arthropod'?,  False.
Can MarineAnimal be considered a subcategory of 'Arachnid'?,  False.
Can Mold that is also Poultry be considered a subcategory of 'DominantSpecies'?,  False.
Can Canopy that is also Litter be considered a subcategory of 'MarineMicrobiota'?,  False.
Can Arthropod that is also Nutrient be considered a subcategory of 'Bird'?,  False.
Can Anemone that is also Phytoplankton be considered a subcategory of 'Algae'?,  False.
Can Crown that is also DeciduousVegetation be considered a subcategory of 'FloweringPlant'?,  False.
Can Bird that is also FungiTaxonomy be considered a subcategory of 'MarineBird'?,  False.
Can Fern that is also SegmentedWorm be considered a subcategory of 'Flagellate'?,  False.
Can Insect that is also Microalgae be considered a subcategory of 'Yeast'?,  False.
Can Arachnid that is also Echinoderm be considered a subcategory of 'Sponge'?,  False.
Can ExoticSpecies that is also Zooplankton be considered a subcategory of 'VegetationCover'?,  False.
Can MarineInvertebrate that is also Mold be considered a subcategory of 'Poultry'?,  False.
Can DominantSpecies that is also Sporozoan be considered a subcategory of 'IndigenousSpecies'?,  False.
Can Bacteria that is also Pollen be considered a subcategory of 'Echinoderm'?,  False.
Can Arthropod that is also Plankton be considered a subcategory of 'Amphibian'?,  False.
Can Crown that is also Fungi be considered a subcategory of 'IndigenousVegetation'?,  False.
Can Bird that is also MarineBird be considered a subcategory of 'MarineAnimal'?,  False.
Can DominantSpecies that is also MarineAnimal be considered a subcategory of 'Centipede'?,  False.
Can SlimeMold that is also VegetationSpecies be considered a subcategory of 'Fern'?,  False.
Can Leaf that is also Moss be considered a subcategory of 'Pollen'?,  False.
Can EvergreenVegetation that is also Foraminifer be considered a subcategory of 'MarineMammal'?,  False.
Can Bacteria that is also Nutrient be considered a subcategory of 'Coccolithophore'?,  False.
Can Anemone that is also Mammal be considered a subcategory of 'Chlorophyll'?,  False.
Can MicrobiotaTaxonomy that is also Reptile be considered a subcategory of 'Microbiota'?,  False.
Can Flagellate that is also Livestock be considered a subcategory of 'Millipede'?,  False.
Can Arthropod that is also Macroalgae be considered a subcategory of 'MicrobiotaTaxonomy'?,  False.
Can EvergreenVegetation that is also Phytoplankton be considered a subcategory of 'Reptile'?,  False.
Can Mollusk that is also Mushroom be considered a subcategory of 'Protist'?,  False.
Can Millipede that is also SegmentedWorm be considered a subcategory of 'MarineBird'?,  False.
Can ExoticSpecies that is also IndigenousSpecies be considered a subcategory of 'FloweringPlant'?,  False.
Can Liverwort that is also Nutrient be considered a subcategory of 'Litter'?,  False.
Can ExoticVegetation that is also VegetationSpecies be considered a subcategory of 'Vegetation'?,  False.
Can Coccolithophore that is also Mammal be considered a subcategory of 'Zooplankton'?,  False.
Can Arthropod that is also TreeRing be considered a subcategory of 'Mammal'?,  False.
Can Plankton that is also SlimeMold be considered a subcategory of 'Foraminifer'?,  False.
Can Flatworm that is also Lichen be considered a subcategory of 'Fish'?,  False.
Can Crop that is also Diatom be considered a subcategory of 'Liverwort'?,  False.
Can Microbiota that is also Vertebrate be considered a subcategory of 'Insect'?,  False.
Can Arachnid that is also MarineMammal be considered a subcategory of 'Crop'?,  False.
Can Amoebae that is also ExoticSpecies be considered a subcategory of 'IndigenousVegetation'?,  False.
Can Leaf that is also MicrobiotaTaxonomy be considered a subcategory of 'EvergreenVegetation'?,  False.
Can Foraminifer that is also Livestock be considered a subcategory of 'Leaf'?,  False.
Can Bacteria that is also MarineMicrobiota be considered a subcategory of 'ExoticSpecies'?,  False.
Can Arthropod that is also VegetationCover be considered a subcategory of 'DeciduousVegetation'?,  False.
Can Moss that is also SegmentedWorm be considered a subcategory of 'Conifer'?,  False.
Can BlueGreenAlgae that is also Mushroom be considered a subcategory of 'Coccolithophore'?,  False.
Can MarineAnimal that is also Poultry be considered a subcategory of 'Nutrient'?,  False.
Can Liverwort that is also SlimeMold be considered a subcategory of 'Invertebrate'?,  False.
Can Bird that is also Mold be considered a subcategory of 'Coral'?,  False.
Can Canopy that is also Flatworm be considered a subcategory of 'Microalgae'?,  False.
Can DeciduousVegetation that is also Nutrient be considered a subcategory of 'Roundworm'?,  False.
Can Anemone that is also Crustacean be considered a subcategory of 'Diatom'?,  False.
Can Crown that is also MarineAnimal be considered a subcategory of 'Arthropod'?,  False.
Can Macrophyte that is also Protist be considered a subcategory of 'Macroalgae'?,  False.
Can ExoticVegetation that is also Human be considered a subcategory of 'Flatworm'?,  False.
Can MarinePlant that is also Zooplankton be considered a subcategory of 'IndigenousSpecies'?,  False.
Can Crown that is also Plankton be considered a subcategory of 'Echinoderm'?,  False.
Can Flatworm that is also MarineInvertebrate be considered a subcategory of 'Bacteria'?,  False.
Can MarineBird that is also Roundworm be considered a subcategory of 'Leaf'?,  False.
Can Amphibian that is also Foraminifer be considered a subcategory of 'MarineAnimal'?,  False.
Can BlueGreenAlgae that is also Canopy be considered a subcategory of 'Centipede'?,  False.
Can Mollusk that is also Sponge be considered a subcategory of 'Fern'?,  False.
Can Foraminifer that is also MarineBird be considered a subcategory of 'Pollen'?,  False.
Can Flagellate that is also Mammal be considered a subcategory of 'Mollusk'?,  False.
Can Ciliate that is also IndigenousVegetation be considered a subcategory of 'Conifer'?,  False.
Can Liverwort that is also Macroalgae be considered a subcategory of 'Microalgae'?,  False.
Can MarineMicrobiota that is also VegetationSpecies be considered a subcategory of 'MarineInvertebrate'?,  False.
Can Amoebae that is also Dairy be considered a subcategory of 'DeciduousVegetation'?,  False.
Can MarinePlant that is also Moss be considered a subcategory of 'Nutrient'?,  False.
Can BlueGreenAlgae that is also Mold be considered a subcategory of 'Plankton'?,  False.
Can Chlorophyll that is also Mollusk be considered a subcategory of 'Amoebae'?,  False.
Can Coral that is also Radiolarian be considered a subcategory of 'Livestock'?,  False.
Can Dairy that is also Zooplankton be considered a subcategory of 'Microphyte'?,  False.
Can Ciliate that is also Jellyfish be considered a subcategory of 'Sporozoan'?,  False.
Can Microphyte that is also Roundworm be considered a subcategory of 'FungiTaxonomy'?,  False.
Can Ciliate that is also Foraminifer be considered a subcategory of 'ExoticVegetation'?,  False.
Can Dairy that is also FloweringPlant be considered a subcategory of 'Vertebrate'?,  False.
Can Echinoderm that is also Human be considered a subcategory of 'Plant'?,  False.
Can MarineBird that is also Roundworm be considered a subcategory of 'BlueGreenAlgae'?,  False.
Can Crustacean that is also Plant be considered a subcategory of 'MarinePlant'?,  False.
Can Crop that is also Fish be considered a subcategory of 'Flagellate'?,  False.
Can Microbiota that is also Pollen be considered a subcategory of 'Yeast'?,  False.
Can Anemone that is also Liverwort be considered a subcategory of 'VegetationSpecies'?,  False.
Can Fern that is also VegetationSpecies be considered a subcategory of 'VegetationCover'?,  False.
Can Plankton that is also Pollen be considered a subcategory of 'Crop'?,  False.
Can Bird that is also Nutrient be considered a subcategory of 'Foraminifer'?,  False.
Can Litter that is also Mollusk be considered a subcategory of 'Vegetation'?,  False.
Can Coccolithophore that is also Vertebrate be considered a subcategory of 'Mold'?,  False.
Can Moss that is also VegetationSpecies be considered a subcategory of 'Microphyte'?,  False.
Can EvergreenVegetation that is also SlimeMold be considered a subcategory of 'Crown'?,  False.
Can Sporozoan that is also TreeRing be considered a subcategory of 'Macrophyte'?,  False.
Can Diatom that is also Echinoderm be considered a subcategory of 'Plankton'?,  False.
Can Arachnid that is also Dairy be considered a subcategory of 'Sporozoan'?,  False.
Can ExoticSpecies that is also Leaf be considered a subcategory of 'Mushroom'?,  False.
Can Jellyfish that is also Lichen be considered a subcategory of 'Amoebae'?,  False.
Can IndigenousVegetation that is also Radiolarian be considered a subcategory of 'Crustacean'?,  False.
Can Bacteria that is also Ciliate be considered a subcategory of 'Phytoplankton'?,  False.
Can FungiTaxonomy that is also Invertebrate be considered a subcategory of 'VegetationSpecies'?,  False.
Can Chlorophyll that is also Sponge be considered a subcategory of 'Human'?,  False.
Can ExoticSpecies that is also Microalgae be considered a subcategory of 'BlueGreenAlgae'?,  False.
Can Plankton that is also Protist be considered a subcategory of 'Diatom'?,  False.
Can Flatworm that is also Poultry be considered a subcategory of 'Roundworm'?,  False.
Can Fish that is also Microbiota be considered a subcategory of 'Moss'?,  False.
Can Bird that is also Yeast be considered a subcategory of 'Arthropod'?,  False.
Can BlueGreenAlgae that is also Macrophyte be considered a subcategory of 'Reptile'?,  False.
Can Microalgae that is also Mollusk be considered a subcategory of 'SlimeMold'?,  False.
Can ExoticVegetation that is also Liverwort be considered a subcategory of 'DominantSpecies'?,  False.
Can MarineAnimal that is also Zooplankton be considered a subcategory of 'MarineMicrobiota'?,  False.
Can Flagellate that is also Phytoplankton be considered a subcategory of 'Bird'?,  False.
Can Arachnid that is also Microalgae be considered a subcategory of 'SegmentedWorm'?,  False.
Can Crustacean that is also Plant be considered a subcategory of 'FloweringPlant'?,  False.
Can Animal that is also Foraminifer be considered a subcategory of 'MarineBird'?,  False.
Can Centipede that is also IndigenousSpecies be considered a subcategory of 'Mammal'?,  False.
Can DominantSpecies that is also EvergreenVegetation be considered a subcategory of 'Liverwort'?,  False.
Can Bacteria that is also Flagellate be considered a subcategory of 'Radiolarian'?,  False.
Can Algae that is also FungiTaxonomy be considered a subcategory of 'Anemone'?,  False.
Can Centipede that is also IndigenousVegetation be considered a subcategory of 'Nutrient'?,  False.
Can DominantSpecies that is also Livestock be considered a subcategory of 'Ciliate'?,  False.
Can Amphibian that is also Bacteria be considered a subcategory of 'MarineMammal'?,  False.
Can Arthropod that is also Vegetation be considered a subcategory of 'Microalgae'?,  False.
Can Moss that is also Pollen be considered a subcategory of 'Animal'?,  False.
Can Bird that is also Macroalgae be considered a subcategory of 'Diatom'?,  False.
Can MarineAnimal that is also MarineMammal be considered a subcategory of 'FungiTaxonomy'?,  False.
Can Coral that is also SlimeMold be considered a subcategory of 'Moss'?,  False.
Can Moss that is also Yeast be considered a subcategory of 'MarineMicrobiota'?,  False.
Can EvergreenVegetation that is also Protist be considered a subcategory of 'Arachnid'?,  False.
Can MarineMicrobiota that is also Nutrient be considered a subcategory of 'MicrobiotaTaxonomy'?,  False.
Can Echinoderm that is also Microbiota be considered a subcategory of 'MarinePlant'?,  False.
Can Conifer that is also Reptile be considered a subcategory of 'SegmentedWorm'?,  False.
Can Macrophyte that is also Microphyte be considered a subcategory of 'Bird'?,  False.
Can Centipede that is also Roundworm be considered a subcategory of 'Fungi'?,  False.
Can Leaf that is also Liverwort be considered a subcategory of 'FloweringPlant'?,  False.
Can MarineAnimal that is also Plant be considered a subcategory of 'Microbiota'?,  False.
Can FloweringPlant that is also Vertebrate be considered a subcategory of 'Flagellate'?,  False.
Can Centipede that is also Jellyfish be considered a subcategory of 'Plant'?,  False.
Can DominantSpecies that is also MicrobiotaTaxonomy be considered a subcategory of 'Canopy'?,  False.
Can Litter that is also Nutrient be considered a subcategory of 'Amphibian'?,  False.
Can Crop that is also Echinoderm be considered a subcategory of 'Protist'?,  False.
Can Echinoderm that is also Pollen be considered a subcategory of 'Lichen'?,  False.
Can Anemone that is also Bird be considered a subcategory of 'Echinoderm'?,  False.
Can FungiTaxonomy that is also Jellyfish be considered a subcategory of 'Fern'?,  False.
Can Fish that is also Moss be considered a subcategory of 'IndigenousSpecies'?,  False.
Can Crown that is also EvergreenVegetation be considered a subcategory of 'Dairy'?,  False.
Can Sponge be considered a subcategory of 'Chlorophyll'?,  False.
Can Microalgae that is also SegmentedWorm be considered a subcategory of 'Fish'?,  False.
Can Arachnid that is also MarinePlant be considered a subcategory of 'Conifer'?,  False.
Can Canopy that is also ExoticSpecies be considered a subcategory of 'Mollusk'?,  False.
Can Invertebrate that is also Sporozoan be considered a subcategory of 'Protist'?,  False.
Can Anemone that is also BlueGreenAlgae be considered a subcategory of 'Algae'?,  False.
Can Crown that is also ExoticSpecies be considered a subcategory of 'FloweringPlant'?,  False.
Can Ciliate that is also Protist be considered a subcategory of 'SegmentedWorm'?,  False.
Can FloweringPlant that is also VegetationCover be considered a subcategory of 'Vegetation'?,  False.
Can Flatworm that is also Livestock be considered a subcategory of 'Mold'?,  False.
Can Macroalgae that is also MicrobiotaTaxonomy be considered a subcategory of 'Bacteria'?,  False.
Can Insect that is also VegetationCover be considered a subcategory of 'Anemone'?,  False.
Can Fish that is also Mushroom be considered a subcategory of 'Livestock'?,  False.
Can Anemone that is also Millipede be considered a subcategory of 'Insect'?,  False.
Can Amoebae that is also Litter be considered a subcategory of 'Leaf'?,  False.
Can Arthropod that is also Mold be considered a subcategory of 'Amoebae'?,  False.
Can Canopy that is also MarinePlant be considered a subcategory of 'Crown'?,  False.
Can Crown that is also Mammal be considered a subcategory of 'Microphyte'?,  False.
Can FungiTaxonomy that is also Phytoplankton be considered a subcategory of 'Plankton'?,  False.
Can Diatom that is also EvergreenVegetation be considered a subcategory of 'Fish'?,  False.
Can Crop that is also Insect be considered a subcategory of 'MarineMammal'?,  False.
Can Algae that is also MarineInvertebrate be considered a subcategory of 'Coccolithophore'?,  False.
Can Poultry that is also Zooplankton be considered a subcategory of 'Chlorophyll'?,  False.
Can FloweringPlant that is also Nutrient be considered a subcategory of 'Invertebrate'?,  False.
Can Amoebae that is also Sporozoan be considered a subcategory of 'FungiTaxonomy'?,  False.
Can Coccolithophore that is also MarineMicrobiota be considered a subcategory of 'Microalgae'?,  False.
Can Coccolithophore that is also Plankton be considered a subcategory of 'Nutrient'?,  False.
Can Fungi that is also Mammal be considered a subcategory of 'DominantSpecies'?,  False.
Can Arthropod that is also Lichen be considered a subcategory of 'MicrobiotaTaxonomy'?,  False.
Can Diatom that is also SegmentedWorm be considered a subcategory of 'Moss'?,  False.
Can Mushroom that is also VegetationSpecies be considered a subcategory of 'Animal'?,  False.
Can Leaf that is also Macrophyte be considered a subcategory of 'Arachnid'?,  False.
Can Chlorophyll that is also SlimeMold be considered a subcategory of 'Fungi'?,  False.
Can Bacteria that is also Mold be considered a subcategory of 'Reptile'?,  False.
Can Canopy that is also Dairy be considered a subcategory of 'MarineMicrobiota'?,  False.
Can Macrophyte that is also Microphyte be considered a subcategory of 'Litter'?,  False.
Can Lichen that is also Microalgae be considered a subcategory of 'Mollusk'?,  False.
Can Chlorophyll that is also Liverwort be considered a subcategory of 'Zooplankton'?,  False.
Can Canopy that is also Conifer be considered a subcategory of 'Mammal'?,  False.
Can Roundworm that is also Sporozoan be considered a subcategory of 'Foraminifer'?,  False.
Can Arachnid that is also Litter be considered a subcategory of 'Fish'?,  False.
Can Crown that is also Mushroom be considered a subcategory of 'Conifer'?,  False.
Can Animal that is also Protist be considered a subcategory of 'Pollen'?,  False.
Can Plant that is also Zooplankton be considered a subcategory of 'MarineInvertebrate'?,  False.
Can Fern that is also MarineMammal be considered a subcategory of 'Moss'?,  False.
Can BlueGreenAlgae that is also Millipede be considered a subcategory of 'TreeRing'?,  False.
Can Algae that is also Mollusk be considered a subcategory of 'Microalgae'?,  False.
Can Amphibian that is also Plankton be considered a subcategory of 'Jellyfish'?,  False.
Can Crustacean that is also MarineInvertebrate be considered a subcategory of 'DominantSpecies'?,  False.
Can Flagellate that is also Insect be considered a subcategory of 'FungiTaxonomy'?,  False.
Can Ciliate that is also Pollen be considered a subcategory of 'ExoticVegetation'?,  False.
Can Crown that is also SegmentedWorm be considered a subcategory of 'Sporozoan'?,  False.
Can Amphibian that is also Protist be considered a subcategory of 'BlueGreenAlgae'?,  False.
Can Macrophyte that is also Reptile be considered a subcategory of 'Coral'?,  False.
Can Lichen that is also Sponge be considered a subcategory of 'Mushroom'?,  False.
Can Livestock that is also Macroalgae be considered a subcategory of 'Roundworm'?,  False.
Can Insect that is also TreeRing be considered a subcategory of 'VegetationSpecies'?,  False.
Can Sporozoan that is also Vegetation be considered a subcategory of 'Phytoplankton'?,  False.
Can Anemone that is also IndigenousVegetation be considered a subcategory of 'Macroalgae'?,  False.
Can Macroalgae that is also Millipede be considered a subcategory of 'Yeast'?,  False.
Can Amoebae that is also Vertebrate be considered a subcategory of 'Millipede'?,  False.
Can ExoticVegetation that is also Livestock be considered a subcategory of 'Flagellate'?,  False.
Can Mammal that is also Protist be considered a subcategory of 'IndigenousSpecies'?,  False.
Can IndigenousSpecies that is also Microbiota be considered a subcategory of 'Lichen'?,  False.
Can Mushroom that is also Yeast be considered a subcategory of 'Flatworm'?,  False.
Can Dairy that is also Litter be considered a subcategory of 'Crown'?,  False.
Can MarineAnimal that is also MarinePlant be considered a subcategory of 'Amoebae'?,  False.
Can Amphibian that is also Flatworm be considered a subcategory of 'Coccolithophore'?,  False.
Can Animal that is also Poultry be considered a subcategory of 'Microphyte'?,  False.
Can Fish that is also FungiTaxonomy be considered a subcategory of 'Mushroom'?,  False.
Can Arthropod that is also Yeast be considered a subcategory of 'Human'?,  False.
Can Conifer that is also Fish be considered a subcategory of 'DeciduousVegetation'?,  False.
Can DeciduousVegetation that is also Fungi be considered a subcategory of 'Nutrient'?,  False.
Can ExoticVegetation that is also Flagellate be considered a subcategory of 'Diatom'?,  False.
Can Fern that is also SegmentedWorm be considered a subcategory of 'Roundworm'?,  False.
Can MarineInvertebrate that is also MarinePlant be considered a subcategory of 'Macroalgae'?,  False.
Can Flatworm that is also Reptile be considered a subcategory of 'Phytoplankton'?,  False.
Can Mollusk that is also Plant be considered a subcategory of 'Flagellate'?,  False.
Can Livestock that is also MarineMammal be considered a subcategory of 'Lichen'?,  False.
Can IndigenousSpecies that is also MarineMicrobiota be considered a subcategory of 'Canopy'?,  False.
Can Mollusk that is also Vegetation be considered a subcategory of 'Microbiota'?,  False.
Can Conifer that is also VegetationSpecies be considered a subcategory of 'Vertebrate'?,  False.
Can Fungi that is also VegetationSpecies be considered a subcategory of 'Plant'?,  False.
Can Dairy that is also Sporozoan be considered a subcategory of 'MarineMicrobiota'?,  False.
Can DominantSpecies that is also MarinePlant be considered a subcategory of 'Reptile'?,  False.
Can Mammal that is also MarineInvertebrate be considered a subcategory of 'SegmentedWorm'?,  False.
Can Flatworm that is also Leaf be considered a subcategory of 'Radiolarian'?,  False.
Can Fish that is also Lichen be considered a subcategory of 'Fungi'?,  False.
Can Bacteria that is also Yeast be considered a subcategory of 'Bird'?,  False.
Can Amoebae that is also MarineMicrobiota be considered a subcategory of 'Poultry'?,  False.
Can Invertebrate that is also Mollusk be considered a subcategory of 'EvergreenVegetation'?,  False.
Can ExoticVegetation that is also Foraminifer be considered a subcategory of 'Echinoderm'?,  False.
Can ExoticSpecies that is also Fern be considered a subcategory of 'Bacteria'?,  False.
Can Flagellate that is also VegetationCover be considered a subcategory of 'Leaf'?,  False.
Can Bird that is also Ciliate be considered a subcategory of 'MarineAnimal'?,  False.
Can BlueGreenAlgae that is also Plant be considered a subcategory of 'Mold'?,  False.
Can MarineMammal that is also MicrobiotaTaxonomy be considered a subcategory of 'Crop'?,  False.
Can Echinoderm that is also SegmentedWorm be considered a subcategory of 'Sporozoan'?,  False.
Can Microalgae that is also Zooplankton be considered a subcategory of 'Jellyfish'?,  False.
Can Arachnid that is also Plant be considered a subcategory of 'Moss'?,  False.
Can ExoticSpecies that is also Millipede be considered a subcategory of 'Crustacean'?,  False.
Can Mold that is also Pollen be considered a subcategory of 'Arachnid'?,  False.
Can Crown that is also DominantSpecies be considered a subcategory of 'VegetationSpecies'?,  False.
Can Bacteria that is also Fern be considered a subcategory of 'MarinePlant'?,  False.
Can Arthropod that is also Insect be considered a subcategory of 'MarineMicrobiota'?,  False.
Can Crown that is also DominantSpecies be considered a subcategory of 'Bird'?,  False.
Can Bird that is also Canopy be considered a subcategory of 'Algae'?,  False.
Can MarineAnimal that is also MarineInvertebrate be considered a subcategory of 'Plant'?,  False.
Can Human that is also SlimeMold be considered a subcategory of 'Sponge'?,  False.
Can Bacteria that is also Macroalgae be considered a subcategory of 'Amphibian'?,  False.
Can EvergreenVegetation that is also Mammal be considered a subcategory of 'Centipede'?,  False.
Can Fungi that is also Nutrient be considered a subcategory of 'Bacteria'?,  False.
Can Anemone that is also MarineBird be considered a subcategory of 'Echinoderm'?,  False.
Can Amphibian that is also ExoticVegetation be considered a subcategory of 'Protist'?,  False.
Can Animal that is also Diatom be considered a subcategory of 'IndigenousSpecies'?,  False.
Can Algae that is also TreeRing be considered a subcategory of 'Millipede'?,  False.
Can Ciliate that is also Coral be considered a subcategory of 'MarineBird'?,  False.
Can Conifer that is also Yeast be considered a subcategory of 'Mammal'?,  False.
Can Leaf that is also Vertebrate be considered a subcategory of 'Dairy'?,  False.
Can MarinePlant that is also SlimeMold be considered a subcategory of 'Litter'?,  False.
Can Conifer that is also Nutrient be considered a subcategory of 'Fish'?,  False.
Can Anemone that is also Microphyte be considered a subcategory of 'Foraminifer'?,  False.
Can Centipede that is also Fish be considered a subcategory of 'Mollusk'?,  False.
Can Bird that is also Mold be considered a subcategory of 'Chlorophyll'?,  False.
Can Jellyfish that is also MicrobiotaTaxonomy be considered a subcategory of 'Ciliate'?,  False.
Can Livestock that is also Roundworm be considered a subcategory of 'FungiTaxonomy'?,  False.
Can Microalgae that is also Moss be considered a subcategory of 'Macrophyte'?,  False.
Can EvergreenVegetation that is also Mushroom be considered a subcategory of 'TreeRing'?,  False.
Can Coccolithophore that is also Microphyte be considered a subcategory of 'Centipede'?,  False.
Can MarineBird that is also TreeRing be considered a subcategory of 'EvergreenVegetation'?,  False.
Can Foraminifer that is also Vegetation be considered a subcategory of 'Anemone'?,  False.
Can Mollusk that is also Reptile be considered a subcategory of 'Amphibian'?,  False.
Can Diatom that is also Human be considered a subcategory of 'Livestock'?,  False.
Can Liverwort that is also Vertebrate be considered a subcategory of 'Conifer'?,  False.
Can DeciduousVegetation that is also Nutrient be considered a subcategory of 'Leaf'?,  False.
Can ExoticVegetation that is also Radiolarian be considered a subcategory of 'Crop'?,  False.
Can Microbiota that is also Radiolarian be considered a subcategory of 'DeciduousVegetation'?,  False.
Can Dairy that is also Plankton be considered a subcategory of 'Coral'?,  False.
Can Diatom that is also SlimeMold be considered a subcategory of 'Coccolithophore'?,  False.
Can Crop that is also Yeast be considered a subcategory of 'ExoticSpecies'?,  False.
Can Microphyte that is also Zooplankton be considered a subcategory of 'Invertebrate'?,  False.
Can BlueGreenAlgae that is also Ciliate be considered a subcategory of 'Arthropod'?,  False.
Can FloweringPlant that is also Mold be considered a subcategory of 'Mushroom'?,  False.
Can Chlorophyll that is also Coral be considered a subcategory of 'Nutrient'?,  False.
Can Bird that is also DeciduousVegetation be considered a subcategory of 'FungiTaxonomy'?,  False.
Can Flatworm that is also Radiolarian be considered a subcategory of 'Moss'?,  False.
Can MarineMicrobiota that is also Microphyte be considered a subcategory of 'Plankton'?,  False.
Can MarineBird that is also VegetationCover be considered a subcategory of 'Ciliate'?,  False.
Can Diatom that is also MarineAnimal be considered a subcategory of 'Jellyfish'?,  False.
Can Crop that is also Macrophyte be considered a subcategory of 'MarinePlant'?,  False.
Can Human that is also Poultry be considered a subcategory of 'Animal'?,  False.
Can Litter that is also Liverwort be considered a subcategory of 'Sporozoan'?,  False.
Can Arthropod that is also FloweringPlant be considered a subcategory of 'Fungi'?,  False.
Can Coral that is also Phytoplankton be considered a subcategory of 'Plant'?,  False.
Can DeciduousVegetation that is also Microbiota be considered a subcategory of 'MarineMicrobiota'?,  False.
Can Coccolithophore that is also Crustacean be considered a subcategory of 'Arachnid'?,  False.
Can SegmentedWorm that is also Vegetation be considered a subcategory of 'Algae'?,  False.
Can IndigenousSpecies that is also Roundworm be considered a subcategory of 'Bacteria'?,  False.
Can Reptile that is also Zooplankton be considered a subcategory of 'Sponge'?,  False.
Can Flagellate that is also Invertebrate be considered a subcategory of 'Yeast'?,  False.
Can Mammal be considered a subcategory of 'Fish'?,  False.
Can IndigenousVegetation that is also Phytoplankton be considered a subcategory of 'TreeRing'?,  False.
Can IndigenousSpecies that is also MarineBird be considered a subcategory of 'Insect'?,  False.
Can Amphibian that is also Jellyfish be considered a subcategory of 'Foraminifer'?,  False.
Can Lichen that is also Moss be considered a subcategory of 'FungiTaxonomy'?,  False.
Can Chlorophyll that is also Foraminifer be considered a subcategory of 'Ciliate'?,  False.
Can MarineMammal that is also Sponge be considered a subcategory of 'Plankton'?,  False.
Can Bird that is also Litter be considered a subcategory of 'BlueGreenAlgae'?,  False.
Can BlueGreenAlgae that is also FungiTaxonomy be considered a subcategory of 'ExoticVegetation'?,  False.
Can Centipede that is also MarineMicrobiota be considered a subcategory of 'Jellyfish'?,  False.
Can Liverwort that is also VegetationCover be considered a subcategory of 'Plant'?,  False.
Can MarineAnimal that is also TreeRing be considered a subcategory of 'Fungi'?,  False.
Can Protist that is also Vertebrate be considered a subcategory of 'MarinePlant'?,  False.
Can Insect that is also Poultry be considered a subcategory of 'Vertebrate'?,  False.
Can Foraminifer that is also Roundworm be considered a subcategory of 'VegetationSpecies'?,  False.
Can Plant that is also Reptile be considered a subcategory of 'MicrobiotaTaxonomy'?,  False.
Can Mushroom that is also Vegetation be considered a subcategory of 'Macroalgae'?,  False.
Can Anemone that is also FungiTaxonomy be considered a subcategory of 'Millipede'?,  False.
Can Fern that is also Protist be considered a subcategory of 'MarineBird'?,  False.
Can Macrophyte that is also Millipede be considered a subcategory of 'Reptile'?,  False.
Can Echinoderm that is also Lichen be considered a subcategory of 'Microbiota'?,  False.
Can Crown that is also Vertebrate be considered a subcategory of 'Protist'?,  False.
Can Insect that is also MarineInvertebrate be considered a subcategory of 'Zooplankton'?,  False.
Can Crop that is also Sporozoan be considered a subcategory of 'Flatworm'?,  False.
Can Litter that is also Pollen be considered a subcategory of 'SegmentedWorm'?,  False.
Can Canopy that is also Millipede be considered a subcategory of 'Mollusk'?,  False.
Can Amoebae that is also Sponge be considered a subcategory of 'Liverwort'?,  False.
Can Human that is also VegetationCover be considered a subcategory of 'Mammal'?,  False.
Can DominantSpecies that is also TreeRing be considered a subcategory of 'Litter'?,  False.
Can Echinoderm that is also Lichen be considered a subcategory of 'MarineInvertebrate'?,  False.
Can VegetationCover that is also VegetationSpecies be considered a subcategory of 'Nutrient'?,  False.
Can SlimeMold that is also TreeRing be considered a subcategory of 'Mushroom'?,  False.
Can Chlorophyll that is also Leaf be considered a subcategory of 'MicrobiotaTaxonomy'?,  False.
Can ExoticSpecies that is also MarinePlant be considered a subcategory of 'Canopy'?,  False.
Can Dairy that is also IndigenousSpecies be considered a subcategory of 'Arthropod'?,  False.
Can Animal that is also Mold be considered a subcategory of 'Diatom'?,  False.
Can DeciduousVegetation that is also Jellyfish be considered a subcategory of 'SlimeMold'?,  False.
Can MicrobiotaTaxonomy that is also Yeast be considered a subcategory of 'FloweringPlant'?,  False.
Can Ciliate that is also Conifer be considered a subcategory of 'MarineMicrobiota'?,  False.
Can Fungi that is also Invertebrate be considered a subcategory of 'Reptile'?,  False.
Can Diatom that is also Echinoderm be considered a subcategory of 'SegmentedWorm'?,  False.
Can Anemone that is also Fern be considered a subcategory of 'Radiolarian'?,  False.
Can MarineInvertebrate that is also Plant be considered a subcategory of 'MarineBird'?,  False.
Can FloweringPlant that is also Poultry be considered a subcategory of 'Protist'?,  False.
Can Crustacean that is also IndigenousSpecies be considered a subcategory of 'Yeast'?,  False.
Can Animal that is also Jellyfish be considered a subcategory of 'Echinoderm'?,  False.
Can Echinoderm that is also Macrophyte be considered a subcategory of 'VegetationCover'?,  False.
Can Amoebae that is also DeciduousVegetation be considered a subcategory of 'Flagellate'?,  False.
Can Chlorophyll that is also Flagellate be considered a subcategory of 'IndigenousSpecies'?,  False.
Can Algae that is also Sponge be considered a subcategory of 'Centipede'?,  False.
Can IndigenousVegetation that is also Phytoplankton be considered a subcategory of 'Bacteria'?,  False.
Can Arachnid that is also Phytoplankton be considered a subcategory of 'Poultry'?,  False.
Can FungiTaxonomy that is also Mollusk be considered a subcategory of 'MarineAnimal'?,  False.
Can IndigenousSpecies that is also Microalgae be considered a subcategory of 'Fern'?,  False.
Can EvergreenVegetation that is also Lichen be considered a subcategory of 'Leaf'?,  False.
Can Sporozoan that is also Vertebrate be considered a subcategory of 'MarineMammal'?,  False.
Can Diatom that is also Pollen be considered a subcategory of 'DeciduousVegetation'?,  False.
Can Sporozoan that is also TreeRing be considered a subcategory of 'Conifer'?,  False.
Can Litter that is also Nutrient be considered a subcategory of 'Pollen'?,  False.
Can MarineMicrobiota be considered a subcategory of 'VegetationSpecies'?,  False.
Can Coccolithophore that is also Microbiota be considered a subcategory of 'Plant'?,  False.
Can Diatom that is also Moss be considered a subcategory of 'Macroalgae'?,  False.
Can Fern that is also Macroalgae be considered a subcategory of 'Phytoplankton'?,  False.
Can Algae that is also Centipede be considered a subcategory of 'Flagellate'?,  False.
Can Invertebrate that is also Liverwort be considered a subcategory of 'Lichen'?,  False.
Can Bird that is also FloweringPlant be considered a subcategory of 'Sponge'?,  False.
Can MarineMammal that is also Protist be considered a subcategory of 'Microbiota'?,  False.
Can Leaf that is also Microalgae be considered a subcategory of 'Centipede'?,  False.
Can Crustacean that is also Reptile be considered a subcategory of 'IndigenousSpecies'?,  False.
Can Conifer that is also Vegetation be considered a subcategory of 'Echinoderm'?,  False.
Can Animal that is also Macrophyte be considered a subcategory of 'Amphibian'?,  False.
Can Arachnid that is also DeciduousVegetation be considered a subcategory of 'IndigenousVegetation'?,  False.
Can Millipede that is also Radiolarian be considered a subcategory of 'Conifer'?,  False.
Can Animal that is also Microphyte be considered a subcategory of 'Dairy'?,  False.
Can Fungi that is also Phytoplankton be considered a subcategory of 'Litter'?,  False.
Can Fish that is also FloweringPlant be considered a subcategory of 'Liverwort'?,  False.
Can Crown that is also MarineMammal be considered a subcategory of 'Insect'?,  False.
Can Fern that is also MarineMicrobiota be considered a subcategory of 'Anemone'?,  False.
Can Coccolithophore that is also Crop be considered a subcategory of 'Mammal'?,  False.
Can Amphibian that is also MarinePlant be considered a subcategory of 'Foraminifer'?,  False.
Can Animal that is also Canopy be considered a subcategory of 'Macrophyte'?,  False.
Can Algae that is also FungiTaxonomy be considered a subcategory of 'Mold'?,  False.
Can Human that is also Invertebrate be considered a subcategory of 'Crop'?,  False.
Can Amphibian that is also Conifer be considered a subcategory of 'Crown'?,  False.
Can Fungi that is also Vegetation be considered a subcategory of 'Amoebae'?,  False.
Can Leaf that is also Sponge be considered a subcategory of 'Plankton'?,  False.
Can MarineBird that is also Reptile be considered a subcategory of 'Ciliate'?,  False.
Can MarineInvertebrate that is also MarineMammal be considered a subcategory of 'Jellyfish'?,  False.
Can Coral that is also Poultry be considered a subcategory of 'MarinePlant'?,  False.
Can DeciduousVegetation that is also IndigenousVegetation be considered a subcategory of 'Crustacean'?,  False.
Can Livestock that is also Radiolarian be considered a subcategory of 'Sporozoan'?,  False.
Can Anemone that is also Vegetation be considered a subcategory of 'Conifer'?,  False.
Can Litter that is also Roundworm be considered a subcategory of 'Coccolithophore'?,  False.
Can Anemone that is also FloweringPlant be considered a subcategory of 'Litter'?,  False.
Can BlueGreenAlgae that is also Flatworm be considered a subcategory of 'IndigenousVegetation'?,  False.
Can Crown that is also Microphyte be considered a subcategory of 'MarineMammal'?,  False.
Can FungiTaxonomy that is also MarineBird be considered a subcategory of 'Microalgae'?,  False.
Can Crop that is also Foraminifer be considered a subcategory of 'ExoticSpecies'?,  False.
Can Human that is also Reptile be considered a subcategory of 'Arthropod'?,  False.
Can Liverwort that is also Sponge be considered a subcategory of 'Moss'?,  False.
Can Dairy that is also MarinePlant be considered a subcategory of 'Invertebrate'?,  False.
Can Microbiota that is also Vegetation be considered a subcategory of 'MicrobiotaTaxonomy'?,  False.
Can IndigenousVegetation that is also Plankton be considered a subcategory of 'Reptile'?,  False.
Can SegmentedWorm that is also VegetationSpecies be considered a subcategory of 'Animal'?,  False.
Can Amphibian that is also Fish be considered a subcategory of 'DominantSpecies'?,  False.
Can Diatom that is also Livestock be considered a subcategory of 'MarinePlant'?,  False.
Can Millipede that is also VegetationSpecies be considered a subcategory of 'Vertebrate'?,  False.
Can EvergreenVegetation that is also Nutrient be considered a subcategory of 'Sporozoan'?,  False.
Can MicrobiotaTaxonomy that is also Sporozoan be considered a subcategory of 'Jellyfish'?,  False.
Can Bacteria that is also Mushroom be considered a subcategory of 'Plant'?,  False.
Can Bacteria that is also Dairy be considered a subcategory of 'Sponge'?,  False.
Can ExoticSpecies that is also SlimeMold be considered a subcategory of 'Phytoplankton'?,  False.
Can Lichen that is also SegmentedWorm be considered a subcategory of 'VegetationSpecies'?,  False.
Can Canopy that is also ExoticSpecies be considered a subcategory of 'Lichen'?,  False.
Can Ciliate that is also MarineAnimal be considered a subcategory of 'Echinoderm'?,  False.
Can Arthropod that is also Leaf be considered a subcategory of 'Yeast'?,  False.
Can Chlorophyll that is also Mold be considered a subcategory of 'Algae'?,  False.
Can MicrobiotaTaxonomy that is also Protist be considered a subcategory of 'EvergreenVegetation'?,  False.
Can Nutrient that is also VegetationCover be considered a subcategory of 'Dairy'?,  False.
Can Invertebrate that is also SlimeMold be considered a subcategory of 'Amphibian'?,  False.
Can Crown that is also Jellyfish be considered a subcategory of 'Centipede'?,  False.
Can Flatworm that is also Millipede be considered a subcategory of 'Crustacean'?,  False.
Can Algae that is also ExoticVegetation be considered a subcategory of 'Coral'?,  False.
Can Microbiota that is also Roundworm be considered a subcategory of 'Plankton'?,  False.
Can Arachnid that is also Plankton be considered a subcategory of 'Amoebae'?,  False.
Can Insect that is also Mollusk be considered a subcategory of 'BlueGreenAlgae'?,  False.
Can Plant that is also Pollen be considered a subcategory of 'Phytoplankton'?,  False.
Can Zooplankton be considered a subcategory of 'Mushroom'?,  False.
Can BlueGreenAlgae that is also EvergreenVegetation be considered a subcategory of 'Sporozoan'?,  False.
Can Ciliate that is also Sporozoan be considered a subcategory of 'VegetationSpecies'?,  False.
Can DominantSpecies that is also MarineBird be considered a subcategory of 'VegetationCover'?,  False.
Can Foraminifer that is also Plankton be considered a subcategory of 'Vertebrate'?,  False.
Can Flagellate that is also MarineInvertebrate be considered a subcategory of 'Roundworm'?,  False.
Can Lichen that is also MarinePlant be considered a subcategory of 'Echinoderm'?,  False.
Can Bacteria that is also Liverwort be considered a subcategory of 'MarineBird'?,  False.
Can Crustacean that is also VegetationSpecies be considered a subcategory of 'Flagellate'?,  False.
Can Dairy that is also Fungi be considered a subcategory of 'Yeast'?,  False.
Can Coral that is also Zooplankton be considered a subcategory of 'Fungi'?,  False.
Can BlueGreenAlgae that is also ExoticVegetation be considered a subcategory of 'FloweringPlant'?,  False.
Can Flatworm that is also Livestock be considered a subcategory of 'Microbiota'?,  False.
Can Coral that is also MarineMammal be considered a subcategory of 'Arachnid'?,  False.
Can Foraminifer that is also Microbiota be considered a subcategory of 'Zooplankton'?,  False.
Can Flagellate that is also Yeast be considered a subcategory of 'Bacteria'?,  False.
Can Macroalgae that is also Mollusk be considered a subcategory of 'SegmentedWorm'?,  False.
Can Roundworm that is also Vertebrate be considered a subcategory of 'Radiolarian'?,  False.
Can Crustacean that is also Liverwort be considered a subcategory of 'Mold'?,  False.
Can Conifer that is also Dairy be considered a subcategory of 'Insect'?,  False.
Can Ciliate that is also Protist be considered a subcategory of 'Anemone'?,  False.
Can Centipede that is also MarineBird be considered a subcategory of 'Vegetation'?,  False.
Can Mushroom that is also VegetationSpecies be considered a subcategory of 'Livestock'?,  False.
Can Animal that is also Fish be considered a subcategory of 'Microphyte'?,  False.
Can Human that is also Macrophyte be considered a subcategory of 'Foraminifer'?,  False.
Can Liverwort that is also Microalgae be considered a subcategory of 'Crop'?,  False.
Can MarinePlant that is also Vertebrate be considered a subcategory of 'DominantSpecies'?,  False.
Can Pollen that is also Reptile be considered a subcategory of 'MarineMicrobiota'?,  False.
Can DominantSpecies that is also FungiTaxonomy be considered a subcategory of 'ExoticVegetation'?,  False.
Can Arthropod that is also MarineAnimal be considered a subcategory of 'Jellyfish'?,  False.
Can Echinoderm that is also IndigenousSpecies be considered a subcategory of 'Plant'?,  False.
Can Moss that is also Vegetation be considered a subcategory of 'Fungi'?,  False.
Can Bird that is also Sponge be considered a subcategory of 'Reptile'?,  False.
Can SegmentedWorm that is also TreeRing be considered a subcategory of 'SlimeMold'?,  False.
Can IndigenousVegetation that is also TreeRing be considered a subcategory of 'Radiolarian'?,  False.
Can Arachnid that is also Coral be considered a subcategory of 'Anemone'?,  False.
Can EvergreenVegetation that is also Mollusk be considered a subcategory of 'Bird'?,  False.
Can Jellyfish that is also Livestock be considered a subcategory of 'Algae'?,  False.
Can Microalgae that is also Vertebrate be considered a subcategory of 'EvergreenVegetation'?,  False.
Can Bacteria that is also SlimeMold be considered a subcategory of 'Mold'?,  False.
Can ExoticSpecies that is also ExoticVegetation be considered a subcategory of 'Bacteria'?,  False.
Can Macroalgae that is also Sponge be considered a subcategory of 'Poultry'?,  False.
Can Bird that is also Foraminifer be considered a subcategory of 'Centipede'?,  False.
Can ExoticSpecies that is also TreeRing be considered a subcategory of 'Fern'?,  False.
Can Dairy that is also VegetationSpecies be considered a subcategory of 'Flatworm'?,  False.
Can Fish that is also Leaf be considered a subcategory of 'IndigenousSpecies'?,  False.
Can BlueGreenAlgae that is also IndigenousSpecies be considered a subcategory of 'Mollusk'?,  False.
Can Jellyfish that is also MicrobiotaTaxonomy be considered a subcategory of 'Conifer'?,  False.
Can Amoebae that is also Echinoderm be considered a subcategory of 'IndigenousVegetation'?,  False.
Can Invertebrate that is also Moss be considered a subcategory of 'Litter'?,  False.
Can Chlorophyll that is also Flatworm be considered a subcategory of 'Fish'?,  False.
Can Poultry that is also Sponge be considered a subcategory of 'TreeRing'?,  False.
Can IndigenousVegetation that is also VegetationCover be considered a subcategory of 'Pollen'?,  False.
Can Arachnid that is also FloweringPlant be considered a subcategory of 'MarineMammal'?,  False.
Can Fish that is also FungiTaxonomy be considered a subcategory of 'Moss'?,  False.
Can Centipede that is also DeciduousVegetation be considered a subcategory of 'Arthropod'?,  False.
Can Litter that is also Microalgae be considered a subcategory of 'Ciliate'?,  False.
Can Bacteria that is also MarineAnimal be considered a subcategory of 'MarineInvertebrate'?,  False.
Can Arthropod that is also MarineInvertebrate be considered a subcategory of 'Lichen'?,  False.
Can Human that is also Poultry be considered a subcategory of 'Flatworm'?,  False.
Can Microalgae that is also Pollen be considered a subcategory of 'Microbiota'?,  False.
Can Bacteria that is also Plankton be considered a subcategory of 'Flagellate'?,  False.
Can Fungi that is also Microbiota be considered a subcategory of 'IndigenousSpecies'?,  False.
Can Coccolithophore that is also MarineBird be considered a subcategory of 'Dairy'?,  False.
Can Diatom that is also DominantSpecies be considered a subcategory of 'MarineBird'?,  False.
Can Canopy that is also Crop be considered a subcategory of 'Protist'?,  False.
Can Algae that is also Leaf be considered a subcategory of 'Liverwort'?,  False.
Can Foraminifer that is also Invertebrate be considered a subcategory of 'Mollusk'?,  False.
Can Bacteria that is also FloweringPlant be considered a subcategory of 'Litter'?,  False.
Can Coral that is also Mammal be considered a subcategory of 'IndigenousVegetation'?,  False.
Can Leaf that is also Moss be considered a subcategory of 'MarineMammal'?,  False.
Can BlueGreenAlgae that is also Reptile be considered a subcategory of 'Macrophyte'?,  False.
Can ExoticSpecies that is also Vegetation be considered a subcategory of 'Chlorophyll'?,  False.
Can Amoebae that is also Roundworm be considered a subcategory of 'Fish'?,  False.
Can Centipede that is also DominantSpecies be considered a subcategory of 'MarineAnimal'?,  False.
Can MarineAnimal that is also Mold be considered a subcategory of 'Coccolithophore'?,  False.
Can FungiTaxonomy that is also Yeast be considered a subcategory of 'Crop'?,  False.
Can Centipede that is also Radiolarian be considered a subcategory of 'Foraminifer'?,  False.
Can Bird that is also Microalgae be considered a subcategory of 'Coral'?,  False.
Can Mushroom that is also Nutrient be considered a subcategory of 'Crustacean'?,  False.
Can Conifer that is also Vertebrate be considered a subcategory of 'Microphyte'?,  False.
Can Microphyte that is also Pollen be considered a subcategory of 'Crown'?,  False.
Can EvergreenVegetation that is also Plant be considered a subcategory of 'Human'?,  False.
Can MicrobiotaTaxonomy that is also Millipede be considered a subcategory of 'Macroalgae'?,  False.
Can Animal that is also Echinoderm be considered a subcategory of 'Nutrient'?,  False.
Can Moss that is also Roundworm be considered a subcategory of 'Mushroom'?,  False.
Can ExoticSpecies that is also Fern be considered a subcategory of 'Roundworm'?,  False.
Can Insect that is also Sponge be considered a subcategory of 'Canopy'?,  False.
Can Echinoderm that is also IndigenousVegetation be considered a subcategory of 'Phytoplankton'?,  False.
Can Arachnid that is also Zooplankton be considered a subcategory of 'VegetationSpecies'?,  False.
Can DeciduousVegetation that is also MarineMicrobiota be considered a subcategory of 'Mollusk'?,  False.
Can Radiolarian that is also VegetationCover be considered a subcategory of 'Conifer'?,  False.
Can Microphyte that is also Moss be considered a subcategory of 'Dairy'?,  False.
Can BlueGreenAlgae that is also MarineBird be considered a subcategory of 'Litter'?,  False.
Can Diatom that is also Poultry be considered a subcategory of 'Fish'?,  False.
Can Crop that is also Liverwort be considered a subcategory of 'TreeRing'?,  False.
Can Bird that is also Human be considered a subcategory of 'Pollen'?,  False.
Can Liverwort that is also Protist be considered a subcategory of 'ExoticSpecies'?,  False.
Can DeciduousVegetation that is also FloweringPlant be considered a subcategory of 'Invertebrate'?,  False.
Can Coral that is also Crustacean be considered a subcategory of 'Arthropod'?,  False.
Can MarineAnimal that is also Microbiota be considered a subcategory of 'Microalgae'?,  False.
Can Macrophyte that is also Plankton be considered a subcategory of 'MarineInvertebrate'?,  False.
Can Arachnid that is also Vegetation be considered a subcategory of 'DominantSpecies'?,  False.
Can Flagellate that is also Roundworm be considered a subcategory of 'MarineMicrobiota'?,  False.
Can Arthropod that is also Zooplankton be considered a subcategory of 'ExoticVegetation'?,  False.
Can Invertebrate that is also Phytoplankton be considered a subcategory of 'Animal'?,  False.
Can Arthropod that is also Pollen be considered a subcategory of 'BlueGreenAlgae'?,  False.
Can Centipede that is also Crown be considered a subcategory of 'MarinePlant'?,  False.
Can Fern that is also Microalgae be considered a subcategory of 'Crustacean'?,  False.
Can Bacteria that is also Crop be considered a subcategory of 'Sporozoan'?,  False.
Can DominantSpecies that is also Microbiota be considered a subcategory of 'VegetationSpecies'?,  False.
Can Canopy that is also Coccolithophore be considered a subcategory of 'VegetationCover'?,  False.
Can DominantSpecies that is also MarineInvertebrate be considered a subcategory of 'Macroalgae'?,  False.
Can Human that is also MarineAnimal be considered a subcategory of 'Roundworm'?,  False.
Can Amphibian that is also Zooplankton be considered a subcategory of 'Millipede'?,  False.
Can Invertebrate that is also Mammal be considered a subcategory of 'Lichen'?,  False.
Can FloweringPlant that is also Fungi be considered a subcategory of 'Sponge'?,  False.
Can Coral that is also MarineBird be considered a subcategory of 'Yeast'?,  False.
Can Leaf that is also MarineMammal be considered a subcategory of 'Centipede'?,  False.
Can Amoebae that is also Reptile be considered a subcategory of 'Fern'?,  False.
Can IndigenousVegetation that is also Vegetation be considered a subcategory of 'Flatworm'?,  False.
Can Foraminifer that is also Roundworm be considered a subcategory of 'Amphibian'?,  False.
Can Foraminifer that is also Invertebrate be considered a subcategory of 'Amoebae'?,  False.
Can Flagellate that is also Jellyfish be considered a subcategory of 'DeciduousVegetation'?,  False.
Can Ciliate that is also Roundworm be considered a subcategory of 'Crown'?,  False.
Can Crustacean that is also FloweringPlant be considered a subcategory of 'Human'?,  False.
Can Echinoderm that is also Protist be considered a subcategory of 'BlueGreenAlgae'?,  False.
Can MicrobiotaTaxonomy that is also Microphyte be considered a subcategory of 'Nutrient'?,  False.
Can MarineBird that is also Plant be considered a subcategory of 'Mushroom'?,  False.
Can Crop that is also Vertebrate be considered a subcategory of 'Roundworm'?,  False.
Can Insect that is also Pollen be considered a subcategory of 'Canopy'?,  False.
Can Anemone that is also Sporozoan be considered a subcategory of 'Phytoplankton'?,  False.
Can Fern that is also Litter be considered a subcategory of 'Diatom'?,  False.
Can Echinoderm that is also Human be considered a subcategory of 'Lichen'?,  False.
Can Amoebae that is also MarinePlant be considered a subcategory of 'Millipede'?,  False.
Can FungiTaxonomy that is also TreeRing be considered a subcategory of 'Flagellate'?,  False.
Can EvergreenVegetation that is also Microphyte be considered a subcategory of 'Arachnid'?,  False.
Can MarineBird that is also Mollusk be considered a subcategory of 'Fungi'?,  False.
Can Algae that is also Foraminifer be considered a subcategory of 'Reptile'?,  False.
Can IndigenousSpecies that is also Reptile be considered a subcategory of 'SlimeMold'?,  False.
Can Human that is also Nutrient be considered a subcategory of 'Radiolarian'?,  False.
Can ExoticVegetation that is also Liverwort be considered a subcategory of 'Zooplankton'?,  False.
Can Coccolithophore that is also Crustacean be considered a subcategory of 'Bird'?,  False.
Can Radiolarian that is also TreeRing be considered a subcategory of 'SegmentedWorm'?,  False.
Can Microbiota that is also SlimeMold be considered a subcategory of 'Vegetation'?,  False.
Can Lichen that is also Plankton be considered a subcategory of 'Mold'?,  False.
Can Diatom be considered a subcategory of 'Bacteria'?,  False.
Can Crop that is also VegetationSpecies be considered a subcategory of 'Poultry'?,  False.
Can Mold that is also Zooplankton be considered a subcategory of 'MarineAnimal'?,  False.
Can BlueGreenAlgae that is also Chlorophyll be considered a subcategory of 'Livestock'?,  False.
Can FloweringPlant that is also Radiolarian be considered a subcategory of 'Crop'?,  False.
Can Coral that is also Dairy be considered a subcategory of 'Leaf'?,  False.
Can IndigenousSpecies that is also Macrophyte be considered a subcategory of 'Jellyfish'?,  False.
Can Jellyfish that is also Microalgae be considered a subcategory of 'MarinePlant'?,  False.
Can Echinoderm that is also Liverwort be considered a subcategory of 'Animal'?,  False.
Can Amoebae that is also Conifer be considered a subcategory of 'ExoticVegetation'?,  False.
Can Chlorophyll that is also Phytoplankton be considered a subcategory of 'SlimeMold'?,  False.
Can Arachnid that is also Sponge be considered a subcategory of 'Plant'?,  False.
Can Crustacean that is also IndigenousVegetation be considered a subcategory of 'MarineMicrobiota'?,  False.
Can Animal that is also Phytoplankton be considered a subcategory of 'Arachnid'?,  False.
Can FungiTaxonomy that is also Zooplankton be considered a subcategory of 'Algae'?,  False.
Can Centipede that is also EvergreenVegetation be considered a subcategory of 'Bacteria'?,  False.
Can Flagellate that is also Microalgae be considered a subcategory of 'Sponge'?,  False.
Can Algae that is also Lichen be considered a subcategory of 'Bird'?,  False.
Can Plankton that is also Vertebrate be considered a subcategory of 'Poultry'?,  False.
Can Nutrient that is also Pollen be considered a subcategory of 'EvergreenVegetation'?,  False.
Can DominantSpecies that is also Insect be considered a subcategory of 'Anemone'?,  False.
Can Coccolithophore that is also Litter be considered a subcategory of 'Amphibian'?,  False.
Can Mammal that is also MarineBird be considered a subcategory of 'IndigenousSpecies'?,  False.
Can Amphibian that is also Phytoplankton be considered a subcategory of 'Dairy'?,  False.
Can Canopy that is also IndigenousSpecies be considered a subcategory of 'MarineBird'?,  False.
Can Jellyfish that is also Sponge be considered a subcategory of 'Protist'?,  False.
Can Livestock that is also Macrophyte be considered a subcategory of 'Liverwort'?,  False.
Can Lichen that is also MarineMammal be considered a subcategory of 'Mollusk'?,  False.
Can Chlorophyll that is also Mammal be considered a subcategory of 'Fern'?,  False.
Can IndigenousVegetation that is also Sponge be considered a subcategory of 'Mammal'?,  False.
Can Macroalgae that is also Sporozoan be considered a subcategory of 'MarineMammal'?,  False.
Can Litter that is also MarineMicrobiota be considered a subcategory of 'Macrophyte'?,  False.
Can Coral that is also FungiTaxonomy be considered a subcategory of 'Chlorophyll'?,  False.
Can Centipede that is also Moss be considered a subcategory of 'Pollen'?,  False.
Can Protist that is also VegetationCover be considered a subcategory of 'FungiTaxonomy'?,  False.
Can Poultry that is also TreeRing be considered a subcategory of 'Moss'?,  False.
Can Microbiota that is also Vertebrate be considered a subcategory of 'TreeRing'?,  False.
Can Bird that is also Pollen be considered a subcategory of 'Ciliate'?,  False.
Can FloweringPlant that is also Litter be considered a subcategory of 'Millipede'?,  False.
Can Crop that is also MarineMammal be considered a subcategory of 'Lichen'?,  False.
Can Flatworm that is also MarineMicrobiota be considered a subcategory of 'Canopy'?,  False.
Can Anemone that is also Coccolithophore be considered a subcategory of 'Microbiota'?,  False.
Can FungiTaxonomy that is also Vegetation be considered a subcategory of 'Protist'?,  False.
Can Animal that is also Human be considered a subcategory of 'Zooplankton'?,  False.
Can Algae that is also Fish be considered a subcategory of 'FloweringPlant'?,  False.
Can Crown that is also Invertebrate be considered a subcategory of 'SegmentedWorm'?,  False.
Can Conifer that is also Sponge be considered a subcategory of 'Vegetation'?,  False.
Can Fungi that is also SegmentedWorm be considered a subcategory of 'Liverwort'?,  False.
Can Leaf that is also MarinePlant be considered a subcategory of 'Dairy'?,  False.
Can Reptile be considered a subcategory of 'Litter'?,  False.
Can IndigenousVegetation that is also MarineInvertebrate be considered a subcategory of 'Fish'?,  False.
Can Livestock that is also Poultry be considered a subcategory of 'TreeRing'?,  False.
Can Amphibian that is also DeciduousVegetation be considered a subcategory of 'Insect'?,  False.
Can Radiolarian that is also Vegetation be considered a subcategory of 'Chlorophyll'?,  False.
Can Echinoderm that is also VegetationSpecies be considered a subcategory of 'Livestock'?,  False.
Can Moss that is also SlimeMold be considered a subcategory of 'MarineAnimal'?,  False.
Can Sporozoan that is also VegetationCover be considered a subcategory of 'Leaf'?,  False.
Can Diatom that is also TreeRing be considered a subcategory of 'Crop'?,  False.
Can Dairy that is also IndigenousVegetation be considered a subcategory of 'Crown'?,  False.
Can Arachnid that is also Leaf be considered a subcategory of 'Coral'?,  False.
Can IndigenousSpecies that is also Lichen be considered a subcategory of 'Coccolithophore'?,  False.
Can Bacteria that is also Jellyfish be considered a subcategory of 'ExoticSpecies'?,  False.
Can Ciliate that is also DeciduousVegetation be considered a subcategory of 'Invertebrate'?,  False.
Can Invertebrate that is also Yeast be considered a subcategory of 'Human'?,  False.
Can Chlorophyll that is also Conifer be considered a subcategory of 'Microalgae'?,  False.
Can ExoticSpecies that is also Fungi be considered a subcategory of 'Nutrient'?,  False.
Can Fern that is also FloweringPlant be considered a subcategory of 'MicrobiotaTaxonomy'?,  False.
Can Jellyfish that is also MarineInvertebrate be considered a subcategory of 'Macroalgae'?,  False.
Can MicrobiotaTaxonomy that is also Poultry be considered a subcategory of 'Roundworm'?,  False.
Can Livestock that is also MarineInvertebrate be considered a subcategory of 'TreeRing'?,  False.
Can Millipede that is also Sporozoan be considered a subcategory of 'Microalgae'?,  False.
Can Coccolithophore that is also EvergreenVegetation be considered a subcategory of 'Foraminifer'?,  False.
Can MicrobiotaTaxonomy that is also Plankton be considered a subcategory of 'Fish'?,  False.
Can Fungi that is also Mushroom be considered a subcategory of 'FungiTaxonomy'?,  False.
Can Lichen that is also Mammal be considered a subcategory of 'ExoticVegetation'?,  False.
Can DominantSpecies that is also ExoticSpecies be considered a subcategory of 'Plankton'?,  False.
Can SegmentedWorm that is also VegetationSpecies be considered a subcategory of 'Amoebae'?,  False.
Can Canopy that is also Leaf be considered a subcategory of 'BlueGreenAlgae'?,  False.
Can Foraminifer that is also MarineAnimal be considered a subcategory of 'MarinePlant'?,  False.
Can Arthropod that is also Bacteria be considered a subcategory of 'Animal'?,  False.
Can Dairy that is also Mold be considered a subcategory of 'DominantSpecies'?,  False.
Can Invertebrate that is also Protist be considered a subcategory of 'Fungi'?,  False.
Can BlueGreenAlgae that is also Nutrient be considered a subcategory of 'Bird'?,  False.
Can ExoticSpecies that is also SlimeMold be considered a subcategory of 'Vertebrate'?,  False.
Can Amoebae that is also Crown be considered a subcategory of 'Plant'?,  False.
Can Centipede that is also ExoticSpecies be considered a subcategory of 'MicrobiotaTaxonomy'?,  False.
Can Liverwort that is also SegmentedWorm be considered a subcategory of 'Reptile'?,  False.
Can Livestock that is also Yeast be considered a subcategory of 'Roundworm'?,  False.
Can Arachnid that is also Protist be considered a subcategory of 'VegetationSpecies'?,  False.
Can Arthropod that is also Microalgae be considered a subcategory of 'Lichen'?,  False.
Can Mold that is also Mushroom be considered a subcategory of 'Flatworm'?,  False.
Can Conifer that is also Mushroom be considered a subcategory of 'Microbiota'?,  False.
Can Bacteria that is also Macrophyte be considered a subcategory of 'Millipede'?,  False.
Can Arachnid that is also SlimeMold be considered a subcategory of 'Zooplankton'?,  False.
Can Crown that is also Millipede be considered a subcategory of 'Dairy'?,  False.
Can Animal that is also Canopy be considered a subcategory of 'SegmentedWorm'?,  False.
Can MarineAnimal that is also Roundworm be considered a subcategory of 'Protist'?,  False.
Can Anemone that is also EvergreenVegetation be considered a subcategory of 'Liverwort'?,  False.
Can Algae that is also Bird be considered a subcategory of 'Litter'?,  False.
Can Nutrient that is also Zooplankton be considered a subcategory of 'Mollusk'?,  False.
Can Livestock that is also Zooplankton be considered a subcategory of 'Invertebrate'?,  False.
Can BlueGreenAlgae that is also TreeRing be considered a subcategory of 'Arthropod'?,  False.
Can Flatworm that is also Vegetation be considered a subcategory of 'Mushroom'?,  False.
Can ExoticVegetation that is also Mollusk be considered a subcategory of 'Human'?,  False.
Can Foraminifer that is also Macroalgae be considered a subcategory of 'Canopy'?,  False.
Can Flagellate that is also Vertebrate be considered a subcategory of 'MarineMicrobiota'?,  False.
Can Coral that is also Mollusk be considered a subcategory of 'Diatom'?,  False.
Can Crustacean that is also Radiolarian be considered a subcategory of 'Millipede'?,  False.
Can Centipede that is also Dairy be considered a subcategory of 'MarineBird'?,  False.
Can Ciliate that is also Microbiota be considered a subcategory of 'Reptile'?,  False.
Can MarineBird that is also Yeast be considered a subcategory of 'SlimeMold'?,  False.
Can Microphyte that is also VegetationSpecies be considered a subcategory of 'Radiolarian'?,  False.
Can Fish that is also Microalgae be considered a subcategory of 'Zooplankton'?,  False.
Can MarinePlant that is also Mold be considered a subcategory of 'Protist'?,  False.
Can Conifer that is also Liverwort be considered a subcategory of 'SegmentedWorm'?,  False.
Can FloweringPlant that is also Insect be considered a subcategory of 'Echinoderm'?,  False.
Can Flatworm that is also MicrobiotaTaxonomy be considered a subcategory of 'Bacteria'?,  False.
Can Anemone that is also MicrobiotaTaxonomy be considered a subcategory of 'Sponge'?,  False.
Can MarineAnimal that is also Microphyte be considered a subcategory of 'Centipede'?,  False.
Can Fish that is also MarineBird be considered a subcategory of 'Fern'?,  False.
Can Anemone that is also Foraminifer be considered a subcategory of 'Poultry'?,  False.
Can Flagellate that is also Litter be considered a subcategory of 'Vegetation'?,  False.
Can Arthropod that is also Human be considered a subcategory of 'Coccolithophore'?,  False.
Can Liverwort that is also MarinePlant be considered a subcategory of 'Microphyte'?,  False.
Can Crustacean that is also DeciduousVegetation be considered a subcategory of 'Leaf'?,  False.
Can Dairy that is also FungiTaxonomy be considered a subcategory of 'MarineAnimal'?,  False.
Can Microbiota that is also SegmentedWorm be considered a subcategory of 'DeciduousVegetation'?,  False.
Can IndigenousSpecies that is also Plankton be considered a subcategory of 'Nutrient'?,  False.
Can Reptile that is also VegetationSpecies be considered a subcategory of 'Pollen'?,  False.
Can Fish that is also Sponge be considered a subcategory of 'ExoticSpecies'?,  False.
Can Mammal that is also Yeast be considered a subcategory of 'Plant'?,  False.
Can Leaf that is also Plankton be considered a subcategory of 'Sponge'?,  False.
Can MarineBird that is also VegetationSpecies be considered a subcategory of 'Phytoplankton'?,  False.
Can Bacteria that is also Fish be considered a subcategory of 'VegetationSpecies'?,  False.
Can Amoebae that is also EvergreenVegetation be considered a subcategory of 'Lichen'?,  False.
Can Invertebrate that is also Jellyfish be considered a subcategory of 'Echinoderm'?,  False.
Can Flatworm that is also Foraminifer be considered a subcategory of 'Bird'?,  False.
Can ExoticSpecies that is also Moss be considered a subcategory of 'Flagellate'?,  False.
Can Chlorophyll that is also VegetationCover be considered a subcategory of 'EvergreenVegetation'?,  False.
Can Bird that is also Sponge be considered a subcategory of 'Dairy'?,  False.
Can BlueGreenAlgae that is also IndigenousVegetation be considered a subcategory of 'Amphibian'?,  False.
Can Arachnid that is also MarineMicrobiota be considered a subcategory of 'Poultry'?,  False.
Can FungiTaxonomy that is also Litter be considered a subcategory of 'Conifer'?,  False.
Can Centipede that is also MarineAnimal be considered a subcategory of 'Coccolithophore'?,  False.
Can Flatworm that is also Microalgae be considered a subcategory of 'Fern'?,  False.
Can Bacteria that is also Poultry be considered a subcategory of 'IndigenousVegetation'?,  False.
Can Flatworm that is also Roundworm be considered a subcategory of 'Mollusk'?,  False.
Can ExoticVegetation that is also Plant be considered a subcategory of 'Mold'?,  False.
Can Microbiota that is also Mushroom be considered a subcategory of 'Mammal'?,  False.
Can Animal that is also Plankton be considered a subcategory of 'Liverwort'?,  False.
Can Mollusk that is also Zooplankton be considered a subcategory of 'Macrophyte'?,  False.
Can Fern that is also Plant be considered a subcategory of 'TreeRing'?,  False.
Can Millipede that is also Zooplankton be considered a subcategory of 'Crop'?,  False.
Can BlueGreenAlgae that is also Echinoderm be considered a subcategory of 'Foraminifer'?,  False.
Can Ciliate that is also Plankton be considered a subcategory of 'Amoebae'?,  False.
Can Amphibian that is also MarineInvertebrate be considered a subcategory of 'Crustacean'?,  False.
Can Foraminifer that is also Insect be considered a subcategory of 'Ciliate'?,  False.
Can Flagellate that is also Pollen be considered a subcategory of 'Crown'?,  False.
Can Fungi that is also Liverwort be considered a subcategory of 'BlueGreenAlgae'?,  False.
Can Crustacean that is also Sporozoan be considered a subcategory of 'ExoticVegetation'?,  False.
Can Dairy that is also DominantSpecies be considered a subcategory of 'Jellyfish'?,  False.
Can DominantSpecies that is also Yeast be considered a subcategory of 'Algae'?,  False.
Can Arthropod that is also Vertebrate be considered a subcategory of 'SegmentedWorm'?,  False.
Can Centipede that is also SlimeMold be considered a subcategory of 'Protist'?,  False.
Can Bird that is also Chlorophyll be considered a subcategory of 'Liverwort'?,  False.
Can Microphyte that is also Nutrient be considered a subcategory of 'Insect'?,  False.
Can Centipede that is also Vertebrate be considered a subcategory of 'Anemone'?,  False.
Can Mold that is also Pollen be considered a subcategory of 'Vegetation'?,  False.
Can EvergreenVegetation that is also Jellyfish be considered a subcategory of 'Livestock'?,  False.
Can MicrobiotaTaxonomy that is also Roundworm be considered a subcategory of 'Macrophyte'?,  False.
Can Ciliate that is also Echinoderm be considered a subcategory of 'Leaf'?,  False.
Can Moss that is also Mushroom be considered a subcategory of 'Crop'?,  False.
Can Echinoderm that is also ExoticSpecies be considered a subcategory of 'Crown'?,  False.
Can SegmentedWorm that is also Zooplankton be considered a subcategory of 'Coral'?,  False.
Can IndigenousVegetation that is also Plant be considered a subcategory of 'Plankton'?,  False.
Can Arachnid that is also Millipede be considered a subcategory of 'Amoebae'?,  False.
Can Crustacean that is also Vertebrate be considered a subcategory of 'MarineMammal'?,  False.
Can Arthropod that is also Pollen be considered a subcategory of 'Microalgae'?,  False.
Can DominantSpecies that is also Fish be considered a subcategory of 'ExoticSpecies'?,  False.
Can DeciduousVegetation that is also MarineAnimal be considered a subcategory of 'Pollen'?,  False.
Can Echinoderm that is also Flagellate be considered a subcategory of 'Human'?,  False.
Can Bird that is also Phytoplankton be considered a subcategory of 'Nutrient'?,  False.
Can Nutrient that is also Reptile be considered a subcategory of 'Invertebrate'?,  False.
Can IndigenousVegetation that is also Mollusk be considered a subcategory of 'MicrobiotaTaxonomy'?,  False.
Can Arachnid that is also Livestock be considered a subcategory of 'Reptile'?,  False.
Can EvergreenVegetation that is also IndigenousSpecies be considered a subcategory of 'Animal'?,  False.
Can Jellyfish that is also Vegetation be considered a subcategory of 'Diatom'?,  False.
Can ExoticVegetation that is also Microalgae be considered a subcategory of 'SlimeMold'?,  False.
Can Bacteria that is also Diatom be considered a subcategory of 'FloweringPlant'?,  False.
Can ExoticSpecies that is also TreeRing be considered a subcategory of 'Microbiota'?,  False.
Can Nutrient that is also Sponge be considered a subcategory of 'Arachnid'?,  False.
Can Anemone that is also MarineAnimal be considered a subcategory of 'Coral'?,  False.
Can Macroalgae that is also Macrophyte be considered a subcategory of 'Mushroom'?,  False.
Can Poultry that is also Protist be considered a subcategory of 'Amoebae'?,  False.
Can Liverwort that is also Sporozoan be considered a subcategory of 'FungiTaxonomy'?,  False.
Can Arthropod that is also Livestock be considered a subcategory of 'MarinePlant'?,  False.
Can Millipede that is also Phytoplankton be considered a subcategory of 'Vertebrate'?,  False.
Can DeciduousVegetation that is also Insect be considered a subcategory of 'Sporozoan'?,  False.
Can Crustacean that is also MicrobiotaTaxonomy be considered a subcategory of 'BlueGreenAlgae'?,  False.
Can Algae that is also Mushroom be considered a subcategory of 'VegetationCover'?,  False.
Can IndigenousSpecies that is also Mammal be considered a subcategory of 'Sponge'?,  False.
Can Amoebae that is also Reptile be considered a subcategory of 'Roundworm'?,  False.
Can Flagellate that is also SegmentedWorm be considered a subcategory of 'VegetationSpecies'?,  False.
Can Canopy that is also Coccolithophore be considered a subcategory of 'Lichen'?,  False.
Can Macrophyte that is also TreeRing be considered a subcategory of 'Flatworm'?,  False.
Can EvergreenVegetation that is also Phytoplankton be considered a subcategory of 'Yeast'?,  False.
Can Mold that is also Mollusk be considered a subcategory of 'Echinoderm'?,  False.
Can Crop that is also Fungi be considered a subcategory of 'FloweringPlant'?,  False.
Can MarineBird that is also MarineMicrobiota be considered a subcategory of 'SegmentedWorm'?,  False.
Can DominantSpecies that is also Poultry be considered a subcategory of 'Millipede'?,  False.
Can Canopy that is also Diatom be considered a subcategory of 'SlimeMold'?,  False.
Can Coral that is also IndigenousVegetation be considered a subcategory of 'Mammal'?,  False.
Can Algae that is also Foraminifer be considered a subcategory of 'Anemone'?,  False.
Can Bacteria that is also Coccolithophore be considered a subcategory of 'Protist'?,  False.
Can FloweringPlant that is also Mammal be considered a subcategory of 'Zooplankton'?,  False.
Can Animal that is also Moss be considered a subcategory of 'Insect'?,  False.
Can BlueGreenAlgae that is also Leaf be considered a subcategory of 'Foraminifer'?,  False.
Can Invertebrate that is also MarineMammal be considered a subcategory of 'Vegetation'?,  False.
Can Amoebae that is also Vegetation be considered a subcategory of 'Liverwort'?,  False.
Can Bird that is also Fungi be considered a subcategory of 'Macrophyte'?,  False.
Can DeciduousVegetation that is also Protist be considered a subcategory of 'Plankton'?,  False.
Can MarineMicrobiota that is also Reptile be considered a subcategory of 'Crop'?,  False.
Can Microphyte that is also VegetationCover be considered a subcategory of 'Livestock'?,  False.
Can Anemone that is also Lichen be considered a subcategory of 'MarineMicrobiota'?,  False.
Can Crown that is also Fern be considered a subcategory of 'Reptile'?,  False.
Can Canopy that is also FloweringPlant be considered a subcategory of 'Animal'?,  False.
Can Echinoderm that is also Macrophyte be considered a subcategory of 'DominantSpecies'?,  False.
Can Crown that is also Litter be considered a subcategory of 'Fungi'?,  False.
Can FungiTaxonomy that is also Macroalgae be considered a subcategory of 'Bird'?,  False.
Can Crop that is also Protist be considered a subcategory of 'SlimeMold'?,  False.
Can Pollen that is also Sporozoan be considered a subcategory of 'Millipede'?,  False.
Can Canopy that is also TreeRing be considered a subcategory of 'Anemone'?,  False.
Can Millipede that is also Sponge be considered a subcategory of 'Mammal'?,  False.
Can Human that is also Insect be considered a subcategory of 'SegmentedWorm'?,  False.
Can MarinePlant that is also VegetationCover be considered a subcategory of 'Radiolarian'?,  False.
Can Mammal that is also Mushroom be considered a subcategory of 'Mold'?,  False.
Can IndigenousVegetation that is also Mammal be considered a subcategory of 'Crop'?,  False.
Can Amoebae that is also MarineBird be considered a subcategory of 'Poultry'?,  False.
Can Amphibian that is also IndigenousSpecies be considered a subcategory of 'Vegetation'?,  False.
Can Diatom that is also Protist be considered a subcategory of 'Fern'?,  False.
Can Sporozoan that is also VegetationSpecies be considered a subcategory of 'Leaf'?,  False.
Can Lichen that is also Nutrient be considered a subcategory of 'IndigenousSpecies'?,  False.
Can Crown that is also ExoticVegetation be considered a subcategory of 'Centipede'?,  False.
Can Insect that is also Radiolarian be considered a subcategory of 'Conifer'?,  False.
Can Dairy that is also VegetationCover be considered a subcategory of 'Pollen'?,  False.
Can Anemone that is also SlimeMold be considered a subcategory of 'Litter'?,  False.
Can Lichen that is also Macroalgae be considered a subcategory of 'Mollusk'?,  False.
Can Amoebae that is also Microphyte be considered a subcategory of 'TreeRing'?,  False.
Can Ciliate that is also IndigenousSpecies be considered a subcategory of 'Microalgae'?,  False.
Can Livestock that is also Mold be considered a subcategory of 'ExoticSpecies'?,  False.
Can Chlorophyll that is also Millipede be considered a subcategory of 'DeciduousVegetation'?,  False.
Can MicrobiotaTaxonomy that is also Phytoplankton be considered a subcategory of 'Arthropod'?,  False.
Can Mold that is also Plant be considered a subcategory of 'Diatom'?,  False.
Can Mushroom be considered a subcategory of 'MarineInvertebrate'?,  False.
Can Jellyfish that is also Mammal be considered a subcategory of 'Moss'?,  False.
Can Flagellate that is also MarinePlant be considered a subcategory of 'Echinoderm'?,  False.
Can Algae that is also Conifer be considered a subcategory of 'MarineBird'?,  False.
Can Animal that is also Phytoplankton be considered a subcategory of 'Flagellate'?,  False.
Can Arachnid that is also Dairy be considered a subcategory of 'Lichen'?,  False.
Can Insect that is also Yeast be considered a subcategory of 'Dairy'?,  False.
Can Coccolithophore that is also MarineInvertebrate be considered a subcategory of 'Fern'?,  False.
Can Fungi that is also IndigenousSpecies be considered a subcategory of 'Protist'?,  False.
Can EvergreenVegetation that is also Fish be considered a subcategory of 'IndigenousSpecies'?,  False.
Can Fern that is also Sporozoan be considered a subcategory of 'Mollusk'?,  False.
Can Diatom that is also MarineMicrobiota be considered a subcategory of 'Chlorophyll'?,  False.
Can Flatworm that is also Plankton be considered a subcategory of 'IndigenousVegetation'?,  False.
Can ExoticVegetation that is also Nutrient be considered a subcategory of 'Liverwort'?,  False.
Can Lichen that is also MarineMammal be considered a subcategory of 'Microalgae'?,  False.
Can Algae that is also Bacteria be considered a subcategory of 'TreeRing'?,  False.
Can Mollusk that is also VegetationSpecies be considered a subcategory of 'Pollen'?,  False.
Can Plant that is also SlimeMold be considered a subcategory of 'MarineMammal'?,  False.
Can Coral that is also VegetationSpecies be considered a subcategory of 'Livestock'?,  False.
Can Fish that is also Moss be considered a subcategory of 'Microphyte'?,  False.
Can Conifer that is also MarineMammal be considered a subcategory of 'Macrophyte'?,  False.
Can Flatworm that is also Microbiota be considered a subcategory of 'Crustacean'?,  False.
Can Bird that is also ExoticVegetation be considered a subcategory of 'Nutrient'?,  False.
Can Macroalgae that is also Yeast be considered a subcategory of 'Crown'?,  False.
Can MarineInvertebrate that is also MarineMicrobiota be considered a subcategory of 'Amoebae'?,  False.
Can Liverwort that is also Mollusk be considered a subcategory of 'BlueGreenAlgae'?,  False.
Can Conifer that is also Plant be considered a subcategory of 'Phytoplankton'?,  False.
Can Fern that is also Protist be considered a subcategory of 'Mushroom'?,  False.
Can BlueGreenAlgae that is also Poultry be considered a subcategory of 'Human'?,  False.
Can Ciliate that is also Crustacean be considered a subcategory of 'Canopy'?,  False.
Can Amphibian that is also Animal be considered a subcategory of 'VegetationCover'?,  False.
Can Macrophyte that is also MarineMammal be considered a subcategory of 'VegetationSpecies'?,  False.
Can Flagellate that is also Microalgae be considered a subcategory of 'Roundworm'?,  False.
Can MarinePlant that is also Microalgae be considered a subcategory of 'EvergreenVegetation'?,  False.
Can Bacteria that is also Reptile be considered a subcategory of 'Leaf'?,  False.
Can FungiTaxonomy that is also MarineMammal be considered a subcategory of 'Vegetation'?,  False.
Can Algae that is also Human be considered a subcategory of 'Poultry'?,  False.
Can Amphibian that is also DominantSpecies be considered a subcategory of 'Microphyte'?,  False.
Can MarineAnimal that is also Vegetation be considered a subcategory of 'Coccolithophore'?,  False.
Can Arthropod that is also Sponge be considered a subcategory of 'Crop'?,  False.
Can Mold that is also SegmentedWorm be considered a subcategory of 'Livestock'?,  False.
Can Bird that is also MarineMammal be considered a subcategory of 'Coral'?,  False.
Can Coral that is also Nutrient be considered a subcategory of 'Mushroom'?,  False.
Can IndigenousVegetation that is also SlimeMold be considered a subcategory of 'ExoticSpecies'?,  False.
Can EvergreenVegetation that is also Vertebrate be considered a subcategory of 'Human'?,  False.
Can Microbiota that is also MicrobiotaTaxonomy be considered a subcategory of 'Macroalgae'?,  False.
Can Anemone that is also Moss be considered a subcategory of 'Nutrient'?,  False.
Can Macroalgae that is also Moss be considered a subcategory of 'Invertebrate'?,  False.
Can Animal that is also Chlorophyll be considered a subcategory of 'Moss'?,  False.
Can Dairy that is also ExoticSpecies be considered a subcategory of 'Animal'?,  False.
Can Amphibian that is also Leaf be considered a subcategory of 'FungiTaxonomy'?,  False.
Can Fungi that is also Jellyfish be considered a subcategory of 'MarinePlant'?,  False.
Can Fish that is also MicrobiotaTaxonomy be considered a subcategory of 'MarineMicrobiota'?,  False.
Can Ciliate that is also MarinePlant be considered a subcategory of 'Diatom'?,  False.
Can Conifer that is also Invertebrate be considered a subcategory of 'Jellyfish'?,  False.
Can Flatworm that is also Poultry be considered a subcategory of 'FloweringPlant'?,  False.
Can Anemone that is also ExoticVegetation be considered a subcategory of 'Sponge'?,  False.
Can Plant that is also Yeast be considered a subcategory of 'Arachnid'?,  False.
Can FloweringPlant that is also MarineInvertebrate be considered a subcategory of 'SlimeMold'?,  False.
Can Coccolithophore that is also Fish be considered a subcategory of 'Bacteria'?,  False.
Can Crown that is also Plant be considered a subcategory of 'Anemone'?,  False.
Can Fern that is also Litter be considered a subcategory of 'Bird'?,  False.
Can Crop that is also MarineMicrobiota be considered a subcategory of 'Algae'?,  False.
Can Bacteria that is also MarineBird be considered a subcategory of 'Macroalgae'?,  False.
Can Dairy that is also DeciduousVegetation be considered a subcategory of 'Roundworm'?,  False.
Can Fungi that is also Reptile be considered a subcategory of 'BlueGreenAlgae'?,  False.
Can Lichen that is also Microphyte be considered a subcategory of 'Human'?,  False.
Can ExoticSpecies that is also Liverwort be considered a subcategory of 'Reptile'?,  False.
Can Amoebae that is also Diatom be considered a subcategory of 'Microbiota'?,  False.
Can Leaf that is also Radiolarian be considered a subcategory of 'VegetationSpecies'?,  False.
Can Chlorophyll that is also Human be considered a subcategory of 'VegetationCover'?,  False.
Can MicrobiotaTaxonomy that is also Plankton be considered a subcategory of 'Flatworm'?,  False.
Can FloweringPlant that is also VegetationCover be considered a subcategory of 'IndigenousSpecies'?,  False.
Can Crop that is also Invertebrate be considered a subcategory of 'Millipede'?,  False.
Can BlueGreenAlgae that is also Microbiota be considered a subcategory of 'Lichen'?,  False.
Can Anemone that is also Invertebrate be considered a subcategory of 'Dairy'?,  False.
Can Coral that is also FloweringPlant be considered a subcategory of 'Protist'?,  False.
Can Animal that is also Radiolarian be considered a subcategory of 'Anemone'?,  False.
Can Human that is also Roundworm be considered a subcategory of 'Vegetation'?,  False.
Can MarineBird that is also Microalgae be considered a subcategory of 'Algae'?,  False.
Can Crustacean that is also DeciduousVegetation be considered a subcategory of 'Bacteria'?,  False.
Can Algae that is also Crop be considered a subcategory of 'Leaf'?,  False.
Can Microbiota that is also Zooplankton be considered a subcategory of 'Crop'?,  False.
Can Arachnid that is also Poultry be considered a subcategory of 'Liverwort'?,  False.
Can Diatom that is also Millipede be considered a subcategory of 'EvergreenVegetation'?,  False.
Can Coccolithophore that is also Coral be considered a subcategory of 'Plankton'?,  False.
Can Plankton that is also Zooplankton be considered a subcategory of 'ExoticSpecies'?,  False.
Can Coccolithophore that is also EvergreenVegetation be considered a subcategory of 'Livestock'?,  False.
Can FloweringPlant that is also Insect be considered a subcategory of 'Microphyte'?,  False.
Can DominantSpecies that is also Roundworm be considered a subcategory of 'Mushroom'?,  False.
Can Foraminifer that is also VegetationSpecies be considered a subcategory of 'Sporozoan'?,  False.
Can Invertebrate that is also Nutrient be considered a subcategory of 'Crown'?,  False.
Can Sporozoan that is also Vegetation be considered a subcategory of 'Coral'?,  False.
Can Microbiota that is also Phytoplankton be considered a subcategory of 'Bird'?,  False.
Can Chlorophyll that is also Yeast be considered a subcategory of 'SegmentedWorm'?,  False.
Can Jellyfish that is also Macroalgae be considered a subcategory of 'Plant'?,  False.
Can Mammal that is also Vertebrate be considered a subcategory of 'Fungi'?,  False.
Can Lichen that is also Mold be considered a subcategory of 'Bacteria'?,  False.
Can Conifer that is also FungiTaxonomy be considered a subcategory of 'Poultry'?,  False.
Can Protist that is also Sponge be considered a subcategory of 'Yeast'?,  False.
Can Centipede that is also Macrophyte be considered a subcategory of 'Echinoderm'?,  False.
Can Litter that is also Mushroom be considered a subcategory of 'Fern'?,  False.
Can Animal that is also Vertebrate be considered a subcategory of 'Leaf'?,  False.
Can Microphyte that is also Protist be considered a subcategory of 'Vegetation'?,  False.
Can Microalgae that is also Sporozoan be considered a subcategory of 'Mold'?,  False.
Can Millipede that is also TreeRing be considered a subcategory of 'Microphyte'?,  False.
Can Echinoderm be considered a subcategory of 'Crown'?,  False.
Can Insect that is also Roundworm be considered a subcategory of 'MarineAnimal'?,  False.
Can Arachnid that is also VegetationCover be considered a subcategory of 'Coccolithophore'?,  False.
Can DeciduousVegetation that is also Reptile be considered a subcategory of 'Insect'?,  False.
Can FungiTaxonomy that is also Microphyte be considered a subcategory of 'Foraminifer'?,  False.
Can Crop that is also Roundworm be considered a subcategory of 'Mollusk'?,  False.
Can Fish that is also Foraminifer be considered a subcategory of 'Conifer'?,  False.
Can Radiolarian that is also Reptile be considered a subcategory of 'Microalgae'?,  False.
Can Human that is also Sponge be considered a subcategory of 'MarineInvertebrate'?,  False.
Can Arthropod that is also MarineBird be considered a subcategory of 'Fish'?,  False.
Can Crustacean that is also MarinePlant be considered a subcategory of 'TreeRing'?,  False.
Can Crop that is also Vegetation be considered a subcategory of 'ExoticVegetation'?,  False.
Can Microbiota that is also Mollusk be considered a subcategory of 'Animal'?,  False.
Can Liverwort that is also SegmentedWorm be considered a subcategory of 'Amoebae'?,  False.
Can Amphibian that is also VegetationSpecies be considered a subcategory of 'FungiTaxonomy'?,  False.
Can Amoebae that is also Coral be considered a subcategory of 'MarinePlant'?,  False.
Can ExoticVegetation that is also IndigenousSpecies be considered a subcategory of 'Vertebrate'?,  False.
Can Livestock that is also Plankton be considered a subcategory of 'DominantSpecies'?,  False.
Can FloweringPlant that is also TreeRing be considered a subcategory of 'MarineMicrobiota'?,  False.
Can BlueGreenAlgae that is also Moss be considered a subcategory of 'Anemone'?,  False.
Can IndigenousSpecies that is also MarineMicrobiota be considered a subcategory of 'Mammal'?,  False.
Can Amoebae that is also TreeRing be considered a subcategory of 'IndigenousSpecies'?,  False.
Can Echinoderm that is also Invertebrate be considered a subcategory of 'Radiolarian'?,  False.
Can Flatworm that is also Phytoplankton be considered a subcategory of 'Chlorophyll'?,  False.
Can Chlorophyll that is also Poultry be considered a subcategory of 'Crop'?,  False.
Can Jellyfish that is also VegetationCover be considered a subcategory of 'Liverwort'?,  False.
Can Bird that is also IndigenousVegetation be considered a subcategory of 'Mollusk'?,  False\n
Can Fish that is also Lichen be considered a subcategory of 'TreeRing'?,  False.
Can DeciduousVegetation that is also FungiTaxonomy be considered a subcategory of 'Ciliate'?,  False.
Can Litter that is also Sponge be considered a subcategory of 'Foraminifer'?,  False.
Can MarineAnimal that is also Microalgae be considered a subcategory of 'Macrophyte'?,  False.
Can Litter that is also Phytoplankton be considered a subcategory of 'Crustacean'?,  False.
Can MarineMicrobiota that is also Reptile be considered a subcategory of 'Sporozoan'?,  False.
Can Arthropod that is also DominantSpecies be considered a subcategory of 'Amoebae'?,  False.
Can Insect that is also Jellyfish be considered a subcategory of 'Nutrient'?,  False.
Can IndigenousVegetation that is also Pollen be considered a subcategory of 'Mushroom'?,  False.
Can Amoebae that is also Zooplankton be considered a subcategory of 'ExoticSpecies'?,  False.
Can Fern that is also IndigenousSpecies be considered a subcategory of 'DeciduousVegetation'?,  False.
Can Sponge that is also Sporozoan be considered a subcategory of 'Arthropod'?,  False.
Can DominantSpecies that is also Macrophyte be considered a subcategory of 'Diatom'?,  False.
Can Phytoplankton that is also Plankton be considered a subcategory of 'Human'?,  False.
Can Chlorophyll that is also MarineInvertebrate be considered a subcategory of 'Macroalgae'?,  False.
Can Centipede that is also MarineBird be considered a subcategory of 'Microbiota'?,  False.
Can Bacteria that is also Sporozoan be considered a subcategory of 'Flagellate'?,  False.
Can Lichen that is also VegetationSpecies be considered a subcategory of 'Roundworm'?,  False.
Can Fungi that is also FungiTaxonomy be considered a subcategory of 'Canopy'?,  False.
Can Foraminifer that is also Pollen be considered a subcategory of 'MarineBird'?,  False.
Can ExoticSpecies that is also VegetationCover be considered a subcategory of 'Protist'?,  False.
Can Litter that is also Mammal be considered a subcategory of 'SlimeMold'?,  False.
Can Leaf that is also Vertebrate be considered a subcategory of 'Millipede'?,  False.
Can FloweringPlant that is also Mushroom be considered a subcategory of 'ExoticSpecies'?,  False.
Can Conifer that is also Fern be considered a subcategory of 'IndigenousVegetation'?,  False.
Can MarineMicrobiota that is also Microphyte be considered a subcategory of 'Conifer'?,  False.
Can Invertebrate that is also Plant be considered a subcategory of 'Microalgae'?,  False.
Can Millipede that is also Vegetation be considered a subcategory of 'Nutrient'?,  False.
Can Jellyfish that is also MarineMammal be considered a subcategory of 'Crown'?,  False.
Can Algae that is also Roundworm be considered a subcategory of 'MarineMammal'?,  False.
Can Fern that is also Reptile be considered a subcategory of 'Macroalgae'?,  False.
Can Conifer that is also Crop be considered a subcategory of 'Animal'?,  False.
Can Animal that is also Echinoderm be considered a subcategory of 'Invertebrate'?,  False.
Can Leaf that is also Zooplankton be considered a subcategory of 'Arthropod'?,  False.
Can MarineInvertebrate that is also Radiolarian be considered a subcategory of 'Reptile'?,  False.
Can Human that is also MarineInvertebrate be considered a subcategory of 'Microbiota'?,  False.
Can Fungi that is also Pollen be considered a subcategory of 'Diatom'?,  False.
Can Crown that is also DeciduousVegetation be considered a subcategory of 'MicrobiotaTaxonomy'?,  False.
Can IndigenousSpecies that is also MarineMammal be considered a subcategory of 'MarineMicrobiota'?,  False.
Can Algae that is also Vegetation be considered a subcategory of 'Phytoplankton'?,  False.
Can Coccolithophore that is also Flagellate be considered a subcategory of 'Jellyfish'?,  False.
Can Plant that is also SegmentedWorm be considered a subcategory of 'MarinePlant'?,  False.
Can Animal that is also TreeRing be considered a subcategory of 'Sponge'?,  False.
Can Leaf that is also Nutrient be considered a subcategory of 'Bird'?,  False.
Can Invertebrate that is also Mollusk be considered a subcategory of 'VegetationSpecies'?,  False.
Can Amphibian that is also Livestock be considered a subcategory of 'Plant'?,  False.
Can Fungi that is also Vertebrate be considered a subcategory of 'Echinoderm'?,  False.
Can DeciduousVegetation that is also SlimeMold be considered a subcategory of 'Amphibian'?,  False.
Can ExoticVegetation that is also Reptile be considered a subcategory of 'Algae'?,  False.
Can Conifer that is also Diatom be considered a subcategory of 'Lichen'?,  False.
Can Centipede that is also Poultry be considered a subcategory of 'Leaf'?,  False.
Can Diatom that is also Mold be considered a subcategory of 'Fern'?,  False.
Can Radiolarian that is also Yeast be considered a subcategory of 'Centipede'?,  False.
Can MarineInvertebrate that is also Radiolarian be considered a subcategory of 'EvergreenVegetation'?,  False.
Can Pollen that is also Protist be considered a subcategory of 'Crown'?,  False.
Can Poultry that is also VegetationCover be considered a subcategory of 'Amoebae'?,  False.
Can Litter that is also Microbiota be considered a subcategory of 'Livestock'?,  False.
Can Bird that is also Vertebrate be considered a subcategory of 'Microphyte'?,  False.
Can Macrophyte that is also Moss be considered a subcategory of 'Mushroom'?,  False.
Can IndigenousSpecies that is also Microalgae be considered a subcategory of 'Human'?,  False.
Can Liverwort that is also TreeRing be considered a subcategory of 'DeciduousVegetation'?,  False.
Can Conifer that is also Echinoderm be considered a subcategory of 'Coral'?,  False.
Can Phytoplankton be considered a subcategory of 'Macroalgae'?,  False.
Can Arachnid that is also Chlorophyll be considered a subcategory of 'Roundworm'?,  False.
Can Crustacean that is also Jellyfish be considered a subcategory of 'BlueGreenAlgae'?,  False.
Can Animal that is also IndigenousVegetation be considered a subcategory of 'Phytoplankton'?,  False.
Can Lichen that is also Zooplankton be considered a subcategory of 'Flagellate'?,  False.
Can EvergreenVegetation that is also FungiTaxonomy be considered a subcategory of 'Lichen'?,  False.
Can Flagellate that is also Sponge be considered a subcategory of 'Canopy'?,  False.
Can Algae that is also Microalgae be considered a subcategory of 'VegetationCover'?,  False.
Can Human that is also TreeRing be considered a subcategory of 'Vertebrate'?,  False.
Can Echinoderm that is also MarinePlant be considered a subcategory of 'Arachnid'?,  False.
Can Crown that is also Insect be considered a subcategory of 'MicrobiotaTaxonomy'?,  False.
Can FungiTaxonomy that is also VegetationCover be considered a subcategory of 'Reptile'?,  False.
Can Jellyfish that is also MarineBird be considered a subcategory of 'SegmentedWorm'?,  False.
Can Amphibian that is also IndigenousVegetation be considered a subcategory of 'Radiolarian'?,  False.
Can Amoebae that is also Canopy be considered a subcategory of 'Fungi'?,  False.
Can IndigenousSpecies that is also Sponge be considered a subcategory of 'Bird'?,  False.
Can Livestock that is also Sponge be considered a subcategory of 'Poultry'?,  False.
Can MarineMammal that is also Microalgae be considered a subcategory of 'Vegetation'?,  False.
Can Mammal that is also Phytoplankton be considered a subcategory of 'Algae'?,  False.
Can Chlorophyll that is also IndigenousVegetation be considered a subcategory of 'Bacteria'?,  False.
Can Centipede that is also Macroalgae be considered a subcategory of 'Leaf'?,  False.
Can MarineMicrobiota that is also Sporozoan be considered a subcategory of 'MarineAnimal'?,  False.
Can Coral that is also Lichen be considered a subcategory of 'Mold'?,  False.
Can FungiTaxonomy that is also Moss be considered a subcategory of 'Insect'?,  False.
Can Poultry that is also VegetationCover be considered a subcategory of 'ExoticVegetation'?,  False.
Can Diatom that is also FloweringPlant be considered a subcategory of 'Jellyfish'?,  False.
Can Bacteria that is also Jellyfish be considered a subcategory of 'Moss'?,  False.
Can MarineInvertebrate that is also MicrobiotaTaxonomy be considered a subcategory of 'Crustacean'?,  False.
Can Coccolithophore that is also Litter be considered a subcategory of 'Arachnid'?,  False.
Can Crop that is also FloweringPlant be considered a subcategory of 'Vertebrate'?,  False.
Can Fern that is also Flatworm be considered a subcategory of 'DominantSpecies'?,  False.
Can FungiTaxonomy that is also Invertebrate be considered a subcategory of 'Bird'?,  False.
Can Human that is also Vegetation be considered a subcategory of 'Algae'?,  False.
Can Fish that is also MarineMammal be considered a subcategory of 'Plant'?,  False.
Can Algae that is also Crown be considered a subcategory of 'Sponge'?,  False.
Can Reptile that is also Sponge be considered a subcategory of 'Amphibian'?,  False.
Can Microphyte that is also SegmentedWorm be considered a subcategory of 'Poultry'?,  False.
Can Animal that is also MarinePlant be considered a subcategory of 'Radiolarian'?,  False.
Can Leaf that is also Reptile be considered a subcategory of 'Echinoderm'?,  False.
Can Litter that is also Plankton be considered a subcategory of 'Flatworm'?,  False.
Can Nutrient that is also Vertebrate be considered a subcategory of 'IndigenousSpecies'?,  False.
Can Centipede that is also Insect be considered a subcategory of 'Millipede'?,  False.
Can Coccolithophore that is also DominantSpecies be considered a subcategory of 'MarineBird'?,  False.
Can TreeRing that is also VegetationSpecies be considered a subcategory of 'Mammal'?,  False.
Can Echinoderm that is also SlimeMold be considered a subcategory of 'Litter'?,  False.
Can Pollen that is also Sporozoan be considered a subcategory of 'Dairy'?,  False.
Can Bird that is also Diatom be considered a subcategory of 'Zooplankton'?,  False.
Can Dairy that is also Jellyfish be considered a subcategory of 'Pollen'?,  False.
Can IndigenousVegetation that is also Leaf be considered a subcategory of 'Foraminifer'?,  False.
Can Lichen that is also Moss be considered a subcategory of 'Mollusk'?,  False.
Can Bacteria that is also IndigenousSpecies be considered a subcategory of 'Chlorophyll'?,  False.
Can Invertebrate that is also Microalgae be considered a subcategory of 'MarineInvertebrate'?,  False.
Can Arachnid that is also Chlorophyll be considered a subcategory of 'Macrophyte'?,  False.
Can Chlorophyll that is also ExoticSpecies be considered a subcategory of 'TreeRing'?,  False.
Can Animal that is also Fungi be considered a subcategory of 'Microbiota'?,  False.
Can DeciduousVegetation that is also Roundworm be considered a subcategory of 'Millipede'?,  False.
Can Microalgae that is also Reptile be considered a subcategory of 'MicrobiotaTaxonomy'?,  False.
Can Microphyte that is also Mushroom be considered a subcategory of 'Canopy'?,  False.
Can Algae that is also Poultry be considered a subcategory of 'MarineBird'?,  False.
Can Diatom that is also Zooplankton be considered a subcategory of 'Protist'?,  False.
Can Arachnid that is also Radiolarian be considered a subcategory of 'Lichen'?,  False.
Can Human that is also Millipede be considered a subcategory of 'FloweringPlant'?,  False.
Can Coccolithophore that is also Pollen be considered a subcategory of 'Litter'?,  False.
Can FloweringPlant that is also Plankton be considered a subcategory of 'Mammal'?,  False.
Can Crop that is also EvergreenVegetation be considered a subcategory of 'Zooplankton'?,  False.
Can Insect that is also Microbiota be considered a subcategory of 'Dairy'?,  False.
Can DominantSpecies that is also Invertebrate be considered a subcategory of 'Chlorophyll'?,  False.
Can Vegetation that is also VegetationSpecies be considered a subcategory of 'Fish'?,  False.
Can Coral that is also MarineInvertebrate be considered a subcategory of 'Liverwort'?,  False.
Can Algae that is also Sporozoan be considered a subcategory of 'Insect'?,  False.
Can IndigenousVegetation that is also Radiolarian be considered a subcategory of 'Crop'?,  False.
Can Livestock that is also MarineInvertebrate be considered a subcategory of 'IndigenousVegetation'?,  False.
Can Amphibian that is also Fungi be considered a subcategory of 'EvergreenVegetation'?,  False.
Can DeciduousVegetation that is also Vegetation be considered a subcategory of 'Mold'?,  False.
Can Crop that is also ExoticVegetation be considered a subcategory of 'ExoticSpecies'?,  False.
Can Macroalgae that is also MarineMicrobiota be considered a subcategory of 'Crown'?,  False.
Can MarineMammal that is also Poultry be considered a subcategory of 'MarineAnimal'?,  False.
Can Coral that is also Diatom be considered a subcategory of 'Coccolithophore'?,  False.
Can Coral that is also Yeast be considered a subcategory of 'Nutrient'?,  False.
Can Algae that is also Protist be considered a subcategory of 'Invertebrate'?,  False.
Can Coccolithophore that is also Vertebrate be considered a subcategory of 'Coral'?,  False.
Can FloweringPlant that is also Microbiota be considered a subcategory of 'DeciduousVegetation'?,  False.
Can Animal that is also Conifer be considered a subcategory of 'Phytoplankton'?,  False.
Can Leaf that is also Macrophyte be considered a subcategory of 'Diatom'?,  False.
Can Centipede that is also Invertebrate be considered a subcategory of 'Human'?,  False.
Can Liverwort that is also Vegetation be considered a subcategory of 'Macroalgae'?,  False.
Can DeciduousVegetation that is also Phytoplankton be considered a subcategory of 'Flatworm'?,  False.
Can Chlorophyll that is also FungiTaxonomy be considered a subcategory of 'Amphibian'?,  False.
Can MarineAnimal that is also Mushroom be considered a subcategory of 'Algae'?,  False.
Can Fish that is also Mammal be considered a subcategory of 'Bacteria'?,  False.
Can Lichen that is also Reptile be considered a subcategory of 'Leaf'?,  False.
Can Crown that is also Sponge be considered a subcategory of 'MarineAnimal'?,  False.
Can Arthropod that is also Canopy be considered a subcategory of 'Centipede'?,  False.
Can Macrophyte that is also MarinePlant be considered a subcategory of 'EvergreenVegetation'?,  False.
Can Litter that is also Vegetation be considered a subcategory of 'Pollen'?,  False.
Can Macroalgae that is also Mollusk be considered a subcategory of 'ExoticSpecies'?,  False.
Can Protist that is also SegmentedWorm be considered a subcategory of 'IndigenousVegetation'?,  False.
Can IndigenousSpecies that is also Sporozoan be considered a subcategory of 'Conifer'?,  False.
Can Coral that is also TreeRing be considered a subcategory of 'Microalgae'?,  False.
Can ExoticVegetation that is also Millipede be considered a subcategory of 'MarineInvertebrate'?,  False.
Can Insect that is also Livestock be considered a subcategory of 'DeciduousVegetation'?,  False.
Can TreeRing that is also VegetationCover be considered a subcategory of 'Coral'?,  False.
Can Bacteria that is also Canopy be considered a subcategory of 'Plankton'?,  False.
Can Dairy that is also Macrophyte be considered a subcategory of 'Ciliate'?,  False.
Can Fungi that is also Roundworm be considered a subcategory of 'Livestock'?,  False.
Can Leaf that is also Lichen be considered a subcategory of 'Macrophyte'?,  False.
Can ExoticSpecies that is also Protist be considered a subcategory of 'Crustacean'?,  False.
Can Leaf that is also Lichen be considered a subcategory of 'FungiTaxonomy'?,  False.
Can Crown that is also Foraminifer be considered a subcategory of 'ExoticVegetation'?,  False.
Can Insect that is also MicrobiotaTaxonomy be considered a subcategory of 'Vertebrate'?,  False.
Can VegetationCover be considered a subcategory of 'Arachnid'?,  False.
Can Anemone that is also Invertebrate be considered a subcategory of 'Jellyfish'?,  False.
Can BlueGreenAlgae that is also Macroalgae be considered a subcategory of 'MarinePlant'?,  False.
Can Amoebae that is also Poultry be considered a subcategory of 'Sponge'?,  False.
Can IndigenousSpecies that is also Litter be considered a subcategory of 'Yeast'?,  False.
Can FloweringPlant that is also Livestock be considered a subcategory of 'VegetationSpecies'?,  False.
Can Flatworm that is also Millipede be considered a subcategory of 'VegetationCover'?,  False.
Can Canopy that is also Dairy be considered a subcategory of 'MarineInvertebrate'?,  False.
Can Fungi that is also MarinePlant be considered a subcategory of 'Invertebrate'?,  False.
Can Amphibian that is also Sporozoan be considered a subcategory of 'Coral'?,  False.
Can Crustacean that is also DominantSpecies be considered a subcategory of 'Mushroom'?,  False.
Can Fish that is also Mammal be considered a subcategory of 'Roundworm'?,  False.
Can Leaf that is also Yeast be considered a subcategory of 'Canopy'?,  False.
Can Conifer that is also MarineBird be considered a subcategory of 'Arthropod'?,  False.
Can Bacteria that is also VegetationSpecies be considered a subcategory of 'Diatom'?,  False.
Can Amoebae that is also ExoticVegetation be considered a subcategory of 'SlimeMold'?,  False.
Can Fern that is also Invertebrate be considered a subcategory of 'Millipede'?,  False.
Can Foraminifer that is also Plankton be considered a subcategory of 'MicrobiotaTaxonomy'?,  False.
Can ExoticSpecies that is also Flatworm be considered a subcategory of 'Reptile'?,  False.
Can Arachnid that is also VegetationCover be considered a subcategory of 'SegmentedWorm'?,  False.
Can Bird that is also ExoticSpecies be considered a subcategory of 'Radiolarian'?,  False.
Can BlueGreenAlgae be considered a subcategory of 'MarineBird'?,  False.
Can IndigenousVegetation that is also MarineMicrobiota be considered a subcategory of 'Flatworm'?,  False.
Can Liverwort that is also Microphyte be considered a subcategory of 'Yeast'?,  False.
Can Microalgae that is also VegetationSpecies be considered a subcategory of 'Algae'?,  False.
Can Dairy that is also Mold be considered a subcategory of 'VegetationCover'?,  False.
Can Conifer that is also MarinePlant be considered a subcategory of 'Sponge'?,  False.
Can Plankton that is also Roundworm be considered a subcategory of 'Amphibian'?,  False.
Can Arachnid that is also Flatworm be considered a subcategory of 'Centipede'?,  False.
Can Fish that is also Mushroom be considered a subcategory of 'Bacteria'?,  False.
Can Animal that is also Yeast be considered a subcategory of 'Poultry'?,  False.
Can BlueGreenAlgae that is also Zooplankton be considered a subcategory of 'MarineAnimal'?,  False.
Can Fern that is also Mollusk be considered a subcategory of 'Livestock'?,  False.
Can ExoticVegetation that is also Millipede be considered a subcategory of 'Fern'?,  False.
Can Echinoderm that is also Zooplankton be considered a subcategory of 'Leaf'?,  False.
Can Flagellate that is also Plankton be considered a subcategory of 'ExoticSpecies'?,  False.
Can Ciliate that is also MarineInvertebrate be considered a subcategory of 'DeciduousVegetation'?,  False.
Can Insect that is also Plant be considered a subcategory of 'Conifer'?,  False.
Can ExoticVegetation that is also Sponge be considered a subcategory of 'Vertebrate'?,  False.
Can Diatom that is also Microalgae be considered a subcategory of 'Plant'?,  False.
Can Arachnid that is also TreeRing be considered a subcategory of 'BlueGreenAlgae'?,  False.
Can ExoticSpecies that is also Nutrient be considered a subcategory of 'Phytoplankton'?,  False.
Can Centipede that is also Yeast be considered a subcategory of 'Flagellate'?,  False.
Can DominantSpecies that is also Radiolarian be considered a subcategory of 'Yeast'?,  False.
Can Bacteria that is also Vertebrate be considered a subcategory of 'Sponge'?,  False.
Can Arthropod that is also SlimeMold be considered a subcategory of 'VegetationCover'?,  False.
Can Chlorophyll that is also Pollen be considered a subcategory of 'Poultry'?,  False.
Can Bird that is also Microphyte be considered a subcategory of 'IndigenousSpecies'?,  False.
Can Centipede that is also MarineAnimal be considered a subcategory of 'Echinoderm'?,  False.
Can Mold that is also SlimeMold be considered a subcategory of 'Amphibian'?,  False.
Can Jellyfish that is also Moss be considered a subcategory of 'IndigenousVegetation'?,  False.
Can EvergreenVegetation that is also Roundworm be considered a subcategory of 'MarineAnimal'?,  False.
Can Ciliate that is also Nutrient be considered a subcategory of 'Dairy'?,  False.
Can Echinoderm that is also Mushroom be considered a subcategory of 'Fern'?,  False.
Can Bacteria that is also Litter be considered a subcategory of 'Liverwort'?,  False.
Can FungiTaxonomy that is also MarineAnimal be considered a subcategory of 'Mollusk'?,  False.
Can Flatworm that is also Sponge be considered a subcategory of 'Zooplankton'?,  False.
Can Microalgae that is also Poultry be considered a subcategory of 'Mammal'?,  False.
Can Crustacean that is also MarineAnimal be considered a subcategory of 'Foraminifer'?,  False.
Can Arthropod that is also Vertebrate be considered a subcategory of 'Macrophyte'?,  False.
Can Centipede that is also Fish be considered a subcategory of 'Mold'?,  False.
Can DeciduousVegetation that is also DominantSpecies be considered a subcategory of 'Insect'?,  False.
Can Flagellate that is also Nutrient be considered a subcategory of 'Plankton'?,  False.
Can Echinoderm that is also SegmentedWorm be considered a subcategory of 'Amoebae'?,  False.
Can Phytoplankton that is also Pollen be considered a subcategory of 'TreeRing'?,  False.
Can Bird that is also Reptile be considered a subcategory of 'Ciliate'?,  False.
Can MicrobiotaTaxonomy that is also Mollusk be considered a subcategory of 'Jellyfish'?,  False.
Can IndigenousVegetation that is also Livestock be considered a subcategory of 'Human'?,  False.
Can IndigenousSpecies that is also Moss be considered a subcategory of 'Crustacean'?,  False.
Can EvergreenVegetation that is also Vegetation be considered a subcategory of 'ExoticVegetation'?,  False.
Can MarineMammal that is also Roundworm be considered a subcategory of 'Protist'?,  False.
Can Amoebae that is also Foraminifer be considered a subcategory of 'Algae'?,  False.
Can IndigenousVegetation that is also Invertebrate be considered a subcategory of 'FloweringPlant'?,  False.
Can Foraminifer that is also Vegetation be considered a subcategory of 'MarineBird'?,  False.
Can MarineBird that is also MarineMicrobiota be considered a subcategory of 'Vegetation'?,  False.
Can DeciduousVegetation that is also VegetationCover be considered a subcategory of 'Liverwort'?,  False.
Can Moss that is also Reptile be considered a subcategory of 'Radiolarian'?,  False.
Can BlueGreenAlgae that is also Microphyte be considered a subcategory of 'Anemone'?,  False.
Can Liverwort that is also Poultry be considered a subcategory of 'Crop'?,  False.
Can Diatom that is also Liverwort be considered a subcategory of 'Livestock'?,  False.
Can Bird that is also Radiolarian be considered a subcategory of 'Insect'?,  False.
Can Human that is also Protist be considered a subcategory of 'Mold'?,  False.
Can DeciduousVegetation that is also Plankton be considered a subcategory of 'Ciliate'?,  False.
Can Crustacean that is also FloweringPlant be considered a subcategory of 'Crown'?,  False.
Can Crop that is also MarineAnimal be considered a subcategory of 'Macrophyte'?,  False.
Can Macrophyte that is also Microbiota be considered a subcategory of 'Plankton'?,  False.
Can Arachnid that is also Echinoderm be considered a subcategory of 'Pollen'?,  False.
Can ExoticSpecies that is also Zooplankton be considered a subcategory of 'MarineMammal'?,  False.
Can MicrobiotaTaxonomy that is also Plant be considered a subcategory of 'Coccolithophore'?,  False.
Can IndigenousVegetation that is also Millipede be considered a subcategory of 'Chlorophyll'?,  False.
Can Bacteria that is also Pollen be considered a subcategory of 'Invertebrate'?,  False.
Can Arthropod that is also Crown be considered a subcategory of 'MarineInvertebrate'?,  False.
Can Fern that is also SegmentedWorm be considered a subcategory of 'DeciduousVegetation'?,  False.
Can Crop that is also Microalgae be considered a subcategory of 'Nutrient'?,  False.
Can DominantSpecies that is also MarineAnimal be considered a subcategory of 'Diatom'?,  False.
Can Canopy that is also SlimeMold be considered a subcategory of 'MicrobiotaTaxonomy'?,  False.
Can MarineInvertebrate that is also Mold be considered a subcategory of 'Moss'?,  False.
Can DominantSpecies that is also Human be considered a subcategory of 'Animal'?,  False.
Can Amphibian that is also Coral be considered a subcategory of 'Arachnid'?,  False.
Can Mammal that is also Zooplankton be considered a subcategory of 'SlimeMold'?,  False.
Can Fungi that is also Pollen be considered a subcategory of 'Canopy'?,  False.
Can Bird that is also MarineBird be considered a subcategory of 'MarineMicrobiota'?,  False.
Can Coral that is also Mold be considered a subcategory of 'Litter'?,  False.
Can Chlorophyll that is also Zooplankton be considered a subcategory of 'IndigenousVegetation'?,  False.
Can Plankton that is also Radiolarian be considered a subcategory of 'Zooplankton'?,  False.
Can Invertebrate that is also Roundworm be considered a subcategory of 'Chlorophyll'?,  False.
Can Foraminifer that is also Jellyfish be considered a subcategory of 'Fish'?,  False.
Can BlueGreenAlgae that is also Microphyte be considered a subcategory of 'Conifer'?,  False.
Can Ciliate that is also Vegetation be considered a subcategory of 'Pollen'?,  False.
Can FloweringPlant that is also MarineBird be considered a subcategory of 'MarineInvertebrate'?,  False.
Can Crustacean that is also Echinoderm be considered a subcategory of 'Invertebrate'?,  False.
Can Flagellate that is also MicrobiotaTaxonomy be considered a subcategory of 'TreeRing'?,  False.
Can Microphyte that is also Plant be considered a subcategory of 'Microalgae'?,  False.
Can Crop that is also Liverwort be considered a subcategory of 'Animal'?,  False.
Can Pollen that is also VegetationSpecies be considered a subcategory of 'DominantSpecies'?,  False.
Can Anemone that is also Dairy be considered a subcategory of 'FungiTaxonomy'?,  False.
Can Fern that is also Human be considered a subcategory of 'ExoticVegetation'?,  False.
Can Arachnid that is also BlueGreenAlgae be considered a subcategory of 'Sporozoan'?,  False.
Can Flagellate that is also Vegetation be considered a subcategory of 'BlueGreenAlgae'?,  False.
Can Phytoplankton that is also Zooplankton be considered a subcategory of 'Crustacean'?,  False.
Can EvergreenVegetation that is also Reptile be considered a subcategory of 'Phytoplankton'?,  False.
Can Microphyte that is also Mollusk be considered a subcategory of 'VegetationSpecies'?,  False.
Can Algae that is also Roundworm be considered a subcategory of 'MarinePlant'?,  False.
Can Foraminifer that is also IndigenousSpecies be considered a subcategory of 'Macroalgae'?,  False.
Can Nutrient that is also Radiolarian be considered a subcategory of 'Microbiota'?,  False.
Can ExoticVegetation that is also Human be considered a subcategory of 'Flagellate'?,  False.
Can Coccolithophore that is also MarineBird be considered a subcategory of 'VegetationCover'?,  False.
Can Crop that is also SlimeMold be considered a subcategory of 'Amphibian'?,  False.
Can Lichen that is also Microbiota be considered a subcategory of 'Centipede'?,  False.
Can Diatom that is also Liverwort be considered a subcategory of 'Lichen'?,  False.
Can VegetationSpecies be considered a subcategory of 'Flatworm'?,  False.
Can Crustacean that is also Flagellate be considered a subcategory of 'DominantSpecies'?,  False.
Can Animal that is also Ciliate be considered a subcategory of 'MicrobiotaTaxonomy'?,  False.
Can Macrophyte that is also Plant be considered a subcategory of 'ExoticVegetation'?,  False.
Can MarineMammal that is also Microalgae be considered a subcategory of 'Animal'?,  False.
Can Dairy that is also Flagellate be considered a subcategory of 'Arachnid'?,  False.
Can Algae that is also MarinePlant be considered a subcategory of 'Fungi'?,  False.
Can Amphibian that is also Phytoplankton be considered a subcategory of 'Reptile'?,  False.
Can Animal that is also Arachnid be considered a subcategory of 'SlimeMold'?,  False.
Can Fish that is also Insect be considered a subcategory of 'Radiolarian'?,  False.
Can Coccolithophore that is also Yeast be considered a subcategory of 'Zooplankton'?,  False.
Can Conifer that is also IndigenousSpecies be considered a subcategory of 'Bird'?,  False.
Can EvergreenVegetation that is also Fungi be considered a subcategory of 'SegmentedWorm'?,  False.
Can ExoticVegetation that is also Sporozoan be considered a subcategory of 'Vegetation'?,  False.
Can Diatom that is also Fern be considered a subcategory of 'Mold'?,  False.
Can MarineInvertebrate that is also Plankton be considered a subcategory of 'Bacteria'?,  False.
Can IndigenousSpecies that is also Mammal be considered a subcategory of 'Centipede'?,  False.
Can IndigenousVegetation that is also Jellyfish be considered a subcategory of 'Fern'?,  False.
Can MarineBird that is also Millipede be considered a subcategory of 'Flatworm'?,  False.
Can Chlorophyll that is also Coral be considered a subcategory of 'IndigenousVegetation'?,  False.
Can Canopy that is also Moss be considered a subcategory of 'Conifer'?,  False.
Can Foraminifer that is also Mammal be considered a subcategory of 'Dairy'?,  False.
Can MarineMammal that is also Phytoplankton be considered a subcategory of 'Litter'?,  False.
Can MarineInvertebrate that is also Microbiota be considered a subcategory of 'Fish'?,  False.
Can Bird that is also Flatworm be considered a subcategory of 'TreeRing'?,  False.
Can Macroalgae that is also Macrophyte be considered a subcategory of 'Pollen'?,  False.
Can Lichen that is also MarineMicrobiota be considered a subcategory of 'ExoticSpecies'?,  False.
Can Liverwort that is also MarineMicrobiota be considered a subcategory of 'Invertebrate'?,  False.
Can MarineAnimal that is also Mollusk be considered a subcategory of 'Arthropod'?,  False.
Can ExoticVegetation that is also Protist be considered a subcategory of 'Microalgae'?,  False.
Can Fern that is also Poultry be considered a subcategory of 'MarineInvertebrate'?,  False.
Can Fish that is also MarineMicrobiota be considered a subcategory of 'Lichen'?,  False.
Can Coccolithophore that is also Crown be considered a subcategory of 'Echinoderm'?,  False.
Can ExoticVegetation that is also Litter be considered a subcategory of 'VegetationCover'?,  False.
Can Crop that is also Fern be considered a subcategory of 'Flagellate'?,  False.
Can Algae that is also MarinePlant be considered a subcategory of 'IndigenousSpecies'?,  False.
Can Canopy that is also Invertebrate be considered a subcategory of 'Dairy'?,  False.
Can FungiTaxonomy that is also Plant be considered a subcategory of 'MarineBird'?,  False.
Can Human that is also MarineMammal be considered a subcategory of 'Flatworm'?,  False.
Can Amphibian that is also Leaf be considered a subcategory of 'Liverwort'?,  False.
Can DominantSpecies that is also Vegetation be considered a subcategory of 'Mollusk'?,  False.
Can Amphibian that is also Sponge be considered a subcategory of 'Fern'?,  False.
Can Animal that is also SegmentedWorm be considered a subcategory of 'IndigenousVegetation'?,  False.
Can Bird that is also Coral be considered a subcategory of 'Macrophyte'?,  False.
Can IndigenousVegetation that is also MarineAnimal be considered a subcategory of 'Chlorophyll'?,  False.
Can Livestock that is also SlimeMold be considered a subcategory of 'Pollen'?,  False.
Can Lichen that is also Plant be considered a subcategory of 'MarineAnimal'?,  False.
Can MarineMammal that is also Radiolarian be considered a subcategory of 'Livestock'?,  False.
Can MarineMicrobiota that is also VegetationSpecies be considered a subcategory of 'Insect'?,  False.
Can Mollusk that is also SlimeMold be considered a subcategory of 'Foraminifer'?,  False.
Can Amphibian that is also Chlorophyll be considered a subcategory of 'Amoebae'?,  False.
Can Animal that is also ExoticSpecies be considered a subcategory of 'Crustacean'?,  False.
Can Algae that is also Dairy be considered a subcategory of 'Microphyte'?,  False.
Can Ciliate that is also Leaf be considered a subcategory of 'Crown'?,  False.
Can Conifer that is also Jellyfish be considered a subcategory of 'Human'?,  False.
Can Fungi that is also MicrobiotaTaxonomy be considered a subcategory of 'BlueGreenAlgae'?,  False.
Can Ciliate that is also Leaf be considered a subcategory of 'Coral'?,  False.
Can Invertebrate that is also MarinePlant be considered a subcategory of 'Mushroom'?,  False.
Can Flatworm that is also MarineInvertebrate be considered a subcategory of 'Roundworm'?,  False.
Can Anemone that is also Poultry be considered a subcategory of 'Canopy'?,  False.
Can DeciduousVegetation that is also Plant be considered a subcategory of 'Phytoplankton'?,  False.
Can FloweringPlant that is also Yeast be considered a subcategory of 'Vertebrate'?,  False.
Can EvergreenVegetation that is also Nutrient be considered a subcategory of 'Poultry'?,  False.
Can Anemone that is also Insect be considered a subcategory of 'EvergreenVegetation'?,  False.
Can Algae that is also Crown be considered a subcategory of 'Anemone'?,  False.
Can Protist that is also Zooplankton be considered a subcategory of 'Amphibian'?,  False.
Can MarineInvertebrate that is also MicrobiotaTaxonomy be considered a subcategory of 'Livestock'?,  False.
Can Livestock that is also Sporozoan be considered a subcategory of 'MarineAnimal'?,  False.
Can Coccolithophore that is also Macroalgae be considered a subcategory of 'Leaf'?,  False.
Can EvergreenVegetation that is also Plankton be considered a subcategory of 'Crop'?,  False.
Can Fungi that is also SegmentedWorm be considered a subcategory of 'Crown'?,  False.
Can Lichen that is also Mushroom be considered a subcategory of 'Coral'?,  False.
Can DominantSpecies that is also Millipede be considered a subcategory of 'Coccolithophore'?,  False.
Can Leaf that is also Mold be considered a subcategory of 'Invertebrate'?,  False.
Can Canopy that is also Chlorophyll be considered a subcategory of 'Human'?,  False.
Can Bacteria that is also Mammal be considered a subcategory of 'Crustacean'?,  False.
Can Arthropod that is also Dairy be considered a subcategory of 'Nutrient'?,  False.
Can Macroalgae that is also Vertebrate be considered a subcategory of 'MarineInvertebrate'?,  False.
Can EvergreenVegetation that is also Microbiota be considered a subcategory of 'Moss'?,  False.
Can Moss that is also Nutrient be considered a subcategory of 'TreeRing'?,  False.
Can Anemone that is also Macroalgae be considered a subcategory of 'Ciliate'?,  False.
Can Centipede that is also Millipede be considered a subcategory of 'Jellyfish'?,  False.
Can ExoticSpecies that is also Liverwort be considered a subcategory of 'MarinePlant'?,  False.
Can MicrobiotaTaxonomy that is also Yeast be considered a subcategory of 'Animal'?,  False.
Can Livestock that is also Protist be considered a subcategory of 'ExoticVegetation'?,  False.
Can Bacteria that is also Microalgae be considered a subcategory of 'SlimeMold'?,  False.
Can Arthropod that is also Crustacean be considered a subcategory of 'Plant'?,  False.
Can Conifer that is also SegmentedWorm be considered a subcategory of 'MarineMicrobiota'?,  False.
Can Macrophyte that is also Mushroom be considered a subcategory of 'Arachnid'?,  False.
Can Arachnid that is also MarineAnimal be considered a subcategory of 'Algae'?,  False.
Can Millipede that is also SlimeMold be considered a subcategory of 'Radiolarian'?,  False.
Can Animal that is also Mold be considered a subcategory of 'Sponge'?,  False.
Can Canopy that is also Roundworm be considered a subcategory of 'Bird'?,  False.
Can Amphibian that is also Microbiota be considered a subcategory of 'TreeRing'?,  False.
Can Liverwort that is also Reptile be considered a subcategory of 'Insect'?,  False.
Can Sponge that is also VegetationSpecies be considered a subcategory of 'Chlorophyll'?,  False.
Can ExoticVegetation that is also Livestock be considered a subcategory of 'Ciliate'?,  False.
Can TreeRing that is also Zooplankton be considered a subcategory of 'FungiTaxonomy'?,  False.
Can Plankton that is also Vegetation be considered a subcategory of 'Microalgae'?,  False.
Can Flatworm that is also Mollusk be considered a subcategory of 'Plankton'?,  False.
Can Macroalgae that is also Plant be considered a subcategory of 'Sporozoan'?,  False.
Can Foraminifer that is also Vertebrate be considered a subcategory of 'BlueGreenAlgae'?,  False.
Can BlueGreenAlgae that is also Coral be considered a subcategory of 'ExoticVegetation'?,  False.
Can ExoticVegetation that is also Mollusk be considered a subcategory of 'Animal'?,  False.
Can MarineBird that is also Radiolarian be considered a subcategory of 'Arachnid'?,  False.
Can Centipede that is also Crustacean be considered a subcategory of 'Fungi'?,  False.
Can Flagellate that is also Microbiota be considered a subcategory of 'MarinePlant'?,  False.
Can Ciliate that is also Yeast be considered a subcategory of 'Vertebrate'?,  False.
Can Crown that is also Invertebrate be considered a subcategory of 'VegetationSpecies'?,  False.
Can BlueGreenAlgae that is also Protist be considered a subcategory of 'MicrobiotaTaxonomy'?,  False.
Can ExoticSpecies that is also Macrophyte be considered a subcategory of 'Macroalgae'?,  False.
Can Amoebae that is also SlimeMold be considered a subcategory of 'Roundworm'?,  False.
Can FloweringPlant that is also Macroalgae be considered a subcategory of 'Millipede'?,  False.
Can Flatworm that is also Insect be considered a subcategory of 'Lichen'?,  False.
Can MicrobiotaTaxonomy that is also Nutrient be considered a subcategory of 'Canopy'?,  False.
Can Anemone that is also VegetationCover be considered a subcategory of 'Microbiota'?,  False.
Can MarineAnimal that is also Millipede be considered a subcategory of 'Protist'?,  False.
Can Amoebae that is also Fish be considered a subcategory of 'Zooplankton'?,  False.
Can Anemone that is also MicrobiotaTaxonomy be considered a subcategory of 'Flatworm'?,  False.
Can Litter that is also Livestock be considered a subcategory of 'MarineBird'?,  False.
Can Arthropod that is also Dairy be considered a subcategory of 'Mollusk'?,  False.
Can Human that is also MarinePlant be considered a subcategory of 'Liverwort'?,  False.
Can DeciduousVegetation that is also MarineBird be considered a subcategory of 'Dairy'?,  False.
Can Crustacean that is also FungiTaxonomy be considered a subcategory of 'Litter'?,  False.
Can Foraminifer that is also Vertebrate be considered a subcategory of 'Fungi'?,  False.
Can ExoticSpecies that is also Pollen be considered a subcategory of 'Bird'?,  False.
Can Mammal that is also Sporozoan be considered a subcategory of 'Vertebrate'?,  False.
Can Leaf that is also Litter be considered a subcategory of 'Arachnid'?,  False.
Can MicrobiotaTaxonomy that is also Moss be considered a subcategory of 'Bacteria'?,  False.
Can Amoebae that is also VegetationCover be considered a subcategory of 'Sponge'?,  False.
Can Invertebrate that is also TreeRing be considered a subcategory of 'Yeast'?,  False.
Can Flatworm that is also IndigenousVegetation be considered a subcategory of 'Centipede'?,  False.
Can Arachnid that is also Poultry be considered a subcategory of 'Fern'?,  False.
Can IndigenousSpecies that is also VegetationCover be considered a subcategory of 'Poultry'?,  False.
Can Bird that is also Jellyfish be considered a subcategory of 'Vegetation'?,  False.
Can Fish that is also Microalgae be considered a subcategory of 'Livestock'?,  False.
Can DeciduousVegetation that is also Lichen be considered a subcategory of 'Microphyte'?,  False.
Can Chlorophyll that is also Litter be considered a subcategory of 'Leaf'?,  False.
Can Millipede that is also VegetationCover be considered a subcategory of 'Conifer'?,  False.
Can Algae that is also TreeRing be considered a subcategory of 'Insect'?,  False.
Can Roundworm that is also Vertebrate be considered a subcategory of 'Litter'?,  False.
Can Arachnid that is also Pollen be considered a subcategory of 'Mollusk'?,  False.
Can IndigenousSpecies that is also Insect be considered a subcategory of 'TreeRing'?,  False.
Can Jellyfish that is also Pollen be considered a subcategory of 'Microalgae'?,  False.
Can Echinoderm that is also Zooplankton be considered a subcategory of 'Chlorophyll'?,  False.
Can Amoebae that is also Fern be considered a subcategory of 'Fish'?,  False.
Can Chlorophyll that is also Sporozoan be considered a subcategory of 'FungiTaxonomy'?,  False.
Can DominantSpecies that is also Sponge be considered a subcategory of 'ExoticVegetation'?,  False.
Can IndigenousVegetation that is also Plankton be considered a subcategory of 'MarineInvertebrate'?,  False.
Can MarineInvertebrate that is also Phytoplankton be considered a subcategory of 'Amoebae'?,  False.
Can FungiTaxonomy that is also MarineBird be considered a subcategory of 'BlueGreenAlgae'?,  False.
Can Bacteria that is also Centipede be considered a subcategory of 'MarinePlant'?,  False.
Can Microalgae that is also VegetationSpecies be considered a subcategory of 'Animal'?,  False.
Can Fungi that is also Lichen be considered a subcategory of 'DominantSpecies'?,  False.
Can Centipede that is also MarineInvertebrate be considered a subcategory of 'Radiolarian'?,  False.
Can Mold that is also Poultry be considered a subcategory of 'Zooplankton'?,  False.
Can DeciduousVegetation that is also Yeast be considered a subcategory of 'Protist'?,  False.
Can Radiolarian be considered a subcategory of 'IndigenousSpecies'?,  False.
Can Ciliate that is also MarineMicrobiota be considered a subcategory of 'Mollusk'?,  False.
Can Coccolithophore that is also Mushroom be considered a subcategory of 'Chlorophyll'?,  False.
Can Conifer that is also Diatom be considered a subcategory of 'Mammal'?,  False.
Can Crop that is also Microphyte be considered a subcategory of 'Liverwort'?,  False.
Can Algae that is also Plant be considered a subcategory of 'Macrophyte'?,  False.
Can Invertebrate that is also Millipede be considered a subcategory of 'TreeRing'?,  False.
Can FloweringPlant that is also Jellyfish be considered a subcategory of 'Insect'?,  False.
Can MarineMammal that is also Roundworm be considered a subcategory of 'Foraminifer'?,  False.
Can Fern that is also Leaf be considered a subcategory of 'Amoebae'?,  False.
Can Insect that is also Reptile be considered a subcategory of 'Crustacean'?,  False.
Can Echinoderm that is also Vegetation be considered a subcategory of 'Ciliate'?,  False.
Can Animal that is also Zooplankton be considered a subcategory of 'FungiTaxonomy'?,  False.
Can DominantSpecies that is also Phytoplankton be considered a subcategory of 'DeciduousVegetation'?,  False.
Can Litter that is also Reptile be considered a subcategory of 'Nutrient'?,  False.
Can FungiTaxonomy be considered a subcategory of 'Pollen'?,  False.
Can Arthropod that is also Centipede be considered a subcategory of 'ExoticSpecies'?,  False.
Can Bird that is also IndigenousSpecies be considered a subcategory of 'Invertebrate'?,  False.
Can MarineMammal that is also Vegetation be considered a subcategory of 'Arthropod'?,  False.
Can Flagellate that is also Vertebrate be considered a subcategory of 'Mushroom'?,  False.
Can Pollen that is also SegmentedWorm be considered a subcategory of 'Human'?,  False.
Can Amphibian that is also TreeRing be considered a subcategory of 'Canopy'?,  False.
Can Animal that is also Coral be considered a subcategory of 'VegetationCover'?,  False.
Can Algae that is also Mollusk be considered a subcategory of 'Diatom'?,  False.
Can Invertebrate that is also Livestock be considered a subcategory of 'Roundworm'?,  False.
Can Conifer that is also Vertebrate be considered a subcategory of 'Millipede'?,  False.
Can Fungi that is also SlimeMold be considered a subcategory of 'MarineBird'?,  False.
Can ExoticVegetation that is also Leaf be considered a subcategory of 'Reptile'?,  False.
Can Diatom that is also Reptile be considered a subcategory of 'SlimeMold'?,  False.
Can Bird that is also Microphyte be considered a subcategory of 'MarineAnimal'?,  False.
Can Flatworm that is also Fungi be considered a subcategory of 'Coccolithophore'?,  False.
Can Leaf that is also MarineMicrobiota be considered a subcategory of 'Fern'?,  False.
Can Reptile that is also VegetationCover be considered a subcategory of 'IndigenousVegetation'?,  False.
Can Human that is also MarineAnimal be considered a subcategory of 'MarineMammal'?,  False.
Can Macrophyte that is also Poultry be considered a subcategory of 'Microalgae'?,  False.
Can DeciduousVegetation that is also Poultry be considered a subcategory of 'ExoticSpecies'?,  False.
Can Liverwort that is also Radiolarian be considered a subcategory of 'Pollen'?,  False.
Can Arthropod that is also VegetationCover be considered a subcategory of 'Human'?,  False.
Can Livestock that is also Phytoplankton be considered a subcategory of 'Moss'?,  False.
Can Crustacean that is also Insect be considered a subcategory of 'Invertebrate'?,  False.
Can Algae that is also SegmentedWorm be considered a subcategory of 'MicrobiotaTaxonomy'?,  False.
Can IndigenousSpecies that is also Mushroom be considered a subcategory of 'Canopy'?,  False.
Can Millipede that is also Reptile be considered a subcategory of 'Animal'?,  False.
Can Amoebae that is also Flagellate be considered a subcategory of 'Diatom'?,  False.
Can DeciduousVegetation that is also MarineInvertebrate be considered a subcategory of 'MarinePlant'?,  False.
Can Human that is also Radiolarian be considered a subcategory of 'MarineMicrobiota'?,  False.
Can Microphyte that is also Pollen be considered a subcategory of 'ExoticVegetation'?,  False.
Can Crown that is also Fungi be considered a subcategory of 'Jellyfish'?,  False.
Can Diatom that is also Fungi be considered a subcategory of 'Plant'?,  False.
Can Crop that is also MarineBird be considered a subcategory of 'Sponge'?,  False.
Can DominantSpecies that is also MarineInvertebrate be considered a subcategory of 'Phytoplankton'?,  False.
Can Canopy that is also Poultry be considered a subcategory of 'Vertebrate'?,  False.
Can FloweringPlant that is also IndigenousVegetation be considered a subcategory of 'Lichen'?,  False.
Can Coral that is also Foraminifer be considered a subcategory of 'Echinoderm'?,  False.
Can Bacteria that is also MarineMicrobiota be considered a subcategory of 'Bird'?,  False.
Can Coccolithophore that is also Mammal be considered a subcategory of 'Flagellate'?,  False.
Can Moss that is also Vegetation be considered a subcategory of 'EvergreenVegetation'?,  False.
Can BlueGreenAlgae that is also Roundworm be considered a subcategory of 'Dairy'?,  False.
Can Algae that is also MarineMammal be considered a subcategory of 'Amphibian'?,  False.
Can Amoebae that is also Invertebrate be considered a subcategory of 'Poultry'?,  False.
Can Mammal that is also MicrobiotaTaxonomy be considered a subcategory of 'FungiTaxonomy'?,  False.
Can Phytoplankton that is also Plant be considered a subcategory of 'Coral'?,  False.
Can IndigenousSpecies that is also Mushroom be considered a subcategory of 'Plankton'?,  False.
Can Jellyfish that is also Mushroom be considered a subcategory of 'Amoebae'?,  False.
Can Anemone that is also Macrophyte be considered a subcategory of 'BlueGreenAlgae'?,  False.
Can Fern that is also Lichen be considered a subcategory of 'MarinePlant'?,  False.
Can Chlorophyll that is also FloweringPlant be considered a subcategory of 'Crustacean'?,  False.
Can Canopy that is also Echinoderm be considered a subcategory of 'Sporozoan'?,  False.
Can Crown that is also Sporozoan be considered a subcategory of 'VegetationSpecies'?,  False.
Can Litter that is also MarineInvertebrate be considered a subcategory of 'VegetationCover'?,  False.
Can Crop that is also Crown be considered a subcategory of 'Vertebrate'?,  False.
Can Pollen that is also Protist be considered a subcategory of 'Phytoplankton'?,  False.
Can Canopy that is also VegetationCover be considered a subcategory of 'Echinoderm'?,  False.
Can Sponge that is also TreeRing be considered a subcategory of 'Lichen'?,  False.
Can Human that is also Macroalgae be considered a subcategory of 'Sponge'?,  False.
Can Insect that is also MarinePlant be considered a subcategory of 'Yeast'?,  False.
Can Coccolithophore that is also Mold be considered a subcategory of 'SlimeMold'?,  False.
Can Canopy that is also TreeRing be considered a subcategory of 'FloweringPlant'?,  False.
Can EvergreenVegetation that is also Mammal be considered a subcategory of 'Microbiota'?,  False.
Can Mollusk that is also Phytoplankton be considered a subcategory of 'Arachnid'?,  False.
Can Crown that is also Diatom be considered a subcategory of 'Zooplankton'?,  False.
Can Protist that is also Vertebrate be considered a subcategory of 'Radiolarian'?,  False.
Can Macrophyte that is also Nutrient be considered a subcategory of 'SegmentedWorm'?,  False.
Can ExoticVegetation that is also Lichen be considered a subcategory of 'Protist'?,  False.
Can Macroalgae that is also Radiolarian be considered a subcategory of 'Liverwort'?,  False.
Can SlimeMold that is also Sporozoan be considered a subcategory of 'Anemone'?,  False.
Can Lichen that is also Litter be considered a subcategory of 'Vegetation'?,  False.
Can Microphyte that is also Millipede be considered a subcategory of 'Livestock'?,  False.
Can Amoebae that is also Ciliate be considered a subcategory of 'Macrophyte'?,  False.
Can Mold that is also VegetationCover be considered a subcategory of 'Chlorophyll'?,  False.
Can Chlorophyll that is also Livestock be considered a subcategory of 'Crop'?,  False.
Can IndigenousSpecies that is also SegmentedWorm be considered a subcategory of 'Plant'?,  False.
Can Amphibian that is also Jellyfish be considered a subcategory of 'Fungi'?,  False.
Can Canopy that is also Millipede be considered a subcategory of 'Phytoplankton'?,  False.
Can Amoebae that is also Sponge be considered a subcategory of 'Vertebrate'?,  False.
Can Chlorophyll that is also Livestock be considered a subcategory of 'Yeast'?,  False.
Can MarineMammal that is also Sponge be considered a subcategory of 'Echinoderm'?,  False.
Can Mammal that is also Vegetation be considered a subcategory of 'Bird'?,  False.
Can IndigenousVegetation that is also Phytoplankton be considered a subcategory of 'Flagellate'?,  False.
Can FungiTaxonomy that is also Macroalgae be considered a subcategory of 'EvergreenVegetation'?,  False.
Can MarineMicrobiota that is also Protist be considered a subcategory of 'Centipede'?,  False.
Can Coral that is also Macrophyte be considered a subcategory of 'Amphibian'?,  False.
Can Lichen that is also Moss be considered a subcategory of 'Poultry'?,  False.
Can MarineMicrobiota that is also Protist be considered a subcategory of 'MarineAnimal'?,  False.
Can Centipede that is also Mollusk be considered a subcategory of 'Coccolithophore'?,  False.
Can Microbiota that is also Sporozoan be considered a subcategory of 'Fern'?,  False.
Can Fern that is also Yeast be considered a subcategory of 'IndigenousVegetation'?,  False.
Can Invertebrate that is also Mammal be considered a subcategory of 'Mollusk'?,  False.
Can Jellyfish that is also Phytoplankton be considered a subcategory of 'Mold'?,  False.
Can ExoticSpecies that is also IndigenousSpecies be considered a subcategory of 'Mammal'?,  False.
Can Ciliate that is also Mushroom be considered a subcategory of 'Litter'?,  False.
Can FloweringPlant that is also Macrophyte be considered a subcategory of 'Fish'?,  False.
Can Echinoderm that is also Lichen be considered a subcategory of 'TreeRing'?,  False.
Can Chlorophyll that is also MicrobiotaTaxonomy be considered a subcategory of 'Insect'?,  False.
Can Canopy that is also Plant be considered a subcategory of 'Foraminifer'?,  False.
Can Crop that is also Sporozoan be considered a subcategory of 'Amoebae'?,  False.
Can Fish that is also Litter be considered a subcategory of 'FungiTaxonomy'?,  False.
Can Anemone that is also FungiTaxonomy be considered a subcategory of 'Ciliate'?,  False.
Can Litter that is also Protist be considered a subcategory of 'Plankton'?,  False.
Can Human that is also VegetationCover be considered a subcategory of 'DominantSpecies'?,  False.
Can MarinePlant that is also TreeRing be considered a subcategory of 'BlueGreenAlgae'?,  False.
Can Crown that is also Macroalgae be considered a subcategory of 'ExoticVegetation'?,  False.
Can FungiTaxonomy that is also Insect be considered a subcategory of 'Jellyfish'?,  False.
Can Plant that is also VegetationSpecies be considered a subcategory of 'Algae'?,  False.
Can Fungi that is also MarineMammal be considered a subcategory of 'Radiolarian'?,  False.
Can MarineMicrobiota that is also Sporozoan be considered a subcategory of 'MarineBird'?,  False.
Can Coccolithophore that is also DominantSpecies be considered a subcategory of 'Protist'?,  False.
Can Amphibian that is also Dairy be considered a subcategory of 'Liverwort'?,  False.
Can Animal that is also Leaf be considered a subcategory of 'Insect'?,  False.
Can Algae that is also Lichen be considered a subcategory of 'Anemone'?,  False.
Can Bacteria that is also Ciliate be considered a subcategory of 'Mammal'?,  False.
Can Ciliate that is also Conifer be considered a subcategory of 'Foraminifer'?,  False.
Can Fungi that is also Invertebrate be considered a subcategory of 'Macrophyte'?,  False.
Can Chlorophyll that is also Leaf be considered a subcategory of 'Mold'?,  False.
Can ExoticSpecies that is also MarinePlant be considered a subcategory of 'Crop'?,  False.
Can MarineInvertebrate that is also VegetationCover be considered a subcategory of 'Crown'?,  False.
Can FloweringPlant that is also Poultry be considered a subcategory of 'Coral'?,  False.
Can BlueGreenAlgae that is also DeciduousVegetation be considered a subcategory of 'Plankton'?,  False.
Can MicrobiotaTaxonomy that is also Yeast be considered a subcategory of 'Ciliate'?,  False.
Can Algae that is also Macrophyte be considered a subcategory of 'MarineMammal'?,  False.
Can Ciliate that is also Microalgae be considered a subcategory of 'DeciduousVegetation'?,  False.
Can Liverwort that is also Plant be considered a subcategory of 'Microphyte'?,  False.
Can Conifer that is also MarineMammal be considered a subcategory of 'Pollen'?,  False.
Can Dairy that is also Phytoplankton be considered a subcategory of 'Human'?,  False.
Can Arachnid that is also MarinePlant be considered a subcategory of 'Moss'?,  False.
Can Amphibian that is also Crustacean be considered a subcategory of 'Nutrient'?,  False.
Can Animal be considered a subcategory of 'Invertebrate'?,  False.
Can Fish that is also Zooplankton be considered a subcategory of 'MicrobiotaTaxonomy'?,  False.
Can EvergreenVegetation that is also Yeast be considered a subcategory of 'Canopy'?,  False.
Can Conifer that is also Millipede be considered a subcategory of 'Arthropod'?,  False.
Can Algae that is also Fungi be considered a subcategory of 'Diatom'?,  False.
Can ExoticVegetation that is also Plankton be considered a subcategory of 'SlimeMold'?,  False.
Can Fern that is also Nutrient be considered a subcategory of 'FloweringPlant'?,  False.
Can Insect that is also MarineInvertebrate be considered a subcategory of 'MarineMicrobiota'?,  False.
Can Coccolithophore that is also Poultry be considered a subcategory of 'Reptile'?,  False.
Can ExoticVegetation that is also Macroalgae be considered a subcategory of 'IndigenousVegetation'?,  False.
Can EvergreenVegetation that is also Macroalgae be considered a subcategory of 'Conifer'?,  False.
Can Nutrient that is also TreeRing be considered a subcategory of 'Dairy'?,  False.
Can Anemone that is also Coral be considered a subcategory of 'Litter'?,  False.
Can Millipede that is also Yeast be considered a subcategory of 'Fish'?,  False.
Can ExoticSpecies that is also Protist be considered a subcategory of 'MarineMammal'?,  False.
Can MicrobiotaTaxonomy that is also Vertebrate be considered a subcategory of 'Coccolithophore'?,  False.
Can Livestock that is also Microbiota be considered a subcategory of 'ExoticSpecies'?,  False.
Can Conifer that is also Mammal be considered a subcategory of 'Invertebrate'?,  False.
Can Centipede that is also SegmentedWorm be considered a subcategory of 'Microalgae'?,  False.
Can Mold that is also Mushroom be considered a subcategory of 'MarineInvertebrate'?,  False.
Can Animal that is also MarineAnimal be considered a subcategory of 'DominantSpecies'?,  False.
Can Roundworm that is also SlimeMold be considered a subcategory of 'MicrobiotaTaxonomy'?,  False.
Can Microalgae that is also Mold be considered a subcategory of 'Moss'?,  False.
Can Canopy that is also Mushroom be considered a subcategory of 'Animal'?,  False.
Can Litter that is also MarineMicrobiota be considered a subcategory of 'Jellyfish'?,  False.
Can Coccolithophore that is also Crop be considered a subcategory of 'MarinePlant'?,  False.
Can Diatom that is also Flatworm be considered a subcategory of 'Crustacean'?,  False.
Can Anemone that is also Fern be considered a subcategory of 'Sporozoan'?,  False.
Can Algae that is also FungiTaxonomy be considered a subcategory of 'VegetationSpecies'?,  False.
Can Arthropod that is also Invertebrate be considered a subcategory of 'Plant'?,  False.
Can Fish that is also Plant be considered a subcategory of 'Macroalgae'?,  False.
Can DeciduousVegetation that is also MarineMammal be considered a subcategory of 'Phytoplankton'?,  False.
Can Leaf that is also Sponge be considered a subcategory of 'Flagellate'?,  False.
Can Reptile that is also SegmentedWorm be considered a subcategory of 'Lichen'?,  False.
Can Amphibian that is also MarinePlant be considered a subcategory of 'Sponge'?,  False.
Can Animal that is also Reptile be considered a subcategory of 'Yeast'?,  False.
Can Crown that is also IndigenousVegetation be considered a subcategory of 'Centipede'?,  False.
Can Bird that is also Livestock be considered a subcategory of 'EvergreenVegetation'?,  False.
Can Amphibian that is also Conifer be considered a subcategory of 'Flatworm'?,  False.
Can Fungi that is also Vegetation be considered a subcategory of 'Amphibian'?,  False.
Can Crown that is also ExoticSpecies be considered a subcategory of 'Amoebae'?,  False.
Can Amoebae that is also Protist be considered a subcategory of 'DeciduousVegetation'?,  False.
Can Leaf that is also Macrophyte be considered a subcategory of 'Microphyte'?,  False.
Can Foraminifer that is also SlimeMold be considered a subcategory of 'Plankton'?,  False.
Can Macroalgae that is also MicrobiotaTaxonomy be considered a subcategory of 'Sporozoan'?,  False.
Can Insect that is also VegetationCover be considered a subcategory of 'BlueGreenAlgae'?,  False.
Can Invertebrate that is also Sporozoan be considered a subcategory of 'Coral'?,  False.
Can Anemone that is also BlueGreenAlgae be considered a subcategory of 'Mushroom'?,  False.
Can Millipede that is also Poultry be considered a subcategory of 'Roundworm'?,  False.
Can Amoebae that is also Litter be considered a subcategory of 'VegetationSpecies'?,  False.
Can Bird that is also MicrobiotaTaxonomy be considered a subcategory of 'Phytoplankton'?,  False.
Can Flatworm that is also Livestock be considered a subcategory of 'Macroalgae'?,  False.
Can DeciduousVegetation that is also Mammal be considered a subcategory of 'Yeast'?,  False.
Can FungiTaxonomy that is also MarinePlant be considered a subcategory of 'Millipede'?,  False.
Can MarineAnimal that is also SegmentedWorm be considered a subcategory of 'VegetationCover'?,  False.
Can Fish that is also Mushroom be considered a subcategory of 'Flagellate'?,  False.
Can Algae that is also Nutrient be considered a subcategory of 'Arachnid'?,  False.
Can Anemone that is also Zooplankton be considered a subcategory of 'Fungi'?,  False.
Can Arachnid that is also Crown be considered a subcategory of 'Reptile'?,  False.
Can Millipede that is also Protist be considered a subcategory of 'Microbiota'?,  False.
Can MicrobiotaTaxonomy that is also Pollen be considered a subcategory of 'Radiolarian'?,  False.
Can Livestock that is also Plankton be considered a subcategory of 'Algae'?,  False.
Can Fern that is also Macroalgae be considered a subcategory of 'FloweringPlant'?,  False.
Can Insect be considered a subcategory of 'SegmentedWorm'?,  False.
Can DominantSpecies that is also SegmentedWorm be considered a subcategory of 'Vegetation'?,  False.
Can Mushroom that is also VegetationSpecies be considered a subcategory of 'Mold'?,  False.
Can MarineInvertebrate that is also Millipede be considered a subcategory of 'Bacteria'?,  False.
Can ExoticSpecies that is also Sporozoan be considered a subcategory of 'Anemone'?,  False.
Can Bacteria that is also Mold be considered a subcategory of 'Crop'?,  False.
Can Canopy that is also Mammal be considered a subcategory of 'Livestock'?,  False.
Can Fungi that is also Mammal be considered a subcategory of 'Insect'?,  False.
Can Arthropod that is also MarineBird be considered a subcategory of 'Leaf'?,  False.
Can Roundworm that is also VegetationCover be considered a subcategory of 'Echinoderm'?,  False.
Can Plant that is also TreeRing be considered a subcategory of 'MarineBird'?,  False.
Can Mushroom that is also Vertebrate be considered a subcategory of 'Flagellate'?,  False.
Can Jellyfish that is also Pollen be considered a subcategory of 'Yeast'?,  False.
Can IndigenousSpecies that is also Zooplankton be considered a subcategory of 'Centipede'?,  False.
Can Echinoderm that is also Millipede be considered a subcategory of 'Flatworm'?,  False.
Can Echinoderm that is also Moss be considered a subcategory of 'IndigenousSpecies'?,  False.
Can Chlorophyll that is also Crown be considered a subcategory of 'Mollusk'?,  False.
Can MarineInvertebrate that is also Sponge be considered a subcategory of 'Chlorophyll'?,  False.
Can Phytoplankton that is also Pollen be considered a subcategory of 'Litter'?,  False.
Can Canopy that is also FungiTaxonomy be considered a subcategory of 'DeciduousVegetation'?,  False.
Can Centipede that is also Fungi be considered a subcategory of 'TreeRing'?,  False.
Can Human that is also Microalgae be considered a subcategory of 'Pollen'?,  False.
Can DominantSpecies that is also Lichen be considered a subcategory of 'MarineMammal'?,  False.
Can Coral that is also TreeRing be considered a subcategory of 'Microphyte'?,  False.
Can Microbiota that is also Vegetation be considered a subcategory of 'Foraminifer'?,  False.
Can Mollusk that is also Plankton be considered a subcategory of 'MarineAnimal'?,  False.
Can Diatom that is also Mollusk be considered a subcategory of 'Crustacean'?,  False.
Can Roundworm that is also Vertebrate be considered a subcategory of 'Coral'?,  False.
Can Coral that is also Zooplankton be considered a subcategory of 'Plankton'?,  False.
Can BlueGreenAlgae that is also ExoticVegetation be considered a subcategory of 'Amoebae'?,  False.
Can Macrophyte that is also Radiolarian be considered a subcategory of 'BlueGreenAlgae'?,  False.
Can Centipede that is also Lichen be considered a subcategory of 'Phytoplankton'?,  False.
Can Foraminifer that is also SlimeMold be considered a subcategory of 'Mushroom'?,  False.
Can Sponge that is also Yeast be considered a subcategory of 'Sporozoan'?,  False.
Can Microphyte that is also Sporozoan be considered a subcategory of 'Canopy'?,  False.
Can Litter that is also Microalgae be considered a subcategory of 'VegetationCover'?,  False.
Can FungiTaxonomy that is also Mold be considered a subcategory of 'Vertebrate'?,  False.
Can Centipede that is also Conifer be considered a subcategory of 'Roundworm'?,  False.
Can Crustacean that is also DominantSpecies be considered a subcategory of 'EvergreenVegetation'?,  False.
Can Arthropod that is also Litter be considered a subcategory of 'Mold'?,  False.
Can FungiTaxonomy that is also Macrophyte be considered a subcategory of 'Mammal'?,  False.
Can Centipede that is also DeciduousVegetation be considered a subcategory of 'Poultry'?,  False.
Can Bird that is also Flagellate be considered a subcategory of 'Macrophyte'?,  False.
Can SegmentedWorm that is also TreeRing be considered a subcategory of 'Coccolithophore'?,  False.
Can Phytoplankton that is also Vertebrate be considered a subcategory of 'Crop'?,  False.
Can Pollen that is also Reptile be considered a subcategory of 'Livestock'?,  False.
Can Mollusk that is also Vegetation be considered a subcategory of 'Coral'?,  False.
Can Animal that is also Coccolithophore be considered a subcategory of 'Crustacean'?,  False.
Can Echinoderm that is also IndigenousSpecies be considered a subcategory of 'Microphyte'?,  False.
Can EvergreenVegetation that is also Moss be considered a subcategory of 'Crown'?,  False.
Can Conifer that is also ExoticVegetation be considered a subcategory of 'Human'?,  False.
Can Diatom that is also Fungi be considered a subcategory of 'Macroalgae'?,  False.
Can Leaf that is also TreeRing be considered a subcategory of 'Nutrient'?,  False.
Can Nutrient that is also Reptile be considered a subcategory of 'Mushroom'?,  False.
Can Mammal that is also Vertebrate be considered a subcategory of 'Moss'?,  False.
Can Leaf that is also Pollen be considered a subcategory of 'Arthropod'?,  False.
Can DominantSpecies that is also MarineBird be considered a subcategory of 'Ciliate'?,  False.
Can Bacteria that is also Litter be considered a subcategory of 'MarineInvertebrate'?,  False.
Can Amoebae that is also Echinoderm be considered a subcategory of 'DominantSpecies'?,  False.
Can Moss be considered a subcategory of 'MarineMicrobiota'?,  False.
Can Foraminifer that is also VegetationCover be considered a subcategory of 'Diatom'?,  False.
Can MarineMammal that is also TreeRing be considered a subcategory of 'Jellyfish'?,  False.
Can IndigenousVegetation that is also VegetationCover be considered a subcategory of 'FloweringPlant'?,  False.
Can Arachnid that is also Bird be considered a subcategory of 'Fungi'?,  False.
Can BlueGreenAlgae that is also IndigenousSpecies be considered a subcategory of 'Arachnid'?,  False.
Can Jellyfish that is also MarineMicrobiota be considered a subcategory of 'SlimeMold'?,  False.
Can Liverwort that is also Microalgae be considered a subcategory of 'Radiolarian'?,  False.
Can Bacteria that is also MarineAnimal be considered a subcategory of 'Anemone'?,  False.
Can Chlorophyll that is also Flatworm be considered a subcategory of 'Bird'?,  False.
Can Poultry that is also Sponge be considered a subcategory of 'Algae'?,  False.
Can DeciduousVegetation that is also Pollen be considered a subcategory of 'MarineMammal'?,  False.
Can Crown that is also Radiolarian be considered a subcategory of 'Microalgae'?,  False.
Can Fern that is also Microphyte be considered a subcategory of 'Chlorophyll'?,  False.
Can Crop that is also Fungi be considered a subcategory of 'Fish'?,  False.
Can Diatom that is also MarinePlant be considered a subcategory of 'FungiTaxonomy'?,  False.
Can Canopy that is also Crop be considered a subcategory of 'Moss'?,  False.
Can Human that is also MarineInvertebrate be considered a subcategory of 'Plankton'?,  False.
Can Human that is also Poultry be considered a subcategory of 'Ciliate'?,  False.
Can Amphibian that is also FloweringPlant be considered a subcategory of 'Jellyfish'?,  False.
Can Coral that is also Mammal be considered a subcategory of 'MarinePlant'?,  False.
Can MarineMicrobiota that is also Sponge be considered a subcategory of 'Animal'?,  False.
Can Coccolithophore that is also MarineBird be considered a subcategory of 'DominantSpecies'?,  False.
Can MarineMammal that is also Vegetation be considered a subcategory of 'Fungi'?,  False.
Can Amoebae that is also Roundworm be considered a subcategory of 'FloweringPlant'?,  False.
Can Algae that is also IndigenousVegetation be considered a subcategory of 'Vertebrate'?,  False.
Can Foraminifer that is also Invertebrate be considered a subcategory of 'Arachnid'?,  False.
Can Lichen that is also MarineInvertebrate be considered a subcategory of 'MicrobiotaTaxonomy'?,  False.
Can Poultry that is also Radiolarian be considered a subcategory of 'Canopy'?,  False.
Can DeciduousVegetation that is also Vertebrate be considered a subcategory of 'Phytoplankton'?,  False.
Can Radiolarian that is also SlimeMold be considered a subcategory of 'VegetationSpecies'?,  False.
Can Chlorophyll that is also MarineMicrobiota be considered a subcategory of 'Lichen'?,  False.
Can Coccolithophore that is also Microphyte be considered a subcategory of 'Flatworm'?,  False.
Can Dairy that is also Diatom be considered a subcategory of 'Microbiota'?,  False.
Can Crop that is also Mold be considered a subcategory of 'Flagellate'?,  False.
Can Algae that is also Jellyfish be considered a subcategory of 'IndigenousSpecies'?,  False.
Can Invertebrate that is also Roundworm be considered a subcategory of 'Dairy'?,  False.
Can Ciliate that is also FloweringPlant be considered a subcategory of 'MarineBird'?,  False.
Can Coral that is also Mushroom be considered a subcategory of 'Protist'?,  False.
Can Echinoderm that is also Leaf be considered a subcategory of 'Liverwort'?,  False.
Can Anemone that is also Reptile be considered a subcategory of 'Insect'?,  False.
Can Plant that is also Vegetation be considered a subcategory of 'Litter'?,  False.
Can Animal that is also FloweringPlant be considered a subcategory of 'IndigenousVegetation'?,  False.
Can EvergreenVegetation that is also Mold be considered a subcategory of 'Invertebrate'?,  False.
Can Canopy that is also Mollusk be considered a subcategory of 'Arthropod'?,  False.
Can Algae that is also Mammal be considered a subcategory of 'Mushroom'?,  False.
Can IndigenousSpecies that is also Phytoplankton be considered a subcategory of 'Sporozoan'?,  False.
Can Crown that is also Nutrient be considered a subcategory of 'Canopy'?,  False.
Can Protist that is also Sporozoan be considered a subcategory of 'MicrobiotaTaxonomy'?,  False.
Can Coccolithophore that is also Macrophyte be considered a subcategory of 'Macroalgae'?,  False.
Can Lichen that is also Plankton be considered a subcategory of 'Roundworm'?,  False.
Can Macroalgae that is also SlimeMold be considered a subcategory of 'Millipede'?,  False.
Can Insect that is also Lichen be considered a subcategory of 'MarineBird'?,  False.
Can Diatom that is also Sporozoan be considered a subcategory of 'Reptile'?,  False.
Can Litter that is also VegetationSpecies be considered a subcategory of 'Microbiota'?,  False.
Can Leaf that is also Millipede be considered a subcategory of 'Protist'?,  False.
Can Amoebae that is also Chlorophyll be considered a subcategory of 'Zooplankton'?,  False.
Can Radiolarian that is also VegetationCover be considered a subcategory of 'Flatworm'?,  False.
Can Dairy that is also TreeRing be considered a subcategory of 'SegmentedWorm'?,  False.
Can MarineMicrobiota that is also Microphyte be considered a subcategory of 'Algae'?,  False.
Can MarineBird that is also Microbiota be considered a subcategory of 'Bacteria'?,  False.
Can Leaf that is also Moss be considered a subcategory of 'Sponge'?,  False.
Can Macroalgae that is also Reptile be considered a subcategory of 'Yeast'?,  False.
Can Human that is also Poultry be considered a subcategory of 'Centipede'?,  False.
Can Liverwort that is also Poultry be considered a subcategory of 'EvergreenVegetation'?,  False.
Can Bird that is also DeciduousVegetation be considered a subcategory of 'Anemone'?,  False.
Can Protist that is also Radiolarian be considered a subcategory of 'Vegetation'?,  False.
Can Microalgae that is also Microbiota be considered a subcategory of 'Livestock'?,  False.
Can Crustacean that is also Livestock be considered a subcategory of 'Microphyte'?,  False.
Can Diatom that is also MarineAnimal be considered a subcategory of 'Leaf'?,  False.
Can Crop that is also Macrophyte be considered a subcategory of 'MarineAnimal'?,  False.
Can Arachnid that is also IndigenousSpecies be considered a subcategory of 'DeciduousVegetation'?,  False.
Can Flagellate that is also Mushroom be considered a subcategory of 'Coral'?,  False.
Can Animal that is also Millipede be considered a subcategory of 'Coccolithophore'?,  False.
Can Amoebae that is also Phytoplankton be considered a subcategory of 'ExoticSpecies'?,  False.
Can Coral that is also MarinePlant be considered a subcategory of 'Zooplankton'?,  False.
Can Liverwort that is also Moss be considered a subcategory of 'Mammal'?,  False.
Can Crustacean that is also Livestock be considered a subcategory of 'IndigenousSpecies'?,  False.
Can Dairy that is also MarineMammal be considered a subcategory of 'Radiolarian'?,  False.
Can Microbiota that is also Yeast be considered a subcategory of 'Chlorophyll'?,  False.
Can Bird that is also Plankton be considered a subcategory of 'Insect'?,  False.
Can Macroalgae that is also VegetationSpecies be considered a subcategory of 'Litter'?,  False.
Can Fish that is also MarineMicrobiota be considered a subcategory of 'Mollusk'?,  False.
Can Fern that is also Liverwort be considered a subcategory of 'TreeRing'?,  False.
Can BlueGreenAlgae that is also Conifer be considered a subcategory of 'Ciliate'?,  False.
Can Flatworm that is also Protist be considered a subcategory of 'Foraminifer'?,  False.
Can Centipede that is also ExoticVegetation be considered a subcategory of 'Fish'?,  False.
Can Animal that is also Flagellate be considered a subcategory of 'ExoticVegetation'?,  False.
Can Macrophyte that is also Mollusk be considered a subcategory of 'MarineInvertebrate'?,  False.
Can Microalgae that is also Plant be considered a subcategory of 'Amoebae'?,  False.
Can Anemone that is also VegetationSpecies be considered a subcategory of 'Coral'?,  False.
Can Fern that is also Fish be considered a subcategory of 'Mushroom'?,  False.
Can FloweringPlant that is also MarinePlant be considered a subcategory of 'ExoticSpecies'?,  False.
Can Echinoderm that is also Liverwort be considered a subcategory of 'DeciduousVegetation'?,  False.
Can Crown that is also Flatworm be considered a subcategory of 'Arthropod'?,  False.
Can ExoticVegetation that is also FungiTaxonomy be considered a subcategory of 'Macroalgae'?,  False.
Can Crop that is also Yeast be considered a subcategory of 'Human'?,  False.
Can Fish that is also Plankton be considered a subcategory of 'BlueGreenAlgae'?,  False.
Can Canopy that is also Mollusk be considered a subcategory of 'VegetationCover'?,  False.
Can Plant that is also Sponge be considered a subcategory of 'Reptile'?,  False.
Can Human that is also Zooplankton be considered a subcategory of 'Roundworm'?,  False.
Can BlueGreenAlgae that is also MarinePlant be considered a subcategory of 'Canopy'?,  False.
Can Ciliate that is also Vegetation be considered a subcategory of 'MarineBird'?,  False.
Can Amphibian that is also IndigenousVegetation be considered a subcategory of 'Flatworm'?,  False.
Can Foraminifer that is also MarineBird be considered a subcategory of 'Microbiota'?,  False.
Can Amphibian that is also Flagellate be considered a subcategory of 'Millipede'?,  False.
Can Chlorophyll that is also Microalgae be considered a subcategory of 'Coccolithophore'?,  False.
Can Bacteria that is also ExoticSpecies be considered a subcategory of 'Microphyte'?,  False.
Can Dairy that is also ExoticSpecies be considered a subcategory of 'IndigenousVegetation'?,  False.
Can Leaf that is also Sponge be considered a subcategory of 'MarineAnimal'?,  False.
Can BlueGreenAlgae that is also DominantSpecies be considered a subcategory of 'DeciduousVegetation'?,  False.
Can MarineAnimal that is also MicrobiotaTaxonomy be considered a subcategory of 'Nutrient'?,  False.
Can Arthropod that is also Ciliate be considered a subcategory of 'Crown'?,  False.
Can Centipede that is also Invertebrate be considered a subcategory of 'MarineMammal'?,  False.
Can Bird that is also Flatworm be considered a subcategory of 'Macroalgae'?,  False.
Can Anemone that is also Nutrient be considered a subcategory of 'Arthropod'?,  False.
Can SlimeMold that is also VegetationCover be considered a subcategory of 'Invertebrate'?,  False.
Can FloweringPlant that is also Pollen be considered a subcategory of 'Human'?,  False.
Can EvergreenVegetation that is also Fish be considered a subcategory of 'Canopy'?,  False.
Can Crown that is also MicrobiotaTaxonomy be considered a subcategory of 'Microbiota'?,  False.
Can Echinoderm that is also Litter be considered a subcategory of 'Diatom'?,  False.
Can Crop that is also Moss be considered a subcategory of 'MicrobiotaTaxonomy'?,  False.
Can Crustacean that is also Millipede be considered a subcategory of 'MarineMicrobiota'?,  False.
Can Algae that is also Dairy be considered a subcategory of 'Phytoplankton'?,  False.
Can Ciliate that is also Phytoplankton be considered a subcategory of 'Jellyfish'?,  False.
Can Amphibian that is also Arachnid be considered a subcategory of 'DominantSpecies'?,  False.
Can Insect that is also VegetationSpecies be considered a subcategory of 'Fungi'?,  False.
Can Coccolithophore that is also Pollen be considered a subcategory of 'Bird'?,  False.
Can MarinePlant that is also Zooplankton be considered a subcategory of 'Vertebrate'?,  False.
Can Conifer that is also EvergreenVegetation be considered a subcategory of 'Plant'?,  False.
Can Diatom that is also Moss be considered a subcategory of 'Amphibian'?,  False.
Can Bird that is also Plankton be considered a subcategory of 'Algae'?,  False.
Can Nutrient be considered a subcategory of 'Yeast'?,  False.
Can IndigenousVegetation that is also Lichen be considered a subcategory of 'Mold'?,  False.
Can Arachnid that is also Bacteria be considered a subcategory of 'Fern'?,  False.
Can EvergreenVegetation that is also VegetationSpecies be considered a subcategory of 'Poultry'?,  False.
Can Fungi that is also Jellyfish be considered a subcategory of 'EvergreenVegetation'?,  False.
Can Centipede that is also Livestock be considered a subcategory of 'Coral'?,  False.
Can Arachnid that is also Liverwort be considered a subcategory of 'Crustacean'?,  False.
Can EvergreenVegetation that is also Yeast be considered a subcategory of 'Ciliate'?,  False.
Can MicrobiotaTaxonomy that is also Protist be considered a subcategory of 'FungiTaxonomy'?,  False.
Can Microalgae be considered a subcategory of 'MarinePlant'?,  False.
Can Bacteria that is also Mushroom be considered a subcategory of 'Vertebrate'?,  False.
Can Conifer that is also ExoticSpecies be considered a subcategory of 'Sporozoan'?,  False.
Can Microphyte that is also SegmentedWorm be considered a subcategory of 'Jellyfish'?,  False.
Can Arachnid that is also Diatom be considered a subcategory of 'VegetationCover'?,  False.
Can Crop that is also Millipede be considered a subcategory of 'Sponge'?,  False.
Can Animal that is also Human be considered a subcategory of 'Phytoplankton'?,  False.
Can Liverwort that is also Roundworm be considered a subcategory of 'VegetationSpecies'?,  False.
Can Fern that is also FloweringPlant be considered a subcategory of 'Lichen'?,  False.
Can Coral that is also Insect be considered a subcategory of 'Flatworm'?,  False.
Can Algae that is also Microbiota be considered a subcategory of 'Yeast'?,  False.
Can Plankton that is also Zooplankton be considered a subcategory of 'Algae'?,  False.
Can ExoticSpecies that is also MarinePlant be considered a subcategory of 'FloweringPlant'?,  False.
Can Reptile that is also SegmentedWorm be considered a subcategory of 'MarineBird'?,  False.
Can FungiTaxonomy that is also IndigenousVegetation be considered a subcategory of 'Flagellate'?,  False.
Can Arachnid that is also Arthropod be considered a subcategory of 'SlimeMold'?,  False.
Can Amphibian that is also Arthropod be considered a subcategory of 'Radiolarian'?,  False.
Can Centipede that is also Vegetation be considered a subcategory of 'Anemone'?,  False.
Can Microalgae that is also Sponge be considered a subcategory of 'Protist'?,  False.
Can Bacteria that is also SegmentedWorm be considered a subcategory of 'Zooplankton'?,  False.
Can SlimeMold that is also TreeRing be considered a subcategory of 'Insect'?,  False.
Can Coral that is also Pollen be considered a subcategory of 'Chlorophyll'?,  False.
Can DominantSpecies that is also IndigenousVegetation be considered a subcategory of 'Mammal'?,  False.
Can Livestock that is also MarineAnimal be considered a subcategory of 'Liverwort'?,  False.
Can Anemone that is also Vertebrate be considered a subcategory of 'Macrophyte'?,  False.
Can Microbiota that is also Moss be considered a subcategory of 'Plankton'?,  False.
Can Bird that is also ExoticVegetation be considered a subcategory of 'Crop'?,  False.
Can Macroalgae that is also Nutrient be considered a subcategory of 'Foraminifer'?,  False.
Can Bird that is also Zooplankton be considered a subcategory of 'MicrobiotaTaxonomy'?,  False.
Can BlueGreenAlgae that is also Flatworm be considered a subcategory of 'Reptile'?,  False.
Can FloweringPlant that is also MicrobiotaTaxonomy be considered a subcategory of 'Animal'?,  False.
Can Coral that is also VegetationCover be considered a subcategory of 'DominantSpecies'?,  False.
Can Foraminifer that is also MarineAnimal be considered a subcategory of 'Fungi'?,  False.
Can Fish that is also Flagellate be considered a subcategory of 'FloweringPlant'?,  False.
Can Poultry that is also Vegetation be considered a subcategory of 'SlimeMold'?,  False.
Can Litter that is also Roundworm be considered a subcategory of 'Millipede'?,  False.
Can Arthropod that is also Crustacean be considered a subcategory of 'Zooplankton'?,  False.
Can Dairy that is also MarinePlant be considered a subcategory of 'Mammal'?,  False.
Can DeciduousVegetation that is also Microphyte be considered a subcategory of 'SegmentedWorm'?,  False.
Can FungiTaxonomy that is also MarineBird be considered a subcategory of 'Radiolarian'?,  False.
Can SegmentedWorm that is also VegetationSpecies be considered a subcategory of 'Mold'?,  False.
Can Crop that is also IndigenousSpecies be considered a subcategory of 'Insect'?,  False.
Can Human that is also Reptile be considered a subcategory of 'Anemone'?,  False.
Can Flagellate that is also Liverwort be considered a subcategory of 'Vegetation'?,  False.
Can MarineInvertebrate that is also Vegetation be considered a subcategory of 'EvergreenVegetation'?,  False.
Can Roundworm that is also Sporozoan be considered a subcategory of 'Leaf'?,  False.
Can Pollen that is also Zooplankton be considered a subcategory of 'Amphibian'?,  False.
Can Invertebrate that is also Plankton be considered a subcategory of 'Centipede'?,  False.
Can Fungi that is also Microphyte be considered a subcategory of 'Conifer'?,  False.
Can Lichen that is also MarineBird be considered a subcategory of 'Pollen'?,  False.
Can DominantSpecies that is also Foraminifer be considered a subcategory of 'Litter'?,  False.
Can Reptile that is also VegetationSpecies be considered a subcategory of 'IndigenousVegetation'?,  False.
Can Human that is also Leaf be considered a subcategory of 'MarineMammal'?,  False.
Can Foraminifer that is also Liverwort be considered a subcategory of 'Microalgae'?,  False.
Can Bacteria that is also Crustacean be considered a subcategory of 'ExoticSpecies'?,  False.
Can Mammal that is also Radiolarian be considered a subcategory of 'DeciduousVegetation'?,  False.
Can Invertebrate that is also Microbiota be considered a subcategory of 'Arthropod'?,  False.
Can BlueGreenAlgae that is also Plankton be considered a subcategory of 'Macroalgae'?,  False.
Can ExoticSpecies that is also VegetationSpecies be considered a subcategory of 'MarineInvertebrate'?,  False.
Can Amoebae that is also Crop be considered a subcategory of 'Invertebrate'?,  False.
Can Amphibian that is also Pollen be considered a subcategory of 'Foraminifer'?,  False.
Can TreeRing that is also Zooplankton be considered a subcategory of 'Vegetation'?,  False.
Can Fern that is also Millipede be considered a subcategory of 'Mold'?,  False.
Can Human that is also MarinePlant be considered a subcategory of 'Microphyte'?,  False.
Can Conifer that is also DominantSpecies be considered a subcategory of 'Plankton'?,  False.
Can Animal that is also Plankton be considered a subcategory of 'Macrophyte'?,  False.
Can Dairy that is also MarineInvertebrate be considered a subcategory of 'TreeRing'?,  False.
Can MarineBird that is also Yeast be considered a subcategory of 'ExoticVegetation'?,  False.
Can Bacteria that is also MarineInvertebrate be considered a subcategory of 'Mushroom'?,  False.
Can Canopy that is also Fungi be considered a subcategory of 'Amoebae'?,  False.
Can Fish that is also Fungi be considered a subcategory of 'Crustacean'?,  False.
Can Fern that is also Foraminifer be considered a subcategory of 'Phytoplankton'?,  False.
Can ExoticSpecies that is also MarineMicrobiota be considered a subcategory of 'Vertebrate'?,  False.
Can Flatworm that is also Mammal be considered a subcategory of 'Sporozoan'?,  False.
Can ExoticVegetation that is also Leaf be considered a subcategory of 'BlueGreenAlgae'?,  False.
Can Mushroom that is also SlimeMold be considered a subcategory of 'Macroalgae'?,  False.
Can Mammal that is also Yeast be considered a subcategory of 'Roundworm'?,  False.
Can Amoebae that is also Macroalgae be considered a subcategory of 'Invertebrate'?,  False.
Can IndigenousSpecies that is also Vertebrate be considered a subcategory of 'Arthropod'?,  False.
Can Canopy that is also Mold be considered a subcategory of 'Reptile'?,  False.
Can Conifer that is also Macrophyte be considered a subcategory of 'SlimeMold'?,  False.
Can Phytoplankton that is also Radiolarian be considered a subcategory of 'DominantSpecies'?,  False.
Can Centipede that is also Chlorophyll be considered a subcategory of 'MicrobiotaTaxonomy'?,  False.
Can Mushroom that is also Protist be considered a subcategory of 'FloweringPlant'?,  False.
Can Animal that is also Sporozoan be considered a subcategory of 'SegmentedWorm'?,  False.
Can Lichen that is also Microphyte be considered a subcategory of 'Millipede'?,  False\n
Can FungiTaxonomy that is also Microalgae be considered a subcategory of 'MarineBird'?,  False.
Can Insect that is also Millipede be considered a subcategory of 'Mammal'?,  False.
Can Echinoderm that is also VegetationCover be considered a subcategory of 'Litter'?,  False.
Can Litter that is also Roundworm be considered a subcategory of 'Radiolarian'?,  False.
Can Plant that is also Vertebrate be considered a subcategory of 'Zooplankton'?,  False.
Can Coccolithophore that is also IndigenousSpecies be considered a subcategory of 'Nutrient'?,  False.
Can Plant that is also Vegetation be considered a subcategory of 'Ciliate'?,  False.
Can Fern that is also Flagellate be considered a subcategory of 'MarineMammal'?,  False.
Can MarineMicrobiota that is also SegmentedWorm be considered a subcategory of 'DeciduousVegetation'?,  False.
Can Invertebrate that is also TreeRing be considered a subcategory of 'Animal'?,  False.
Can Amphibian that is also Nutrient be considered a subcategory of 'Diatom'?,  False.
Can MarineMammal that is also Mollusk be considered a subcategory of 'MarineInvertebrate'?,  False.
Can Algae that is also Coccolithophore be considered a subcategory of 'Moss'?,  False.
Can MarinePlant that is also Vertebrate be considered a subcategory of 'MarineMicrobiota'?,  False.
Can Conifer that is also SlimeMold be considered a subcategory of 'Arachnid'?,  False.
Can Animal that is also ExoticVegetation be considered a subcategory of 'MicrobiotaTaxonomy'?,  False.
Can Diatom that is also Leaf be considered a subcategory of 'DominantSpecies'?,  False.
Can Dairy that is also Yeast be considered a subcategory of 'MarineBird'?,  False.
Can MarineInvertebrate that is also Mold be considered a subcategory of 'Bird'?,  False.
Can Fungi that is also Yeast be considered a subcategory of 'SlimeMold'?,  False.
Can DeciduousVegetation that is also Radiolarian be considered a subcategory of 'FloweringPlant'?,  False.
Can BlueGreenAlgae that is also MarineMammal be considered a subcategory of 'VegetationCover'?,  False.
Can Algae that is also MarineMicrobiota be considered a subcategory of 'Flagellate'?,  False.
Can Amoebae that is also Mollusk be considered a subcategory of 'Plant'?,  False.
Can Moss that is also Plant be considered a subcategory of 'Canopy'?,  False.
Can Animal that is also Flatworm be considered a subcategory of 'Amphibian'?,  False.
Can Leaf that is also Poultry be considered a subcategory of 'Flatworm'?,  False.
Can Ciliate that is also VegetationCover be considered a subcategory of 'Yeast'?,  False.
Can Amphibian that is also Bird be considered a subcategory of 'Echinoderm'?,  False.
Can Fungi that is also Macrophyte be considered a subcategory of 'Fern'?,  False.
Can DeciduousVegetation that is also Fish be considered a subcategory of 'IndigenousVegetation'?,  False.
Can Litter that is also MarinePlant be considered a subcategory of 'IndigenousSpecies'?,  False.
Can Conifer that is also MarineAnimal be considered a subcategory of 'Dairy'?,  False.
Can Phytoplankton that is also Poultry be considered a subcategory of 'Chlorophyll'?,  False.
Can ExoticVegetation that is also Reptile be considered a subcategory of 'Pollen'?,  False.
Can Crustacean that is also Yeast be considered a subcategory of 'MarineAnimal'?,  False.
Can Arthropod that is also MarineInvertebrate be considered a subcategory of 'Mollusk'?,  False.
Can Anemone that is also Sponge be considered a subcategory of 'Macroalgae'?,  False.
Can Macroalgae that is also MarineBird be considered a subcategory of 'Phytoplankton'?,  False.
Can DominantSpecies that is also Protist be considered a subcategory of 'Invertebrate'?,  False.
Can Canopy that is also Nutrient be considered a subcategory of 'Human'?,  False.
Can IndigenousVegetation that is also Livestock be considered a subcategory of 'Canopy'?,  False.
Can Foraminifer that is also Millipede be considered a subcategory of 'Microbiota'?,  False.
Can Amphibian that is also EvergreenVegetation be considered a subcategory of 'VegetationSpecies'?,  False.
Can Mammal that is also MicrobiotaTaxonomy be considered a subcategory of 'VegetationCover'?,  False.
Can Moss that is also Mushroom be considered a subcategory of 'Flatworm'?,  False.
Can BlueGreenAlgae that is also Mammal be considered a subcategory of 'Amphibian'?,  False.
Can ExoticSpecies that is also MarineMammal be considered a subcategory of 'Flagellate'?,  False.
Can Amoebae that is also SegmentedWorm be considered a subcategory of 'Lichen'?,  False.
Can Bird that is also Canopy be considered a subcategory of 'Dairy'?,  False.
Can MarineAnimal that is also Protist be considered a subcategory of 'Litter'?,  False.
Can Arthropod that is also MarineMicrobiota be considered a subcategory of 'Protist'?,  False.
Can Microbiota that is also Mold be considered a subcategory of 'Zooplankton'?,  False.
Can Ciliate that is also Fern be considered a subcategory of 'Anemone'?,  False.
Can MarineMicrobiota that is also Mushroom be considered a subcategory of 'Vegetation'?,  False.
Can Chlorophyll that is also Poultry be considered a subcategory of 'Algae'?,  False.
Can Diatom that is also Microphyte be considered a subcategory of 'Radiolarian'?,  False.
Can ExoticSpecies that is also Plant be considered a subcategory of 'Mold'?,  False.
Can Millipede that is also SegmentedWorm be considered a subcategory of 'Crop'?,  False.
Can Jellyfish that is also Livestock be considered a subcategory of 'Liverwort'?,  False.
Can Arachnid that is also Roundworm be considered a subcategory of 'EvergreenVegetation'?,  False.
Can Arthropod that is also Fern be considered a subcategory of 'Plankton'?,  False.
Can Crop that is also Mold be considered a subcategory of 'Microphyte'?,  False.
Can Echinoderm that is also Mushroom be considered a subcategory of 'Livestock'?,  False.
Can Anemone that is also Bacteria be considered a subcategory of 'Macrophyte'?,  False.
Can MarineInvertebrate that is also SlimeMold be considered a subcategory of 'Crustacean'?,  False.
Can Crown that is also Human be considered a subcategory of 'Sporozoan'?,  False.
Can Canopy that is also Pollen be considered a subcategory of 'Crown'?,  False.
Can Crown that is also MarineAnimal be considered a subcategory of 'Coral'?,  False.
Can Diatom that is also SlimeMold be considered a subcategory of 'FloweringPlant'?,  False.
Can Crown that is also VegetationSpecies be considered a subcategory of 'SegmentedWorm'?,  False.
Can Canopy that is also Nutrient be considered a subcategory of 'Arachnid'?,  False.
Can Macrophyte that is also Sporozoan be considered a subcategory of 'Fungi'?,  False.
Can Radiolarian that is also Zooplankton be considered a subcategory of 'Bacteria'?,  False.
Can BlueGreenAlgae that is also Dairy be considered a subcategory of 'Poultry'?,  False.
Can Protist that is also SlimeMold be considered a subcategory of 'Yeast'?,  False.
Can Lichen that is also Sporozoan be considered a subcategory of 'Algae'?,  False.
Can ExoticSpecies that is also Foraminifer be considered a subcategory of 'EvergreenVegetation'?,  False.
Can Ciliate that is also Flagellate be considered a subcategory of 'Leaf'?,  False.
Can Mold that is also Mollusk be considered a subcategory of 'Vegetation'?,  False.
Can Chlorophyll that is also Roundworm be considered a subcategory of 'Mold'?,  False.
Can Crustacean that is also MicrobiotaTaxonomy be considered a subcategory of 'Microphyte'?,  False.
Can Dairy that is also Plant be considered a subcategory of 'Plankton'?,  False.
Can Ciliate that is also Invertebrate be considered a subcategory of 'MarineAnimal'?,  False.
Can Jellyfish that is also MarineBird be considered a subcategory of 'Livestock'?,  False.
Can MarineAnimal that is also Protist be considered a subcategory of 'Insect'?,  False.
Can Macrophyte that is also Nutrient be considered a subcategory of 'Chlorophyll'?,  False.
Can Poultry that is also SlimeMold be considered a subcategory of 'IndigenousVegetation'?,  False.
Can Crown that is also Liverwort be considered a subcategory of 'Conifer'?,  False.
Can Animal that is also Insect be considered a subcategory of 'Microalgae'?,  False.
Can MicrobiotaTaxonomy that is also Phytoplankton be considered a subcategory of 'MarineInvertebrate'?,  False.
Can Anemone that is also DeciduousVegetation be considered a subcategory of 'Fish'?,  False.
Can Crustacean that is also Macroalgae be considered a subcategory of 'MarineMammal'?,  False.
Can Algae that is also Amoebae be considered a subcategory of 'ExoticVegetation'?,  False.
Can IndigenousSpecies that is also SegmentedWorm be considered a subcategory of 'Animal'?,  False.
Can Arachnid that is also Livestock be considered a subcategory of 'Ciliate'?,  False.
Can Flagellate that is also Millipede be considered a subcategory of 'FungiTaxonomy'?,  False.
Can Arthropod that is also Coccolithophore be considered a subcategory of 'MarinePlant'?,  False.
Can Mold that is also TreeRing be considered a subcategory of 'Vertebrate'?,  False.
Can EvergreenVegetation that is also Mushroom be considered a subcategory of 'DominantSpecies'?,  False.
Can Mammal that is also Mollusk be considered a subcategory of 'MicrobiotaTaxonomy'?,  False.
Can FloweringPlant that is also VegetationSpecies be considered a subcategory of 'Mold'?,  False.
Can Fish that is also Flatworm be considered a subcategory of 'Crop'?,  False.
Can MarinePlant that is also MicrobiotaTaxonomy be considered a subcategory of 'Poultry'?,  False.
Can Liverwort that is also VegetationCover be considered a subcategory of 'Vegetation'?,  False.
Can Crop that is also Flatworm be considered a subcategory of 'Coccolithophore'?,  False.
Can ExoticVegetation that is also Fish be considered a subcategory of 'Microphyte'?,  False.
Can Anemone that is also Yeast be considered a subcategory of 'Foraminifer'?,  False.
Can Litter that is also Plankton be considered a subcategory of 'Macrophyte'?,  False.
Can Human that is also Mollusk be considered a subcategory of 'Crustacean'?,  False.
Can MarinePlant that is also Plant be considered a subcategory of 'Sporozoan'?,  False.
Can BlueGreenAlgae that is also FungiTaxonomy be considered a subcategory of 'Amoebae'?,  False.
Can Ciliate that is also SegmentedWorm be considered a subcategory of 'BlueGreenAlgae'?,  False.
Can Amphibian be considered a subcategory of 'Phytoplankton'?,  False.
Can Foraminifer that is also Reptile be considered a subcategory of 'Mushroom'?,  False.
Can Flagellate that is also Sponge be considered a subcategory of 'Human'?,  False.
Can Nutrient that is also SlimeMold be considered a subcategory of 'Arthropod'?,  False.
Can Crown that is also Sporozoan be considered a subcategory of 'Diatom'?,  False.
Can Canopy that is also Coccolithophore be considered a subcategory of 'MarineInvertebrate'?,  False.
Can Macrophyte that is also Plankton be considered a subcategory of 'Moss'?,  False.
Can Anemone that is also SlimeMold be considered a subcategory of 'MarineMicrobiota'?,  False.
Can Lichen that is also Macroalgae be considered a subcategory of 'Reptile'?,  False.
Can Diatom that is also Protist be considered a subcategory of 'Animal'?,  False.
Can Sporozoan that is also VegetationSpecies be considered a subcategory of 'DominantSpecies'?,  False.
Can Foraminifer that is also Leaf be considered a subcategory of 'Fungi'?,  False.
Can Chlorophyll that is also Flagellate be considered a subcategory of 'Bird'?,  False.
Can Bacteria that is also Mollusk be considered a subcategory of 'SlimeMold'?,  False.
Can Dairy that is also Plant be considered a subcategory of 'FloweringPlant'?,  False.
Can Crustacean that is also Invertebrate be considered a subcategory of 'Anemone'?,  False.
Can Dairy that is also Jellyfish be considered a subcategory of 'Mammal'?,  False.
Can Ciliate that is also ExoticSpecies be considered a subcategory of 'SegmentedWorm'?,  False.
Can Ciliate that is also MarineBird be considered a subcategory of 'Radiolarian'?,  False.
Can Animal that is also Roundworm be considered a subcategory of 'Microalgae'?,  False.
Can Arachnid that is also Dairy be considered a subcategory of 'Nutrient'?,  False.
Can Ciliate that is also Mushroom be considered a subcategory of 'Fish'?,  False.
Can Amphibian that is also Animal be considered a subcategory of 'MarineMammal'?,  False.
Can VegetationSpecies that is also Zooplankton be considered a subcategory of 'Moss'?,  False.
Can EvergreenVegetation that is also Fish be considered a subcategory of 'Animal'?,  False.
Can MarinePlant that is also Millipede be considered a subcategory of 'Ciliate'?,  False.
Can Algae that is also Conifer be considered a subcategory of 'FungiTaxonomy'?,  False.
Can Echinoderm that is also Plankton be considered a subcategory of 'MarinePlant'?,  False.
Can MarineInvertebrate that is also Moss be considered a subcategory of 'MarineMicrobiota'?,  False.
Can Insect that is also Yeast be considered a subcategory of 'DominantSpecies'?,  False.
Can MarineInvertebrate that is also Pollen be considered a subcategory of 'Jellyfish'?,  False.
Can IndigenousVegetation that is also VegetationSpecies be considered a subcategory of 'FloweringPlant'?,  False.
Can Arachnid that is also Fungi be considered a subcategory of 'Sponge'?,  False.
Can EvergreenVegetation that is also Sporozoan be considered a subcategory of 'Arachnid'?,  False.
Can DominantSpecies that is also MicrobiotaTaxonomy be considered a subcategory of 'Fungi'?,  False.
Can Livestock that is also MarinePlant be considered a subcategory of 'Canopy'?,  False.
Can Conifer that is also MarineMammal be considered a subcategory of 'Microbiota'?,  False.
Can Crustacean that is also Vegetation be considered a subcategory of 'VegetationSpecies'?,  False.
Can Dairy that is also IndigenousVegetation be considered a subcategory of 'Plant'?,  False.
Can Macroalgae that is also Yeast be considered a subcategory of 'Echinoderm'?,  False.
Can Plankton that is also Vertebrate be considered a subcategory of 'Amphibian'?,  False.
Can Coral that is also VegetationSpecies be considered a subcategory of 'Flagellate'?,  False.
Can ExoticVegetation that is also Fish be considered a subcategory of 'Lichen'?,  False.
Can Fern that is also Protist be considered a subcategory of 'Dairy'?,  False.
Can BlueGreenAlgae that is also Centipede be considered a subcategory of 'Fern'?,  False.
Can Flatworm that is also Microbiota be considered a subcategory of 'Protist'?,  False.
Can ExoticVegetation that is also Yeast be considered a subcategory of 'IndigenousSpecies'?,  False.
Can Macrophyte that is also MarineMammal be considered a subcategory of 'Mollusk'?,  False.
Can Flagellate that is also Microalgae be considered a subcategory of 'Chlorophyll'?,  False.
Can Liverwort that is also Mollusk be considered a subcategory of 'IndigenousVegetation'?,  False.
Can ExoticSpecies that is also FungiTaxonomy be considered a subcategory of 'Arthropod'?,  False.
Can Arthropod that is also SegmentedWorm be considered a subcategory of 'Macroalgae'?,  False.
Can Fish that is also IndigenousVegetation be considered a subcategory of 'Sporozoan'?,  False.
Can Arachnid that is also DeciduousVegetation be considered a subcategory of 'Invertebrate'?,  False.
Can Arthropod that is also Sponge be considered a subcategory of 'VegetationCover'?,  False.
Can IndigenousSpecies that is also Mold be considered a subcategory of 'Reptile'?,  False.
Can MarinePlant that is also Microalgae be considered a subcategory of 'Roundworm'?,  False.
Can Bacteria that is also Reptile be considered a subcategory of 'VegetationSpecies'?,  False.
Can Coccolithophore that is also SlimeMold be considered a subcategory of 'Lichen'?,  False.
Can Pollen that is also TreeRing be considered a subcategory of 'Flatworm'?,  False.
Can DominantSpecies that is also EvergreenVegetation be considered a subcategory of 'Microbiota'?,  False.
Can MarineAnimal that is also Mollusk be considered a subcategory of 'Millipede'?,  False.
Can Anemone that is also Diatom be considered a subcategory of 'Zooplankton'?,  False.
Can Moss that is also Vertebrate be considered a subcategory of 'Mammal'?,  False.
Can Bird that is also Nutrient be considered a subcategory of 'IndigenousSpecies'?,  False.
Can ExoticVegetation that is also Nutrient be considered a subcategory of 'Protist'?,  False.
Can Dairy that is also Microalgae be considered a subcategory of 'Bacteria'?,  False.
Can Bacteria that is also Leaf be considered a subcategory of 'Anemone'?,  False.
Can ExoticSpecies that is also Lichen be considered a subcategory of 'Bird'?,  False.
Can Bacteria that is also Sponge be considered a subcategory of 'Algae'?,  False.
Can Amoebae that is also DominantSpecies be considered a subcategory of 'EvergreenVegetation'?,  False.
Can Invertebrate that is also MarineAnimal be considered a subcategory of 'Leaf'?,  False.
Can Arthropod that is also Foraminifer be considered a subcategory of 'Vegetation'?,  False.
Can Bird that is also VegetationCover be considered a subcategory of 'Microphyte'?,  False.
Can FloweringPlant that is also Nutrient be considered a subcategory of 'Coccolithophore'?,  False.
Can BlueGreenAlgae that is also SlimeMold be considered a subcategory of 'Crop'?,  False.
Can MicrobiotaTaxonomy that is also Pollen be considered a subcategory of 'Livestock'?,  False.
Can EvergreenVegetation that is also Litter be considered a subcategory of 'Coral'?,  False.
Can MarineAnimal that is also MicrobiotaTaxonomy be considered a subcategory of 'Mushroom'?,  False.
Can Anemone that is also Flatworm be considered a subcategory of 'ExoticSpecies'?,  False.
Can Moss that is also Poultry be considered a subcategory of 'Crown'?,  False.
Can Crown that is also Vegetation be considered a subcategory of 'Fungi'?,  False.
Can MarineInvertebrate that is also Roundworm be considered a subcategory of 'Bird'?,  False.
Can Crop that is also Zooplankton be considered a subcategory of 'Vertebrate'?,  False.
Can BlueGreenAlgae that is also Pollen be considered a subcategory of 'Plant'?,  False.
Can Canopy that is also Microphyte be considered a subcategory of 'Echinoderm'?,  False.
Can MarineBird that is also Sponge be considered a subcategory of 'Bacteria'?,  False.
Can Foraminifer that is also Human be considered a subcategory of 'Sponge'?,  False.
Can Flagellate that is also MarinePlant be considered a subcategory of 'Yeast'?,  False.
Can Human that is also Mammal be considered a subcategory of 'Centipede'?,  False.
Can IndigenousVegetation that is also Liverwort be considered a subcategory of 'Fern'?,  False.
Can Crustacean that is also MarineBird be considered a subcategory of 'Poultry'?,  False.
Can Amphibian that is also Radiolarian be considered a subcategory of 'EvergreenVegetation'?,  False.
Can Amoebae that is also Microbiota be considered a subcategory of 'Coccolithophore'?,  False.
Can Moss that is also Plankton be considered a subcategory of 'Microphyte'?,  False.
Can Foraminifer that is also VegetationSpecies be considered a subcategory of 'Leaf'?,  False.
Can Crop that is also MarineMammal be considered a subcategory of 'MarineAnimal'?,  False.
Can Livestock that is also Radiolarian be considered a subcategory of 'Conifer'?,  False.
Can Arachnid that is also Dairy be considered a subcategory of 'Insect'?,  False.
Can EvergreenVegetation that is also SlimeMold be considered a subcategory of 'Litter'?,  False.
Can Lichen that is also MicrobiotaTaxonomy be considered a subcategory of 'Mollusk'?,  False.
Can Microphyte that is also Mushroom be considered a subcategory of 'TreeRing'?,  False.
Can Bacteria that is also Ciliate be considered a subcategory of 'Microalgae'?,  False.
Can ExoticSpecies that is also Mold be considered a subcategory of 'Foraminifer'?,  False.
Can Chlorophyll that is also SegmentedWorm be considered a subcategory of 'Fish'?,  False.
Can DominantSpecies that is also Roundworm be considered a subcategory of 'FungiTaxonomy'?,  False.
Can Crop that is also Plant be considered a subcategory of 'ExoticVegetation'?,  False.
Can Arthropod that is also Mushroom be considered a subcategory of 'MarineInvertebrate'?,  False.
Can Jellyfish that is also Mold be considered a subcategory of 'Amoebae'?,  False.
Can Anemone that is also FloweringPlant be considered a subcategory of 'MarineMicrobiota'?,  False.
Can Coral that is also Fern be considered a subcategory of 'MarinePlant'?,  False.
Can FloweringPlant that is also Microbiota be considered a subcategory of 'Jellyfish'?,  False.
Can Echinoderm that is also Plankton be considered a subcategory of 'DominantSpecies'?,  False.
Can Diatom that is also Jellyfish be considered a subcategory of 'Microphyte'?,  False.
Can Mammal that is also Vertebrate be considered a subcategory of 'Crown'?,  False.
Can Amoebae that is also Nutrient be considered a subcategory of 'MarineAnimal'?,  False.
Can ExoticVegetation that is also IndigenousSpecies be considered a subcategory of 'Coccolithophore'?,  False.
Can Canopy that is also Radiolarian be considered a subcategory of 'Nutrient'?,  False.
Can Centipede that is also Macrophyte be considered a subcategory of 'Mushroom'?,  False.
Can Phytoplankton that is also SlimeMold be considered a subcategory of 'MarineMammal'?,  False.
Can Chlorophyll that is also Yeast be considered a subcategory of 'DeciduousVegetation'?,  False.
Can Microphyte that is also Protist be considered a subcategory of 'Arthropod'?,  False.
Can Ciliate that is also Sporozoan be considered a subcategory of 'Diatom'?,  False.
Can Lichen that is also Mold be considered a subcategory of 'Human'?,  False.
Can Chlorophyll that is also FungiTaxonomy be considered a subcategory of 'Macroalgae'?,  False.
Can Insect that is also Roundworm be considered a subcategory of 'Microbiota'?,  False.
Can Plant that is also VegetationCover be considered a subcategory of 'Flagellate'?,  False.
Can Litter that is also Mushroom be considered a subcategory of 'Roundworm'?,  False.
Can Jellyfish that is also Vertebrate be considered a subcategory of 'Canopy'?,  False.
Can MarineAnimal that is also Phytoplankton be considered a subcategory of 'Reptile'?,  False.
Can Chlorophyll that is also Fish be considered a subcategory of 'Vertebrate'?,  False.
Can Mushroom that is also Poultry be considered a subcategory of 'DominantSpecies'?,  False.
Can Litter that is also Mammal be considered a subcategory of 'MarineMicrobiota'?,  False.
Can Arthropod that is also Lichen be considered a subcategory of 'Bird'?,  False.
Can FungiTaxonomy that is also Phytoplankton be considered a subcategory of 'Algae'?,  False.
Can Canopy that is also DeciduousVegetation be considered a subcategory of 'Plant'?,  False.
Can Crustacean that is also Macrophyte be considered a subcategory of 'Fungi'?,  False.
Can Litter that is also SegmentedWorm be considered a subcategory of 'Bacteria'?,  False.
Can IndigenousSpecies that is also Macroalgae be considered a subcategory of 'Poultry'?,  False.
Can Protist that is also Reptile be considered a subcategory of 'Yeast'?,  False.
Can Flagellate that is also Sporozoan be considered a subcategory of 'Echinoderm'?,  False.
Can Livestock that is also TreeRing be considered a subcategory of 'Fern'?,  False.
Can Millipede that is also TreeRing be considered a subcategory of 'Leaf'?,  False.
Can Insect that is also Vegetation be considered a subcategory of 'EvergreenVegetation'?,  False.
Can Mollusk that is also VegetationCover be considered a subcategory of 'Mold'?,  False.
Can Amoebae that is also MarineMammal be considered a subcategory of 'Crustacean'?,  False.
Can Algae that is also Moss be considered a subcategory of 'Sporozoan'?,  False.
Can Coccolithophore that is also Foraminifer be considered a subcategory of 'FungiTaxonomy'?,  False.
Can MarineMammal that is also Plant be considered a subcategory of 'Moss'?,  False.
Can Animal that is also VegetationCover be considered a subcategory of 'MarineMicrobiota'?,  False.
Can Bird that is also Leaf be considered a subcategory of 'Arachnid'?,  False.
Can BlueGreenAlgae that is also Ciliate be considered a subcategory of 'Jellyfish'?,  False.
Can Amphibian that is also MarineMicrobiota be considered a subcategory of 'MarinePlant'?,  False.
Can Fungi that is also Liverwort be considered a subcategory of 'Sponge'?,  False.
Can DeciduousVegetation that is also MarineAnimal be considered a subcategory of 'Yeast'?,  False.
Can MarinePlant that is also Protist be considered a subcategory of 'VegetationSpecies'?,  False.
Can Conifer that is also Poultry be considered a subcategory of 'Plant'?,  False.
Can Crustacean that is also Poultry be considered a subcategory of 'Echinoderm'?,  False.
Can Arthropod that is also ExoticVegetation be considered a subcategory of 'Amphibian'?,  False.
Can Macrophyte that is also Yeast be considered a subcategory of 'Algae'?,  False.
Can DeciduousVegetation that is also MarineInvertebrate be considered a subcategory of 'Bacteria'?,  False.
Can Amoebae that is also Zooplankton be considered a subcategory of 'MarineBird'?,  False.
Can Fern that is also IndigenousSpecies be considered a subcategory of 'Protist'?,  False.
Can Millipede that is also TreeRing be considered a subcategory of 'SlimeMold'?,  False.
Can Echinoderm be considered a subcategory of 'FloweringPlant'?,  False.
Can Crown that is also MarinePlant be considered a subcategory of 'Anemone'?,  False.
Can Conifer that is also MarineInvertebrate be considered a subcategory of 'Mammal'?,  False.
Can Crop that is also Jellyfish be considered a subcategory of 'IndigenousSpecies'?,  False.
Can Mammal that is also Pollen be considered a subcategory of 'Dairy'?,  False.
Can Canopy that is also Yeast be considered a subcategory of 'Chlorophyll'?,  False.
Can Fungi that is also MarineInvertebrate be considered a subcategory of 'Fish'?,  False.
Can Fungi that is also Human be considered a subcategory of 'Liverwort'?,  False.
Can DominantSpecies that is also Fish be considered a subcategory of 'Mollusk'?,  False.
Can Fern that is also Mammal be considered a subcategory of 'Plankton'?,  False.
Can IndigenousVegetation that is also MarineMicrobiota be considered a subcategory of 'Ciliate'?,  False.
Can MarineBird that is also Poultry be considered a subcategory of 'Foraminifer'?,  False.
Can Amphibian that is also ExoticVegetation be considered a subcategory of 'Macrophyte'?,  False.
Can Chlorophyll that is also Fern be considered a subcategory of 'Reptile'?,  False.
Can MarineMicrobiota that is also Microphyte be considered a subcategory of 'Microbiota'?,  False.
Can Dairy that is also Poultry be considered a subcategory of 'Diatom'?,  False.
Can Diatom that is also Mold be considered a subcategory of 'MicrobiotaTaxonomy'?,  False.
Can Jellyfish that is also MarineMammal be considered a subcategory of 'FloweringPlant'?,  False.
Can Ciliate that is also Coccolithophore be considered a subcategory of 'Millipede'?,  False.
Can FloweringPlant that is also Invertebrate be considered a subcategory of 'Fungi'?,  False.
Can Arthropod that is also Echinoderm be considered a subcategory of 'Mammal'?,  False.
Can Mushroom that is also Plant be considered a subcategory of 'Protist'?,  False.
Can Bacteria that is also FloweringPlant be considered a subcategory of 'Zooplankton'?,  False.
Can Pollen that is also SlimeMold be considered a subcategory of 'Insect'?,  False.
Can Crown be considered a subcategory of 'Foraminifer'?,  False.
Can Canopy that is also Fern be considered a subcategory of 'Vegetation'?,  False.
Can Crop that is also MarineAnimal be considered a subcategory of 'Liverwort'?,  False.
Can Coccolithophore that is also Flagellate be considered a subcategory of 'Leaf'?,  False.
Can Algae that is also Plant be considered a subcategory of 'Fern'?,  False.
Can Fern that is also Phytoplankton be considered a subcategory of 'Centipede'?,  False.
Can Arachnid that is also MarineMicrobiota be considered a subcategory of 'EvergreenVegetation'?,  False.
Can Invertebrate that is also Mollusk be considered a subcategory of 'Coccolithophore'?,  False.
Can Amphibian that is also Coccolithophore be considered a subcategory of 'ExoticSpecies'?,  False.
Can IndigenousSpecies that is also MarineMammal be considered a subcategory of 'IndigenousVegetation'?,  False.
Can Algae that is also EvergreenVegetation be considered a subcategory of 'Conifer'?,  False.
Can ExoticVegetation that is also Reptile be considered a subcategory of 'Microalgae'?,  False.
Can Conifer that is also Diatom be considered a subcategory of 'Nutrient'?,  False.
Can Animal that is also TreeRing be considered a subcategory of 'DeciduousVegetation'?,  False.
Can Leaf that is also Nutrient be considered a subcategory of 'MarineMammal'?,  False.
Can Lichen that is also Yeast be considered a subcategory of 'Macroalgae'?,  False.
Can MarineInvertebrate that is also Radiolarian be considered a subcategory of 'Animal'?,  True\n
Can MarineInvertebrate that is also Radiolarian be considered a subcategory of 'VegetationCover'?,  False.
Can MarineInvertebrate that is also Radiolarian be considered a subcategory of 'Microalgae'?,  False.
Can MarineInvertebrate that is also Radiolarian be considered a subcategory of 'Fungi'?,  False.
Can MarineInvertebrate that is also Radiolarian be considered a subcategory of 'Arachnid'?,  False.
Can MarineInvertebrate that is also Radiolarian be considered a subcategory of 'VegetationSpecies'?,  False.
Can MarineInvertebrate that is also Radiolarian be considered a subcategory of 'Livestock'?,  False.
Can MarineInvertebrate that is also Radiolarian be considered a subcategory of 'Sponge'?,  False.
Can MarineInvertebrate that is also Radiolarian be considered a subcategory of 'Flatworm'?,  False.
Can MarineInvertebrate that is also Radiolarian be considered a subcategory of 'Diatom'?,  False.
Can MarineInvertebrate that is also Radiolarian be considered a subcategory of 'FungiTaxonomy'?,  False.
Can MarineInvertebrate that is also Radiolarian be considered a subcategory of 'MarinePlant'?,  False.
Can MarineInvertebrate that is also Radiolarian be considered a subcategory of 'Moss'?,  False.
Can MarineInvertebrate that is also Radiolarian be considered a subcategory of 'Vertebrate'?,  False.
Can MarineInvertebrate that is also Radiolarian be considered a subcategory of 'Human'?,  False.
Can MarineInvertebrate that is also Radiolarian be considered a subcategory of 'MarineMicrobiota'?,  False.
Can Radiolarian be considered a subcategory of 'Animal'?,  False.
Can MarineInvertebrate be considered a subcategory of 'Animal'?,  True\n
Can MarineInvertebrate be considered a subcategory of 'VegetationCover'?,  False.
Can MarineInvertebrate be considered a subcategory of 'Microalgae'?,  False.
Can MarineInvertebrate be considered a subcategory of 'Fungi'?,  False.
Can MarineInvertebrate be considered a subcategory of 'Arachnid'?,  False.
Can MarineInvertebrate be considered a subcategory of 'VegetationSpecies'?,  False.
Can MarineInvertebrate be considered a subcategory of 'Livestock'?,  False.
Can MarineInvertebrate be considered a subcategory of 'Sponge'?,  False.
Can MarineInvertebrate be considered a subcategory of 'Flatworm'?,  False.
Can MarineInvertebrate be considered a subcategory of 'Diatom'?,  False.
Can MarineInvertebrate be considered a subcategory of 'FungiTaxonomy'?,  False.
Can MarineInvertebrate be considered a subcategory of 'MarinePlant'?,  False.
Can MarineInvertebrate be considered a subcategory of 'Moss'?,  False.
Can MarineInvertebrate be considered a subcategory of 'Vertebrate'?,  False.
Can MarineInvertebrate be considered a subcategory of 'Radiolarian'?,  False.
Can MarineInvertebrate be considered a subcategory of 'Human'?,  False.
Can MarineInvertebrate be considered a subcategory of 'MarineMicrobiota'?,  False.
Can MarineInvertebrate be considered a subcategory of 'Flagellate'?,  False.
Can MarineInvertebrate be considered a subcategory of 'Poultry'?,  False.
Can MarineInvertebrate be considered a subcategory of 'MarineMammal'?,  False.
Can MarineInvertebrate be considered a subcategory of 'Amphibian'?,  False.
Can MarineInvertebrate be considered a subcategory of 'Millipede'?,  False.
Can MarineInvertebrate be considered a subcategory of 'Plankton'?,  False.
Can MarineInvertebrate be considered a subcategory of 'Roundworm'?,  False.
Can MarineInvertebrate be considered a subcategory of 'Microphyte'?,  False.
Can MarineInvertebrate be considered a subcategory of 'SlimeMold'?,  False.
Can MarineInvertebrate be considered a subcategory of 'Microbiota'?,  False.
Can MarineInvertebrate be considered a subcategory of 'MicrobiotaTaxonomy'?,  False.
Can MarineInvertebrate be considered a subcategory of 'Coccolithophore'?,  False.
Can MarineInvertebrate be considered a subcategory of 'Lichen'?,  False.
Can MarineInvertebrate be considered a subcategory of 'Leaf'?,  False.
Can MarineInvertebrate be considered a subcategory of 'Pollen'?,  False.
Can MarineInvertebrate be considered a subcategory of 'Mushroom'?,  False.
Can MarineInvertebrate be considered a subcategory of 'Fish'?,  False.
Can MarineInvertebrate be considered a subcategory of 'Reptile'?,  False.
Can MarineInvertebrate be considered a subcategory of 'MarineAnimal'?,  True\n
Can MarineInvertebrate be considered a subcategory of 'Animal that is also MarineAnimal'?,  False.
Can MarineInvertebrate be considered a subcategory of 'Macroalgae'?,  False.
Can MarineInvertebrate be considered a subcategory of 'Foraminifer'?,  False.
Can MarineInvertebrate be considered a subcategory of 'Dairy'?,  False.
Can MarineInvertebrate be considered a subcategory of 'Liverwort'?,  False.
Can MarineInvertebrate be considered a subcategory of 'Crustacean'?,  False.
Can MarineInvertebrate be considered a subcategory of 'Canopy'?,  False.
Can MarineInvertebrate be considered a subcategory of 'Coral'?,  False.
Can MarineInvertebrate be considered a subcategory of 'ExoticVegetation'?,  False.
Can MarineInvertebrate be considered a subcategory of 'Macrophyte'?,  False.
Can MarineInvertebrate be considered a subcategory of 'SegmentedWorm'?,  False.
Can MarineInvertebrate be considered a subcategory of 'LivingThing'?,  True\n
Can MarineInvertebrate be considered a subcategory of 'Animal that is also LivingThing'?,  True\n
Can MarineInvertebrate be considered a subcategory of 'Bird'?,  False.
Can MarineInvertebrate be considered a subcategory of 'Fern'?,  False.
Can MarineInvertebrate be considered a subcategory of 'DominantSpecies'?,  False.
Can MarineInvertebrate be considered a subcategory of 'BlueGreenAlgae'?,  False.
Can MarineInvertebrate be considered a subcategory of 'EvergreenVegetation'?,  False.
Can MarineInvertebrate be considered a subcategory of 'TreeRing'?,  False.
Can MarineInvertebrate be considered a subcategory of 'Vegetation'?,  False.
Can MarineInvertebrate be considered a subcategory of 'ExoticSpecies'?,  False.
Can MarineInvertebrate be considered a subcategory of 'Litter'?,  False.
Can MarineInvertebrate be considered a subcategory of 'Crown'?,  False.
Can MarineInvertebrate be considered a subcategory of 'Jellyfish'?,  False.
Can MarineInvertebrate be considered a subcategory of 'Invertebrate'?,  True\n
Can MarineInvertebrate be considered a subcategory of 'Animal that is also Invertebrate that is also LivingThing'?,  True\n
Can MarineInvertebrate be considered a subcategory of 'Anemone'?,  False.
Can MarineInvertebrate be considered a subcategory of 'Ciliate'?,  False.
Can MarineInvertebrate be considered a subcategory of 'Zooplankton'?,  False.
Can MarineInvertebrate be considered a subcategory of 'FloweringPlant'?,  False.
Can MarineInvertebrate be considered a subcategory of 'Sporozoan'?,  False.
Can MarineInvertebrate be considered a subcategory of 'IndigenousVegetation'?,  False.
Can MarineInvertebrate be considered a subcategory of 'Nutrient'?,  False.
Can MarineInvertebrate be considered a subcategory of 'IndigenousSpecies'?,  False.
Can MarineInvertebrate be considered a subcategory of 'Conifer'?,  False.
Can MarineInvertebrate be considered a subcategory of 'Yeast'?,  False.
Can MarineInvertebrate be considered a subcategory of 'Mammal'?,  False.
Can MarineInvertebrate be considered a subcategory of 'Protist'?,  False.
Can MarineInvertebrate be considered a subcategory of 'Centipede'?,  False.
Can MarineInvertebrate be considered a subcategory of 'Crop'?,  False.
Can MarineInvertebrate be considered a subcategory of 'Algae'?,  False.
Can MarineInvertebrate be considered a subcategory of 'Arthropod'?,  False.
Can MarineInvertebrate be considered a subcategory of 'MarineBird'?,  False.
Can MarineInvertebrate be considered a subcategory of 'Chlorophyll'?,  False.
Can MarineInvertebrate be considered a subcategory of 'Mollusk'?,  False.
Can MarineInvertebrate be considered a subcategory of 'Echinoderm'?,  False.
Can MarineInvertebrate be considered a subcategory of 'Plant'?,  False.
Can MarineInvertebrate be considered a subcategory of 'Amoebae'?,  False.
Can MarineInvertebrate be considered a subcategory of 'Insect'?,  False.
Can MarineInvertebrate be considered a subcategory of 'Mold'?,  False.
Can MarineInvertebrate be considered a subcategory of 'Bacteria'?,  False.
Can MarineInvertebrate be considered a subcategory of 'DeciduousVegetation'?,  False.
Can MarineInvertebrate be considered a subcategory of 'Phytoplankton'?,  False.
Can MarineInvertebrate be considered a subcategory of 'Animal that is also Invertebrate that is also LivingThing that is also MarineAnimal'?,  False.
Can Fungi that is also VegetationSpecies be considered a subcategory of 'Invertebrate'?,  False.
Can DeciduousVegetation that is also SlimeMold be considered a subcategory of 'Arthropod'?,  False.
Can Poultry that is also Protist be considered a subcategory of 'Bacteria'?,  False.
Can Liverwort that is also Nutrient be considered a subcategory of 'Flatworm'?,  False.
Can Bird that is also SlimeMold be considered a subcategory of 'Yeast'?,  False.
Can Crown that is also Protist be considered a subcategory of 'Echinoderm'?,  False.
Can Insect that is also Microalgae be considered a subcategory of 'Fern'?,  False.
Can Crustacean that is also MicrobiotaTaxonomy be considered a subcategory of 'Leaf'?,  False.
Can Anemone that is also Conifer be considered a subcategory of 'IndigenousSpecies'?,  False.
Can Macroalgae that is also Macrophyte be considered a subcategory of 'Centipede'?,  False.
Can Amoebae that is also Arachnid be considered a subcategory of 'Conifer'?,  False.
Can Flagellate that is also SegmentedWorm be considered a subcategory of 'Pollen'?,  False.
Can Animal that is also Livestock be considered a subcategory of 'MarineAnimal'?,  False.
Can Millipede that is also Phytoplankton be considered a subcategory of 'Mollusk'?,  False.
Can EvergreenVegetation that is also Phytoplankton be considered a subcategory of 'TreeRing'?,  False.
Can Insect that is also Mold be considered a subcategory of 'Microalgae'?,  False.
Can Algae that is also Mushroom be considered a subcategory of 'MarineMammal'?,  False.
Can Mammal that is also Zooplankton be considered a subcategory of 'DeciduousVegetation'?,  False.
Can Anemone that is also MarinePlant be considered a subcategory of 'Microphyte'?,  False.
Can Canopy that is also Macroalgae be considered a subcategory of 'Plankton'?,  False.
Can FungiTaxonomy that is also Protist be considered a subcategory of 'Fish'?,  False.
Can Human that is also Nutrient be considered a subcategory of 'Livestock'?,  False.
Can Amphibian that is also Livestock be considered a subcategory of 'ExoticVegetation'?,  False.
Can Mammal that is also Millipede be considered a subcategory of 'Mushroom'?,  False.
Can Insect that is also Sponge be considered a subcategory of 'Amoebae'?,  False.
Can MarineBird that is also MicrobiotaTaxonomy be considered a subcategory of 'FungiTaxonomy'?,  False.
Can MarineMammal that is also Mushroom be considered a subcategory of 'MarinePlant'?,  False.
Can Coral that is also Mammal be considered a subcategory of 'Vertebrate'?,  False.
Can ExoticSpecies that is also IndigenousVegetation be considered a subcategory of 'Sporozoan'?,  False.
Can Livestock that is also SegmentedWorm be considered a subcategory of 'BlueGreenAlgae'?,  False.
Can Canopy that is also MarineMicrobiota be considered a subcategory of 'VegetationCover'?,  False.
Can Macrophyte that is also Microbiota be considered a subcategory of 'Flagellate'?,  False.
Can Arthropod that is also Moss be considered a subcategory of 'Plant'?,  False.
Can Macroalgae that is also Mold be considered a subcategory of 'VegetationSpecies'?,  False.
Can Crown that is also Plankton be considered a subcategory of 'Mushroom'?,  False.
Can Echinoderm that is also FungiTaxonomy be considered a subcategory of 'MarineInvertebrate'?,  False.
Can Crop that is also Fish be considered a subcategory of 'DeciduousVegetation'?,  False.
Can Fish that is also Microbiota be considered a subcategory of 'Nutrient'?,  False.
Can Canopy that is also Jellyfish be considered a subcategory of 'Diatom'?,  False.
Can IndigenousVegetation that is also Sponge be considered a subcategory of 'MicrobiotaTaxonomy'?,  False.
Can Amoebae that is also Human be considered a subcategory of 'Moss'?,  False.
Can Sponge that is also Vegetation be considered a subcategory of 'Reptile'?,  False.
Can IndigenousVegetation that is also Microalgae be considered a subcategory of 'SlimeMold'?,  False.
Can Phytoplankton that is also SegmentedWorm be considered a subcategory of 'DominantSpecies'?,  False.
Can Amphibian that is also Chlorophyll be considered a subcategory of 'MarineMicrobiota'?,  False.
Can Centipede that is also Coral be considered a subcategory of 'Bird'?,  False.
Can DominantSpecies that is also Moss be considered a subcategory of 'SegmentedWorm'?,  False.
Can Lichen that is also Livestock be considered a subcategory of 'FloweringPlant'?,  False.
Can FungiTaxonomy that is also MarineMammal be considered a subcategory of 'MarineBird'?,  False.
Can Coral that is also Radiolarian be considered a subcategory of 'Flagellate'?,  False.
Can Dairy that is also Zooplankton be considered a subcategory of 'Yeast'?,  False.
Can Plankton that is also SlimeMold be considered a subcategory of 'Fungi'?,  False.
Can Flatworm that is also Lichen be considered a subcategory of 'VegetationCover'?,  False.
Can ExoticSpecies that is also Roundworm be considered a subcategory of 'Poultry'?,  False.
Can Ciliate that is also Foraminifer be considered a subcategory of 'IndigenousSpecies'?,  False.
Can BlueGreenAlgae that is also Leaf be considered a subcategory of 'Echinoderm'?,  False.
Can Chlorophyll that is also Mollusk be considered a subcategory of 'Bacteria'?,  False.
Can MarineBird that is also MicrobiotaTaxonomy be considered a subcategory of 'IndigenousVegetation'?,  False.
Can Crustacean that is also Plant be considered a subcategory of 'MarineAnimal'?,  False.
Can Flagellate that is also Invertebrate be considered a subcategory of 'Centipede'?,  False.
Can Jellyfish that is also Microphyte be considered a subcategory of 'Fern'?,  False.
Can Anemone that is also Liverwort be considered a subcategory of 'Pollen'?,  False.
Can Litter that is also VegetationSpecies be considered a subcategory of 'MarineMammal'?,  False.
Can Dairy that is also FloweringPlant be considered a subcategory of 'Coccolithophore'?,  False.
Can Flatworm that is also Human be considered a subcategory of 'Conifer'?,  False.
Can Insect that is also Litter be considered a subcategory of 'Phytoplankton'?,  False.
Can Coccolithophore that is also Vertebrate be considered a subcategory of 'VegetationSpecies'?,  False.
Can Centipede that is also Zooplankton be considered a subcategory of 'Human'?,  False.
Can DominantSpecies that is also EvergreenVegetation be considered a subcategory of 'Macroalgae'?,  False.
Can Sporozoan that is also TreeRing be considered a subcategory of 'Microbiota'?,  False.
Can DominantSpecies that is also Echinoderm be considered a subcategory of 'Flagellate'?,  False.
Can Plankton that is also Pollen be considered a subcategory of 'Plant'?,  False.
Can Bird that is also MarineInvertebrate be considered a subcategory of 'Sponge'?,  False.
Can Jellyfish that is also Lichen be considered a subcategory of 'Amphibian'?,  False.
Can Bacteria that is also IndigenousVegetation be considered a subcategory of 'Centipede'?,  False.
Can Moss that is also VegetationSpecies be considered a subcategory of 'Lichen'?,  False.
Can EvergreenVegetation that is also Fungi be considered a subcategory of 'Echinoderm'?,  False.
Can Chlorophyll that is also Sponge be considered a subcategory of 'Litter'?,  False.
Can ExoticSpecies that is also Microalgae be considered a subcategory of 'IndigenousVegetation'?,  False.
Can Arachnid that is also Dairy be considered a subcategory of 'IndigenousSpecies'?,  False.
Can Chlorophyll that is also Leaf be considered a subcategory of 'Dairy'?,  False.
Can Microbiota that is also Pollen be considered a subcategory of 'Mammal'?,  False.
Can VegetationCover that is also Yeast be considered a subcategory of 'Liverwort'?,  False.
Can Litter that is also Macroalgae be considered a subcategory of 'Radiolarian'?,  False.
Can Vertebrate be considered a subcategory of 'Anemone'?,  False.
Can Liverwort that is also Moss be considered a subcategory of 'Crop'?,  False.
Can Conifer that is also IndigenousSpecies be considered a subcategory of 'Foraminifer'?,  False.
Can Protist that is also TreeRing be considered a subcategory of 'EvergreenVegetation'?,  False.
Can Centipede that is also Echinoderm be considered a subcategory of 'Mold'?,  False.
Can Arachnid that is also Crustacean be considered a subcategory of 'Microphyte'?,  False.
Can Animal that is also Chlorophyll be considered a subcategory of 'Crown'?,  False.
Can IndigenousVegetation that is also Microalgae be considered a subcategory of 'Plankton'?,  False.
Can Lichen that is also Millipede be considered a subcategory of 'Sporozoan'?,  False.
Can Algae that is also FungiTaxonomy be considered a subcategory of 'Jellyfish'?,  False.
Can Roundworm that is also Sponge be considered a subcategory of 'Amoebae'?,  False.
Can Arachnid that is also Microalgae be considered a subcategory of 'Crustacean'?,  False.
Can Amphibian that is also Radiolarian be considered a subcategory of 'SegmentedWorm'?,  False.
Can Human that is also Vegetation be considered a subcategory of 'Bird'?,  False.
Can DeciduousVegetation that is also SegmentedWorm be considered a subcategory of 'FloweringPlant'?,  False.
Can Crop that is also TreeRing be considered a subcategory of 'Anemone'?,  False.
Can Coral that is also MarineMicrobiota be considered a subcategory of 'Vegetation'?,  False.
Can Mollusk that is also Poultry be considered a subcategory of 'Algae'?,  False.
Can Coral that is also Vertebrate be considered a subcategory of 'Leaf'?,  False.
Can Algae that is also Microbiota be considered a subcategory of 'Crop'?,  False.
Can Coccolithophore that is also ExoticVegetation be considered a subcategory of 'Mold'?,  False.
Can FloweringPlant that is also Macroalgae be considered a subcategory of 'EvergreenVegetation'?,  False.
Can Centipede that is also Roundworm be considered a subcategory of 'Plankton'?,  False.
Can Leaf that is also Mold be considered a subcategory of 'ExoticSpecies'?,  False.
Can Invertebrate that is also Yeast be considered a subcategory of 'Livestock'?,  False.
Can Radiolarian that is also Vegetation be considered a subcategory of 'Microphyte'?,  False.
Can BlueGreenAlgae that is also Centipede be considered a subcategory of 'Chlorophyll'?,  False.
Can DominantSpecies that is also MicrobiotaTaxonomy be considered a subcategory of 'Fish'?,  False.
Can Amoebae that is also Bacteria be considered a subcategory of 'Conifer'?,  False.
Can FungiTaxonomy that is also Invertebrate be considered a subcategory of 'Coccolithophore'?,  False.
Can Coccolithophore that is also Flatworm be considered a subcategory of 'Nutrient'?,  False.
Can Anemone that is also FloweringPlant be considered a subcategory of 'Invertebrate'?,  False.
Can Crop that is also VegetationCover be considered a subcategory of 'MarineMammal'?,  False.
Can FloweringPlant that is also MarineMicrobiota be considered a subcategory of 'Microalgae'?,  False.
Can Fish that is also Invertebrate be considered a subcategory of 'Animal'?,  True.
Can Fish that is also Invertebrate be considered a subcategory of 'VegetationCover'?,  False.
Can Fish that is also Invertebrate be considered a subcategory of 'Fungi'?,  False.
Can Fish that is also Invertebrate be considered a subcategory of 'Arachnid'?,  False.
Can Fish that is also Invertebrate be considered a subcategory of 'VegetationSpecies'?,  False.
Can Fish that is also Invertebrate be considered a subcategory of 'Livestock'?,  False.
Can Fish that is also Invertebrate be considered a subcategory of 'Sponge'?,  False.
Can Fish that is also Invertebrate be considered a subcategory of 'Flatworm'?,  False.
Can Fish that is also Invertebrate be considered a subcategory of 'Diatom'?,  False.
Can Fish that is also Invertebrate be considered a subcategory of 'FungiTaxonomy'?,  False.
Can Fish that is also Invertebrate be considered a subcategory of 'MarinePlant'?,  False.
Can Fish that is also Invertebrate be considered a subcategory of 'Vertebrate'?,  False.
Can Fish that is also Invertebrate be considered a subcategory of 'Radiolarian'?,  False.
Can Fish that is also Invertebrate be considered a subcategory of 'Human'?,  False.
Can Fish that is also Invertebrate be considered a subcategory of 'MarineMicrobiota'?,  False.
Can Fish be considered a subcategory of 'Animal'?,  True\n
Can Fish be considered a subcategory of 'VegetationCover'?,  False.
Can Fish be considered a subcategory of 'Microalgae'?,  False.
Can Fish be considered a subcategory of 'Fungi'?,  False.
Can Fish be considered a subcategory of 'Arachnid'?,  False\n
Can Fish be considered a subcategory of 'VegetationSpecies'?,  False.
Can Fish be considered a subcategory of 'Livestock'?,  False.
Can Fish be considered a subcategory of 'Sponge'?,  False.
Can Fish be considered a subcategory of 'Flatworm'?,  False.
Can Fish be considered a subcategory of 'Diatom'?,  False.
Can Fish be considered a subcategory of 'FungiTaxonomy'?,  False.
Can Fish be considered a subcategory of 'MarinePlant'?,  False.
Can Fish be considered a subcategory of 'Moss'?,  False.
Can Fish be considered a subcategory of 'Vertebrate'?,  True\n
Can Fish be considered a subcategory of 'Animal that is also Vertebrate'?,  False.
Can Fish be considered a subcategory of 'Radiolarian'?,  False.
Can Fish be considered a subcategory of 'Human'?,  False.
Can Fish be considered a subcategory of 'MarineMicrobiota'?,  False.
Can Fish be considered a subcategory of 'Flagellate'?,  False.
Can Fish be considered a subcategory of 'Poultry'?,  False\n
Can Fish be considered a subcategory of 'MarineMammal'?,  False.
Can Fish be considered a subcategory of 'Amphibian'?,  False.
Can Fish be considered a subcategory of 'Millipede'?,  False.
Can Fish be considered a subcategory of 'Plankton'?,  False.
Can Fish be considered a subcategory of 'Roundworm'?,  False.
Can Fish be considered a subcategory of 'Microphyte'?,  False.
Can Fish be considered a subcategory of 'SlimeMold'?,  False.
Can Fish be considered a subcategory of 'Microbiota'?,  False.
Can Fish be considered a subcategory of 'MicrobiotaTaxonomy'?,  False.
Can Fish be considered a subcategory of 'Coccolithophore'?,  False.
Can Fish be considered a subcategory of 'Lichen'?,  False.
Can Fish be considered a subcategory of 'Leaf'?,  False.
Can Fish be considered a subcategory of 'Pollen'?,  False.
Can Fish be considered a subcategory of 'Mushroom'?,  False.
Can Fish be considered a subcategory of 'Reptile'?,  False.
Can Fish be considered a subcategory of 'MarineAnimal'?,  False.
Can Fish be considered a subcategory of 'Macroalgae'?,  False.
Can Fish be considered a subcategory of 'Foraminifer'?,  False.
Can Fish be considered a subcategory of 'Dairy'?,  False.
Can Fish be considered a subcategory of 'Liverwort'?,  False.
Can Fish be considered a subcategory of 'Crustacean'?,  False.
Can Fish be considered a subcategory of 'Canopy'?,  False.
Can Fish be considered a subcategory of 'Coral'?,  False.
Can Fish be considered a subcategory of 'ExoticVegetation'?,  False.
Can Fish be considered a subcategory of 'Macrophyte'?,  False.
Can Fish be considered a subcategory of 'SegmentedWorm'?,  False.
Can Fish be considered a subcategory of 'LivingThing'?,  True\n
Can Fish be considered a subcategory of 'Animal that is also LivingThing'?,  True\n
Can Fish be considered a subcategory of 'Bird'?,  False.
Can Fish be considered a subcategory of 'Fern'?,  False.
Can Fish be considered a subcategory of 'DominantSpecies'?,  False.
Can Fish be considered a subcategory of 'BlueGreenAlgae'?,  False.
Can Fish be considered a subcategory of 'EvergreenVegetation'?,  False.
Can Fish be considered a subcategory of 'TreeRing'?,  False.
Can Fish be considered a subcategory of 'Vegetation'?,  False.
Can Fish be considered a subcategory of 'ExoticSpecies'?,  False.
Can Fish be considered a subcategory of 'Litter'?,  False.
Can Fish be considered a subcategory of 'Crown'?,  False.
Can Fish be considered a subcategory of 'Jellyfish'?,  False.
Can Fish be considered a subcategory of 'Invertebrate'?,  False.
Can Fish be considered a subcategory of 'Anemone'?,  False.
Can Fish be considered a subcategory of 'Ciliate'?,  False.
Can Fish be considered a subcategory of 'Zooplankton'?,  False.
Can Fish be considered a subcategory of 'FloweringPlant'?,  False.
Can Fish be considered a subcategory of 'Sporozoan'?,  False.
Can Fish be considered a subcategory of 'IndigenousVegetation'?,  False.
Can Fish be considered a subcategory of 'Nutrient'?,  False.
Can Fish be considered a subcategory of 'IndigenousSpecies'?,  False.
Can Fish be considered a subcategory of 'MarineInvertebrate'?,  False.
Can Fish be considered a subcategory of 'Conifer'?,  False.
Can Fish be considered a subcategory of 'Yeast'?,  False.
Can Fish be considered a subcategory of 'Mammal'?,  False\n
Can Fish be considered a subcategory of 'Protist'?,  False.
Can Fish be considered a subcategory of 'Centipede'?,  False.
Can Fish be considered a subcategory of 'Crop'?,  False.
Can Fish be considered a subcategory of 'Algae'?,  False\n
Can Fish be considered a subcategory of 'Arthropod'?,  False.
Can Fish be considered a subcategory of 'MarineBird'?,  False.
Can Fish be considered a subcategory of 'Chlorophyll'?,  False.
Can Fish be considered a subcategory of 'Mollusk'?,  False.
Can Fish be considered a subcategory of 'Echinoderm'?,  False.
Can Fish be considered a subcategory of 'Plant'?,  False\n
Can Fish be considered a subcategory of 'Amoebae'?,  False.
Can Fish be considered a subcategory of 'Insect'?,  False.
Can Fish be considered a subcategory of 'Mold'?,  False.
Can Fish be considered a subcategory of 'Bacteria'?,  False.
Can Fish be considered a subcategory of 'DeciduousVegetation'?,  False.
Can Fish be considered a subcategory of 'Phytoplankton'?,  False.
Can Fish be considered a subcategory of 'Animal that is also LivingThing that is also Vertebrate'?,  False.
Can DeciduousVegetation that is also Vegetation be considered a subcategory of 'DominantSpecies'?,  False.
Can Litter that is also MarineMammal be considered a subcategory of 'FungiTaxonomy'?,  False.
Can Algae that is also MarineAnimal be considered a subcategory of 'Moss'?,  False.
Can MarinePlant that is also Reptile be considered a subcategory of 'MarineMicrobiota'?,  False.
Can Microphyte that is also Reptile be considered a subcategory of 'Arachnid'?,  False.
Can Animal that is also FungiTaxonomy be considered a subcategory of 'MicrobiotaTaxonomy'?,  False.
Can Arthropod that is also Leaf be considered a subcategory of 'Reptile'?,  False.
Can Fungi that is also Reptile be considered a subcategory of 'Mammal'?,  False.
Can MarineBird that is also Microphyte be considered a subcategory of 'Litter'?,  False.
Can DominantSpecies that is also Roundworm be considered a subcategory of 'Centipede'?,  False.
Can Canopy that is also Leaf be considered a subcategory of 'Zooplankton'?,  False.
Can Leaf that is also Protist be considered a subcategory of 'Pollen'?,  False.
Can Bacteria that is also MarineBird be considered a subcategory of 'Mollusk'?,  False.
Can Crown that is also Mammal be considered a subcategory of 'Conifer'?,  False.
Can Insect that is also Invertebrate be considered a subcategory of 'Microalgae'?,  False.
Can BlueGreenAlgae that is also VegetationCover be considered a subcategory of 'MarineInvertebrate'?,  False.
Can ExoticSpecies that is also Litter be considered a subcategory of 'Fish'?,  False.
Can Amoebae that is also Macroalgae be considered a subcategory of 'TreeRing'?,  False.
Can Amoebae that is also Bird be considered a subcategory of 'ExoticVegetation'?,  False.
Can Flatworm that is also IndigenousSpecies be considered a subcategory of 'Jellyfish'?,  False.
Can Livestock that is also MarineMicrobiota be considered a subcategory of 'Moss'?,  False.
Can Millipede that is also VegetationCover be considered a subcategory of 'FungiTaxonomy'?,  False.
Can Fungi that is also Microalgae be considered a subcategory of 'Mushroom'?,  False.
Can DeciduousVegetation that is also Mushroom be considered a subcategory of 'Sporozoan'?,  False.
Can Conifer that is also Reptile be considered a subcategory of 'Crown'?,  False.
Can Microphyte be considered a subcategory of 'Coral'?,  False.
Can Arachnid that is also Poultry be considered a subcategory of 'Macroalgae'?,  False.
Can Diatom that is also Millipede be considered a subcategory of 'Roundworm'?,  False.
Can Animal that is also Radiolarian be considered a subcategory of 'BlueGreenAlgae'?,  False.
Can Human that is also Roundworm be considered a subcategory of 'Arthropod'?,  False.
Can Coccolithophore that is also Fern be considered a subcategory of 'Flagellate'?,  False.
Can FloweringPlant that is also Insect be considered a subcategory of 'Microbiota'?,  False.
Can Crop that is also Echinoderm be considered a subcategory of 'VegetationSpecies'?,  False.
Can Microbiota that is also Zooplankton be considered a subcategory of 'VegetationCover'?,  False.
Can Invertebrate that is also MarineInvertebrate be considered a subcategory of 'Flatworm'?,  False.
Can Sporozoan that is also Vegetation be considered a subcategory of 'IndigenousSpecies'?,  False.
Can Coral that is also Pollen be considered a subcategory of 'Millipede'?,  False.
Can Plankton that is also Zooplankton be considered a subcategory of 'Lichen'?,  False.
Can Liverwort that is also Mold be considered a subcategory of 'Jellyfish'?,  False.
Can Conifer that is also VegetationSpecies be considered a subcategory of 'DominantSpecies'?,  False.
Can Dairy that is also Radiolarian be considered a subcategory of 'Arthropod'?,  False.
Can Centipede that is also MarinePlant be considered a subcategory of 'ExoticVegetation'?,  False.
Can Mushroom that is also Plankton be considered a subcategory of 'SlimeMold'?,  False.
Can Flatworm that is also Jellyfish be considered a subcategory of 'Plant'?,  False.
Can Fish that is also Microphyte be considered a subcategory of 'MarineMicrobiota'?,  False.
Can Ciliate that is also Yeast be considered a subcategory of 'Reptile'?,  False.
Can BlueGreenAlgae that is also Millipede be considered a subcategory of 'Algae'?,  False.
Can Echinoderm that is also Mollusk be considered a subcategory of 'Radiolarian'?,  False.
Can ExoticVegetation that is also Roundworm be considered a subcategory of 'Fungi'?,  False.
Can Fern that is also Plant be considered a subcategory of 'Bird'?,  False.
Can Flagellate that is also Insect be considered a subcategory of 'Poultry'?,  False.
Can Ciliate that is also Pollen be considered a subcategory of 'EvergreenVegetation'?,  False.
Can Plant that is also Zooplankton be considered a subcategory of 'Anemone'?,  False.
Can Fern that is also Foraminifer be considered a subcategory of 'Bacteria'?,  False.
Can Fish that is also Reptile be considered a subcategory of 'IndigenousSpecies'?,  False.
Can Flagellate that is also Microbiota be considered a subcategory of 'Centipede'?,  False.
Can Arthropod that is also Liverwort be considered a subcategory of 'MarineBird'?,  False.
Can Phytoplankton that is also VegetationSpecies be considered a subcategory of 'Flatworm'?,  False.
Can ExoticVegetation that is also Vegetation be considered a subcategory of 'Litter'?,  False.
Can Plankton that is also SegmentedWorm be considered a subcategory of 'Fern'?,  False.
Can Flatworm that is also IndigenousSpecies be considered a subcategory of 'Mammal'?,  False.
Can Coral that is also Plant be considered a subcategory of 'MarineMammal'?,  False.
Can ExoticVegetation that is also Foraminifer be considered a subcategory of 'Fish'?,  False.
Can BlueGreenAlgae that is also Livestock be considered a subcategory of 'Conifer'?,  False.
Can Mollusk that is also TreeRing be considered a subcategory of 'Pollen'?,  False.
Can Amphibian that is also SlimeMold be considered a subcategory of 'MarineInvertebrate'?,  False.
Can Crustacean that is also Yeast be considered a subcategory of 'Moss'?,  False.
Can Diatom that is also Flagellate be considered a subcategory of 'TreeRing'?,  False.
Can Bacteria that is also Flatworm be considered a subcategory of 'Flagellate'?,  False.
Can Arthropod that is also Poultry be considered a subcategory of 'Lichen'?,  False.
Can Sponge that is also VegetationCover be considered a subcategory of 'Canopy'?,  False.
Can Bird that is also Microalgae be considered a subcategory of 'Microbiota'?,  False.
Can Macrophyte that is also MarineAnimal be considered a subcategory of 'Protist'?,  False.
Can DeciduousVegetation that is also Vertebrate be considered a subcategory of 'IndigenousSpecies'?,  False.
Can Centipede that is also Liverwort be considered a subcategory of 'FloweringPlant'?,  False.
Can DominantSpecies that is also MarineAnimal be considered a subcategory of 'MarineBird'?,  False.
Can Nutrient that is also Phytoplankton be considered a subcategory of 'Mammal'?,  False.
Can Echinoderm that is also Reptile be considered a subcategory of 'Liverwort'?,  False.
Can Crustacean that is also Pollen be considered a subcategory of 'Dairy'?,  False.
Can Arthropod that is also Bird be considered a subcategory of 'Litter'?,  False.
Can IndigenousSpecies that is also MicrobiotaTaxonomy be considered a subcategory of 'Fish'?,  False.
Can EvergreenVegetation that is also IndigenousVegetation be considered a subcategory of 'MarineMammal'?,  False.
Can Flagellate that is also Moss be considered a subcategory of 'Mollusk'?,  False.
Can Algae that is also EvergreenVegetation be considered a subcategory of 'Chlorophyll'?,  False.
Can Dairy that is also Human be considered a subcategory of 'Leaf'?,  False.
Can DominantSpecies that is also MarinePlant be considered a subcategory of 'MarineAnimal'?,  False.
Can Amphibian that is also Crown be considered a subcategory of 'Mold'?,  False.
Can Crustacean that is also MarineInvertebrate be considered a subcategory of 'Crop'?,  False.
Can Fish that is also MarineBird be considered a subcategory of 'Crown'?,  False.
Can Bacteria that is also Yeast be considered a subcategory of 'Coral'?,  False.
Can Canopy that is also Conifer be considered a subcategory of 'Coccolithophore'?,  False.
Can Fungi that is also VegetationSpecies be considered a subcategory of 'Microphyte'?,  False.
Can ExoticVegetation that is also Foraminifer be considered a subcategory of 'Mushroom'?,  False.
Can Fern that is also MarineMammal be considered a subcategory of 'Human'?,  False.
Can Mammal that is also MarineInvertebrate be considered a subcategory of 'DeciduousVegetation'?,  False.
Can Flatworm that is also IndigenousVegetation be considered a subcategory of 'Nutrient'?,  False.
Can BlueGreenAlgae that is also Plant be considered a subcategory of 'Diatom'?,  False.
Can MarineMammal that is also MarineMicrobiota be considered a subcategory of 'Roundworm'?,  False.
Can Amoebae that is also BlueGreenAlgae be considered a subcategory of 'Macroalgae'?,  False.
Can Mollusk that is also Moss be considered a subcategory of 'Phytoplankton'?,  False.
Can Arachnid that is also Plant be considered a subcategory of 'Amphibian'?,  False.
Can ExoticSpecies that is also FloweringPlant be considered a subcategory of 'Centipede'?,  False.
Can Jellyfish that is also MicrobiotaTaxonomy be considered a subcategory of 'Bacteria'?,  False.
Can IndigenousVegetation that is also MicrobiotaTaxonomy be considered a subcategory of 'Anemone'?,  False.
Can Bacteria that is also Fern be considered a subcategory of 'MarineAnimal'?,  False.
Can Arthropod that is also Crop be considered a subcategory of 'Livestock'?,  False.
Can Echinoderm that is also SegmentedWorm be considered a subcategory of 'EvergreenVegetation'?,  False.
Can Anemone that is also Microalgae be considered a subcategory of 'Leaf'?,  False.
Can MarineAnimal that is also MarineInvertebrate be considered a subcategory of 'ExoticSpecies'?,  False.
Can Human that is also SlimeMold be considered a subcategory of 'DeciduousVegetation'?,  False.
Can Mold that is also Pollen be considered a subcategory of 'Conifer'?,  False.
Can Crown that is also DominantSpecies be considered a subcategory of 'Coccolithophore'?,  False.
Can Anemone that is also MarineBird be considered a subcategory of 'Invertebrate'?,  False.
Can Crown that is also MarinePlant be considered a subcategory of 'Coral'?,  False.
Can Bird that is also Canopy be considered a subcategory of 'Microalgae'?,  False.
Can SegmentedWorm that is also TreeRing be considered a subcategory of 'Ciliate'?,  False.
Can Microalgae that is also Nutrient be considered a subcategory of 'FungiTaxonomy'?,  False.
Can Arachnid that is also Mollusk be considered a subcategory of 'Macrophyte'?,  False.
Can Coccolithophore that is also ExoticSpecies be considered a subcategory of 'Plankton'?,  False.
Can Centipede that is also Vertebrate be considered a subcategory of 'Sporozoan'?,  False.
Can DominantSpecies that is also SlimeMold be considered a subcategory of 'Jellyfish'?,  False.
Can Bacteria that is also ExoticVegetation be considered a subcategory of 'Moss'?,  False.
Can Arthropod that is also Diatom be considered a subcategory of 'Animal'?,  False.
Can Dairy that is also Pollen be considered a subcategory of 'Arachnid'?,  False.
Can Bird that is also Mold be considered a subcategory of 'Fungi'?,  False.
Can Lichen that is also MarineAnimal be considered a subcategory of 'MarinePlant'?,  False.
Can Radiolarian that is also SlimeMold be considered a subcategory of 'Vertebrate'?,  False.
Can Ciliate that is also Moss be considered a subcategory of 'Yeast'?,  False.
Can EvergreenVegetation that is also Mushroom be considered a subcategory of 'Algae'?,  False.
Can Chlorophyll that is also Nutrient be considered a subcategory of 'Plant'?,  False.
Can Anemone that is also Microphyte be considered a subcategory of 'Sponge'?,  False.
Can Animal that is also BlueGreenAlgae be considered a subcategory of 'Foraminifer'?,  False.
Can Phytoplankton that is also Vegetation be considered a subcategory of 'Fish'?,  False.
Can Coral that is also Microalgae be considered a subcategory of 'Mold'?,  False.
Can Crustacean that is also Zooplankton be considered a subcategory of 'Insect'?,  False.
Can Algae that is also Flagellate be considered a subcategory of 'Plankton'?,  False.
Can IndigenousSpecies that is also Microphyte be considered a subcategory of 'Amoebae'?,  False.
Can Arachnid that is also Roundworm be considered a subcategory of 'TreeRing'?,  False.
Can Flagellate that is also Foraminifer be considered a subcategory of 'Microphyte'?,  False.
Can Coccolithophore that is also Radiolarian be considered a subcategory of 'Jellyfish'?,  False.
Can Human that is also Plankton be considered a subcategory of 'Sporozoan'?,  False.
Can EvergreenVegetation that is also MarineBird be considered a subcategory of 'FungiTaxonomy'?,  False.
Can Crustacean that is also Insect be considered a subcategory of 'ExoticVegetation'?,  False.
Can Crop that is also Diatom be considered a subcategory of 'Vertebrate'?,  False.
Can Microbiota that is also VegetationSpecies be considered a subcategory of 'Plant'?,  False.
Can Liverwort that is also Nutrient be considered a subcategory of 'BlueGreenAlgae'?,  False.
Can Sporozoan that is also VegetationSpecies be considered a subcategory of 'Phytoplankton'?,  False.
Can Foraminifer be considered a subcategory of 'DominantSpecies'?,  False.
Can Amphibian that is also Moss be considered a subcategory of 'Arthropod'?,  False.
Can Mammal that is also Vegetation be considered a subcategory of 'Macroalgae'?,  False.
Can MarineBird that is also Moss be considered a subcategory of 'Microbiota'?,  False.
Can Crustacean that is also Macroalgae be considered a subcategory of 'Millipede'?,  False.
Can MarineMammal that is also Reptile be considered a subcategory of 'MicrobiotaTaxonomy'?,  False.
Can Coral that is also Microphyte be considered a subcategory of 'Reptile'?,  False.
Can Bird that is also Liverwort be considered a subcategory of 'SegmentedWorm'?,  False.
Can MarineMicrobiota that is also Radiolarian be considered a subcategory of 'MarineBird'?,  False.
Can Human that is also Microbiota be considered a subcategory of 'FloweringPlant'?,  False.
Can MarineAnimal that is also Plankton be considered a subcategory of 'Litter'?,  False.
Can FloweringPlant that is also Macrophyte be considered a subcategory of 'Vegetation'?,  False.
Can Crop that is also Poultry be considered a subcategory of 'Zooplankton'?,  False.
Can Liverwort that is also Microbiota be considered a subcategory of 'Mammal'?,  False.
Can Coral that is also MarineBird be considered a subcategory of 'ExoticVegetation'?,  False.
Can Bacteria that is also Zooplankton be considered a subcategory of 'Jellyfish'?,  False.
Can Canopy that is also Plankton be considered a subcategory of 'Moss'?,  False.
Can Flatworm that is also Fungi be considered a subcategory of 'Crustacean'?,  False.
Can Foraminifer that is also Roundworm be considered a subcategory of 'Arachnid'?,  False.
Can ExoticSpecies that is also Foraminifer be considered a subcategory of 'Vertebrate'?,  False.
Can BlueGreenAlgae that is also Mammal be considered a subcategory of 'MarinePlant'?,  False.
Can Leaf that is also Mollusk be considered a subcategory of 'MarineMicrobiota'?,  False.
Can BlueGreenAlgae that is also MarineBird be considered a subcategory of 'Bird'?,  False.
Can Crustacean that is also MarineMicrobiota be considered a subcategory of 'Algae'?,  False.
Can Amoebae that is also Flagellate be considered a subcategory of 'Plant'?,  False.
Can Ciliate that is also Invertebrate be considered a subcategory of 'Sponge'?,  False.
Can Flatworm that is also Liverwort be considered a subcategory of 'Amphibian'?,  False.
Can Dairy that is also VegetationCover be considered a subcategory of 'Bacteria'?,  False.
Can Bird that is also Human be considered a subcategory of 'Echinoderm'?,  False.
Can BlueGreenAlgae that is also Mushroom be considered a subcategory of 'Protist'?,  False.
Can Animal that is also Vegetation be considered a subcategory of 'IndigenousSpecies'?,  False.
Can Coral that is also Microphyte be considered a subcategory of 'Millipede'?,  False.
Can Microalgae that is also Zooplankton be considered a subcategory of 'MarineBird'?,  False.
Can Flagellate that is also Millipede be considered a subcategory of 'Mammal'?,  False.
Can Echinoderm that is also Microphyte be considered a subcategory of 'Liverwort'?,  False.
Can Roundworm be considered a subcategory of 'Dairy'?,  False.
Can Arachnid that is also Foraminifer be considered a subcategory of 'Zooplankton'?,  False.
Can Dairy that is also Insect be considered a subcategory of 'Pollen'?,  False.
Can Human that is also Pollen be considered a subcategory of 'Foraminifer'?,  False.
Can MarineBird that is also Zooplankton be considered a subcategory of 'Mollusk'?,  False.
Can Crustacean that is also Fern be considered a subcategory of 'Chlorophyll'?,  False.
Can Crop that is also Sporozoan be considered a subcategory of 'Ciliate'?,  False.
Can DominantSpecies that is also Microbiota be considered a subcategory of 'FungiTaxonomy'?,  False.
Can Liverwort that is also Plankton be considered a subcategory of 'Macrophyte'?,  False.
Can MarineInvertebrate that is also VegetationSpecies be considered a subcategory of 'TreeRing'?,  False.
Can Pollen that is also Vertebrate be considered a subcategory of 'Microbiota'?,  False.
Can Bird that is also SlimeMold be considered a subcategory of 'Millipede'?,  False.
Can ExoticVegetation that is also Litter be considered a subcategory of 'MicrobiotaTaxonomy'?,  False.
Can Diatom that is also Vertebrate be considered a subcategory of 'Canopy'?,  False.
Can Centipede that is also Moss be considered a subcategory of 'SegmentedWorm'?,  False.
Can IndigenousSpecies that is also Mold be considered a subcategory of 'Protist'?,  False.
Can TreeRing that is also Yeast be considered a subcategory of 'Lichen'?,  False.
Can Echinoderm that is also Radiolarian be considered a subcategory of 'FloweringPlant'?,  False.
Can Arachnid that is also Ciliate be considered a subcategory of 'Litter'?,  False.
Can Chlorophyll that is also Mushroom be considered a subcategory of 'Vegetation'?,  False.
Can Chlorophyll that is also Jellyfish be considered a subcategory of 'Zooplankton'?,  False.
Can IndigenousVegetation that is also Microphyte be considered a subcategory of 'Dairy'?,  False.
Can Bacteria that is also Plant be considered a subcategory of 'Chlorophyll'?,  False.
Can FungiTaxonomy that is also Millipede be considered a subcategory of 'Fish'?,  False.
Can Jellyfish that is also Sponge be considered a subcategory of 'Liverwort'?,  False.
Can Microalgae that is also Roundworm be considered a subcategory of 'Insect'?,  False.
Can Fish that is also Plankton be considered a subcategory of 'Crop'?,  False.
Can DeciduousVegetation that is also Flatworm be considered a subcategory of 'IndigenousVegetation'?,  False.
Can Fish that is also Litter be considered a subcategory of 'EvergreenVegetation'?,  False.
Can MarineAnimal that is also Microbiota be considered a subcategory of 'Leaf'?,  False.
Can Jellyfish that is also Phytoplankton be considered a subcategory of 'ExoticSpecies'?,  False.
Can IndigenousVegetation that is also Reptile be considered a subcategory of 'Crown'?,  False.
Can Crustacean that is also ExoticVegetation be considered a subcategory of 'MarineAnimal'?,  False.
Can Arthropod that is also IndigenousSpecies be considered a subcategory of 'Coccolithophore'?,  False.
Can IndigenousSpecies that is also Sponge be considered a subcategory of 'Nutrient'?,  False.
Can Microalgae that is also Vegetation be considered a subcategory of 'Invertebrate'?,  False.
Can Flagellate that is also Phytoplankton be considered a subcategory of 'Coral'?,  False.
Can Chlorophyll that is also SegmentedWorm be considered a subcategory of 'Microalgae'?,  False.
Can Centipede that is also TreeRing be considered a subcategory of 'Roundworm'?,  False.
Can DominantSpecies that is also Nutrient be considered a subcategory of 'Diatom'?,  False.
Can Lichen that is also Mollusk be considered a subcategory of 'Human'?,  False.
Can FungiTaxonomy that is also Livestock be considered a subcategory of 'Macroalgae'?,  False.
Can Centipede that is also Moss be considered a subcategory of 'Flatworm'?,  False.
Can BlueGreenAlgae that is also DominantSpecies be considered a subcategory of 'Amphibian'?,  False.
Can Bacteria that is also MarineMammal be considered a subcategory of 'Echinoderm'?,  False.
Can Amoebae that is also FungiTaxonomy be considered a subcategory of 'Bacteria'?,  False.
Can Bird that is also Pollen be considered a subcategory of 'Leaf'?,  False.
Can FloweringPlant that is also Protist be considered a subcategory of 'MarineAnimal'?,  False.
Can MarineAnimal that is also MarineMicrobiota be considered a subcategory of 'Centipede'?,  False.
Can VegetationCover that is also Vertebrate be considered a subcategory of 'Fern'?,  False.
Can Invertebrate that is also MarineAnimal be considered a subcategory of 'Pollen'?,  False.
Can Macrophyte that is also Vegetation be considered a subcategory of 'ExoticSpecies'?,  False.
Can Coral that is also Poultry be considered a subcategory of 'Mollusk'?,  False.
Can Algae that is also Liverwort be considered a subcategory of 'Conifer'?,  False.
Can Arthropod that is also Reptile be considered a subcategory of 'Microalgae'?,  False.
Can Microphyte that is also Phytoplankton be considered a subcategory of 'MarineInvertebrate'?,  False.
Can Crustacean that is also Leaf be considered a subcategory of 'Nutrient'?,  False.
Can Fern that is also Litter be considered a subcategory of 'Plankton'?,  False.
Can Crop that is also Vertebrate be considered a subcategory of 'Amoebae'?,  False.
Can Centipede that is also Echinoderm be considered a subcategory of 'Livestock'?,  False.
Can DominantSpecies that is also Zooplankton be considered a subcategory of 'Macrophyte'?,  False.
Can MarineInvertebrate that is also TreeRing be considered a subcategory of 'Crustacean'?,  False.
Can Echinoderm that is also Human be considered a subcategory of 'Sporozoan'?,  False.
Can Pollen be considered a subcategory of 'FungiTaxonomy'?,  False.
Can Bird that is also Crown be considered a subcategory of 'ExoticVegetation'?,  False.
Can Fungi that is also Jellyfish be considered a subcategory of 'Vertebrate'?,  False.
Can IndigenousVegetation that is also MarineBird be considered a subcategory of 'Arachnid'?,  False.
Can DominantSpecies that is also Moss be considered a subcategory of 'BlueGreenAlgae'?,  False.
Can Canopy that is also EvergreenVegetation be considered a subcategory of 'MarinePlant'?,  False.
Can Foraminifer that is also Microalgae be considered a subcategory of 'Yeast'?,  False.
Can Amphibian that is also Arachnid be considered a subcategory of 'VegetationSpecies'?,  False.
Can ExoticSpecies that is also Mammal be considered a subcategory of 'VegetationCover'?,  False.
Can MarineBird that is also Microphyte be considered a subcategory of 'Crop'?,  False.
Can Ciliate that is also DeciduousVegetation be considered a subcategory of 'Foraminifer'?,  False.
Can Mold that is also Reptile be considered a subcategory of 'Vegetation'?,  False.
Can Chlorophyll that is also Microphyte be considered a subcategory of 'Mold'?,  False.
Can MicrobiotaTaxonomy that is also Poultry be considered a subcategory of 'Microphyte'?,  False.
Can Diatom that is also Plant be considered a subcategory of 'Crown'?,  False.
Can Invertebrate that is also Radiolarian be considered a subcategory of 'Macrophyte'?,  False.
Can Human that is also Jellyfish be considered a subcategory of 'TreeRing'?,  False.
Can Anemone that is also Coccolithophore be considered a subcategory of 'ExoticVegetation'?,  False.
Can Fern that is also FloweringPlant be considered a subcategory of 'Mushroom'?,  False.
Can Crop that is also FloweringPlant be considered a subcategory of 'Amoebae'?,  False.
Can Echinoderm that is also Microbiota be considered a subcategory of 'Crustacean'?,  False.
Can Crown that is also Invertebrate be considered a subcategory of 'Phytoplankton'?,  False.
Can FungiTaxonomy that is also Vegetation be considered a subcategory of 'VegetationSpecies'?,  False.
Can Coral that is also Crop be considered a subcategory of 'Human'?,  False.
Can Pollen that is also Zooplankton be considered a subcategory of 'BlueGreenAlgae'?,  False.
Can Algae that is also Radiolarian be considered a subcategory of 'Diatom'?,  False.
Can Human that is also IndigenousSpecies be considered a subcategory of 'Roundworm'?,  False.
Can Arachnid that is also Fungi be considered a subcategory of 'Invertebrate'?,  False.
Can DeciduousVegetation that is also Flagellate be considered a subcategory of 'Arthropod'?,  False.
Can Coccolithophore that is also Crop be considered a subcategory of 'Reptile'?,  False.
Can Microbiota that is also TreeRing be considered a subcategory of 'SlimeMold'?,  False.
Can EvergreenVegetation that is also Poultry be considered a subcategory of 'DominantSpecies'?,  False.
Can Diatom that is also Mollusk be considered a subcategory of 'MarineMicrobiota'?,  False.
Can Coral that is also Diatom be considered a subcategory of 'Bird'?,  False.
Can Algae that is also VegetationSpecies be considered a subcategory of 'SegmentedWorm'?,  False.
Can Coccolithophore that is also Nutrient be considered a subcategory of 'Millipede'?,  False.
Can ExoticVegetation that is also FloweringPlant be considered a subcategory of 'MarineBird'?,  False.
Can Radiolarian that is also Roundworm be considered a subcategory of 'Mammal'?,  False.
Can Dairy that is also Leaf be considered a subcategory of 'Liverwort'?,  False.
Crop and MarinePlant SubClassOf Arthropod,  False.
Canopy and MarineMicrobiota SubClassOf Macroalgae,  False.
MarineInvertebrate and Poultry SubClassOf Human,  False.
Diatom and Human SubClassOf Invertebrate,  False.
Amphibian and Coral SubClassOf VegetationCover,  False.
Algae and Mammal SubClassOf Reptile,  False.
Coccolithophore and Sponge SubClassOf Roundworm,  False.
FloweringPlant and MarineBird SubClassOf Canopy,  False.
MarineMammal and Roundworm SubClassOf MarineBird,  False.
Amoebae and Leaf SubClassOf Flatworm,  False.
IndigenousVegetation and Invertebrate SubClassOf SlimeMold,  False.
Foraminifer and Vegetation SubClassOf Millipede,  False.
Fungi and MarineMicrobiota SubClassOf Zooplankton,  False.
DeciduousVegetation and Microbiota SubClassOf Mammal,  False.
Moss and Reptile SubClassOf IndigenousSpecies,  False.
Macroalgae and Microphyte SubClassOf Radiolarian,  False.
Chlorophyll and Coccolithophore SubClassOf Bacteria,  False.
FloweringPlant and Microphyte SubClassOf Poultry,  False.
Crop and Dairy SubClassOf Yeast,  False.
MarineMicrobiota and Mold SubClassOf Algae,  False.
Invertebrate and Jellyfish SubClassOf EvergreenVegetation,  False.
Roundworm and Vegetation SubClassOf Leaf,  False.
Ciliate and MarineMammal SubClassOf Vegetation,  False.
Algae and Mushroom SubClassOf Centipede,  False.
Echinoderm and Reptile SubClassOf Microphyte,  False.
Anemone and Microphyte SubClassOf Pollen,  False.
Animal and Plant SubClassOf MarineAnimal,  False.
FloweringPlant and Leaf SubClassOf Livestock,  False.
Pollen and Radiolarian SubClassOf Coral,  False.
Crown and MarineInvertebrate SubClassOf Mushroom,  False.
Fern and Fungi SubClassOf ExoticSpecies,  False.
Nutrient and Protist SubClassOf Sponge,  False.
Sporozoan SubClassOf Bird,  False.
Coccolithophore and Lichen SubClassOf Vertebrate,  False.
Crown and Plankton SubClassOf Plant,  False.
Insect and SlimeMold SubClassOf Echinoderm,  False.
Lichen and VegetationCover SubClassOf Amphibian,  False.
Diatom and Litter SubClassOf Flagellate,  False.
Macroalgae and VegetationSpecies SubClassOf Yeast,  False.
Amoebae and Leaf SubClassOf Centipede,  False.
Chlorophyll and IndigenousSpecies SubClassOf Fern,  False.
Livestock and Radiolarian SubClassOf Poultry,  False.
Dairy and Millipede SubClassOf EvergreenVegetation,  False.
Invertebrate and Phytoplankton SubClassOf Coccolithophore,  False.
Chlorophyll and Jellyfish SubClassOf ExoticSpecies,  False.
ExoticSpecies and Mushroom SubClassOf IndigenousVegetation,  False.
Ciliate and Mammal SubClassOf MarineAnimal,  False.
Poultry SubClassOf Chlorophyll,  False.
Liverwort and Macroalgae SubClassOf Insect,  False.
Bird and Radiolarian SubClassOf Litter,  False.
Human and Protist SubClassOf Mollusk,  False.
Livestock and Microalgae SubClassOf TreeRing,  False.
Crustacean and Millipede SubClassOf Ciliate,  False.
Insect and MarineAnimal SubClassOf Foraminifer,  False.
Arachnid and Mushroom SubClassOf Crustacean,  False.
Flagellate and Mammal SubClassOf ExoticVegetation,  False.
Amoebae and Animal SubClassOf MarineInvertebrate,  False.
Phytoplankton and SegmentedWorm SubClassOf Amoebae,  False.
Canopy and EvergreenVegetation SubClassOf MarineMicrobiota,  False.
Macrophyte and Mollusk SubClassOf Phytoplankton,  False.
Algae and Phytoplankton SubClassOf Jellyfish,  False.
IndigenousSpecies and Mold SubClassOf DominantSpecies,  False.
Canopy and Livestock SubClassOf Radiolarian,  False.
Macrophyte and MarineMammal SubClassOf Anemone,  False.
Phytoplankton and Vegetation SubClassOf Protist,  False.
Chlorophyll and IndigenousVegetation SubClassOf Zooplankton,  False.
Flatworm and Macroalgae SubClassOf Insect,  False.
ExoticVegetation and MarineMicrobiota SubClassOf Chlorophyll,  False.
Coral and Yeast SubClassOf Vegetation,  False.
MarineInvertebrate and Moss SubClassOf Liverwort,  False.
Mollusk and Protist SubClassOf Macrophyte,  False.
Centipede and Plant SubClassOf Plankton,  False.
Fern and Microbiota SubClassOf Crop,  False.
MarineMicrobiota and Yeast SubClassOf Livestock,  False.
Ciliate and Macrophyte SubClassOf Coral,  False.
Amphibian and Microalgae SubClassOf Crustacean,  False.
Liverwort and MarineMammal SubClassOf Ciliate,  False.
Conifer and Flagellate SubClassOf FungiTaxonomy,  False.
FloweringPlant and Lichen SubClassOf DeciduousVegetation,  False.
Crown and Echinoderm SubClassOf Nutrient,  False.
Canopy and MicrobiotaTaxonomy SubClassOf Pollen,  False.
Macrophyte and Plant SubClassOf MarineMammal,  False.
Crop and Litter SubClassOf Moss,  False.
Fish and Macroalgae SubClassOf Arthropod,  False.
Anemone and Protist SubClassOf Invertebrate,  False.
Litter and Sporozoan SubClassOf Human,  False.
Human and TreeRing SubClassOf Canopy,  False.
MarinePlant and Millipede SubClassOf Microbiota,  False.
Crown and Insect SubClassOf Diatom,  False.
FungiTaxonomy and VegetationCover SubClassOf MicrobiotaTaxonomy,  False.
Jellyfish and SegmentedWorm SubClassOf FloweringPlant,  False.
Amphibian and Mammal SubClassOf MarineBird,  False.
Amoebae and Canopy SubClassOf Arachnid,  False.
IndigenousSpecies and Sponge SubClassOf SlimeMold,  False.
Animal and Dairy SubClassOf Conifer,  False.
Leaf SubClassOf Pollen,  False.
Ciliate and Lichen SubClassOf Litter,  False.
Amphibian and Bacteria SubClassOf IndigenousVegetation,  False.
Amoebae and Fungi SubClassOf MarineMammal,  False.
Fish and Invertebrate SubClassOf Microalgae,  False.
Chlorophyll and MarinePlant SubClassOf ExoticSpecies,  False.
Conifer and ExoticSpecies SubClassOf Fish,  False.
Poultry and VegetationCover SubClassOf Arthropod,  False.
BlueGreenAlgae and Yeast SubClassOf MarineInvertebrate,  False.
MarineInvertebrate and MicrobiotaTaxonomy SubClassOf Invertebrate,  False.
Coccolithophore and Litter SubClassOf MicrobiotaTaxonomy,  False.
Crop and Plant SubClassOf Reptile,  False.
Fern and Flatworm SubClassOf Animal,  True.
Fern and Flatworm SubClassOf VegetationCover,  False.
Fern and Flatworm SubClassOf Microalgae,  False.
Fern and Flatworm SubClassOf Fungi,  False.
Fern and Flatworm SubClassOf Arachnid,  False.
Fern and Flatworm SubClassOf VegetationSpecies,  False.
Fern and Flatworm SubClassOf Livestock,  False.
Fern and Flatworm SubClassOf Sponge,  False.
Fern and Flatworm SubClassOf Diatom,  False.
Fern and Flatworm SubClassOf FungiTaxonomy,  False.
Fern and Flatworm SubClassOf MarinePlant,  False.
Fern and Flatworm SubClassOf Moss,  False.
Fern and Flatworm SubClassOf Vertebrate,  False.
Fern and Flatworm SubClassOf Radiolarian,  False.
Fern and Flatworm SubClassOf Human,  False.
Fern and Flatworm SubClassOf MarineMicrobiota,  False.
Fern SubClassOf Animal,  False.
Flatworm SubClassOf Animal,  The given
Anemone and MarineMicrobiota SubClassOf DominantSpecies,  False.
Arachnid and Conifer SubClassOf Vertebrate,  False.
Animal and Crustacean SubClassOf Sporozoan,  False.
Animal and Dairy SubClassOf BlueGreenAlgae,  False.
Yeast and Zooplankton SubClassOf VegetationCover,  False.
EvergreenVegetation and MarineInvertebrate SubClassOf Sponge,  False.
Fungi and Millipede SubClassOf Phytoplankton,  False.
Algae and Fish SubClassOf VegetationSpecies,  False.
Fern and Plankton SubClassOf Lichen,  False.
MarineMicrobiota and Nutrient SubClassOf Flatworm,  False.
Insect and Poultry SubClassOf Yeast,  False.
Coccolithophore and ExoticVegetation SubClassOf Algae,  False.
MarineMammal and VegetationSpecies SubClassOf Fern,  False.
Algae and Fungi SubClassOf Dairy,  False.
Mollusk and Sporozoan SubClassOf Amphibian,  False.
DominantSpecies and Plant SubClassOf Centipede,  False.
Microalgae and Radiolarian SubClassOf Reptile,  False.
Human and Mushroom SubClassOf SlimeMold,  False.
Conifer and MarineBird SubClassOf DominantSpecies,  False.
DeciduousVegetation and Microphyte SubClassOf MicrobiotaTaxonomy,  False.
Arachnid and Crop SubClassOf FloweringPlant,  False.
Microbiota and Millipede SubClassOf SegmentedWorm,  False.
Animal and Liverwort SubClassOf Millipede,  False.
Diatom and Roundworm SubClassOf Fungi,  False.
Coral and Fern SubClassOf Mammal,  False.
Insect and Zooplankton SubClassOf Poultry,  False.
Algae and Coccolithophore SubClassOf Radiolarian,  False.
MarineInvertebrate and Roundworm SubClassOf Insect,  False.
Invertebrate and Pollen SubClassOf Vegetation,  False.
Plankton and Vegetation SubClassOf Mold,  False.
Amphibian and Centipede SubClassOf Leaf,  False.
DominantSpecies and Vegetation SubClassOf MarineAnimal,  False.
Bacteria and Sponge SubClassOf Centipede,  False.
Arthropod and SegmentedWorm SubClassOf Fern,  False.
Bird and Coral SubClassOf ExoticSpecies,  False.
Livestock and SlimeMold SubClassOf Conifer,  False.
Moss and Vertebrate SubClassOf Microalgae,  False.
EvergreenVegetation and Microbiota SubClassOf MarineInvertebrate,  False.
ExoticVegetation and Nutrient SubClassOf DeciduousVegetation,  False.
Anemone and Macroalgae SubClassOf MarineMammal,  False.
Arachnid and Centipede SubClassOf Diatom,  False.
Liverwort and Microphyte SubClassOf Animal,  False.
MicrobiotaTaxonomy and Yeast SubClassOf Invertebrate,  False.
IndigenousVegetation and Protist SubClassOf Arthropod,  False.
MarineAnimal and Reptile SubClassOf Amphibian,  False.
Fish and Microphyte SubClassOf Flatworm,  False.
Poultry and Roundworm SubClassOf Lichen,  False.
Foraminifer and Litter SubClassOf Echinoderm,  False.
Arthropod and Radiolarian SubClassOf Fern,  False.
Human and MarinePlant SubClassOf IndigenousVegetation,  False.
DeciduousVegetation and MarineBird SubClassOf IndigenousSpecies,  False.
Crustacean and FungiTaxonomy SubClassOf Dairy,  False.
Crop and SegmentedWorm SubClassOf Chlorophyll,  False.
IndigenousSpecies and Microbiota SubClassOf Pollen,  False.
Liverwort and Reptile SubClassOf MarineAnimal,  False.
Flagellate and VegetationSpecies SubClassOf Mollusk,  False.
Coral and Livestock SubClassOf Nutrient,  False.
TreeRing and Zooplankton SubClassOf Ciliate,  False.
Plankton and Vegetation SubClassOf MarineMammal,  False.
Flatworm and Mollusk SubClassOf Microalgae,  False.
Fungi and MarineBird SubClassOf Microphyte,  False.
Crustacean and Lichen SubClassOf Crown,  False.
DominantSpecies and Reptile SubClassOf Macrophyte,  False.
Microphyte and VegetationSpecies SubClassOf Livestock,  False.
Leaf and Liverwort SubClassOf ExoticVegetation,  False.
Diatom and Foraminifer SubClassOf Mushroom,  False.
Bacteria and Radiolarian SubClassOf Amoebae,  False.
Human and Mammal SubClassOf Crustacean,  False.
Invertebrate and Plankton SubClassOf Phytoplankton,  False.
BlueGreenAlgae and FloweringPlant SubClassOf Vertebrate,  False.
Crop and ExoticSpecies SubClassOf Human,  False.
Amoebae and Microbiota SubClassOf BlueGreenAlgae,  False.
Bird and BlueGreenAlgae SubClassOf VegetationCover,  False.
Flatworm and Vegetation SubClassOf Flagellate,  False.
Coral and MicrobiotaTaxonomy SubClassOf Plant,  False.
VegetationCover and Zooplankton SubClassOf Canopy,  False.
Jellyfish and Zooplankton SubClassOf Mold,  False.
Fern and IndigenousVegetation SubClassOf Crop,  False.
Amoebae and Millipede SubClassOf Poultry,  False.
Echinoderm and IndigenousSpecies SubClassOf EvergreenVegetation,  False.
Crown and Sponge SubClassOf Coccolithophore,  False.
MarineInvertebrate and Microalgae SubClassOf ExoticSpecies,  False.
Insect and Phytoplankton SubClassOf Livestock,  False.
Chlorophyll and Pollen SubClassOf Macrophyte,  False.
Canopy and Centipede SubClassOf Crustacean,  False.
Human and Lichen SubClassOf Crown,  False.
DominantSpecies and FungiTaxonomy SubClassOf Coral,  False.
Mammal and Pollen SubClassOf Macroalgae,  False.
Leaf and VegetationCover SubClassOf Phytoplankton,  False.
Litter and MarineBird SubClassOf Invertebrate,  False.
Bacteria and Vertebrate SubClassOf Human,  False.
Diatom and Phytoplankton SubClassOf Animal,  False.
Chlorophyll and Vertebrate SubClassOf Diatom,  False.
BlueGreenAlgae and Coral SubClassOf MarineInvertebrate,  False.
ExoticVegetation and Mammal SubClassOf Moss,  False.
Lichen and Radiolarian SubClassOf MarineMicrobiota,  False.
Centipede and FungiTaxonomy SubClassOf Arachnid,  False.
SlimeMold and Sponge SubClassOf Jellyfish,  False.
Macrophyte and Yeast SubClassOf DominantSpecies,  False.
Litter and Microphyte SubClassOf Sponge,  False.
Microalgae and Vertebrate SubClassOf Bird,  False.
Centipede and Mold SubClassOf SlimeMold,  False.
Conifer and Sporozoan SubClassOf FloweringPlant,  False.
Roundworm and TreeRing SubClassOf Anemone,  False.
Echinoderm and Plant SubClassOf Vegetation,  False.
Mushroom and Pollen SubClassOf Algae,  False.
Jellyfish and VegetationCover SubClassOf Radiolarian,  False.
Flagellate and MarineMammal SubClassOf Microalgae,  False.
Algae and SegmentedWorm SubClassOf MarineInvertebrate,  False.
Phytoplankton and Pollen SubClassOf Fish,  False.
Bird and Reptile SubClassOf TreeRing,  False.
Animal and Mollusk SubClassOf ExoticVegetation,  False.
Coccolithophore and Leaf SubClassOf Animal,  False.
IndigenousSpecies and Invertebrate SubClassOf Ciliate,  False.
Amphibian and EvergreenVegetation SubClassOf FungiTaxonomy,  False.
ExoticVegetation and Fungi SubClassOf MarinePlant,  False.
DeciduousVegetation and Diatom SubClassOf Vertebrate,  False.
Reptile and TreeRing SubClassOf DominantSpecies,  False.
Conifer and Nutrient SubClassOf Jellyfish,  False.
Lichen and Poultry SubClassOf Bird,  False.
Diatom and Radiolarian SubClassOf Sponge,  False.
Radiolarian and Vertebrate SubClassOf Arachnid,  False.
MarineInvertebrate and SlimeMold SubClassOf Fungi,  False.
Amoebae and Moss SubClassOf Canopy,  False.
IndigenousSpecies and Moss SubClassOf Microbiota,  False.
Foraminifer and TreeRing SubClassOf VegetationSpecies,  False.
Echinoderm and MarineMammal SubClassOf VegetationCover,  False.
Arachnid and VegetationCover SubClassOf Flatworm,  False.
Bird and Chlorophyll SubClassOf Amphibian,  False.
BlueGreenAlgae and Jellyfish SubClassOf Millipede,  False.
IndigenousVegetation and MarineMicrobiota SubClassOf Lichen,  False.
Lichen and Liverwort SubClassOf Dairy,  False.
FungiTaxonomy and MarineAnimal SubClassOf Litter,  False.
Flatworm and Sponge SubClassOf Protist,  False.
Microalgae and Poultry SubClassOf Zooplankton,  False.
Crustacean and Litter SubClassOf Insect,  False.
Arthropod and Vertebrate SubClassOf Chlorophyll,  False.
Centipede and Macrophyte SubClassOf IndigenousVegetation,  False.
DeciduousVegetation and DominantSpecies SubClassOf Conifer,  False.
IndigenousVegetation and Millipede SubClassOf SegmentedWorm,  False.
ExoticSpecies and Foraminifer SubClassOf Yeast,  False.
Amphibian and MicrobiotaTaxonomy SubClassOf Fungi,  False.
Livestock and Mammal SubClassOf Bird,  False.
Bacteria and Moss SubClassOf Poultry,  False.
Arthropod and BlueGreenAlgae SubClassOf Vegetation,  False.
MarineMammal and SegmentedWorm SubClassOf Algae,  False.
Amoebae and Mushroom SubClassOf Bacteria,  False.
Bird and MarineAnimal SubClassOf Leaf,  False.
Protist and SlimeMold SubClassOf MarineAnimal,  False.
Canopy and Microbiota SubClassOf Fern,  False.
MarineAnimal and Nutrient SubClassOf Crown,  False.
Anemone and Macrophyte SubClassOf ExoticSpecies,  False.
Crown and Poultry SubClassOf Livestock,  False.
Liverwort and Protist SubClassOf Microphyte,  False.
Plant and SegmentedWorm SubClassOf Chlorophyll,  False.
Millipede and Mushroom SubClassOf Fish,  False.
Arachnid and Jellyfish SubClassOf Conifer,  False.
ExoticSpecies and Roundworm SubClassOf Pollen,  False.
Fern and Mold SubClassOf MarineInvertebrate,  False.
Canopy and Crop SubClassOf Invertebrate,  False.
Bacteria and Echinoderm SubClassOf TreeRing,  False.
Anemone and Arthropod SubClassOf Microalgae,  False.
Crown and MarineInvertebrate SubClassOf Animal,  False.
Bird and Human SubClassOf DominantSpecies,  False.
MarineAnimal and Pollen SubClassOf FungiTaxonomy,  False.
Crown and SlimeMold SubClassOf ExoticVegetation,  False.
Macroalgae and Sponge SubClassOf Vertebrate,  False.
EvergreenVegetation and MarineBird SubClassOf Arachnid,  False.
DominantSpecies and Nutrient SubClassOf MarineMicrobiota,  False.
Anemone and Canopy SubClassOf Reptile,  False.
BlueGreenAlgae and Radiolarian SubClassOf Mammal,  False.
Dairy and Mollusk SubClassOf Liverwort,  False.
Coral and SlimeMold SubClassOf Dairy,  False.
ExoticSpecies and Flagellate SubClassOf Pollen,  False.
Ciliate SubClassOf Foraminifer,  False.
Mold and Roundworm SubClassOf Mollusk,  False.
Dairy and MicrobiotaTaxonomy SubClassOf Ciliate,  False.
MarinePlant and Plant SubClassOf MarineInvertebrate,  False.
Invertebrate and MarineBird SubClassOf Macrophyte,  False.
Crustacean and Jellyfish SubClassOf TreeRing,  False.
Anemone and Fish SubClassOf ExoticVegetation,  False.
Fern and Microbiota SubClassOf Jellyfish,  False.
FloweringPlant and Liverwort SubClassOf Moss,  False.
Echinoderm and VegetationSpecies SubClassOf Crustacean,  False.
Animal and MicrobiotaTaxonomy SubClassOf Mushroom,  False.
Livestock and Phytoplankton SubClassOf Human,  False.
Crustacean and Insect SubClassOf Coral,  False.
Algae and SegmentedWorm SubClassOf Diatom,  False.
IndigenousSpecies and Mushroom SubClassOf Roundworm,  False.
Arachnid and Millipede SubClassOf BlueGreenAlgae,  False.
ExoticSpecies and Flagellate SubClassOf Arthropod,  False.
Coccolithophore and Mold SubClassOf Flagellate,  False.
Canopy and TreeRing SubClassOf SlimeMold,  False.
EvergreenVegetation and Mammal SubClassOf Canopy,  False.
Arthropod and Mollusk SubClassOf VegetationCover,  False.
Diatom and Plankton SubClassOf Flatworm,  False.
Flatworm and VegetationSpecies SubClassOf IndigenousSpecies,  False.
Macrophyte and Nutrient SubClassOf Millipede,  False.
Microbiota and Sporozoan SubClassOf MarineBird,  False.
Microbiota and Plankton SubClassOf ExoticSpecies,  False.
Bird and Flatworm SubClassOf Crown,  False.
Fish and Macroalgae SubClassOf MarineAnimal,  False.
MarineMicrobiota and Yeast SubClassOf Coccolithophore,  False.
BlueGreenAlgae and Liverwort SubClassOf Nutrient,  False.
Conifer and Mollusk SubClassOf Invertebrate,  False.
ExoticVegetation and Protist SubClassOf MarineMammal,  False.
Centipede and Fern SubClassOf DeciduousVegetation,  False.
Crustacean and Flagellate SubClassOf Animal,  False.
Animal and Ciliate SubClassOf Diatom,  False.
Macrophyte and Plant SubClassOf Human,  False.
Foraminifer and Microalgae SubClassOf Macroalgae,  False.
Centipede and Millipede SubClassOf Microbiota,  False.
Algae and DominantSpecies SubClassOf Millipede,  False.
Amphibian and Phytoplankton SubClassOf MicrobiotaTaxonomy,  False.
Arachnid and Crustacean SubClassOf Canopy,  False.
Crown and ExoticVegetation SubClassOf Arachnid,  False.
FungiTaxonomy and Zooplankton SubClassOf Vertebrate,  False.
Crop and Plankton SubClassOf MarinePlant,  False.
Fish and Flatworm SubClassOf MarineMicrobiota,  False.
Canopy and Plant SubClassOf Bird,  False.
Foraminifer and Sponge SubClassOf Algae,  False.
BlueGreenAlgae and Human SubClassOf Plant,  False.
MarinePlant and Mollusk SubClassOf Sponge,  False.
MarineBird and Vegetation SubClassOf Amphibian,  False.
Crustacean and IndigenousVegetation SubClassOf Poultry,  False.
Flagellate and MarineBird SubClassOf Radiolarian,  False.
Amphibian and Ciliate SubClassOf Echinoderm,  False.
Coral and Liverwort SubClassOf Fern,  False.
Moss and VegetationSpecies SubClassOf IndigenousVegetation,  False.
Dairy and Livestock SubClassOf EvergreenVegetation,  False.
MarineMammal and MarinePlant SubClassOf Leaf,  False.
BlueGreenAlgae and MarineAnimal SubClassOf Crustacean,  False.
MicrobiotaTaxonomy and Vertebrate SubClassOf Sporozoan,  False.
Centipede and Ciliate SubClassOf FungiTaxonomy,  False.
DominantSpecies and Invertebrate SubClassOf ExoticVegetation,  False.
Flatworm and Nutrient SubClassOf Vertebrate,  False.
Anemone and Echinoderm SubClassOf Arachnid,  False.
Pollen and VegetationCover SubClassOf BlueGreenAlgae,  False.
Bird and FloweringPlant SubClassOf MarinePlant,  False.
Fish and MicrobiotaTaxonomy SubClassOf Sponge,  False.
Crown and IndigenousVegetation SubClassOf Yeast,  False.
Litter and Moss SubClassOf VegetationSpecies,  False.
Crop and EvergreenVegetation SubClassOf VegetationCover,  False.
MarinePlant and Sponge SubClassOf Flatworm,  False.
Microalgae and Reptile SubClassOf Amphibian,  False.
Arachnid and FungiTaxonomy SubClassOf Algae,  False.
Arthropod and ExoticSpecies SubClassOf Bacteria,  False.
Insect and Pollen SubClassOf MarineBird,  False.
Bird and Coccolithophore SubClassOf Protist,  False.
MarineAnimal and Zooplankton SubClassOf SlimeMold,  False.
EvergreenVegetation and Vertebrate SubClassOf FloweringPlant,  False.
Moss and Sporozoan SubClassOf Anemone,  False.
Diatom and EvergreenVegetation SubClassOf Vegetation,  False.
Plankton and TreeRing SubClassOf Zooplankton,  False.
Echinoderm and Nutrient SubClassOf Dairy,  False.
Arachnid and Lichen SubClassOf Chlorophyll,  False.
Bacteria and ExoticSpecies SubClassOf Fish,  False.
Jellyfish and VegetationSpecies SubClassOf Liverwort,  False.
Fungi and IndigenousVegetation SubClassOf Insect,  False.
Bacteria and Chlorophyll SubClassOf Plankton,  False.
Arthropod and ExoticSpecies SubClassOf Ciliate,  False.
Dairy and Sponge SubClassOf Livestock,  False.
Leaf and Microalgae SubClassOf Macrophyte,  False.
Algae and Diatom SubClassOf Amphibian,  False.
Crop and Zooplankton SubClassOf Centipede,  False.
Arachnid and Human SubClassOf Bacteria,  False.
FloweringPlant and Pollen SubClassOf MarineAnimal,  False.
Coral and Plankton SubClassOf Livestock,  False.
EvergreenVegetation and MarineMicrobiota SubClassOf Fern,  False.
Coccolithophore and Insect SubClassOf Leaf,  False.
DominantSpecies and Mammal SubClassOf ExoticSpecies,  False.
Phytoplankton and VegetationSpecies SubClassOf DeciduousVegetation,  False.
Algae and MarineInvertebrate SubClassOf Conifer,  False.
Invertebrate and Sporozoan SubClassOf Pollen,  False.
Bacteria and Macrophyte SubClassOf MarineInvertebrate,  False.
Dairy and SlimeMold SubClassOf Invertebrate,  False.
Fungi and Mold SubClassOf Nutrient,  False.
Canopy and Lichen SubClassOf Microalgae,  False.
ExoticVegetation and MarineMicrobiota SubClassOf Amoebae,  False.
Coccolithophore and Macroalgae SubClassOf FungiTaxonomy,  False.
Diatom and MarineMammal SubClassOf Macrophyte,  False.
Coral and Crop SubClassOf Plankton,  False.
Algae and Yeast SubClassOf Sporozoan,  False.
Invertebrate and Protist SubClassOf BlueGreenAlgae,  False.
FloweringPlant and Vertebrate SubClassOf ExoticVegetation,  False.
MarineMammal and Microbiota SubClassOf Animal,  False.
Conifer and Leaf SubClassOf Arachnid,  False.
Macrophyte and Reptile SubClassOf Fungi,  False.
Centipede and Vegetation SubClassOf MarinePlant,  False.
Animal and Liverwort SubClassOf Vertebrate,  False.
Animal and DeciduousVegetation SubClassOf Yeast,  False.
Radiolarian and Roundworm SubClassOf Echinoderm,  False.
Microalgae and Microphyte SubClassOf VegetationCover,  False.
Fungi and Mushroom SubClassOf Sponge,  False.
Crown and Reptile SubClassOf Foraminifer,  False.
Protist and Sponge SubClassOf Macrophyte,  False.
Arthropod and Macrophyte SubClassOf Mold,  False.
Lichen and MarinePlant SubClassOf Insect,  False.
Macroalgae and Vegetation SubClassOf Crown,  False.
Insect and Mollusk SubClassOf Amoebae,  False.
SegmentedWorm and Sporozoan SubClassOf TreeRing,  False.
IndigenousSpecies and Litter SubClassOf Microphyte,  False.
Coral and Millipede SubClassOf Jellyfish,  False.
Amoebae and ExoticVegetation SubClassOf Human,  False.
Livestock and VegetationCover SubClassOf Crustacean,  False.
Livestock and TreeRing SubClassOf ExoticVegetation,  False.
Mammal and SlimeMold SubClassOf Vertebrate,  False.
Phytoplankton and Yeast SubClassOf Plant,  False.
IndigenousSpecies and Macroalgae SubClassOf BlueGreenAlgae,  False.
Mushroom and Vertebrate SubClassOf Phytoplankton,  False.
ExoticSpecies and Sporozoan SubClassOf Roundworm,  False.
Amoebae and Anemone SubClassOf DominantSpecies,  False.
Crown and Leaf SubClassOf Arthropod,  False.
Foraminifer and Protist SubClassOf Diatom,  False.
MicrobiotaTaxonomy and VegetationCover SubClassOf SlimeMold,  False.
Livestock and VegetationCover SubClassOf Millipede,  False.
Invertebrate and Macroalgae SubClassOf MicrobiotaTaxonomy,  False.
BlueGreenAlgae and Insect SubClassOf Reptile,  False.
IndigenousSpecies and Poultry SubClassOf SegmentedWorm,  False.
Litter and Mushroom SubClassOf Radiolarian,  False.
FloweringPlant and Millipede SubClassOf MarineBird,  False.
Amoebae and Flatworm SubClassOf Bird,  False.
DeciduousVegetation and Mold SubClassOf Liverwort,  False.
Canopy and FungiTaxonomy SubClassOf Vegetation,  False.
Mammal and MarineAnimal SubClassOf Zooplankton,  False.
Fish and Phytoplankton SubClassOf Mammal,  False.
Conifer and Human SubClassOf Invertebrate,  False.
DominantSpecies and VegetationSpecies SubClassOf MarineInvertebrate,  False.
Dairy and Plankton SubClassOf Microalgae,  False.
MarineInvertebrate and MarinePlant SubClassOf Nutrient,  False.
MarineBird and MarineInvertebrate SubClassOf Diatom,  False.
Bacteria and Flatworm SubClassOf MicrobiotaTaxonomy,  False.
Canopy and Fish SubClassOf Moss,  False.
Fungi and Yeast SubClassOf Animal,  False.
Foraminifer and MarineMicrobiota SubClassOf Arachnid,  False.
ExoticSpecies and Mollusk SubClassOf SlimeMold,  False.
ExoticVegetation and Mammal SubClassOf DominantSpecies,  False.
Fern and Leaf SubClassOf MarineMicrobiota,  False.
Algae and BlueGreenAlgae SubClassOf Bird,  False.
Ciliate and MarineMicrobiota SubClassOf Algae,  False.
Amoebae and Plant SubClassOf FloweringPlant,  False.
MarineMammal and Moss SubClassOf SegmentedWorm,  False.
Macrophyte and Mold SubClassOf Flagellate,  False.
Chlorophyll and Radiolarian SubClassOf Sponge,  False.
Canopy and Centipede SubClassOf VegetationCover,  False.
Mushroom and Sporozoan SubClassOf Poultry,  False.
Animal and Litter SubClassOf IndigenousSpecies,  False.
FungiTaxonomy and Microphyte SubClassOf Echinoderm,  False.
Microalgae and Protist SubClassOf Amphibian,  False.
Millipede and VegetationCover SubClassOf IndigenousVegetation,  False.
Echinoderm and MarineMammal SubClassOf MarineAnimal,  False.
Macroalgae and Roundworm SubClassOf Dairy,  False.
Insect and Plant SubClassOf Fern,  False.
Amphibian and Insect SubClassOf Pollen,  False.
Animal and Pollen SubClassOf MarineMammal,  False.
Flagellate and Zooplankton SubClassOf Coccolithophore,  False.
Ciliate and Fern SubClassOf Chlorophyll,  False.
Amphibian and TreeRing SubClassOf Roundworm,  False.
Animal and Nutrient SubClassOf VegetationSpecies,  False.
Algae and Mollusk SubClassOf Human,  False.
Ciliate and Coccolithophore SubClassOf Macroalgae,  False.
Conifer and Vertebrate SubClassOf Microbiota,  False.
Fungi and SlimeMold SubClassOf Millipede,  False.
ExoticVegetation and Leaf SubClassOf VegetationCover,  False.
Diatom and MarinePlant SubClassOf Sponge,  False.
Dairy and MarineInvertebrate SubClassOf Amphibian,  False.
Mold and Poultry SubClassOf Centipede,  False.
DeciduousVegetation and Yeast SubClassOf Lichen,  False.
Radiolarian and Yeast SubClassOf Flatworm,  False.
Ciliate and MicrobiotaTaxonomy SubClassOf Litter,  False.
Livestock and Mushroom SubClassOf Mollusk,  False.
Chlorophyll and Moss SubClassOf Zooplankton,  False.
EvergreenVegetation and Microphyte SubClassOf Dairy,  False.
Dairy and Flatworm SubClassOf Vegetation,  False.
MarinePlant and Poultry SubClassOf Liverwort,  False.
Amphibian and VegetationCover SubClassOf Radiolarian,  False.
Animal and Bird SubClassOf Anemone,  False.
Fish and Macrophyte SubClassOf Crop,  False.
DeciduousVegetation and Yeast SubClassOf Livestock,  False.
Conifer and Litter SubClassOf EvergreenVegetation,  False.
Fungi and MarineAnimal SubClassOf Leaf,  False.
ExoticVegetation and Phytoplankton SubClassOf ExoticSpecies,  False.
Fern and Reptile SubClassOf Crown,  False.
Crustacean and MarineInvertebrate SubClassOf Macrophyte,  False.
Arthropod and Poultry SubClassOf Plankton,  False.
IndigenousSpecies and Plant SubClassOf Sporozoan,  False.
MarineMammal and Vegetation SubClassOf BlueGreenAlgae,  False.
Flagellate and MarineMicrobiota SubClassOf Coral,  False.
Mollusk and SegmentedWorm SubClassOf Crustacean,  False.
Jellyfish and SegmentedWorm SubClassOf Flatworm,  False.
MicrobiotaTaxonomy and Mushroom SubClassOf IndigenousSpecies,  False.
Arachnid and Ciliate SubClassOf Echinoderm,  False.
ExoticSpecies and Invertebrate SubClassOf Amphibian,  False.
Echinoderm and Mold SubClassOf IndigenousVegetation,  False.
Anemone and Canopy SubClassOf MarineAnimal,  False.
Bacteria and Plant SubClassOf Centipede,  False.
Arthropod and FloweringPlant SubClassOf Fern,  False.
Crown and Protist SubClassOf MarineMammal,  False.
Fern and MarineAnimal SubClassOf Mollusk,  False.
Crop and SlimeMold SubClassOf Conifer,  False.
Macroalgae and MarinePlant SubClassOf Ciliate,  False.
Canopy and EvergreenVegetation SubClassOf MarineInvertebrate,  False.
FungiTaxonomy and Nutrient SubClassOf DeciduousVegetation,  False.
Anemone and Human SubClassOf Nutrient,  False.
Amphibian and Mollusk SubClassOf Plankton,  False.
Animal and Coccolithophore SubClassOf Amoebae,  False.
Algae and IndigenousSpecies SubClassOf TreeRing,  False.
Ciliate and EvergreenVegetation SubClassOf Microphyte,  False.
Conifer and ExoticVegetation SubClassOf Mushroom,  False.
Diatom and Fungi SubClassOf Sporozoan,  False.
Leaf and TreeRing SubClassOf Crustacean,  False.
MarinePlant and Nutrient SubClassOf ExoticVegetation,  False.
Lichen and MarineInvertebrate SubClassOf Vertebrate,  False.
Poultry and Radiolarian SubClassOf Plant,  False.
DeciduousVegetation and VegetationSpecies SubClassOf BlueGreenAlgae,  False.
SlimeMold and Yeast SubClassOf Phytoplankton,  False.
Chlorophyll and MarineMicrobiota SubClassOf Flagellate,  False.
Livestock and Microphyte SubClassOf Yeast,  False.
Dairy and Diatom SubClassOf VegetationSpecies,  False.
Fern and Mold SubClassOf VegetationCover,  False.
Microalgae and MicrobiotaTaxonomy SubClassOf Crop,  False.
Crustacean and Livestock SubClassOf Foraminifer,  False.
Conifer and Macroalgae SubClassOf EvergreenVegetation,  False.
Insect and Macrophyte SubClassOf Mold,  False.
Arachnid and SegmentedWorm SubClassOf Microphyte,  False.
Flagellate and Mushroom SubClassOf Crown,  False.
Animal and Millipede SubClassOf Macrophyte,  False.
Amoebae and Phytoplankton SubClassOf Plankton,  False.
EvergreenVegetation and Mold SubClassOf Sporozoan,  False.
Canopy and Insect SubClassOf Jellyfish,  False.
Algae and Mammal SubClassOf Coral,  False.
Arthropod and Zooplankton SubClassOf Crustacean,  False.
Crown and Nutrient SubClassOf Phytoplankton,  False.
Protist and Sporozoan SubClassOf VegetationSpecies,  False.
Coccolithophore and Macrophyte SubClassOf Human,  False.
Plankton and SlimeMold SubClassOf Macroalgae,  False.
Amphibian and Millipede SubClassOf Diatom,  False.
ExoticSpecies and Mammal SubClassOf MicrobiotaTaxonomy,  False.
MicrobiotaTaxonomy and Sponge SubClassOf Moss,  False.
Livestock and MarineBird SubClassOf Arthropod,  False.
Mammal and MarineMammal SubClassOf Reptile,  False.
Arthropod and Coral SubClassOf SlimeMold,  False.
IndigenousVegetation and SegmentedWorm SubClassOf DominantSpecies,  False.
Livestock and Mushroom SubClassOf MarineMicrobiota,  False.
MarineAnimal and MarineMicrobiota SubClassOf Bird,  False.
Microbiota and SlimeMold SubClassOf Algae,  False.
Mold and Moss SubClassOf FloweringPlant,  False.
Canopy and Macroalgae SubClassOf MarineBird,  False.
Nutrient and Poultry SubClassOf Mammal,  False.
Bird and Crown SubClassOf Radiolarian,  False.
Protist SubClassOf Anemone,  False.
Crop and ExoticVegetation SubClassOf MarineInvertebrate,  False.
Fish and Zooplankton SubClassOf Ciliate,  False.
Anemone and Plankton SubClassOf MarineMammal,  False.
Flatworm and Litter SubClassOf Microalgae,  False.
Human and Plant SubClassOf Animal,  False.
Foraminifer and MarinePlant SubClassOf DominantSpecies,  False.
BlueGreenAlgae and Crown SubClassOf FungiTaxonomy,  False.
FungiTaxonomy and Mollusk SubClassOf Moss,  False.
Amphibian and SegmentedWorm SubClassOf MarineMicrobiota,  False.
Amphibian and Crustacean SubClassOf Arachnid,  False.
Flagellate and Reptile SubClassOf MicrobiotaTaxonomy,  False.
Ciliate and Sponge SubClassOf MarinePlant,  False.
Liverwort and Livestock SubClassOf SegmentedWorm,  False.
MarineMammal and VegetationSpecies SubClassOf Yeast,  False.
Dairy and Vegetation SubClassOf Fungi,  False.
IndigenousVegetation and MarinePlant SubClassOf FloweringPlant,  False.
BlueGreenAlgae and SlimeMold SubClassOf Microbiota,  False.
Lichen and Mollusk SubClassOf Flagellate,  False.
Diatom and ExoticVegetation SubClassOf Plant,  The given
VegetationSpecies and Zooplankton SubClassOf Canopy,  False.
Flagellate and Leaf SubClassOf Amphibian,  False.
Chlorophyll and Ciliate SubClassOf Protist,  False.
Bacteria and Roundworm SubClassOf Lichen,  False.
Dairy and Foraminifer SubClassOf Flatworm,  False.
Dairy and Invertebrate SubClassOf Litter,  False.
Jellyfish and MarinePlant SubClassOf IndigenousVegetation,  False.
ExoticSpecies and MarineBird SubClassOf IndigenousSpecies,  False.
Ciliate and Crustacean SubClassOf Dairy,  False.
Fish and FloweringPlant SubClassOf Chlorophyll,  False.
Flatworm and Yeast SubClassOf Fish,  False.
Liverwort and MicrobiotaTaxonomy SubClassOf Conifer,  False.
VegetationCover and VegetationSpecies SubClassOf Mollusk,  False.
Pollen and Zooplankton SubClassOf Macroalgae,  False.
Bird and EvergreenVegetation SubClassOf Roundworm,  False.
Conifer and Millipede SubClassOf BlueGreenAlgae,  False.
Algae and Vertebrate SubClassOf Arthropod,  False.
Moss and Plankton SubClassOf Reptile,  False.
EvergreenVegetation and MarineInvertebrate SubClassOf Microbiota,  False.
Insect and Nutrient SubClassOf Canopy,  False.
Echinoderm and Pollen SubClassOf VegetationCover,  False.
Arachnid and VegetationSpecies SubClassOf Flatworm,  False.
ExoticSpecies and Fungi SubClassOf IndigenousSpecies,  False.
Jellyfish and Sporozoan SubClassOf Millipede,  False.
DominantSpecies and IndigenousVegetation SubClassOf MarineBird,  False.
Bacteria and Dairy SubClassOf Mammal,  False.
Arthropod and Leaf SubClassOf Litter,  False.
Lichen and Sponge SubClassOf Protist,  False.
Bacteria and Microalgae SubClassOf Zooplankton,  False.
Macroalgae and Plankton SubClassOf Anemone,  False.
Flatworm and Vertebrate SubClassOf Vegetation,  False.
Coral and Fish SubClassOf Algae,  False.
ExoticVegetation and Yeast SubClassOf Bacteria,  False.
BlueGreenAlgae and Protist SubClassOf Leaf,  False.
Centipede and Mollusk SubClassOf Crop,  False.
ExoticVegetation and Microbiota SubClassOf Mold,  False.
Fern and Yeast SubClassOf EvergreenVegetation,  False.
Flagellate and Macrophyte SubClassOf Plankton,  False.
Ciliate and Microalgae SubClassOf ExoticSpecies,  False.
Liverwort and Plant SubClassOf Livestock,  False.
Conifer and MarineMammal SubClassOf Microphyte,  False.
Dairy and Roundworm SubClassOf Mushroom,  False.
Arachnid and MarinePlant SubClassOf Sporozoan,  False.
Amphibian and Mushroom SubClassOf DeciduousVegetation,  False.
Animal and Crustacean SubClassOf Coral,  False.
MarineMicrobiota and TreeRing SubClassOf Litter,  False.
Coccolithophore and Coral SubClassOf Mollusk,  False.
Diatom and Mollusk SubClassOf Zooplankton,  False.
Crop and Livestock SubClassOf Mammal,  False.
Algae and Vertebrate SubClassOf Foraminifer,  False.
Invertebrate and Microbiota SubClassOf Fish,  False.
ExoticVegetation and FloweringPlant SubClassOf Chlorophyll,  The given
Coral and Macroalgae SubClassOf Pollen,  False.
Centipede and Leaf SubClassOf MarineInvertebrate,  False.
Mold and Reptile SubClassOf Moss,  False.
Vegetation and Yeast SubClassOf TreeRing,  False.
Animal and Radiolarian SubClassOf Ciliate,  False.
DeciduousVegetation and Microalgae SubClassOf Jellyfish,  False.
Mushroom and Radiolarian SubClassOf DominantSpecies,  False.
Conifer and Microphyte SubClassOf FungiTaxonomy,  False.
Fungi and Microphyte SubClassOf ExoticVegetation,  False.
Flatworm and FloweringPlant SubClassOf Sporozoan,  False.
Anemone and MarineMammal SubClassOf BlueGreenAlgae,  False.
MarineMicrobiota and VegetationCover SubClassOf Coral,  False.
Coccolithophore and FloweringPlant SubClassOf Mushroom,  False.
Fish and Vegetation SubClassOf Roundworm,  False.
Animal and DeciduousVegetation SubClassOf Canopy,  False.
Algae and Litter SubClassOf Phytoplankton,  False.
Invertebrate and MarineAnimal SubClassOf Macroalgae,  False.
MarinePlant and Microphyte SubClassOf Yeast,  False.
Fungi and Reptile SubClassOf Millipede,  False.
FungiTaxonomy and Leaf SubClassOf VegetationCover,  False.
Arthropod and Reptile SubClassOf Flagellate,  False.
Poultry and Vegetation SubClassOf Centipede,  False.
DeciduousVegetation and Sponge SubClassOf MarineBird,  False.
Radiolarian and SegmentedWorm SubClassOf Flatworm,  False.
Leaf and Sporozoan SubClassOf Crown,  False.
Anemone and Foraminifer SubClassOf Coral,  False.
Bacteria and Crown SubClassOf Coccolithophore,  False.
Mammal and Protist SubClassOf Microphyte,  False.
Invertebrate and VegetationCover SubClassOf Mushroom,  False.
BlueGreenAlgae and Livestock SubClassOf Human,  False.
ExoticSpecies and Macroalgae SubClassOf DeciduousVegetation,  False.
Amoebae and Insect SubClassOf Nutrient,  False.
Bird and IndigenousSpecies SubClassOf Diatom,  False.
Flatworm and Mushroom SubClassOf MicrobiotaTaxonomy,  False.
MarineMicrobiota and Millipede SubClassOf Macroalgae,  False.
Amoebae and VegetationCover SubClassOf Phytoplankton,  False.
Chlorophyll and MarineAnimal SubClassOf Flagellate,  False.
Canopy and Fish SubClassOf Lichen,  False.
Mammal and Poultry SubClassOf Canopy,  False.
Litter and Phytoplankton SubClassOf Microbiota,  False.
Diatom and Plant SubClassOf Vertebrate,  False.
Crop and Millipede SubClassOf Plant,  False.
Animal and Human SubClassOf MarineMicrobiota,  False.
Poultry and Roundworm SubClassOf Arachnid,  False.
Fern and FloweringPlant SubClassOf Algae,  False.
Coral and Insect SubClassOf Radiolarian,  False.
Echinoderm and Microbiota SubClassOf Fungi,  False.
Coccolithophore and Zooplankton SubClassOf Bird,  False.
MarineInvertebrate and Vegetation SubClassOf Poultry,  False.
Roundworm and Sporozoan SubClassOf EvergreenVegetation,  False.
Algae and Pollen SubClassOf Echinoderm,  False.
Invertebrate and Plankton SubClassOf Bacteria,  False.
Fungi and Macrophyte SubClassOf IndigenousVegetation,  False.
Lichen and MarineBird SubClassOf MarineAnimal,  False.
Canopy SubClassOf Crop,  False.
Macrophyte and Radiolarian SubClassOf Sporozoan,  False.
Centipede and Lichen SubClassOf Jellyfish,  False.
Chlorophyll and SlimeMold SubClassOf ExoticVegetation,  False.
Canopy and Yeast SubClassOf Crustacean,  False.
Microphyte and Sporozoan SubClassOf Arachnid,  False.
Ciliate and Litter SubClassOf VegetationSpecies,  False.
FungiTaxonomy and Mold SubClassOf MarinePlant,  False.
Chlorophyll and Protist SubClassOf Vertebrate,  False.
Roundworm and VegetationCover SubClassOf Yeast,  False.
Plant and TreeRing SubClassOf Algae,  False.
Mushroom and Vertebrate SubClassOf Plant,  False.
Insect and Jellyfish SubClassOf Sponge,  False.
Animal and Fern SubClassOf Centipede,  False.
Millipede SubClassOf Bacteria,  False.
Amoebae and Echinoderm SubClassOf Flatworm,  False.
Arthropod and Crown SubClassOf Protist,  False.
Phytoplankton and Protist SubClassOf Zooplankton,  False.
DeciduousVegetation and Macrophyte SubClassOf FloweringPlant,  False.
Crustacean and Lichen SubClassOf MarineBird,  False.
Macroalgae and SegmentedWorm SubClassOf Mammal,  False.
IndigenousSpecies and Insect SubClassOf Liverwort,  False.
Reptile and Sporozoan SubClassOf Dairy,  False.
Livestock and Millipede SubClassOf Fish,  False.
Amoebae and TreeRing SubClassOf Foraminifer,  False.
Vegetation and VegetationCover SubClassOf Insect,  False.
Mollusk and TreeRing SubClassOf Chlorophyll,  False.
Diatom and Mammal SubClassOf Ciliate,  False.
Phytoplankton and Vertebrate SubClassOf FungiTaxonomy,  False.
IndigenousSpecies and Nutrient SubClassOf Macrophyte,  False.
ExoticVegetation and Mushroom SubClassOf Plankton,  False.
Leaf and VegetationCover SubClassOf Microbiota,  False.
Bird and MarinePlant SubClassOf Millipede,  False.
Amphibian and BlueGreenAlgae SubClassOf MicrobiotaTaxonomy,  False.
Animal and MarineMicrobiota SubClassOf Reptile,  False.
Fish and Liverwort SubClassOf SegmentedWorm,  False.
MarineAnimal and Yeast SubClassOf Radiolarian,  False.
Conifer and Protist SubClassOf MarineBird,  False.
Fungi and Poultry SubClassOf FloweringPlant,  False.
Crustacean and ExoticVegetation SubClassOf Litter,  False.
Arthropod and Fern SubClassOf Vegetation,  False.
Macrophyte and MarineInvertebrate SubClassOf Zooplankton,  False.
DeciduousVegetation and Poultry SubClassOf Mammal,  False.
Flagellate and Plant SubClassOf Foraminifer,  False.
Algae and MarineMammal SubClassOf Fish,  False.
MarineMicrobiota and Phytoplankton SubClassOf Mold,  False.
Arachnid and Coccolithophore SubClassOf Insect,  False.
Conifer and Crown SubClassOf MarineAnimal,  False.
Fungi and MarineInvertebrate SubClassOf IndigenousVegetation,  False.
Crop and Dairy SubClassOf EvergreenVegetation,  False.
MarinePlant and Pollen SubClassOf Leaf,  False.
Canopy and MarineInvertebrate SubClassOf ExoticSpecies,  False.
Flatworm and Fungi SubClassOf DeciduousVegetation,  False.
Fish and Human SubClassOf Conifer,  False.
DominantSpecies and Yeast SubClassOf Coccolithophore,  False.
Mammal and MarineMicrobiota SubClassOf MarineInvertebrate,  False.
IndigenousVegetation and Mollusk SubClassOf Invertebrate,  False.
ExoticVegetation and MarineBird SubClassOf Coral,  False.
Amphibian and Fern SubClassOf Microalgae,  False.
Algae and Amoebae SubClassOf Roundworm,  False.
Ciliate and Moss SubClassOf DominantSpecies,  False.
Foraminifer and Plant SubClassOf Arthropod,  False.
MarineMammal SubClassOf Macroalgae,  False.
Arthropod and Fern SubClassOf Macrophyte,  False.
Crop and Mold SubClassOf TreeRing,  False.
Echinoderm and Microalgae SubClassOf Insect,  False.
Anemone and Bacteria SubClassOf Foraminifer,  False.
FungiTaxonomy and SlimeMold SubClassOf Amoebae,  False.
Human and Pollen SubClassOf Crustacean,  False.
DominantSpecies and Pollen SubClassOf Ciliate,  False.
Crown and MarineAnimal SubClassOf Plankton,  False.
Sponge and Zooplankton SubClassOf Sporozoan,  False.
Invertebrate and MarineBird SubClassOf BlueGreenAlgae,  False.
Bird and MarinePlant SubClassOf ExoticVegetation,  False.
Canopy and Coral SubClassOf Jellyfish,  False.
Foraminifer and IndigenousVegetation SubClassOf Plant,  False.
Foraminifer and Reptile SubClassOf Sponge,  False.
Amphibian and Vegetation SubClassOf Phytoplankton,  False.
Mammal and Roundworm SubClassOf Vertebrate,  False.
DominantSpecies and VegetationSpecies SubClassOf Canopy,  False.
MarineAnimal and SlimeMold SubClassOf MicrobiotaTaxonomy,  False.
Arthropod and ExoticVegetation SubClassOf Macroalgae,  False.
Centipede and Diatom SubClassOf Roundworm,  False.
Bird and Dairy SubClassOf Millipede,  False.
Mold and Nutrient SubClassOf MarineBird,  False.
Lichen and SlimeMold SubClassOf Reptile,  False.
Pollen and Radiolarian SubClassOf SlimeMold,  False.
Ciliate and EvergreenVegetation SubClassOf Radiolarian,  False.
MicrobiotaTaxonomy and Mushroom SubClassOf Zooplankton,  False.
Chlorophyll and Echinoderm SubClassOf Flatworm,  False.
Microphyte and Moss SubClassOf SegmentedWorm,  False.
ExoticSpecies and Plant SubClassOf Mollusk,  False.
FloweringPlant and SegmentedWorm SubClassOf Mold,  False.
IndigenousVegetation and Jellyfish SubClassOf Mammal,  False.
Arachnid and MicrobiotaTaxonomy SubClassOf Litter,  False.
Algae and Microphyte SubClassOf MarineInvertebrate,  False.
IndigenousSpecies and MarineBird SubClassOf Moss,  False.
Arachnid and Foraminifer SubClassOf Nutrient,  False.
Flagellate and Reptile SubClassOf Invertebrate,  False.
Coccolithophore and Human SubClassOf MicrobiotaTaxonomy,  False.
Liverwort and Plankton SubClassOf Canopy,  False.
Crustacean and EvergreenVegetation SubClassOf Arthropod,  False.
Insect and Radiolarian SubClassOf Diatom,  False.
Diatom and Microbiota SubClassOf SlimeMold,  False.
Plankton and VegetationSpecies SubClassOf FloweringPlant,  False.
Nutrient and VegetationSpecies SubClassOf MarineMicrobiota,  False.
Crop and Sporozoan SubClassOf Arachnid,  False.
Bacteria and Zooplankton SubClassOf Algae,  False.
BlueGreenAlgae and Dairy SubClassOf Radiolarian,  False.
FloweringPlant and SlimeMold SubClassOf MarineBird,  False.
Coral and Lichen SubClassOf Protist,  False.
DeciduousVegetation and Moss SubClassOf Yeast,  False.
Macroalgae and Radiolarian SubClassOf Echinoderm,  False.
MarineMammal and Microphyte SubClassOf VegetationCover,  False.
Coral and MarineBird SubClassOf Flagellate,  False.
Bird and Diatom SubClassOf IndigenousSpecies,  False.
Crop and Protist SubClassOf Centipede,  False.
Human and MarineMicrobiota SubClassOf Amphibian,  False.
Liverwort and Microbiota SubClassOf Poultry,  False.
Conifer and FloweringPlant SubClassOf MarineAnimal,  False.
Coral and Macrophyte SubClassOf Coccolithophore,  False.
Microbiota and Poultry SubClassOf Fern,  False.
Liverwort and Plankton SubClassOf IndigenousVegetation,  False.
Animal and Vegetation SubClassOf MarineMammal,  False.
Phytoplankton and Roundworm SubClassOf DeciduousVegetation,  False.
Microalgae and Zooplankton SubClassOf Chlorophyll,  False.
BlueGreenAlgae and Crustacean SubClassOf Pollen,  False.
IndigenousVegetation and Reptile SubClassOf VegetationSpecies,  False.
Phytoplankton and Sponge SubClassOf VegetationCover,  False.
Human and IndigenousSpecies SubClassOf Macroalgae,  False.
Jellyfish and MarinePlant SubClassOf Phytoplankton,  False.
Microalgae and Vegetation SubClassOf Flagellate,  False.
Chlorophyll and SegmentedWorm SubClassOf Sponge,  False.
Amphibian and Sponge SubClassOf Microbiota,  False.
Coral and Sporozoan SubClassOf Centipede,  False.
Litter and Moss SubClassOf IndigenousSpecies,  False.
FungiTaxonomy and Livestock SubClassOf Flatworm,  False.
Centipede and MarineMammal SubClassOf Amphibian,  False.
Microbiota and VegetationCover SubClassOf IndigenousVegetation,  False.
TreeRing and Yeast SubClassOf Conifer,  False.
Macroalgae and Vertebrate SubClassOf Dairy,  False.
Pollen and Vertebrate SubClassOf Litter,  False.
ExoticSpecies and Foraminifer SubClassOf Liverwort,  False.
Ciliate and Flagellate SubClassOf Insect,  False.
Leaf and Vegetation SubClassOf Anemone,  False.
Chlorophyll and Roundworm SubClassOf Mammal,  False.
Crustacean and MicrobiotaTaxonomy SubClassOf Livestock,  False.
Dairy and Plant SubClassOf Macrophyte,  False.
Invertebrate and Microphyte SubClassOf Mold,  False.
Jellyfish and MarineBird SubClassOf Crop,  False.
Anemone and Vertebrate SubClassOf Crown,  False.
Insect and Litter SubClassOf Coral,  False.
FloweringPlant and Human SubClassOf Plankton,  False.
Flatworm and Liverwort SubClassOf Ciliate,  False.
Crown and Echinoderm SubClassOf Jellyfish,  False.
Amoebae and FungiTaxonomy SubClassOf MarinePlant,  False.
Crop and VegetationCover SubClassOf Crustacean,  False.
Fish and TreeRing SubClassOf Sporozoan,  False.
Echinoderm and Sporozoan SubClassOf Radiolarian,  False.
DominantSpecies and Moss SubClassOf Algae,  False.
Bird and Plankton SubClassOf FloweringPlant,  False.
MarineInvertebrate and TreeRing SubClassOf SegmentedWorm,  False.
IndigenousVegetation and Lichen SubClassOf Vegetation,  False.
Arachnid and Bacteria SubClassOf Mold,  False.
IndigenousSpecies and VegetationSpecies SubClassOf Bacteria,  False.
Fungi and Jellyfish SubClassOf Anemone,  False.
Foraminifer and Microalgae SubClassOf MarineAnimal,  False.
ExoticSpecies and Radiolarian SubClassOf Livestock,  False.
Chlorophyll and Dairy SubClassOf Insect,  False.
BlueGreenAlgae and Diatom SubClassOf Amoebae,  False.
Fern and MicrobiotaTaxonomy SubClassOf DeciduousVegetation,  False.
Amoebae and MarineInvertebrate SubClassOf Microphyte,  False.
Invertebrate and Poultry SubClassOf Plankton,  False.
IndigenousSpecies and Liverwort SubClassOf Fish,  False.
Conifer and Jellyfish SubClassOf MarineMammal,  False.
Echinoderm and Protist SubClassOf Pollen,  False.
Centipede and Moss SubClassOf Chlorophyll,  False.
Chlorophyll and Mushroom SubClassOf Invertebrate,  False.
Animal and Sponge SubClassOf FungiTaxonomy,  False.
IndigenousVegetation and Macrophyte SubClassOf Microalgae,  False.
Microalgae and Phytoplankton SubClassOf MarineInvertebrate,  False.
FungiTaxonomy and Millipede SubClassOf DominantSpecies,  False.
Algae and Centipede SubClassOf MicrobiotaTaxonomy,  False.
Microalgae and Roundworm SubClassOf Moss,  False.
Arachnid and Lichen SubClassOf Animal,  False.
Insect and Vertebrate SubClassOf Arachnid,  False.
Coccolithophore and Pollen SubClassOf Fungi,  False.
DominantSpecies and Zooplankton SubClassOf Reptile,  False.
EvergreenVegetation and Litter SubClassOf Vertebrate,  False.
ExoticSpecies and Yeast SubClassOf Crustacean,  False.
Protist and SegmentedWorm SubClassOf Coral,  False.
Livestock and Vertebrate SubClassOf Plankton,  False.
Microbiota and Millipede SubClassOf Amoebae,  False.
Arthropod and Conifer SubClassOf BlueGreenAlgae,  False.
Microphyte and Mold SubClassOf Phytoplankton,  False.
Bacteria and Mold SubClassOf Human,  False.
Animal and SlimeMold SubClassOf Canopy,  False.
Crown and Roundworm SubClassOf VegetationCover,  False.
Canopy and Microalgae SubClassOf Vertebrate,  False.
MarineAnimal and Mushroom SubClassOf Roundworm,  False.
Macroalgae and Zooplankton SubClassOf MarineBird,  False.
Arachnid and Protist SubClassOf Flagellate,  False.
Millipede and Nutrient SubClassOf Yeast,  False.
FungiTaxonomy and Invertebrate SubClassOf Fungi,  False.
Amphibian and Arthropod SubClassOf FloweringPlant,  False.
Fish and MarineMammal SubClassOf SlimeMold,  False.
Algae and DeciduousVegetation SubClassOf Arachnid,  False.
DominantSpecies and Sponge SubClassOf Zooplankton,  False.
MarineAnimal and SegmentedWorm SubClassOf Bacteria,  False.
Animal and MarinePlant SubClassOf SegmentedWorm,  False.
Mold and Reptile SubClassOf Radiolarian,  False.
Bird and Mollusk SubClassOf Mold,  False.
Livestock and Nutrient SubClassOf Insect,  False.
Amphibian and SlimeMold SubClassOf Poultry,  False.
EvergreenVegetation and ExoticVegetation SubClassOf Livestock,  False.
Macroalgae and MicrobiotaTaxonomy SubClassOf Microphyte,  False.
Anemone and TreeRing SubClassOf Foraminifer,  False.
Coral and Macroalgae SubClassOf MarineAnimal,  False.
Insect and MarineMicrobiota SubClassOf DominantSpecies,  False.
MicrobiotaTaxonomy and VegetationCover SubClassOf MarineMicrobiota,  False.
Anemone and Invertebrate SubClassOf ExoticVegetation,  False.
BlueGreenAlgae and Macroalgae SubClassOf Jellyfish,  False.
Amoebae and Poultry SubClassOf Plant,  False.
Litter and MarineBird SubClassOf Fungi,  False.
Bird and Livestock SubClassOf Arachnid,  False.
Flatworm and Millipede SubClassOf SlimeMold,  False.
DeciduousVegetation and Human SubClassOf Radiolarian,  False.
FungiTaxonomy and Liverwort SubClassOf Anemone,  False.
Crustacean and MarineAnimal SubClassOf Bird,  False.
Dairy and Fish SubClassOf Algae,  False.
Microbiota and Reptile SubClassOf EvergreenVegetation,  False.
Flagellate and Plankton SubClassOf Mold,  False.
Arthropod and VegetationSpecies SubClassOf Amphibian,  False.
Fish and Phytoplankton SubClassOf Poultry,  False.
Livestock and Pollen SubClassOf Dairy,  False.
Millipede and Plankton SubClassOf Fern,  False.
EvergreenVegetation and Fern SubClassOf Flatworm,  False.
Insect and MicrobiotaTaxonomy SubClassOf IndigenousSpecies,  False.
DominantSpecies and Mushroom SubClassOf Mollusk,  False.
Mammal and VegetationSpecies SubClassOf Chlorophyll,  False.
ExoticSpecies and MarineInvertebrate SubClassOf IndigenousVegetation,  False.
SegmentedWorm and Sporozoan SubClassOf Litter,  False.
Bacteria and Canopy SubClassOf Fish,  False.
Macrophyte and Mammal SubClassOf TreeRing,  False.
Arthropod and Fungi SubClassOf Pollen,  False.
MarineBird and Mold SubClassOf MarineMammal,  False.
ExoticSpecies and Protist SubClassOf Moss,  False.
Amoebae and Nutrient SubClassOf Animal,  False.
Leaf and SlimeMold SubClassOf Ciliate,  False.
Crown and Foraminifer SubClassOf MarineInvertebrate,  False.
Flatworm and Mushroom SubClassOf Lichen,  False.
ExoticVegetation and Jellyfish SubClassOf Flatworm,  False.
Microphyte and Yeast SubClassOf Microbiota,  False.
Ciliate and Plankton SubClassOf Flagellate,  False.
Millipede and Mollusk SubClassOf Zooplankton,  False.
Echinoderm and Plant SubClassOf Dairy,  False.
Roundworm and Zooplankton SubClassOf MarineBird,  False.
BlueGreenAlgae and Plant SubClassOf Protist,  False.
Ciliate and Crop SubClassOf Liverwort,  False.
Amphibian and Pollen SubClassOf Insect,  False.
Foraminifer and Zooplankton SubClassOf Litter,  False.
Fern and Flagellate SubClassOf IndigenousVegetation,  False.
Human and MarinePlant SubClassOf MarineMammal,  False.
Conifer and DominantSpecies SubClassOf Microalgae,  False.
Crown and Crustacean SubClassOf Chlorophyll,  False.
Dairy and MarineInvertebrate SubClassOf Fish,  False.
Vegetation and Zooplankton SubClassOf MarineAnimal,  False.
BlueGreenAlgae and Mollusk SubClassOf Coccolithophore,  False.
Flatworm and SegmentedWorm SubClassOf Crop,  False.
ExoticVegetation and IndigenousSpecies SubClassOf Livestock,  False.
Foraminifer and Nutrient SubClassOf Coral,  False.
ExoticVegetation and Flagellate SubClassOf Crustacean,  False.
Livestock and Mollusk SubClassOf Microphyte,  False.
Plant and TreeRing SubClassOf Crown,  False.
Crustacean and SlimeMold SubClassOf Human,  False.
Dairy and Yeast SubClassOf Macroalgae,  False.
Ciliate and Diatom SubClassOf Nutrient,  False.
MarineBird and Vertebrate SubClassOf Invertebrate,  False.
Mold and VegetationSpecies SubClassOf MicrobiotaTaxonomy,  False.
Conifer and Fish SubClassOf Canopy,  False.
MarinePlant and Radiolarian SubClassOf Phytoplankton,  True.
MarinePlant and Radiolarian SubClassOf VegetationCover,  False.
MarinePlant and Radiolarian SubClassOf Microalgae,  True
MarinePlant SubClassOf Microalgae,  False.
Radiolarian SubClassOf Microalgae,  The given
Centipede and Liverwort SubClassOf VegetationSpecies,  False.
Macrophyte and Vertebrate SubClassOf Centipede,  False.
DeciduousVegetation and Pollen SubClassOf EvergreenVegetation,  False.
DominantSpecies and Liverwort SubClassOf Poultry,  False.
MarineAnimal SubClassOf Amphibian,  False.
Echinoderm and Phytoplankton SubClassOf Livestock,  False.
Moss and Reptile SubClassOf Conifer,  False.
Bird and Crustacean SubClassOf Leaf,  False.
Arthropod and Nutrient SubClassOf MarineAnimal,  False.
IndigenousSpecies and IndigenousVegetation SubClassOf DeciduousVegetation,  False.
Arachnid and EvergreenVegetation SubClassOf Coral,  False.
EvergreenVegetation and Flagellate SubClassOf Coccolithophore,  False.
Algae and MicrobiotaTaxonomy SubClassOf ExoticSpecies,  False.
Microalgae and TreeRing SubClassOf Invertebrate,  False.
Bacteria and Nutrient SubClassOf Arthropod,  False.
ExoticSpecies and Mollusk SubClassOf Mushroom,  False.
Coccolithophore and Sponge SubClassOf MarineInvertebrate,  False.
MarineBird and Yeast SubClassOf FungiTaxonomy,  False.
Bacteria and Plankton SubClassOf ExoticVegetation,  False.
Canopy and VegetationSpecies SubClassOf Plankton,  False.
Fish and Fungi SubClassOf Ciliate,  False.
Fern and Foraminifer SubClassOf Jellyfish,  False.
BlueGreenAlgae and MarineMammal SubClassOf MarinePlant,  False.
Flatworm and Mammal SubClassOf Animal,  True\n
Flatworm and Mammal SubClassOf VegetationCover,  False.
Flatworm and Mammal SubClassOf Microalgae,  False.
Flatworm and Mammal SubClassOf Fungi,  False.
Flatworm and Mammal SubClassOf Arachnid,  False.
Flatworm and Mammal SubClassOf VegetationSpecies,  False.
Flatworm and Mammal SubClassOf Livestock,  False.
Flatworm and Mammal SubClassOf Sponge,  False.
Flatworm and Mammal SubClassOf Diatom,  False.
Flatworm and Mammal SubClassOf FungiTaxonomy,  False.
Flatworm and Mammal SubClassOf MarinePlant,  False.
Flatworm and Mammal SubClassOf Moss,  False.
Flatworm and Mammal SubClassOf Vertebrate,  True.
Flatworm SubClassOf Vertebrate,  False.
Mammal SubClassOf Vertebrate,  True.
Mammal SubClassOf VegetationCover,  False.
Mammal SubClassOf Microalgae,  False.
Mammal SubClassOf Fungi,  False.
Mammal SubClassOf Arachnid,  False.
Mammal SubClassOf VegetationSpecies,  False.
Mammal SubClassOf Livestock,  False.
Mammal SubClassOf Sponge,  False.
Mammal SubClassOf Flatworm,  False.
Mammal SubClassOf Diatom,  False.
Mammal SubClassOf FungiTaxonomy,  False.
Mammal SubClassOf MarinePlant,  False.
Mammal SubClassOf Moss,  False.
Mammal SubClassOf Radiolarian,  False.
Mammal SubClassOf Human,  False.
Mammal SubClassOf MarineMicrobiota,  False.
Mammal SubClassOf Animal,  True.
Mammal SubClassOf Animal and Vertebrate,  False.
Mammal SubClassOf Flagellate,  False.
Mammal SubClassOf Poultry,  False.
Mammal SubClassOf MarineMammal,  False.
Mammal SubClassOf Amphibian,  False.
Mammal SubClassOf Millipede,  False.
Mammal SubClassOf Plankton,  False.
Mammal SubClassOf Roundworm,  False.
Mammal SubClassOf Microphyte,  False.
Mammal SubClassOf SlimeMold,  False.
Mammal SubClassOf Microbiota,  False.
Mammal SubClassOf MicrobiotaTaxonomy,  False.
Mammal SubClassOf Coccolithophore,  False.
Mammal SubClassOf Lichen,  False.
Mammal SubClassOf Leaf,  False.
Mammal SubClassOf Pollen,  False.
Mammal SubClassOf Mushroom,  False.
Mammal SubClassOf Fish,  False.
Mammal SubClassOf Reptile,  False.
Mammal SubClassOf MarineAnimal,  False.
Mammal SubClassOf Macroalgae,  False.
Mammal SubClassOf Foraminifer,  False.
Mammal SubClassOf Dairy,  False.
Mammal SubClassOf Liverwort,  False.
Mammal SubClassOf Crustacean,  False.
Mammal SubClassOf Canopy,  False.
Mammal SubClassOf Coral,  False.
Mammal SubClassOf ExoticVegetation,  False.
Mammal SubClassOf Macrophyte,  False.
Mammal SubClassOf SegmentedWorm,  False.
Mammal SubClassOf LivingThing,  True.
Mammal SubClassOf LivingThing and Vertebrate,  False.
Mammal SubClassOf Bird,  False.
Mammal SubClassOf Fern,  False.
Mammal SubClassOf DominantSpecies,  False.
Mammal SubClassOf BlueGreenAlgae,  False.
Mammal SubClassOf EvergreenVegetation,  False.
Mammal SubClassOf TreeRing,  False.
Mammal SubClassOf Vegetation,  False.
Mammal SubClassOf ExoticSpecies,  False.
Mammal SubClassOf Litter,  False.
Mammal SubClassOf Crown,  False.
Mammal SubClassOf Jellyfish,  False.
Mammal SubClassOf Invertebrate,  False.
Mammal SubClassOf Anemone,  False.
Mammal SubClassOf Ciliate,  False.
Mammal SubClassOf Zooplankton,  False.
Mammal SubClassOf FloweringPlant,  False.
Mammal SubClassOf Sporozoan,  False.
Mammal SubClassOf IndigenousVegetation,  False.
Mammal SubClassOf Nutrient,  False.
Mammal SubClassOf IndigenousSpecies,  False.
Mammal SubClassOf MarineInvertebrate,  False.
Mammal SubClassOf Conifer,  False.
Mammal SubClassOf Yeast,  False.
Mammal SubClassOf Protist,  False.
Mammal SubClassOf Centipede,  False.
Mammal SubClassOf Crop,  False.
Mammal SubClassOf Algae,  False.
Mammal SubClassOf Arthropod,  False.
Mammal SubClassOf MarineBird,  False.
Mammal SubClassOf Chlorophyll,  False.
Mammal SubClassOf Mollusk,  False.
Mammal SubClassOf Echinoderm,  False.
Mammal SubClassOf Plant,  False.
Mammal SubClassOf Amoebae,  False.
Mammal SubClassOf Insect,  False.
Mammal SubClassOf Mold,  False.
Mammal SubClassOf Bacteria,  False.
Mammal SubClassOf DeciduousVegetation,  False.
Mammal SubClassOf Phytoplankton,  False.
ExoticVegetation and IndigenousVegetation SubClassOf Sporozoan,  False.
BlueGreenAlgae and ExoticSpecies SubClassOf Fungi,  False.
MarineMicrobiota and Sponge SubClassOf Plant,  False.
Amoebae and IndigenousVegetation SubClassOf Vertebrate,  False.
FungiTaxonomy and Protist SubClassOf Algae,  False.
Centipede and Poultry SubClassOf Bacteria,  False.
Microalgae and VegetationCover SubClassOf Sponge,  False.
Bacteria and Bird SubClassOf Yeast,  False.
DominantSpecies and Sporozoan SubClassOf Amoebae,  False.
Diatom and MarineAnimal SubClassOf DeciduousVegetation,  False.
Arthropod and Plankton SubClassOf Microphyte,  False.
Centipede and Nutrient SubClassOf Crown,  False.
Bird and Lichen SubClassOf Human,  False.
Nutrient and Radiolarian SubClassOf Macroalgae,  False.
SlimeMold and VegetationSpecies SubClassOf Nutrient,  False.
Pollen and SlimeMold SubClassOf Mushroom,  False.
Chlorophyll and EvergreenVegetation SubClassOf Roundworm,  False.
ExoticSpecies and MicrobiotaTaxonomy SubClassOf Canopy,  False.
Anemone and Dairy SubClassOf Phytoplankton,  False.
Leaf and Moss SubClassOf Diatom,  False.
ExoticSpecies and Jellyfish SubClassOf Lichen,  False.
MicrobiotaTaxonomy and SegmentedWorm SubClassOf Millipede,  False.
Ciliate and IndigenousVegetation SubClassOf Microbiota,  False.
Arachnid and Invertebrate SubClassOf Flagellate,  False.
Liverwort and Vertebrate SubClassOf Plant,  False.
MarineAnimal and Pollen SubClassOf Fungi,  False.
DominantSpecies and Protist SubClassOf Reptile,  False.
MarineAnimal and Poultry SubClassOf SlimeMold,  False.
Crustacean and Echinoderm SubClassOf Radiolarian,  False.
Animal and Moss SubClassOf Anemone,  False.
Microalgae and Nutrient SubClassOf SegmentedWorm,  False.
Flagellate and IndigenousVegetation SubClassOf EvergreenVegetation,  False.
Algae and Arachnid SubClassOf Mold,  False.
EvergreenVegetation and Phytoplankton SubClassOf Bacteria,  False.
Arachnid and MicrobiotaTaxonomy SubClassOf Poultry,  False.
Microalgae and Mollusk SubClassOf MarineAnimal,  False.
ExoticSpecies and IndigenousSpecies SubClassOf Crop,  False.
EvergreenVegetation and SegmentedWorm SubClassOf Leaf,  False.
Crustacean and MarineMammal SubClassOf Jellyfish,  False.
Coral and Radiolarian SubClassOf MarinePlant,  False.
IndigenousVegetation and Microphyte SubClassOf Animal,  False.
Livestock and MarineBird SubClassOf Sporozoan,  False.
Diatom and MarineMicrobiota SubClassOf Fungi,  False.
Crop and Microbiota SubClassOf Plant,  False.
Human and Moss SubClassOf MarineMicrobiota,  False.
Liverwort and Macroalgae SubClassOf Arachnid,  False.
Centipede and FloweringPlant SubClassOf Algae,  False.
Coral and Liverwort SubClassOf Bacteria,  False.
Microbiota and Yeast SubClassOf Sponge,  False.
Plankton and Protist SubClassOf Bird,  False.
Microalgae and Vegetation SubClassOf Centipede,  False.
Crustacean and Roundworm SubClassOf EvergreenVegetation,  False.
Conifer and Zooplankton SubClassOf Anemone,  False.
BlueGreenAlgae and Macrophyte SubClassOf Amphibian,  False.
Arthropod and Echinoderm SubClassOf IndigenousSpecies,  False.
Anemone and Mold SubClassOf Dairy,  False.
Microalgae and Plant SubClassOf MarineBird,  False.
Bacteria and FloweringPlant SubClassOf Protist,  False.
Fish and SlimeMold SubClassOf Liverwort,  False.
Crown SubClassOf Mollusk,  False.
Crop and MarineAnimal SubClassOf Mammal,  False.
Anemone and MarinePlant SubClassOf MarineMammal,  False.
Canopy and Moss SubClassOf Macrophyte,  False.
Bird and FungiTaxonomy SubClassOf Chlorophyll,  False.
Human and Nutrient SubClassOf Fish,  False.
Amphibian and Foraminifer SubClassOf FungiTaxonomy,  False.
Reptile and Vegetation SubClassOf Moss,  False.
Sponge and Vegetation SubClassOf TreeRing,  False.
Roundworm and SegmentedWorm SubClassOf Ciliate,  False.
Foraminifer and Leaf SubClassOf Millipede,  False.
Chlorophyll and Flagellate SubClassOf Lichen,  False.
Bacteria and Vegetation SubClassOf Reptile,  False.
Dairy and Roundworm SubClassOf Microbiota,  False.
Crustacean and Invertebrate SubClassOf Protist,  False.
BlueGreenAlgae and Dairy SubClassOf Zooplankton,  False.
ExoticSpecies and Microphyte SubClassOf FloweringPlant,  False.
Amoebae and MarineBird SubClassOf SegmentedWorm,  False.
FloweringPlant and VegetationSpecies SubClassOf Vegetation,  False.
Fish and Flatworm SubClassOf Liverwort,  False.
Human and MicrobiotaTaxonomy SubClassOf Mammal,  False.
Liverwort and VegetationCover SubClassOf Litter,  False.
Crop and Echinoderm SubClassOf Fish,  False.
Amoebae and Fish SubClassOf TreeRing,  False.
Anemone and Microbiota SubClassOf Insect,  False.
Litter and TreeRing SubClassOf Foraminifer,  False.
Arachnid and Microphyte SubClassOf Livestock,  False.
MarineBird and Millipede SubClassOf Conifer,  False.
Animal and Foraminifer SubClassOf Leaf,  False.
Flagellate and Roundworm SubClassOf Crop,  False.
EvergreenVegetation and Human SubClassOf Crown,  False.
Insect and Liverwort SubClassOf Coral,  False.
Algae and Crustacean SubClassOf Coccolithophore,  False.
Radiolarian and Zooplankton SubClassOf ExoticSpecies,  False.
Microbiota and Nutrient SubClassOf Invertebrate,  False.
Plankton and Sporozoan SubClassOf Arthropod,  False.
Coccolithophore and VegetationSpecies SubClassOf Microalgae,  False.
Crop and Plankton SubClassOf Nutrient,  False.
Fungi and Zooplankton SubClassOf Diatom,  False.
BlueGreenAlgae and Lichen SubClassOf MicrobiotaTaxonomy,  False.
DominantSpecies and Flatworm SubClassOf Macroalgae,  False.
Coral and VegetationSpecies SubClassOf Roundworm,  False.
Echinoderm and Microbiota SubClassOf Bacteria,  False.
Moss and Yeast SubClassOf Poultry,  False.
Chlorophyll and Microphyte SubClassOf MarineAnimal,  False.
Microalgae and Sponge SubClassOf Coccolithophore,  False.
IndigenousVegetation and Mold SubClassOf Fern,  False.
Arachnid and Conifer SubClassOf Leaf,  False.
FungiTaxonomy and Roundworm SubClassOf ExoticSpecies,  False.
Arachnid and Centipede SubClassOf DeciduousVegetation,  False.
Microalgae and Mushroom SubClassOf Conifer,  False.
Animal and Lichen SubClassOf Pollen,  False.
Vertebrate and Zooplankton SubClassOf MarineInvertebrate,  False.
Fern and Pollen SubClassOf Moss,  False.
DominantSpecies and Millipede SubClassOf Nutrient,  False.
Echinoderm and Litter SubClassOf Mushroom,  False.
Arthropod and IndigenousVegetation SubClassOf Amoebae,  False.
MarinePlant and Phytoplankton SubClassOf FungiTaxonomy,  False.
DeciduousVegetation and IndigenousSpecies SubClassOf Macrophyte,  False.
FungiTaxonomy and Jellyfish SubClassOf Plankton,  False.
Microalgae and SegmentedWorm SubClassOf Sporozoan,  False.
Amphibian and Lichen SubClassOf BlueGreenAlgae,  False.
Chlorophyll and Reptile SubClassOf ExoticVegetation,  False.
Sponge SubClassOf Jellyfish,  False.
DominantSpecies and Livestock SubClassOf Plant,  False.
Litter and TreeRing SubClassOf Fungi,  False.
FungiTaxonomy and Vegetation SubClassOf MarinePlant,  False.
Centipede and Mollusk SubClassOf Vertebrate,  False.
Macroalgae and VegetationCover SubClassOf Yeast,  False.
TreeRing and Vertebrate SubClassOf Echinoderm,  False.
Coral and Vertebrate SubClassOf VegetationCover,  False.
ExoticVegetation and Pollen SubClassOf Sponge,  False.
Fish and Invertebrate SubClassOf Moss,  False.
Amphibian and DeciduousVegetation SubClassOf Arthropod,  False.
Litter and MarineMammal SubClassOf Mushroom,  False.
Algae and MarineAnimal SubClassOf Human,  False.
MarinePlant and Reptile SubClassOf Canopy,  False.
Conifer and Reptile SubClassOf MarineMicrobiota,  False.
Animal and FungiTaxonomy SubClassOf Diatom,  False.
Arthropod and Leaf SubClassOf Roundworm,  False.
Bird and IndigenousSpecies SubClassOf FloweringPlant,  False.
Nutrient and Vegetation SubClassOf MarineBird,  False.
Flagellate and SlimeMold SubClassOf Reptile,  False.
Crown and SegmentedWorm SubClassOf SlimeMold,  False.
EvergreenVegetation and TreeRing SubClassOf Radiolarian,  False.
Coral and MicrobiotaTaxonomy SubClassOf Anemone,  False.
Anemone and Mollusk SubClassOf Protist,  False.
Livestock and Macroalgae SubClassOf SegmentedWorm,  False.
Animal and Lichen SubClassOf Echinoderm,  False.
Ciliate and VegetationSpecies SubClassOf Flagellate,  False.
Amphibian and Fungi SubClassOf Yeast,  False.
Foraminifer and Fungi SubClassOf Centipede,  False.
DeciduousVegetation and ExoticSpecies SubClassOf Fern,  False.
Mammal and MarinePlant SubClassOf Poultry,  False.
Conifer and Leaf SubClassOf EvergreenVegetation,  False.
BlueGreenAlgae and Poultry SubClassOf Coccolithophore,  False.
ExoticVegetation and MicrobiotaTaxonomy SubClassOf Microphyte,  False.
Amoebae and Yeast SubClassOf Leaf,  False.
Invertebrate and MarineInvertebrate SubClassOf MarineAnimal,  False.
Coccolithophore and Flatworm SubClassOf DeciduousVegetation,  False.
Plant and Poultry SubClassOf Nutrient,  False.
Fern and VegetationCover SubClassOf Pollen,  False.
Bird and MarineMicrobiota SubClassOf MarineMammal,  False.
Fern and Livestock SubClassOf Plant,  False.
Insect and Millipede SubClassOf Sponge,  False.
Echinoderm and Insect SubClassOf Phytoplankton,  False.
MicrobiotaTaxonomy and Zooplankton SubClassOf VegetationSpecies,  False.
MarineInvertebrate and Mushroom SubClassOf Lichen,  False.
Human and Mammal SubClassOf Echinoderm,  False.
ExoticSpecies and Pollen SubClassOf Yeast,  False.
Crown and SegmentedWorm SubClassOf Flagellate,  False.
Canopy and Fungi SubClassOf EvergreenVegetation,  False.
Macrophyte and MarineBird SubClassOf Dairy,  False.
Arthropod and DominantSpecies SubClassOf Amphibian,  False.
Canopy and Mold SubClassOf Centipede,  False.
Leaf and Protist SubClassOf Conifer,  False.
Foraminifer and Sporozoan SubClassOf Coccolithophore,  False.
Bacteria and SlimeMold SubClassOf Fern,  False.
Crown and Mammal SubClassOf IndigenousVegetation,  False.
ExoticSpecies and Vertebrate SubClassOf Mollusk,  False.
SegmentedWorm and SlimeMold SubClassOf Mold,  False.
ExoticVegetation and Livestock SubClassOf Mammal,  False.
Diatom and Millipede SubClassOf Liverwort,  False.
Arthropod and Centipede SubClassOf Macrophyte,  False.
Mold SubClassOf Plankton,  False.
Mushroom and Yeast SubClassOf Crop,  False.
Mammal and Radiolarian SubClassOf Foraminifer,  False.
Microalgae and SlimeMold SubClassOf Amoebae,  False.
Crown and Mushroom SubClassOf Crustacean,  False.
Canopy and Conifer SubClassOf Ciliate,  False.
MarineAnimal and Microphyte SubClassOf Crown,  False.
Anemone and Plant SubClassOf MarinePlant,  False.
Macroalgae and Millipede SubClassOf BlueGreenAlgae,  False.
Jellyfish and Protist SubClassOf Sporozoan,  False.
Nutrient and Roundworm SubClassOf Jellyfish,  False.
SegmentedWorm and Zooplankton SubClassOf Algae,  False.
BlueGreenAlgae and IndigenousSpecies SubClassOf Bacteria,  False.
Flatworm and Reptile SubClassOf SegmentedWorm,  False.
ExoticVegetation and Flagellate SubClassOf Protist,  False.
Coccolithophore and Foraminifer SubClassOf Liverwort,  False.
Flagellate and TreeRing SubClassOf Insect,  False.
EvergreenVegetation and Mollusk SubClassOf Anemone,  False.
Mollusk and Plant SubClassOf Vegetation,  False.
Crustacean and Diatom SubClassOf Livestock,  False.
Dairy and Vertebrate SubClassOf Microphyte,  False.
Ciliate and Nutrient SubClassOf Leaf,  False.
Amphibian and ExoticVegetation SubClassOf Crop,  False.
Radiolarian and VegetationSpecies SubClassOf Crown,  False.
Dairy and Fish SubClassOf Coral,  False.
MarinePlant and SlimeMold SubClassOf Plankton,  False.
Lichen and Liverwort SubClassOf Amoebae,  False.
Insect and Moss SubClassOf MarineMammal,  False.
BlueGreenAlgae and MicrobiotaTaxonomy SubClassOf Microalgae,  False.
Anemone and MarineMammal SubClassOf ExoticSpecies,  False.
Amoebae and Macroalgae SubClassOf Fish,  False.
Amoebae and Bird SubClassOf Arthropod,  False.
Flatworm and SegmentedWorm SubClassOf Moss,  False.
Livestock and MarineMicrobiota SubClassOf Nutrient,  False.
Millipede and VegetationCover SubClassOf Invertebrate,  False.
MarineAnimal and MarinePlant SubClassOf MicrobiotaTaxonomy,  False.
Liverwort and Macrophyte SubClassOf Reptile,  False.
Mushroom and Poultry SubClassOf Animal,  False.
Dairy and Liverwort SubClassOf Diatom,  False.
Arthropod and Microbiota SubClassOf Fungi,  False.
Phytoplankton and Plankton SubClassOf FloweringPlant,  False.
DeciduousVegetation and VegetationSpecies SubClassOf Microbiota,  False.
Crustacean and Fish SubClassOf Arachnid,  False.
Canopy and Yeast SubClassOf Mollusk,  False.
MarineInvertebrate and Sponge SubClassOf Conifer,  False.
Human and VegetationSpecies SubClassOf Mammal,  False.
Fish and MarinePlant SubClassOf Litter,  False.
Fern and Mammal SubClassOf Fish,  False.
BlueGreenAlgae and IndigenousVegetation SubClassOf TreeRing,  False.
Flatworm and MarineBird SubClassOf Pollen,  False.
Amphibian and ExoticVegetation SubClassOf MarineMammal,  False.
Amoebae and MarineMammal SubClassOf Moss,  False.
Moss and Sponge SubClassOf Arthropod,  False.
Foraminifer and Mollusk SubClassOf Microalgae,  False.
MarineMammal and Plant SubClassOf MarineInvertebrate,  False.
Arthropod and Microbiota SubClassOf DominantSpecies,  False.
Bird and Centipede SubClassOf MarineMicrobiota,  False.
Macroalgae and Microalgae SubClassOf ExoticVegetation,  False.
Bacteria and MarineMicrobiota SubClassOf Jellyfish,  False.
Flatworm and Microphyte SubClassOf BlueGreenAlgae,  False.
Ciliate and ExoticVegetation SubClassOf Phytoplankton,  False.
Mold and Yeast SubClassOf Mushroom,  False.
Chlorophyll and Plankton SubClassOf Sporozoan,  False.
Mollusk and Roundworm SubClassOf VegetationSpecies,  False.
Plant SubClassOf VegetationCover,  The given
Fern and Mushroom SubClassOf Macroalgae,  False.
BlueGreenAlgae and Jellyfish SubClassOf Roundworm,  False.
Anemone and Ciliate SubClassOf Millipede,  False.
Amphibian and Fern SubClassOf Lichen,  False.
FloweringPlant and Foraminifer SubClassOf Flagellate,  False.
Echinoderm and Flagellate SubClassOf Yeast,  False.
Crown and MarinePlant SubClassOf Centipede,  False.
Conifer and MarineInvertebrate SubClassOf Fern,  False.
Crop and Crustacean SubClassOf Flatworm,  False.
Dairy and Pollen SubClassOf IndigenousSpecies,  False.
Coccolithophore and Dairy SubClassOf MarineMicrobiota,  False.
FloweringPlant and Mold SubClassOf Reptile,  False.
Crop and Lichen SubClassOf Jellyfish,  False.
MarineMicrobiota and Radiolarian SubClassOf DominantSpecies,  False.
Ciliate and Invertebrate SubClassOf Fungi,  False.
Invertebrate and Vegetation SubClassOf Bird,  False.
Chlorophyll and Coral SubClassOf SlimeMold,  False.
Algae and ExoticSpecies SubClassOf FloweringPlant,  False.
Plant and Reptile SubClassOf Anemone,  False.
FloweringPlant and Microphyte SubClassOf Mammal,  False.
Animal and Jellyfish SubClassOf SegmentedWorm,  False.
Leaf and MicrobiotaTaxonomy SubClassOf Radiolarian,  False.
Fern and Radiolarian SubClassOf Mold,  False.
Echinoderm and Fungi SubClassOf Poultry,  False.
Anemone and DeciduousVegetation SubClassOf EvergreenVegetation,  False.
Phytoplankton and TreeRing SubClassOf Fern,  False.
Arachnid and Echinoderm SubClassOf IndigenousVegetation,  False.
Crustacean and Pollen SubClassOf IndigenousSpecies,  False.
Animal and Bird SubClassOf Centipede,  False.
Animal and IndigenousSpecies SubClassOf Conifer,  False.
EvergreenVegetation and Leaf SubClassOf Pollen,  False.
Flagellate and Moss SubClassOf Litter,  False.
Algae and Vegetation SubClassOf Mollusk,  False.
DeciduousVegetation and Nutrient SubClassOf Microalgae,  False.
Mollusk and Reptile SubClassOf MarineMammal,  False.
Coccolithophore and Conifer SubClassOf DeciduousVegetation,  False.
Poultry and VegetationSpecies SubClassOf Arthropod,  False.
Radiolarian and Sporozoan SubClassOf MarineInvertebrate,  False.
Diatom and MarineInvertebrate SubClassOf Moss,  False.
Bird and Poultry SubClassOf Flatworm,  False.
Diatom and Protist SubClassOf MarineBird,  False.
MarineMicrobiota and Radiolarian SubClassOf Flagellate,  False.
Human and Microbiota SubClassOf Lichen,  False.
Conifer and Livestock SubClassOf Dairy,  False.
Macrophyte and Millipede SubClassOf Litter,  False.
Centipede and Crop SubClassOf Protist,  False.
Liverwort and Microbiota SubClassOf IndigenousSpecies,  False.
Animal and Mushroom SubClassOf Mollusk,  False.
Mammal and Phytoplankton SubClassOf Chlorophyll,  False.
Amoebae and Microalgae SubClassOf IndigenousVegetation,  False.
Crustacean and IndigenousSpecies SubClassOf Liverwort,  False.
Algae and Canopy SubClassOf Microalgae,  False.
Macrophyte and Zooplankton SubClassOf Plankton,  False.
Arachnid and Phytoplankton SubClassOf Fish,  False.
Millipede and Mold SubClassOf MarineMammal,  False.
Crop and FungiTaxonomy SubClassOf Coccolithophore,  False.
Human and MarineMicrobiota SubClassOf Microphyte,  False.
Fish and Poultry SubClassOf Foraminifer,  False.
Crown and Diatom SubClassOf Macrophyte,  False.
Coral and Sponge SubClassOf Crustacean,  False.
Algae and MarineBird SubClassOf Nutrient,  False.
Coccolithophore and MarinePlant SubClassOf Crown,  False.
Canopy and FloweringPlant SubClassOf Amoebae,  False.
IndigenousVegetation and Roundworm SubClassOf Macroalgae,  False.
Leaf and Livestock SubClassOf Phytoplankton,  False.
Amphibian and Invertebrate SubClassOf Mushroom,  False.
Vegetation SubClassOf Human,  False.
MarineBird and Moss SubClassOf Canopy,  False.
DeciduousVegetation and Macroalgae SubClassOf Microbiota,  False.
MarineMammal and Reptile SubClassOf VegetationSpecies,  False.
Coral and Microphyte SubClassOf Roundworm,  False.
Lichen and MicrobiotaTaxonomy SubClassOf EvergreenVegetation,  False.
FungiTaxonomy and VegetationCover SubClassOf Leaf,  False.
Canopy and Invertebrate SubClassOf Vegetation,  False.
BlueGreenAlgae and Macrophyte SubClassOf Centipede,  False.
Anemone and Litter SubClassOf Microphyte,  False.
Litter and Macroalgae SubClassOf Coccolithophore,  False.
FloweringPlant and Protist SubClassOf Crop,  False.
Flatworm and Sporozoan SubClassOf Livestock,  False.
Crown and TreeRing SubClassOf Coral,  False.
FungiTaxonomy and Millipede SubClassOf Mushroom,  False.
Crop and Insect SubClassOf ExoticSpecies,  False.
Fish and VegetationCover SubClassOf DeciduousVegetation,  False.
Jellyfish and Reptile SubClassOf Arthropod,  False.
Mammal and Sponge SubClassOf Macroalgae,  False.
Amoebae and Arthropod SubClassOf Sporozoan,  False.
IndigenousSpecies and MarinePlant SubClassOf Invertebrate,  False.
Coccolithophore and Protist SubClassOf Moss,  False.
Plankton and Sporozoan SubClassOf Animal,  False.
EvergreenVegetation and Lichen SubClassOf Ciliate,  False.
Crown and Insect SubClassOf FungiTaxonomy,  False.
Diatom and Insect SubClassOf MarinePlant,  False.
VegetationCover and VegetationSpecies SubClassOf MarineMicrobiota,  False.
Litter and Nutrient SubClassOf DominantSpecies,  False.
Macroalgae and Sporozoan SubClassOf Jellyfish,  False.
Amoebae and Bacteria SubClassOf FloweringPlant,  False.
Dairy and IndigenousSpecies SubClassOf Sponge,  False.
Fungi and TreeRing SubClassOf Arachnid,  False.
Lichen and Millipede SubClassOf Fungi,  False.
ExoticSpecies and Phytoplankton SubClassOf Bacteria,  False.
Chlorophyll and Ciliate SubClassOf Anemone,  False.
Leaf and Mushroom SubClassOf Yeast,  False.
Chlorophyll and Mammal SubClassOf Algae,  False.
MarinePlant and Mushroom SubClassOf TreeRing,  False.
Animal and Conifer SubClassOf Ciliate,  False.
Animal and Microphyte SubClassOf Foraminifer,  False.
Dairy and Microalgae SubClassOf Fish,  False.
Millipede and Yeast SubClassOf FungiTaxonomy,  False.
Algae and MarineInvertebrate SubClassOf ExoticVegetation,  False.
Fungi and Roundworm SubClassOf Plankton,  False.
Arachnid and Fish SubClassOf Amoebae,  False.
Fern and Insect SubClassOf BlueGreenAlgae,  False.
MarineMicrobiota and Pollen SubClassOf MarinePlant,  False.
Poultry and Zooplankton SubClassOf Jellyfish,  False.
ExoticVegetation and Fern SubClassOf DominantSpecies,  False.
MarineMammal and Sporozoan SubClassOf Fungi,  False.
Algae and DominantSpecies SubClassOf Bird,  False.
Coccolithophore and Plankton SubClassOf Vertebrate,  False.
Sponge and Vegetation SubClassOf MicrobiotaTaxonomy,  False.
IndigenousVegetation and Macrophyte SubClassOf Reptile,  False.
Phytoplankton and SegmentedWorm SubClassOf Roundworm,  False.
Amphibian and Chlorophyll SubClassOf VegetationSpecies,  False.
Coral and Protist SubClassOf MarineBird,  False.
ExoticVegetation SubClassOf Flatworm,  False.
Lichen and Livestock SubClassOf Microbiota,  False.
FungiTaxonomy and TreeRing SubClassOf Millipede,  False.
Microbiota and Mollusk SubClassOf Zooplankton,  False.
Plant and Yeast SubClassOf Mammal,  False.
Fern and Macroalgae SubClassOf SegmentedWorm,  False.
MarineMicrobiota and Vertebrate SubClassOf Protist,  False.
Amphibian and Conifer SubClassOf Insect,  False.
MarineMammal and Protist SubClassOf Litter,  False.
Algae and Centipede SubClassOf Mollusk,  False.
Centipede and Sponge SubClassOf Bird,  False.
DominantSpecies and SegmentedWorm SubClassOf Algae,  False.
Bacteria and MarinePlant SubClassOf Plant,  False.
Arthropod and Reptile SubClassOf Fungi,  False.
Mollusk and Pollen SubClassOf Bacteria,  False.
Bird and Livestock SubClassOf Poultry,  False.
IndigenousSpecies and MarineAnimal SubClassOf Yeast,  False.
SlimeMold and Vegetation SubClassOf Echinoderm,  False.
ExoticVegetation and Moss SubClassOf Fern,  False.
EvergreenVegetation and Macroalgae SubClassOf IndigenousVegetation,  False.
Nutrient and TreeRing SubClassOf EvergreenVegetation,  False.
Anemone and Coral SubClassOf Mold,  False.
Arachnid and Yeast SubClassOf Microphyte,  False.
ExoticSpecies and Radiolarian SubClassOf Crown,  False.
MicrobiotaTaxonomy and Vertebrate SubClassOf MarineAnimal,  False.
Livestock and SlimeMold SubClassOf Coccolithophore,  False.
Amoebae and MarineAnimal SubClassOf Insect,  False.
Invertebrate and SlimeMold SubClassOf Foraminifer,  False.
Centipede and Foraminifer SubClassOf Mollusk,  False.
DominantSpecies and ExoticSpecies SubClassOf Chlorophyll,  False.
Nutrient and VegetationCover SubClassOf Ciliate,  False.
Echinoderm and FloweringPlant SubClassOf MarineInvertebrate,  False.
BlueGreenAlgae and Pollen SubClassOf Fish,  False.
Bird and MicrobiotaTaxonomy SubClassOf TreeRing,  False.
Litter and MicrobiotaTaxonomy SubClassOf ExoticVegetation,  False.
IndigenousVegetation and MarineAnimal SubClassOf Jellyfish,  False.
Flatworm and Moss SubClassOf Amoebae,  False.
EvergreenVegetation and Poultry SubClassOf FungiTaxonomy,  False.
FungiTaxonomy and SegmentedWorm SubClassOf Phytoplankton,  False.
Arthropod and Microalgae SubClassOf Vertebrate,  False.
Arachnid and Fish SubClassOf DominantSpecies,  False.
DeciduousVegetation and ExoticSpecies SubClassOf MarineMicrobiota,  False.
DominantSpecies and MarineBird SubClassOf Anemone,  False.
Canopy and Crustacean SubClassOf Mammal,  False.
MarineInvertebrate and Reptile SubClassOf IndigenousSpecies,  False.
Human and Microphyte SubClassOf Radiolarian,  False.
Bacteria and Liverwort SubClassOf Chlorophyll,  False.
Mammal and VegetationSpecies SubClassOf Crop,  False.
Fungi and Radiolarian SubClassOf Liverwort,  False.
Human and MarineBird SubClassOf Insect,  False.
Amoebae and FloweringPlant SubClassOf Ciliate,  False.
Crop and Leaf SubClassOf Foraminifer,  False.
Foraminifer and Microbiota SubClassOf Macrophyte,  False.
BlueGreenAlgae and MarineMicrobiota SubClassOf Crustacean,  False.
Vegetation and VegetationCover SubClassOf Sporozoan,  False.
Coral and Moss SubClassOf FungiTaxonomy,  False.
BlueGreenAlgae and Zooplankton SubClassOf Amoebae,  False.
Conifer and Radiolarian SubClassOf Nutrient,  False.
Human and Microphyte SubClassOf Mushroom,  False.
Centipede and SegmentedWorm SubClassOf MarineMammal,  False.
Microalgae and Mold SubClassOf DeciduousVegetation,  False.
Animal and Crop SubClassOf Arthropod,  False.
Microbiota and Roundworm SubClassOf Diatom,  False.
Liverwort and Microalgae SubClassOf Human,  False.
Diatom and Mushroom SubClassOf Macroalgae,  False.
Coral and Echinoderm SubClassOf Microbiota,  False.
Zooplankton SubClassOf Flagellate,  False.
Plankton and Plant SubClassOf MicrobiotaTaxonomy,  False.
FloweringPlant and Millipede SubClassOf Canopy,  False.
Pollen and Roundworm SubClassOf MarineBird,  False.
Foraminifer and Plankton SubClassOf Protist,  False.
Fern and Invertebrate SubClassOf SlimeMold,  False.
Insect and Vegetation SubClassOf FloweringPlant,  False.
Nutrient and Roundworm SubClassOf Coccolithophore,  False.
ExoticVegetation and Foraminifer SubClassOf ExoticSpecies,  False.
BlueGreenAlgae and Coccolithophore SubClassOf IndigenousVegetation,  False.
Mollusk and TreeRing SubClassOf Conifer,  False.
Lichen and SlimeMold SubClassOf Microalgae,  False.
FungiTaxonomy and Yeast SubClassOf Nutrient,  False.
Diatom and Sponge SubClassOf DeciduousVegetation,  False.
Macrophyte and Vertebrate SubClassOf MarineMammal,  False.
Litter and Mold SubClassOf Macroalgae,  False.
Chlorophyll and Vertebrate SubClassOf Animal,  False.
Centipede and Radiolarian SubClassOf Invertebrate,  False.
Dairy and Sporozoan SubClassOf Arthropod,  False.
Mushroom and TreeRing SubClassOf Reptile,  False.
Echinoderm and Jellyfish SubClassOf Microbiota,  False.
Microphyte and Pollen SubClassOf DominantSpecies,  False.
Ciliate and VegetationCover SubClassOf MicrobiotaTaxonomy,  False.
Flagellate and Poultry SubClassOf Vertebrate,  False.
Litter and Microphyte SubClassOf Phytoplankton,  False.
Bird and Roundworm SubClassOf Jellyfish,  False.
Flatworm and Foraminifer SubClassOf MarinePlant,  False.
DeciduousVegetation and Radiolarian SubClassOf Sponge,  False.
Crustacean and Human SubClassOf Yeast,  False.
MarineAnimal and MarineBird SubClassOf VegetationSpecies,  False.
Crustacean and Macrophyte SubClassOf Plant,  False.
Crop and Reptile SubClassOf Echinoderm,  False.
Flagellate and Microbiota SubClassOf Amphibian,  False.
Arthropod and Liverwort SubClassOf Algae,  False.
Phytoplankton and VegetationSpecies SubClassOf Lichen,  False.
Coral and Vegetation SubClassOf Leaf,  False.
Mollusk and Zooplankton SubClassOf Litter,  False.
Plankton and SegmentedWorm SubClassOf Centipede,  False.
Flatworm and IndigenousSpecies SubClassOf EvergreenVegetation,  False.
Foraminifer and Moss SubClassOf Coral,  False.
IndigenousSpecies and MarineMammal SubClassOf Mushroom,  False.
Mammal and TreeRing SubClassOf Amoebae,  False.
Echinoderm and IndigenousVegetation SubClassOf FungiTaxonomy,  False.
Arachnid and BlueGreenAlgae SubClassOf Phytoplankton,  False.
Chlorophyll and MarineMicrobiota SubClassOf Vertebrate,  False.
Amoebae and Jellyfish SubClassOf Sporozoan,  False.
IndigenousVegetation and Moss SubClassOf BlueGreenAlgae,  False.
Bacteria and Protist SubClassOf VegetationCover,  False.
FungiTaxonomy and Poultry SubClassOf Flagellate,  False.
Microbiota and Sponge SubClassOf Roundworm,  False.
Bird and Microalgae SubClassOf VegetationSpecies,  False.
Litter and Macrophyte SubClassOf Lichen,  False.
DeciduousVegetation and Vertebrate SubClassOf Flatworm,  False.
Centipede and Liverwort SubClassOf Yeast,  False.
DominantSpecies and MarineAnimal SubClassOf Echinoderm,  False.
Jellyfish and Millipede SubClassOf FloweringPlant,  False.
Echinoderm and IndigenousVegetation SubClassOf SegmentedWorm,  False.
Moss and Roundworm SubClassOf Millipede,  False.
IndigenousSpecies and Plant SubClassOf Fungi,  False.
Crop and Sponge SubClassOf Mammal,  False.
Microalgae and Pollen SubClassOf Anemone,  False.
Anemone and Phytoplankton SubClassOf Protist,  False.
Chlorophyll and Fern SubClassOf Zooplankton,  False.
Centipede and Human SubClassOf Insect,  False.
DominantSpecies SubClassOf Foraminifer,  False.
Crown and Lichen SubClassOf Vegetation,  False.
FungiTaxonomy and MarineInvertebrate SubClassOf Mold,  False.
MarineBird and Pollen SubClassOf Microphyte,  False.
Amphibian and VegetationCover SubClassOf Plankton,  False.
Canopy and Litter SubClassOf Crop,  False.
Sponge and Vertebrate SubClassOf Livestock,  False.
Crustacean and TreeRing SubClassOf Sponge,  False.
Animal and Echinoderm SubClassOf Bird,  False.
Macrophyte and Pollen SubClassOf VegetationSpecies,  False.
Bird and Microalgae SubClassOf Plant,  False.
Flagellate and Jellyfish SubClassOf Echinoderm,  False.
Algae and IndigenousVegetation SubClassOf Amphibian,  False.
Moss and Phytoplankton SubClassOf Algae,  False.
Arachnid and EvergreenVegetation SubClassOf Lichen,  False.
Fungi and Insect SubClassOf Dairy,  False.
Coccolithophore and DeciduousVegetation SubClassOf Fern,  False.
Reptile and Zooplankton SubClassOf Poultry,  False.
Poultry and Sporozoan SubClassOf Coccolithophore,  False.
Diatom SubClassOf ExoticSpecies,  False.
Plankton and Radiolarian SubClassOf IndigenousVegetation,  False.
MarineInvertebrate and Nutrient SubClassOf Conifer,  False.
Mammal and Moss SubClassOf Chlorophyll,  False.
IndigenousSpecies and IndigenousVegetation SubClassOf Crop,  False.
MarineBird and TreeRing SubClassOf Liverwort,  False.
Amphibian and Echinoderm SubClassOf Mollusk,  False.
Arachnid and Coral SubClassOf TreeRing,  False.
Chlorophyll and Moss SubClassOf Ciliate,  False.
Jellyfish and Livestock SubClassOf Foraminifer,  False.
IndigenousVegetation and MarineMammal SubClassOf Macrophyte,  False.
Bacteria and Microbiota SubClassOf Crustacean,  False.
Bird and FungiTaxonomy SubClassOf ExoticVegetation,  False.
Macroalgae and Sponge SubClassOf FungiTaxonomy,  False.
MarineMicrobiota and Microalgae SubClassOf Amoebae,  False.
Liverwort and MarineAnimal SubClassOf MarineMicrobiota,  False.
Conifer and Vertebrate SubClassOf Phytoplankton,  False.
Centipede and Protist SubClassOf Jellyfish,  False.
DominantSpecies and Poultry SubClassOf MarinePlant,  False.
Crop and Fish SubClassOf Radiolarian,  False.
Crown and Microbiota SubClassOf Anemone,  False.
Litter and Poultry SubClassOf Protist,  False.
Crop and Diatom SubClassOf Zooplankton,  False.
Coral and MarinePlant SubClassOf Insect,  False.
Algae and Reptile SubClassOf Foraminifer,  False.
Coccolithophore and FungiTaxonomy SubClassOf Vegetation,  False.
FloweringPlant and Human SubClassOf Liverwort,  False.
Amphibian and Roundworm SubClassOf Macrophyte,  False.
Leaf and Vegetation SubClassOf Plankton,  False.
Invertebrate and Sponge SubClassOf Crop,  False.
SegmentedWorm and Vegetation SubClassOf Livestock,  False.
MarineBird and MarineMammal SubClassOf Coral,  False.
Coral and DeciduousVegetation SubClassOf Crustacean,  False.
IndigenousVegetation and Reptile SubClassOf Amoebae,  False.
Livestock and Microphyte SubClassOf FungiTaxonomy,  False.
Coccolithophore and Lichen SubClassOf Microalgae,  False.
Bacteria and FloweringPlant SubClassOf Nutrient,  False.
Crop and VegetationSpecies SubClassOf Pollen,  False.
MarineMicrobiota and SlimeMold SubClassOf MarineMammal,  False.
Chlorophyll and Invertebrate SubClassOf Moss,  False.
ExoticSpecies and Vegetation SubClassOf Animal,  False.
Coral and Dairy SubClassOf Invertebrate,  False.
Algae and Leaf SubClassOf Human,  False.
MicrobiotaTaxonomy and Microphyte SubClassOf Microbiota,  False.
Ciliate and Roundworm SubClassOf Diatom,  False.
Invertebrate and Leaf SubClassOf MicrobiotaTaxonomy,  False.
Flatworm and Radiolarian SubClassOf FloweringPlant,  False.
Anemone and Human SubClassOf SegmentedWorm,  False.
Fungi and VegetationCover SubClassOf Arachnid,  False.
DeciduousVegetation and FloweringPlant SubClassOf SlimeMold,  False.
EvergreenVegetation and Protist SubClassOf Conifer,  False.
Insect and Sporozoan SubClassOf Pollen,  False.
Algae and Lichen SubClassOf Litter,  False.
Crown and Zooplankton SubClassOf Mollusk,  False.
Insect and MarineInvertebrate SubClassOf TreeRing,  False.
Sporozoan and VegetationCover SubClassOf Microalgae,  False.
Litter and Pollen SubClassOf ExoticSpecies,  False.
Macroalgae and Plankton SubClassOf Fish,  False.
Amoebae and Fungi SubClassOf Arthropod,  False.
IndigenousSpecies and Lichen SubClassOf ExoticVegetation,  False.
DominantSpecies and TreeRing SubClassOf MarineInvertebrate,  False.
Millipede and VegetationSpecies SubClassOf Invertebrate,  False.
Leaf and Phytoplankton SubClassOf MarineMicrobiota,  False.
Chlorophyll and Foraminifer SubClassOf Reptile,  False.
Bacteria and Jellyfish SubClassOf Animal,  False.
Dairy and Mammal SubClassOf DominantSpecies,  False.
Liverwort and Vertebrate SubClassOf MarinePlant,  False.
Diatom and Microbiota SubClassOf Vertebrate,  False.
ExoticVegetation and Radiolarian SubClassOf Sporozoan,  False.
Human and Macroalgae SubClassOf BlueGreenAlgae,  False.
Centipede and Coccolithophore SubClassOf VegetationCover,  False.
FloweringPlant and Liverwort SubClassOf Sponge,  False.
Crop and Yeast SubClassOf Roundworm,  False.
Microbiota and Protist SubClassOf VegetationSpecies,  False.
Microalgae and Mushroom SubClassOf Lichen,  False.
Mammal and Mushroom SubClassOf Flatworm,  False.
Conifer and Coral SubClassOf Yeast,  False.
IndigenousSpecies and Macrophyte SubClassOf Echinoderm,  False.
Arachnid and Canopy SubClassOf Fern,  False.
Macrophyte and Millipede SubClassOf Dairy,  False.
Animal and Phytoplankton SubClassOf Amphibian,  False.
Chlorophyll and Roundworm SubClassOf Centipede,  False.
SegmentedWorm and Sponge SubClassOf Crustacean,  False.
IndigenousSpecies and Macrophyte SubClassOf Coral,  False.
Phytoplankton and Reptile SubClassOf Crown,  False.
Chlorophyll and Sponge SubClassOf Amoebae,  False.
Centipede and Livestock SubClassOf BlueGreenAlgae,  False.
Sporozoan and TreeRing SubClassOf Phytoplankton,  False.
Lichen and Vegetation SubClassOf Mushroom,  False.
FungiTaxonomy and Mollusk SubClassOf Human,  False.
Macroalgae and Mollusk SubClassOf Canopy,  False.
Plant and Vertebrate SubClassOf VegetationCover,  False.
Coral and Litter SubClassOf VegetationSpecies,  False.
ExoticVegetation and Vertebrate SubClassOf Roundworm,  False.
Ciliate and Radiolarian SubClassOf Echinoderm,  False.
Amphibian and Centipede SubClassOf MarineBird,  False.
MarineMammal and SlimeMold SubClassOf Flagellate,  False.
Algae and Yeast SubClassOf Lichen,  False.
Invertebrate and Lichen SubClassOf Fungi,  False.
BlueGreenAlgae and FungiTaxonomy SubClassOf Bird,  False.
Canopy and ExoticSpecies SubClassOf SlimeMold,  False.
Amoebae and Macrophyte SubClassOf Arachnid,  False.
FloweringPlant and Litter SubClassOf Zooplankton,  False.
Flatworm and Vertebrate SubClassOf Bacteria,  False.
MicrobiotaTaxonomy and Protist SubClassOf SegmentedWorm,  False.
Sporozoan and VegetationCover SubClassOf Radiolarian,  False.
MarineAnimal and TreeRing SubClassOf Mold,  False.
Fish and Millipede SubClassOf Crop,  False.
Litter and VegetationCover SubClassOf Vegetation,  False.
Arthropod and Jellyfish SubClassOf Livestock,  False.
Mammal and MarinePlant SubClassOf Microphyte,  False.
Amoebae and DeciduousVegetation SubClassOf Foraminifer,  False.
FungiTaxonomy and IndigenousSpecies SubClassOf MarineAnimal,  False.
Foraminifer and MarineAnimal SubClassOf Amphibian,  False.
ExoticSpecies and SlimeMold SubClassOf Protist,  False.
Centipede and Mammal SubClassOf Lichen,  False.
DominantSpecies and Leaf SubClassOf Echinoderm,  False.
BlueGreenAlgae and Nutrient SubClassOf Fern,  False.
Anemone and MarineMicrobiota SubClassOf IndigenousVegetation,  False.
Amoebae and Pollen SubClassOf IndigenousSpecies,  False.
Bird and Invertebrate SubClassOf Dairy,  False.
Flatworm and MicrobiotaTaxonomy SubClassOf Chlorophyll,  False.
IndigenousVegetation and Poultry SubClassOf Pollen,  False.
Moss and VegetationCover SubClassOf Conifer,  False.
Bird and EvergreenVegetation SubClassOf Mollusk,  False.
Fish and SegmentedWorm SubClassOf Nutrient,  False.
DeciduousVegetation and Microalgae SubClassOf Ciliate,  False.
Arachnid and Litter SubClassOf MarineMammal,  False.
ExoticSpecies and MarineAnimal SubClassOf Microalgae,  False.
Fish and Millipede SubClassOf Microphyte,  False.
Echinoderm and Yeast SubClassOf Crown,  False.
Conifer and Roundworm SubClassOf Macrophyte,  False.
Plant and VegetationSpecies SubClassOf Livestock,  False.
Insect and Moss SubClassOf Sporozoan,  False.
EvergreenVegetation and Pollen SubClassOf Mushroom,  False.
Nutrient and Zooplankton SubClassOf Amoebae,  False.
Echinoderm and Fern SubClassOf Crustacean,  False.
Arachnid and Sporozoan SubClassOf Phytoplankton,  False.
DominantSpecies and ExoticSpecies SubClassOf VegetationSpecies,  False.
MicrobiotaTaxonomy and Plankton SubClassOf Human,  False.
IndigenousVegetation and MarineInvertebrate SubClassOf BlueGreenAlgae,  False.
Bacteria and MarineBird SubClassOf VegetationCover,  False.
Arthropod and Bacteria SubClassOf Flagellate,  False.
Canopy and Sponge SubClassOf Plant,  False.
Fungi and Microalgae SubClassOf Canopy,  False.
Bacteria and Centipede SubClassOf Leaf,  False.
Arthropod and Mold SubClassOf Crop,  False.
SegmentedWorm and Yeast SubClassOf Poultry,  False.
Mushroom and Radiolarian SubClassOf EvergreenVegetation,  False.
Ciliate and Crop SubClassOf Coccolithophore,  False.
Microbiota and Mushroom SubClassOf ExoticSpecies,  False.
Chlorophyll and Mold SubClassOf Livestock,  False.
Diatom and Microphyte SubClassOf Macrophyte,  False.
Coral and Plant SubClassOf Mushroom,  False.
Millipede and Zooplankton SubClassOf Sporozoan,  False.
Jellyfish and Plankton SubClassOf Crown,  False.
FloweringPlant and Roundworm SubClassOf Coral,  False.
Fern and Roundworm SubClassOf Macroalgae,  False.
Crop and Foraminifer SubClassOf Roundworm,  False.
BlueGreenAlgae and Echinoderm SubClassOf Invertebrate,  False.
Vegetation and Zooplankton SubClassOf Human,  False.
Mold and Phytoplankton SubClassOf Animal,  False.
DominantSpecies and Reptile SubClassOf Diatom,  False.
Bacteria and Crustacean SubClassOf FungiTaxonomy,  False.
Arthropod SubClassOf Moss,  False.
IndigenousSpecies and Pollen SubClassOf MarineMicrobiota,  False.
Bird and Vegetation SubClassOf Arachnid,  False.
Flagellate and MarineAnimal SubClassOf Jellyfish,  False.
SegmentedWorm and SlimeMold SubClassOf MarinePlant,  False.
Moss and TreeRing SubClassOf Sponge,  False.
EvergreenVegetation and Nutrient SubClassOf Bird,  False.
Mollusk and Nutrient SubClassOf SlimeMold,  False.
Anemone and Livestock SubClassOf FloweringPlant,  False.
Arachnid and Vertebrate SubClassOf Anemone,  False.
ExoticSpecies and SlimeMold SubClassOf Vegetation,  False.
ExoticVegetation and MicrobiotaTaxonomy SubClassOf Algae,  False.
Diatom and Livestock SubClassOf Bacteria,  False.
Bird and Flagellate SubClassOf Microalgae,  False.
Microphyte and Protist SubClassOf MarineInvertebrate,  False.
MarineMicrobiota and Roundworm SubClassOf Fish,  False.
Foraminifer and VegetationCover SubClassOf TreeRing,  False.
Dairy and MarineAnimal SubClassOf ExoticVegetation,  False.
Human and Macrophyte SubClassOf Animal,  False.
MarineBird and Poultry SubClassOf Amoebae,  False.
Crustacean and Liverwort SubClassOf FungiTaxonomy,  False.
Arthropod and Fish SubClassOf MarinePlant,  False.
Microbiota and Phytoplankton SubClassOf Vertebrate,  False.
DeciduousVegetation and Liverwort SubClassOf DominantSpecies,  False.
Crustacean and VegetationSpecies SubClassOf MarineMicrobiota,  False.
Algae and Coral SubClassOf Bird,  False.
IndigenousSpecies and Zooplankton SubClassOf Sponge,  False.
Flagellate and Flatworm SubClassOf Fungi,  False.
MarineBird and MarineInvertebrate SubClassOf Canopy,  False.
Crustacean and Human SubClassOf Microbiota,  False.
Pollen and Reptile SubClassOf VegetationSpecies,  False.
Crown and Microphyte SubClassOf VegetationCover,  False.
Fungi and Liverwort SubClassOf Flatworm,  False.
MarineBird and VegetationSpecies SubClassOf IndigenousSpecies,  False.
DominantSpecies and Radiolarian SubClassOf Millipede,  False.
Canopy and Human SubClassOf Lichen,  False.
IndigenousVegetation and Plankton SubClassOf Dairy,  False.
Flatworm and Foraminifer SubClassOf Litter,  False.
Amphibian and Crop SubClassOf Protist,  False.
Mammal and Microbiota SubClassOf Zooplankton,  False.
BlueGreenAlgae and Moss SubClassOf Insect,  False.
BlueGreenAlgae and Vegetation SubClassOf Chlorophyll,  False.
Coral and MarineMammal SubClassOf Mollusk,  False.
Amoebae and Zooplankton SubClassOf Conifer,  False.
Jellyfish and MicrobiotaTaxonomy SubClassOf Arthropod,  False.
IndigenousVegetation and Plant SubClassOf Diatom,  False.
Invertebrate and Moss SubClassOf Human,  False.
IndigenousSpecies and Jellyfish SubClassOf Invertebrate,  False.
Anemone and Sponge SubClassOf VegetationCover,  False.
Fern and Microalgae SubClassOf Reptile,  False.
Arachnid and FloweringPlant SubClassOf Roundworm,  False.
Chlorophyll and Echinoderm SubClassOf Canopy,  False.
Centipede and Crown SubClassOf MarineBird,  False.
DominantSpecies and FungiTaxonomy SubClassOf Protist,  False.
Crop and Lichen SubClassOf SlimeMold,  False.
FungiTaxonomy and Pollen SubClassOf Millipede,  False.
Canopy and Pollen SubClassOf Zooplankton,  False.
Bird and Sponge SubClassOf Mammal,  False.
Human and Litter SubClassOf IndigenousSpecies,  False.
MarinePlant and Vertebrate SubClassOf Radiolarian,  False.
Coccolithophore and Roundworm SubClassOf Bacteria,  False.
Foraminifer and TreeRing SubClassOf Poultry,  False.
BlueGreenAlgae and EvergreenVegetation SubClassOf Yeast,  False.
Mollusk SubClassOf Echinoderm,  False.
Diatom and Lichen SubClassOf Fern,  False.
FungiTaxonomy and VegetationSpecies SubClassOf Leaf,  False.
Flagellate and Nutrient SubClassOf Vegetation,  False.
Ciliate and ExoticVegetation SubClassOf Centipede,  False.
Litter and Radiolarian SubClassOf Microphyte,  False.
Dairy and Vertebrate SubClassOf Pollen,  False.
Centipede and SlimeMold SubClassOf MarineAnimal,  False.
Lichen and Sporozoan SubClassOf Livestock,  False.
Microphyte and TreeRing SubClassOf Nutrient,  False.
Ciliate and Echinoderm SubClassOf Mushroom,  False.
Mold and Pollen SubClassOf ExoticSpecies,  False.
Chlorophyll and VegetationCover SubClassOf DeciduousVegetation,  False.
Amphibian and IndigenousSpecies SubClassOf Mammal,  False.
Animal and EvergreenVegetation SubClassOf Liverwort,  False.
Algae and Flagellate SubClassOf Dairy,  False.
Algae and Invertebrate SubClassOf Zooplankton,  False.
Conifer and Plankton SubClassOf Fish,  False.
Fungi and Nutrient SubClassOf Foraminifer,  False.
Insect and Leaf SubClassOf Mollusk,  False.
Coccolithophore and Reptile SubClassOf Chlorophyll,  False.
MarineInvertebrate and VegetationSpecies SubClassOf Ciliate,  False.
Poultry and SlimeMold SubClassOf FungiTaxonomy,  False.
DeciduousVegetation and Sporozoan SubClassOf Macrophyte,  False.
Diatom and Yeast SubClassOf TreeRing,  False.
Dairy and MarineMicrobiota SubClassOf ExoticVegetation,  False.
Coccolithophore and Leaf SubClassOf Jellyfish,  False.
Diatom and Lichen SubClassOf Moss,  False.
Bacteria and Fern SubClassOf Crustacean,  False.
Leaf and Macroalgae SubClassOf Mushroom,  False.
MarineMicrobiota and MarinePlant SubClassOf Human,  False.
Amphibian and Coral SubClassOf DeciduousVegetation,  False.
Animal and Moss SubClassOf Nutrient,  False.
DeciduousVegetation and Protist SubClassOf Diatom,  False.
Poultry and Yeast SubClassOf Roundworm,  False.
Conifer and Microbiota SubClassOf BlueGreenAlgae,  False.
Bird and Fungi SubClassOf Arthropod,  False.
ExoticVegetation and Macrophyte SubClassOf Flagellate,  False.
Fern and Microalgae SubClassOf SlimeMold,  False.
Liverwort and MarineInvertebrate SubClassOf Canopy,  False.
Conifer and Poultry SubClassOf Microbiota,  False.
Phytoplankton and Plant SubClassOf Protist,  False.
Arachnid and MarineMammal SubClassOf IndigenousSpecies,  False.
Crustacean and MarineMicrobiota SubClassOf Millipede,  False.
Animal and Coccolithophore SubClassOf MarineBird,  False.
Millipede and Sponge SubClassOf ExoticSpecies,  False.
ExoticSpecies and SegmentedWorm SubClassOf Crown,  False.
MarinePlant and MicrobiotaTaxonomy SubClassOf Conifer,  False.
Livestock and Reptile SubClassOf Coccolithophore,  False.
IndigenousVegetation and Mammal SubClassOf Nutrient,  False.
Arthropod and Livestock SubClassOf Invertebrate,  False.
Amphibian and SegmentedWorm SubClassOf MarineMammal,  False.
Mushroom and Vegetation SubClassOf Microalgae,  False.
Macrophyte and Moss SubClassOf Animal,  False.
Macroalgae and SlimeMold SubClassOf Diatom,  False.
MarineMammal and Mold SubClassOf Human,  False.
Canopy and Coral SubClassOf Macroalgae,  False.
Nutrient and Yeast SubClassOf Microbiota,  False.
Anemone and Protist SubClassOf Millipede,  False.
Crown and Vertebrate SubClassOf MicrobiotaTaxonomy,  False.
Microbiota and Protist SubClassOf Reptile,  False.
Ciliate and SegmentedWorm SubClassOf Arachnid,  False.
Invertebrate and Mushroom SubClassOf VegetationSpecies,  False.
Chlorophyll and FloweringPlant SubClassOf MarinePlant,  False.
ExoticSpecies and MarineMammal SubClassOf MarineMicrobiota,  False.
Mold and Plant SubClassOf Bird,  False.
Canopy and FloweringPlant SubClassOf Algae,  False.
Bacteria and Jellyfish SubClassOf Plant,  False.
Arthropod and MicrobiotaTaxonomy SubClassOf Sponge,  False.
Crown and Litter SubClassOf Amphibian,  False.
Crop and Protist SubClassOf Poultry,  False.
Flatworm and MarineAnimal SubClassOf Bacteria,  False.
Anemone and SlimeMold SubClassOf Echinoderm,  False.
FungiTaxonomy and Macroalgae SubClassOf Fern,  False.
Human and Insect SubClassOf IndigenousVegetation,  False.
Fish and Nutrient SubClassOf EvergreenVegetation,  False.
Anemone and Crown SubClassOf Leaf,  False.
DominantSpecies and Macroalgae SubClassOf Mushroom,  False.
Mollusk and VegetationSpecies SubClassOf Sporozoan,  False.
MarineInvertebrate and Sporozoan SubClassOf FungiTaxonomy,  False.
Anemone and Sporozoan SubClassOf ExoticVegetation,  False.
Bacteria and Flagellate SubClassOf Vertebrate,  False.
Ciliate and Dairy SubClassOf Plant,  False.
Fungi and Plant SubClassOf BlueGreenAlgae,  False.
Foraminifer and Lichen SubClassOf MarinePlant,  False.
Dairy and ExoticSpecies SubClassOf Sponge,  False.
Amoebae and MarinePlant SubClassOf Yeast,  False.
Leaf and MarineBird SubClassOf VegetationSpecies,  False.
Crustacean and Foraminifer SubClassOf VegetationCover,  False.
Fish and MicrobiotaTaxonomy SubClassOf Flatworm,  False.
VegetationCover and Yeast SubClassOf IndigenousSpecies,  False.
Invertebrate and Liverwort SubClassOf Echinoderm,  False.
BlueGreenAlgae and VegetationSpecies SubClassOf Bacteria,  False.
Conifer and MicrobiotaTaxonomy SubClassOf SegmentedWorm,  False.
Livestock and Macrophyte SubClassOf Protist,  False.
Centipede and Macroalgae SubClassOf SlimeMold,  False.
Insect and Liverwort SubClassOf FloweringPlant,  False.
Animal and SegmentedWorm SubClassOf Anemone,  False.
Mushroom and Roundworm SubClassOf Vegetation,  False.
Microalgae and Millipede SubClassOf Zooplankton,  False.
Amoebae and Mushroom SubClassOf Dairy,  False.
Algae and Mold SubClassOf Foraminifer,  False.
Canopy and Zooplankton SubClassOf Fish,  False.
Arachnid and Mammal SubClassOf Liverwort,  False.
Millipede and Phytoplankton SubClassOf Insect,  False.
Coccolithophore and Crown SubClassOf Plankton,  False.
Plankton and Protist SubClassOf Amoebae,  False.
EvergreenVegetation and Macrophyte SubClassOf Livestock,  False.
Insect and SlimeMold SubClassOf Macrophyte,  False.
Coral and Plankton SubClassOf Reptile,  False.
ExoticVegetation and Flatworm SubClassOf SlimeMold,  False.
Fish and Livestock SubClassOf DominantSpecies,  False.
TreeRing and Yeast SubClassOf MarineMicrobiota,  False.
BlueGreenAlgae and Microbiota SubClassOf Bird,  False.
Mollusk and Yeast SubClassOf SegmentedWorm,  False.
ExoticVegetation and Macroalgae SubClassOf Millipede,  False.
Fern and Vertebrate SubClassOf Fungi,  False.
Flagellate and Mold SubClassOf Mammal,  False.
Ciliate and Conifer SubClassOf Poultry,  False.
Centipede and MarineMammal SubClassOf Anemone,  False.
Dairy and Mushroom SubClassOf Crop,  False.
Animal and MarinePlant SubClassOf Foraminifer,  False.
Amphibian and Microphyte SubClassOf Vegetation,  False.
Animal and Microalgae SubClassOf Mold,  False.
Anemone and ExoticVegetation SubClassOf Leaf,  False.
Fern and Litter SubClassOf MarineAnimal,  False.
FloweringPlant and Plankton SubClassOf Centipede,  False.
Flatworm SubClassOf Fern,  False.
DeciduousVegetation and Plant SubClassOf Pollen,  False.
Foraminifer and FungiTaxonomy SubClassOf ExoticSpecies,  False.
BlueGreenAlgae and MarineAnimal SubClassOf Mollusk,  False.
Fish and Mollusk SubClassOf Conifer,  False.
Amphibian and Reptile SubClassOf Microalgae,  False.
Crustacean and Sponge SubClassOf MarineInvertebrate,  True.
Crustacean and Sponge SubClassOf VegetationCover,  False.
Crustacean and Sponge SubClassOf Microalgae,  False.
Crustacean and Sponge SubClassOf Fungi,  False.
Crustacean and Sponge SubClassOf Arachnid,  False.
Crustacean and Sponge SubClassOf VegetationSpecies,  False.
Crustacean and Sponge SubClassOf Livestock,  False.
Crustacean and Sponge SubClassOf Flatworm,  False.
Crustacean and Sponge SubClassOf Diatom,  False.
Crustacean and Sponge SubClassOf FungiTaxonomy,  False.
Crustacean and Sponge SubClassOf MarinePlant,  False.
Crustacean and Sponge SubClassOf Moss,  False.
Crustacean and Sponge SubClassOf Vertebrate,  False.
Crustacean and Sponge SubClassOf Radiolarian,  False.
Crustacean and Sponge SubClassOf Human,  False.
Crustacean and Sponge SubClassOf MarineMicrobiota,  False.
Crustacean and Sponge SubClassOf Animal,  False.
Crustacean and Sponge SubClassOf Flagellate,  False.
Crustacean and Sponge SubClassOf Poultry,  False.
Crustacean and Sponge SubClassOf MarineMammal,  False.
Crustacean and Sponge SubClassOf Amphibian,  False.
Crustacean and Sponge SubClassOf Millipede,  False.
Crustacean and Sponge SubClassOf Plankton,  False.
Crustacean and Sponge SubClassOf Roundworm,  False.
Crustacean and Sponge SubClassOf Microphyte,  False.
Crustacean and Sponge SubClassOf SlimeMold,  False.
Crustacean and Sponge SubClassOf Microbiota,  False.
Crustacean and Sponge SubClassOf MicrobiotaTaxonomy,  False.
Crustacean and Sponge SubClassOf Coccolithophore,  False.
Crustacean and Sponge SubClassOf Lichen,  False.
Crustacean and Sponge SubClassOf Leaf,  False.
Crustacean and Sponge SubClassOf Pollen,  False.
Crustacean and Sponge SubClassOf Mushroom,  False.
Crustacean and Sponge SubClassOf Fish,  False.
Crustacean and Sponge SubClassOf Reptile,  False.
Crustacean and Sponge SubClassOf MarineAnimal,  True.
Crustacean SubClassOf MarineAnimal,  The given
Sponge SubClassOf MarineAnimal,  False.
Arthropod and Flagellate SubClassOf DeciduousVegetation,  False.
Ciliate and MarinePlant SubClassOf TreeRing,  False.
Conifer and Vegetation SubClassOf Diatom,  False.
Mollusk and VegetationSpecies SubClassOf Animal,  False.
Dairy and SegmentedWorm SubClassOf Moss,  False.
IndigenousSpecies and MarinePlant SubClassOf Arthropod,  False.
FloweringPlant and VegetationCover SubClassOf Foraminifer,  False.
Bird and MarineMammal SubClassOf Macrophyte,  False.
BlueGreenAlgae and MarineMicrobiota SubClassOf Mold,  False.
Coccolithophore and MarineMicrobiota SubClassOf Crop,  False.
Litter and Vegetation SubClassOf Crown,  False.
Animal and MarineAnimal SubClassOf Amoebae,  False.
Algae and Flatworm SubClassOf Plankton,  False.
Invertebrate and Poultry SubClassOf Microphyte,  False.
FungiTaxonomy and Microphyte SubClassOf Jellyfish,  False.
Arthropod and Fungi SubClassOf Human,  False.
Fish and Leaf SubClassOf Crustacean,  False.
DeciduousVegetation and Reptile SubClassOf Sporozoan,  False.
Flagellate and Human SubClassOf VegetationSpecies,  False.
Poultry and SegmentedWorm SubClassOf Plant,  False.
DeciduousVegetation and Phytoplankton SubClassOf BlueGreenAlgae,  False.
Radiolarian and Reptile SubClassOf Phytoplankton,  False.
Echinoderm and Plankton SubClassOf Roundworm,  False.
MarineInvertebrate and Moss SubClassOf DominantSpecies,  False.
Bird and Insect SubClassOf Arthropod,  False.
Pollen and TreeRing SubClassOf Diatom,  False.
IndigenousVegetation and VegetationSpecies SubClassOf SlimeMold,  False.
Arachnid and Fungi SubClassOf Millipede,  False.
EvergreenVegetation and Sporozoan SubClassOf MarineMicrobiota,  False.
DominantSpecies and Jellyfish SubClassOf Reptile,  False.
Mammal and Microalgae SubClassOf SegmentedWorm,  False.
Bacteria and Leaf SubClassOf Radiolarian,  False.
Bacteria and Sponge SubClassOf Bird,  False.
Amoebae and Diatom SubClassOf Liverwort,  False.
Crop and Invertebrate SubClassOf Vegetation,  False.
Foraminifer and FungiTaxonomy SubClassOf Anemone,  False.
Centipede and ExoticSpecies SubClassOf Mammal,  False.
Diatom and Jellyfish SubClassOf Invertebrate,  True.
Diatom and Jellyfish SubClassOf VegetationCover,  False.
Diatom and Jellyfish SubClassOf Microalgae,  False.
Diatom and Jellyfish SubClassOf Fungi,  False.
Diatom and Jellyfish SubClassOf Arachnid,  False.
Diatom and Jellyfish SubClassOf VegetationSpecies,  False.
Diatom and Jellyfish SubClassOf Livestock,  False.
Diatom and Jellyfish SubClassOf Sponge,  False.
Diatom and Jellyfish SubClassOf Flatworm,  False.
Diatom and Jellyfish SubClassOf FungiTaxonomy,  False.
Diatom and Jellyfish SubClassOf MarinePlant,  False.
Diatom and Jellyfish SubClassOf Moss,  False.
Diatom and Jellyfish SubClassOf Vertebrate,  False.
Diatom and Jellyfish SubClassOf Radiolarian,  False.
Diatom and Jellyfish SubClassOf Human,  False.
Diatom and Jellyfish SubClassOf MarineMicrobiota,  False.
Diatom and Jellyfish SubClassOf Animal,  The statement
Diatom and Jellyfish SubClassOf Flagellate,  False.
Diatom and Jellyfish SubClassOf Poultry,  False.
Diatom and Jellyfish SubClassOf MarineMammal,  False.
Diatom and Jellyfish SubClassOf Amphibian,  False.
Diatom and Jellyfish SubClassOf Millipede,  False.
Diatom and Jellyfish SubClassOf Plankton,  False.
Diatom and Jellyfish SubClassOf Roundworm,  False.
Diatom and Jellyfish SubClassOf Microphyte,  False.
Diatom and Jellyfish SubClassOf SlimeMold,  False.
Diatom and Jellyfish SubClassOf Microbiota,  False.
Diatom and Jellyfish SubClassOf MicrobiotaTaxonomy,  False.
Diatom and Jellyfish SubClassOf Coccolithophore,  False.
Diatom and Jellyfish SubClassOf Lichen,  False.
Diatom and Jellyfish SubClassOf Leaf,  False.
Diatom and Jellyfish SubClassOf Pollen,  False.
Diatom and Jellyfish SubClassOf Mushroom,  False.
Diatom and Jellyfish SubClassOf Fish,  False.
Diatom and Jellyfish SubClassOf Reptile,  False.
Diatom and Jellyfish SubClassOf MarineAnimal,  True.
Diatom SubClassOf MarineAnimal,  False.
Jellyfish SubClassOf MarineAnimal,  True.
Jellyfish SubClassOf VegetationCover,  False.
Jellyfish SubClassOf Microalgae,  False.
Jellyfish SubClassOf Fungi,  False.
Jellyfish SubClassOf Arachnid,  False.
Jellyfish SubClassOf VegetationSpecies,  False.
Jellyfish SubClassOf Livestock,  False.
Jellyfish SubClassOf Sponge,  False.
Jellyfish SubClassOf Flatworm,  False.
Jellyfish SubClassOf Diatom,  False.
Jellyfish SubClassOf FungiTaxonomy,  False.
Jellyfish SubClassOf MarinePlant,  False.
Jellyfish SubClassOf Moss,  False.
Jellyfish SubClassOf Vertebrate,  False.
Jellyfish SubClassOf Radiolarian,  False.
Jellyfish SubClassOf Human,  False.
Jellyfish SubClassOf MarineMicrobiota,  False.
Jellyfish SubClassOf Animal,  The statement
Jellyfish SubClassOf Flagellate,  False.
Jellyfish SubClassOf Poultry,  False.
Jellyfish SubClassOf MarineMammal,  False.
Jellyfish SubClassOf Amphibian,  False.
Jellyfish SubClassOf Millipede,  False.
Jellyfish SubClassOf Plankton,  The statement
Jellyfish SubClassOf Roundworm,  False.
Jellyfish SubClassOf Microphyte,  False.
Jellyfish SubClassOf SlimeMold,  False.
Jellyfish SubClassOf Microbiota,  False.
Jellyfish SubClassOf MicrobiotaTaxonomy,  False.
Jellyfish SubClassOf Coccolithophore,  False.
Jellyfish SubClassOf Lichen,  False.
Jellyfish SubClassOf Leaf,  False.
Jellyfish SubClassOf Pollen,  False.
Jellyfish SubClassOf Mushroom,  False.
Jellyfish SubClassOf Fish,  False.
Jellyfish SubClassOf Reptile,  False.
Jellyfish SubClassOf Macroalgae,  False.
Jellyfish SubClassOf Foraminifer,  False.
Jellyfish SubClassOf Dairy,  False.
Jellyfish SubClassOf Liverwort,  False.
Jellyfish SubClassOf Crustacean,  False.
Jellyfish SubClassOf Canopy,  False.
Jellyfish SubClassOf Coral,  False.
Jellyfish SubClassOf ExoticVegetation,  False.
Jellyfish SubClassOf Macrophyte,  False.
Jellyfish SubClassOf SegmentedWorm,  False.
Jellyfish SubClassOf LivingThing,  True.
Jellyfish SubClassOf LivingThing and MarineAnimal,  True.
Jellyfish SubClassOf Bird,  False.
Jellyfish SubClassOf Fern,  False.
Jellyfish SubClassOf DominantSpecies,  False.
Jellyfish SubClassOf BlueGreenAlgae,  False.
Jellyfish SubClassOf EvergreenVegetation,  False.
Jellyfish SubClassOf TreeRing,  False.
Jellyfish SubClassOf Vegetation,  False.
Jellyfish SubClassOf ExoticSpecies,  False.
Jellyfish SubClassOf Litter,  False.
Jellyfish SubClassOf Crown,  False.
Jellyfish SubClassOf Invertebrate,  True.
Jellyfish SubClassOf Invertebrate and LivingThing and MarineAnimal,  True.
Jellyfish SubClassOf Anemone,  False.
Jellyfish SubClassOf Ciliate,  False.
Jellyfish SubClassOf Zooplankton,  False.
Jellyfish SubClassOf FloweringPlant,  False.
Jellyfish SubClassOf Sporozoan,  False.
Jellyfish SubClassOf IndigenousVegetation,  False.
Jellyfish SubClassOf Nutrient,  False.
Jellyfish SubClassOf IndigenousSpecies,  False.
Jellyfish SubClassOf MarineInvertebrate,  True.
Jellyfish SubClassOf Invertebrate and LivingThing and MarineAnimal and MarineInvertebrate,  True\n
Jellyfish SubClassOf Conifer,  False.
Jellyfish SubClassOf Yeast,  False.
Jellyfish SubClassOf Mammal,  False.
Jellyfish SubClassOf Protist,  False.
Jellyfish SubClassOf Centipede,  False.
Jellyfish SubClassOf Crop,  False.
Jellyfish SubClassOf Algae,  False.
Jellyfish SubClassOf Arthropod,  False.
Jellyfish SubClassOf MarineBird,  False.
Jellyfish SubClassOf Chlorophyll,  False.
Jellyfish SubClassOf Mollusk,  False.
Jellyfish SubClassOf Echinoderm,  False.
Jellyfish SubClassOf Plant,  False.
Jellyfish SubClassOf Amoebae,  False.
Jellyfish SubClassOf Insect,  False.
Jellyfish SubClassOf Mold,  False.
Jellyfish SubClassOf Bacteria,  False.
Jellyfish SubClassOf DeciduousVegetation,  False.
Jellyfish SubClassOf Phytoplankton,  False.
Crop and Roundworm SubClassOf FungiTaxonomy,  False.
Ciliate and Human SubClassOf Microalgae,  False.
Mushroom and Poultry SubClassOf Nutrient,  False.
Echinoderm and FloweringPlant SubClassOf Diatom,  False.
Coral and Zooplankton SubClassOf MicrobiotaTaxonomy,  False.
Microbiota and Plant SubClassOf Moss,  False.
Coccolithophore and Millipede SubClassOf Animal,  False.
Pollen and Vegetation SubClassOf Arachnid,  False.
Crown and Roundworm SubClassOf Fungi,  False.
Fern and Zooplankton SubClassOf Reptile,  False.
Crop and Invertebrate SubClassOf MarineMicrobiota,  False.
DominantSpecies and Microphyte SubClassOf Bird,  False.
Canopy and Lichen SubClassOf Algae,  False.
Leaf and MarineInvertebrate SubClassOf FloweringPlant,  False.
Human and Reptile SubClassOf SegmentedWorm,  False.
MarineMicrobiota and Mollusk SubClassOf Flagellate,  False.
Coccolithophore and Livestock SubClassOf Lichen,  False.
Diatom and IndigenousSpecies SubClassOf Sponge,  False.
Crop and Vegetation SubClassOf Microbiota,  False.
Algae and ExoticVegetation SubClassOf Centipede,  False.
Diatom and Invertebrate SubClassOf IndigenousSpecies,  False.
FloweringPlant and TreeRing SubClassOf Echinoderm,  False.
Coral and Nutrient SubClassOf Amphibian,  False.
Leaf and Yeast SubClassOf IndigenousVegetation,  False.
Radiolarian and Reptile SubClassOf Conifer,  False.
Vegetation and Vertebrate SubClassOf Dairy,  False.
Roundworm and SlimeMold SubClassOf Fern,  False.
Conifer and DeciduousVegetation SubClassOf Fish,  False.
Microphyte and Radiolarian SubClassOf MarineMammal,  False.
Centipede and Microphyte SubClassOf Coccolithophore,  False.
Fungi and Mold SubClassOf Chlorophyll,  False.
DeciduousVegetation and FungiTaxonomy SubClassOf Roundworm,  False.
Crustacean and Protist SubClassOf VegetationSpecies,  False.
Macrophyte and MarineAnimal SubClassOf Human,  False.
Lichen and Macrophyte SubClassOf Macroalgae,  False.
Macroalgae and Reptile SubClassOf Microbiota,  False.
Flagellate and Insect SubClassOf Millipede,  False.
Arthropod and Sporozoan SubClassOf VegetationCover,  False.
Litter and Phytoplankton SubClassOf Flagellate,  False.
EvergreenVegetation and Millipede SubClassOf IndigenousSpecies,  False.
Amoebae and Mollusk SubClassOf Centipede,  False.
Algae and VegetationCover SubClassOf Lichen,  False.
IndigenousSpecies and TreeRing SubClassOf Flatworm,  False.
Mammal and Nutrient SubClassOf Litter,  False.
ExoticVegetation and Phytoplankton SubClassOf Mollusk,  False.
Coccolithophore and IndigenousSpecies SubClassOf Zooplankton,  False.
Jellyfish and TreeRing SubClassOf Dairy,  False.
Bacteria and Sporozoan SubClassOf Vegetation,  False.
Litter and Mammal SubClassOf Liverwort,  False.
Crown and Fungi SubClassOf Bacteria,  False.
MarineBird and Protist SubClassOf Anemone,  False.
MarineMammal and VegetationCover SubClassOf Crop,  False.
IndigenousVegetation and Macroalgae SubClassOf EvergreenVegetation,  False.
Foraminifer and Insect SubClassOf Leaf,  False.
IndigenousSpecies and MarineMicrobiota SubClassOf ExoticSpecies,  False.
Mushroom and VegetationCover SubClassOf Crown,  False.
Millipede and Moss SubClassOf Microphyte,  False.
Amoebae and BlueGreenAlgae SubClassOf Plankton,  False.
Chlorophyll and Poultry SubClassOf Sporozoan,  False.
Canopy and Liverwort SubClassOf BlueGreenAlgae,  False.
Bird and Mammal SubClassOf Coral,  False.
Phytoplankton and Protist SubClassOf Mushroom,  False.
Conifer and Crop SubClassOf SegmentedWorm,  False.
Fungi and Pollen SubClassOf Yeast,  False.
Anemone and Mammal SubClassOf Fungi,  False.
Fern and MarinePlant SubClassOf Bird,  False.
Human and MarineInvertebrate SubClassOf Poultry,  False.
MarinePlant and Poultry SubClassOf Vegetation,  False.
Crown and Fish SubClassOf Echinoderm,  False.
FungiTaxonomy and Yeast SubClassOf Bacteria,  False.
MarineBird and MarineMicrobiota SubClassOf Leaf,  False.
Amphibian and Mollusk SubClassOf MarineAnimal,  False.
Canopy and ExoticVegetation SubClassOf Mold,  False.
Algae and Foraminifer SubClassOf Crown,  False.
Ciliate and MarineMammal SubClassOf ExoticSpecies,  False.
Mammal and Plant SubClassOf Coccolithophore,  False.
IndigenousVegetation and MarineMammal SubClassOf Microphyte,  False.
Macrophyte and SlimeMold SubClassOf Foraminifer,  False.
Lichen SubClassOf Fish,  False.
Chlorophyll and Diatom SubClassOf Conifer,  False.
Canopy and VegetationSpecies SubClassOf Pollen,  False.
Mold and Sporozoan SubClassOf MarineInvertebrate,  False.
Chlorophyll and Litter SubClassOf Moss,  False.
FungiTaxonomy and Radiolarian SubClassOf TreeRing,  False.
Dairy and Protist SubClassOf Microalgae,  False.
Mushroom and VegetationCover SubClassOf Animal,  False.
Jellyfish and TreeRing SubClassOf DominantSpecies,  False.
Microphyte and Vertebrate SubClassOf FungiTaxonomy,  False.
Ciliate and Insect SubClassOf ExoticVegetation,  False.
FloweringPlant and IndigenousSpecies SubClassOf Vertebrate,  False.
Echinoderm and Jellyfish SubClassOf Plant,  False.
Echinoderm and MicrobiotaTaxonomy SubClassOf MarineMicrobiota,  False.
Amoebae and Plant SubClassOf Reptile,  False.
Chlorophyll and Millipede SubClassOf Algae,  False.
Canopy and Echinoderm SubClassOf Radiolarian,  False.
Roundworm and Vegetation SubClassOf MarineBird,  False.
FungiTaxonomy and Insect SubClassOf Liverwort,  False.
Pollen and Protist SubClassOf Insect,  False.
Macrophyte and Zooplankton SubClassOf Anemone,  False.
Fern and Lichen SubClassOf Vegetation,  False.
Human and Macroalgae SubClassOf Livestock,  False.
DominantSpecies and Insect SubClassOf Macrophyte,  False.
Crown and Sporozoan SubClassOf Mold,  False.
Litter and MarineInvertebrate SubClassOf Crop,  False.
MarineBird and Millipede SubClassOf Crown,  False.
Amoebae and Bacteria SubClassOf Coral,  False.
Canopy and VegetationCover SubClassOf Plankton,  False.
Fungi and TreeRing SubClassOf Ciliate,  False.
Coral and Microphyte SubClassOf MarineMammal,  False.
ExoticVegetation and MarineBird SubClassOf DeciduousVegetation,  False.
Leaf and Livestock SubClassOf ExoticSpecies,  False.
Reptile and TreeRing SubClassOf Pollen,  False.
Liverwort and Yeast SubClassOf Moss,  False.
DeciduousVegetation and Diatom SubClassOf Nutrient,  False.
Radiolarian and Vertebrate SubClassOf Invertebrate,  False.
Microbiota and Mold SubClassOf MicrobiotaTaxonomy,  False.
Conifer and Plankton SubClassOf Canopy,  False.
Diatom and Radiolarian SubClassOf Animal,  False.
Centipede and Crop SubClassOf Diatom,  False.
Mushroom and Zooplankton SubClassOf SlimeMold,  False.
Invertebrate and Jellyfish SubClassOf FloweringPlant,  False.
FloweringPlant and Microphyte SubClassOf Microbiota,  False.
Coral and Microalgae SubClassOf Arachnid,  False.
IndigenousSpecies and Phytoplankton SubClassOf IndigenousVegetation,  False.
Jellyfish and Reptile SubClassOf Conifer,  False.
Crustacean and Echinoderm SubClassOf Dairy,  False.
Amoebae and Arthropod SubClassOf Litter,  False.
Chlorophyll and IndigenousSpecies SubClassOf Fish,  False.
EvergreenVegetation and Sponge SubClassOf MarineMammal,  False.
Flagellate and Mammal SubClassOf Pollen,  False.
Phytoplankton and SegmentedWorm SubClassOf ExoticSpecies,  False.
FungiTaxonomy and TreeRing SubClassOf Invertebrate,  False.
Centipede and Nutrient SubClassOf Arthropod,  False.
Macrophyte and Mollusk SubClassOf Microalgae,  False.
Coccolithophore and Lichen SubClassOf MarineInvertebrate,  False.
Vertebrate SubClassOf DominantSpecies,  False.
Pollen and SlimeMold SubClassOf MicrobiotaTaxonomy,  False.
Diatom and Litter SubClassOf Animal,  False.
Foraminifer and Mammal SubClassOf BlueGreenAlgae,  False.
MarineMammal and Phytoplankton SubClassOf MarinePlant,  False.
IndigenousSpecies and Mammal SubClassOf Crustacean,  False.
Jellyfish and Leaf SubClassOf Sporozoan,  False.
BlueGreenAlgae and Macrophyte SubClassOf VegetationSpecies,  False.
Lichen and MarineMicrobiota SubClassOf VegetationCover,  False.
Amoebae and Chlorophyll SubClassOf Macroalgae,  False.
Moss and Sponge SubClassOf Phytoplankton,  False.
Flatworm and Sporozoan SubClassOf Flagellate,  False.
Litter and Poultry SubClassOf Lichen,  False.
FungiTaxonomy and VegetationCover SubClassOf Sponge,  False.
Bird and Protist SubClassOf Yeast,  False.
Macrophyte and VegetationCover SubClassOf Centipede,  False.
DeciduousVegetation and TreeRing SubClassOf Fern,  False.
Liverwort and Vertebrate SubClassOf Flatworm,  False.
Insect and MarineAnimal SubClassOf Amphibian,  False.
MarineInvertebrate and Plant SubClassOf Amoebae,  False.
Human and MarineMammal SubClassOf DeciduousVegetation,  False.
MarineMicrobiota and Pollen SubClassOf Microphyte,  False.
Amphibian and Sponge SubClassOf Human,  False.
Animal and MarineBird SubClassOf BlueGreenAlgae,  False.
Algae and MarinePlant SubClassOf Coral,  False.
Canopy and Invertebrate SubClassOf Mushroom,  False.
Conifer and IndigenousVegetation SubClassOf Roundworm,  False.
Foraminifer and Fungi SubClassOf Canopy,  False.
Amphibian and Leaf SubClassOf Phytoplankton,  False.
Mammal and Reptile SubClassOf Macroalgae,  False.
MarineInvertebrate and Moss SubClassOf Yeast,  False.
Macroalgae and Poultry SubClassOf Millipede,  False.
DeciduousVegetation and MarineMammal SubClassOf VegetationCover,  False.
Amoebae and Yeast SubClassOf Flagellate,  False.
Algae and Dairy SubClassOf Arachnid,  False.
Ciliate and Mold SubClassOf Fungi,  False.
Lichen and VegetationCover SubClassOf Reptile,  False.
Radiolarian and TreeRing SubClassOf SlimeMold,  False.
Ciliate and Leaf SubClassOf Radiolarian,  False.
MarinePlant and Mushroom SubClassOf Zooplankton,  False.
Amphibian and Chlorophyll SubClassOf FloweringPlant,  False.
Animal and Microphyte SubClassOf SegmentedWorm,  False.
DeciduousVegetation and Plant SubClassOf Vegetation,  False.
FloweringPlant and Yeast SubClassOf Mold,  False.
Conifer and Jellyfish SubClassOf Bacteria,  False.
Fungi and Roundworm SubClassOf Poultry,  False.
Diatom and Fern SubClassOf MarineAnimal,  False.
Crop and Fern SubClassOf Livestock,  False.
Echinoderm and MarineInvertebrate SubClassOf Insect,  False.
Anemone and Poultry SubClassOf Leaf,  False.
Coccolithophore and Diatom SubClassOf Jellyfish,  False.
Crop and Plankton SubClassOf DominantSpecies,  False.
EvergreenVegetation and MarineInvertebrate SubClassOf Animal,  True.
EvergreenVegetation and MarineInvertebrate SubClassOf VegetationCover,  False.
EvergreenVegetation and MarineInvertebrate SubClassOf Microalgae,  False.
EvergreenVegetation and MarineInvertebrate SubClassOf Fungi,  False.
EvergreenVegetation and MarineInvertebrate SubClassOf Arachnid,  False.
EvergreenVegetation and MarineInvertebrate SubClassOf VegetationSpecies,  False.
EvergreenVegetation and MarineInvertebrate SubClassOf Livestock,  False.
EvergreenVegetation and MarineInvertebrate SubClassOf Flatworm,  False.
EvergreenVegetation and MarineInvertebrate SubClassOf Diatom,  False.
EvergreenVegetation and MarineInvertebrate SubClassOf FungiTaxonomy,  False.
EvergreenVegetation and MarineInvertebrate SubClassOf MarinePlant,  False.
EvergreenVegetation and MarineInvertebrate SubClassOf Moss,  False.
EvergreenVegetation and MarineInvertebrate SubClassOf Vertebrate,  False.
EvergreenVegetation and MarineInvertebrate SubClassOf Radiolarian,  False.
EvergreenVegetation and MarineInvertebrate SubClassOf Human,  False.
EvergreenVegetation and MarineInvertebrate SubClassOf MarineMicrobiota,  False.
EvergreenVegetation SubClassOf Animal,  False.
MarineInvertebrate SubClassOf Animal,  True.
MarineInvertebrate SubClassOf VegetationCover,  False.
MarineInvertebrate SubClassOf Microalgae,  False.
MarineInvertebrate SubClassOf Fungi,  False.
MarineInvertebrate SubClassOf Arachnid,  False.
MarineInvertebrate SubClassOf VegetationSpecies,  False.
MarineInvertebrate SubClassOf Livestock,  False.
MarineInvertebrate SubClassOf Sponge,  False.
MarineInvertebrate SubClassOf Flatworm,  False.
MarineInvertebrate SubClassOf Diatom,  False.
MarineInvertebrate SubClassOf FungiTaxonomy,  False.
MarineInvertebrate SubClassOf MarinePlant,  False.
MarineInvertebrate SubClassOf Moss,  False.
MarineInvertebrate SubClassOf Vertebrate,  False.
MarineInvertebrate SubClassOf Radiolarian,  False.
MarineInvertebrate SubClassOf Human,  False.
MarineInvertebrate SubClassOf MarineMicrobiota,  False.
MarineInvertebrate SubClassOf Flagellate,  False.
MarineInvertebrate SubClassOf Poultry,  False.
MarineInvertebrate SubClassOf MarineMammal,  False.
MarineInvertebrate SubClassOf Amphibian,  False.
MarineInvertebrate SubClassOf Millipede,  False.
MarineInvertebrate SubClassOf Plankton,  False.
MarineInvertebrate SubClassOf Roundworm,  False.
MarineInvertebrate SubClassOf Microphyte,  False.
MarineInvertebrate SubClassOf SlimeMold,  False.
MarineInvertebrate SubClassOf Microbiota,  False.
MarineInvertebrate SubClassOf MicrobiotaTaxonomy,  False.
MarineInvertebrate SubClassOf Coccolithophore,  False.
MarineInvertebrate SubClassOf Lichen,  False.
MarineInvertebrate SubClassOf Leaf,  False.
MarineInvertebrate SubClassOf Pollen,  False.
MarineInvertebrate SubClassOf Mushroom,  False.
MarineInvertebrate SubClassOf Fish,  False.
MarineInvertebrate SubClassOf Reptile,  False.
MarineInvertebrate SubClassOf MarineAnimal,  True.
MarineInvertebrate SubClassOf Animal and MarineAnimal,  False.
MarineInvertebrate SubClassOf Macroalgae,  False.
MarineInvertebrate SubClassOf Foraminifer,  False.
MarineInvertebrate SubClassOf Dairy,  False.
MarineInvertebrate SubClassOf Liverwort,  False.
MarineInvertebrate SubClassOf Crustacean,  False.
MarineInvertebrate SubClassOf Canopy,  False.
MarineInvertebrate SubClassOf Coral,  False.
MarineInvertebrate SubClassOf ExoticVegetation,  False.
MarineInvertebrate SubClassOf Macrophyte,  False.
MarineInvertebrate SubClassOf SegmentedWorm,  False.
MarineInvertebrate SubClassOf LivingThing,  True.
MarineInvertebrate SubClassOf Animal and LivingThing,  True.
MarineInvertebrate SubClassOf Bird,  False.
MarineInvertebrate SubClassOf Fern,  False.
MarineInvertebrate SubClassOf DominantSpecies,  False.
MarineInvertebrate SubClassOf BlueGreenAlgae,  False.
MarineInvertebrate SubClassOf EvergreenVegetation,  False.
MarineInvertebrate SubClassOf TreeRing,  False.
MarineInvertebrate SubClassOf Vegetation,  False.
MarineInvertebrate SubClassOf ExoticSpecies,  False.
MarineInvertebrate SubClassOf Litter,  False.
MarineInvertebrate SubClassOf Crown,  False.
MarineInvertebrate SubClassOf Jellyfish,  False.
MarineInvertebrate SubClassOf Invertebrate,  True.
MarineInvertebrate SubClassOf Animal and Invertebrate and LivingThing,  False.
MarineInvertebrate SubClassOf Anemone,  False.
MarineInvertebrate SubClassOf Ciliate,  False.
MarineInvertebrate SubClassOf Zooplankton,  False.
MarineInvertebrate SubClassOf FloweringPlant,  False.
MarineInvertebrate SubClassOf Sporozoan,  False.
MarineInvertebrate SubClassOf IndigenousVegetation,  False.
MarineInvertebrate SubClassOf Nutrient,  False.
MarineInvertebrate SubClassOf IndigenousSpecies,  False.
MarineInvertebrate SubClassOf Conifer,  False.
MarineInvertebrate SubClassOf Yeast,  False.
MarineInvertebrate SubClassOf Mammal,  False.
MarineInvertebrate SubClassOf Protist,  False.
MarineInvertebrate SubClassOf Centipede,  False.
MarineInvertebrate SubClassOf Crop,  False.
MarineInvertebrate SubClassOf Algae,  False.
MarineInvertebrate SubClassOf Arthropod,  False.
MarineInvertebrate SubClassOf MarineBird,  False.
MarineInvertebrate SubClassOf Chlorophyll,  False.
MarineInvertebrate SubClassOf Mollusk,  False.
MarineInvertebrate SubClassOf Echinoderm,  True.
MarineInvertebrate SubClassOf Animal and Echinoderm and LivingThing,  True.
MarineInvertebrate SubClassOf Plant,  False.
MarineInvertebrate SubClassOf Amoebae,  False.
MarineInvertebrate SubClassOf Insect,  False.
MarineInvertebrate SubClassOf Mold,  False.
MarineInvertebrate SubClassOf Bacteria,  False.
MarineInvertebrate SubClassOf DeciduousVegetation,  False.
MarineInvertebrate SubClassOf Phytoplankton,  False.
MarineInvertebrate SubClassOf Animal and Echinoderm and LivingThing and MarineAnimal,  True
MarineInvertebrate SubClassOf Animal and Echinoderm and Invertebrate and LivingThing and MarineAnimal,  True.
Mollusk and Poultry SubClassOf ExoticVegetation,  False.
Diatom and Millipede SubClassOf SlimeMold,  False.
ExoticSpecies and VegetationSpecies SubClassOf Plant,  False.
MicrobiotaTaxonomy and Nutrient SubClassOf MarineMicrobiota,  False.
Livestock and Sporozoan SubClassOf Arachnid,  False.
Mammal and Radiolarian SubClassOf Algae,  False.
Arthropod and Dairy SubClassOf Radiolarian,  False.
SegmentedWorm and SlimeMold SubClassOf Sponge,  False.
Lichen and Mushroom SubClassOf Bird,  False.
ExoticSpecies and Macrophyte SubClassOf Poultry,  False.
Ciliate and SlimeMold SubClassOf EvergreenVegetation,  False.
Leaf and Mold SubClassOf Anemone,  False.
Canopy and Chlorophyll SubClassOf Amphibian,  False.
Bird and MarineMicrobiota SubClassOf IndigenousSpecies,  False.
Coccolithophore and Protist SubClassOf Dairy,  False.
Diatom and MarineMicrobiota SubClassOf MarineBird,  False.
Fern and Microbiota SubClassOf Flatworm,  False.
Algae and MarineAnimal SubClassOf Litter,  False.
Invertebrate and Macrophyte SubClassOf Mollusk,  False.
FloweringPlant and Poultry SubClassOf Fern,  False.
Liverwort and MarineMammal SubClassOf Mammal,  False.
Animal and Leaf SubClassOf MarineMammal,  False.
Phytoplankton and Reptile SubClassOf Fish,  False.
Microalgae and Vegetation SubClassOf Chlorophyll,  False.
Animal and Crustacean SubClassOf Pollen,  False.
Algae and DeciduousVegetation SubClassOf MarineInvertebrate,  False.
IndigenousSpecies and Radiolarian SubClassOf Moss,  False.
Arachnid and Conifer SubClassOf TreeRing,  False.
Flagellate and Fungi SubClassOf Ciliate,  False.
Macroalgae and Zooplankton SubClassOf EvergreenVegetation,  False.
Coral and Flatworm SubClassOf Vegetation,  False.
Coral and Moss SubClassOf Poultry,  False.
Foraminifer and Protist SubClassOf Macrophyte,  False.
Centipede and Flagellate SubClassOf Coccolithophore,  False.
Microbiota and Mollusk SubClassOf Crop,  False.
Bird and Roundworm SubClassOf Livestock,  False.
Crustacean and Macrophyte SubClassOf Coral,  False.
Dairy and Microalgae SubClassOf Crustacean,  False.
Liverwort and Microphyte SubClassOf ExoticSpecies,  False.
Conifer and MarineBird SubClassOf Crown,  False.
Phytoplankton and VegetationSpecies SubClassOf Human,  False.
Arachnid and Fish SubClassOf Macroalgae,  False.
Crustacean and Human SubClassOf Nutrient,  False.
Animal and Liverwort SubClassOf Invertebrate,  False.
Crop and Vegetation SubClassOf Moss,  False.
Fish and Roundworm SubClassOf Animal,  False.
Anemone and Zooplankton SubClassOf Ciliate,  False.
BlueGreenAlgae and Fern SubClassOf MarineInvertebrate,  False.
Human and Microphyte SubClassOf DominantSpecies,  False.
MarineBird and MarinePlant SubClassOf MarineMicrobiota,  False.
Crown and Foraminifer SubClassOf Diatom,  False.
Flagellate and FungiTaxonomy SubClassOf Jellyfish,  False.
Human and MarineBird SubClassOf FloweringPlant,  False.
Amphibian and Liverwort SubClassOf Sponge,  False.
Canopy and Crustacean SubClassOf Arachnid,  False.
Dairy and Sponge SubClassOf SlimeMold,  False.
Livestock and Microbiota SubClassOf Radiolarian,  False.
MarineMammal and Plankton SubClassOf Anemone,  False.
Vegetation and VegetationSpecies SubClassOf Bird,  False.
Crop and IndigenousVegetation SubClassOf Algae,  False.
Ciliate and VegetationCover SubClassOf TreeRing,  False.
Invertebrate and TreeRing SubClassOf Microalgae,  False.
ExoticSpecies and Pollen SubClassOf Fish,  False.
IndigenousSpecies and VegetationCover SubClassOf FungiTaxonomy,  False.
FloweringPlant and Jellyfish SubClassOf ExoticVegetation,  False.
BlueGreenAlgae and Echinoderm SubClassOf Plankton,  False.
MicrobiotaTaxonomy and Moss SubClassOf Ciliate,  False.
Chlorophyll and Litter SubClassOf Jellyfish,  False.
Crop and Sponge SubClassOf MarinePlant,  False.
Flatworm and IndigenousVegetation SubClassOf Animal,  False.
Anemone and Arachnid SubClassOf DominantSpecies,  False.
FungiTaxonomy SubClassOf Fungi,  False.
Arthropod and Centipede SubClassOf Bird,  False.
Fish and Microalgae SubClassOf Vertebrate,  False.
Bacteria and Crown SubClassOf Arachnid,  False.
Flatworm and Zooplankton SubClassOf MicrobiotaTaxonomy,  False.
EvergreenVegetation and ExoticVegetation SubClassOf Canopy,  False.
Microbiota and Millipede SubClassOf Phytoplankton,  False.
Algae and Plankton SubClassOf VegetationSpecies,  False.
Mollusk and Plankton SubClassOf Lichen,  False.
Nutrient and Roundworm SubClassOf Flatworm,  False.
Insect and Zooplankton SubClassOf Microbiota,  False.
BlueGreenAlgae and Coccolithophore SubClassOf Millipede,  False.
Ciliate and VegetationSpecies SubClassOf Zooplankton,  False.
Fungi and MarineBird SubClassOf Dairy,  False.
Foraminifer and Sporozoan SubClassOf MarineBird,  False.
Diatom and Flagellate SubClassOf Protist,  False.
Dairy and MarinePlant SubClassOf Liverwort,  False.
Leaf and Litter SubClassOf Insect,  False.
Crustacean and Lichen SubClassOf Litter,  False.
Bacteria and Dairy SubClassOf IndigenousVegetation,  False.
Conifer and DominantSpecies SubClassOf Invertebrate,  False.
MarineAnimal and Microphyte SubClassOf Arthropod,  False.
Centipede and FungiTaxonomy SubClassOf Mushroom,  False.
Centipede and Liverwort SubClassOf Human,  False.
Animal and Bird SubClassOf Canopy,  False.
Nutrient and Roundworm SubClassOf MicrobiotaTaxonomy,  False.
Microalgae and Vertebrate SubClassOf Diatom,  False.
Mushroom and Pollen SubClassOf Roundworm,  False.
Algae and EvergreenVegetation SubClassOf Millipede,  False.
Jellyfish and Zooplankton SubClassOf MarineBird,  False.
Arachnid and Echinoderm SubClassOf Reptile,  False.
Millipede and Moss SubClassOf SlimeMold,  False.
ExoticSpecies and Pollen SubClassOf Radiolarian,  False.
Plankton and Sponge SubClassOf Zooplankton,  False.
Fern and IndigenousVegetation SubClassOf Flatworm,  False.
Arachnid and Insect SubClassOf SegmentedWorm,  False.
Sponge and Vertebrate SubClassOf Algae,  False.
Pollen and SegmentedWorm SubClassOf Bacteria,  False.
DominantSpecies and MarinePlant SubClassOf Sponge,  False.
Litter and Reptile SubClassOf Yeast,  False.
Echinoderm and IndigenousVegetation SubClassOf Centipede,  False.
Livestock and Moss SubClassOf Fern,  False.
Amphibian and Bird SubClassOf Poultry,  False.
ExoticVegetation and IndigenousVegetation SubClassOf Livestock,  False.
Arachnid and Macroalgae SubClassOf Microphyte,  False.
EvergreenVegetation and TreeRing SubClassOf Leaf,  False.
Microalgae and Yeast SubClassOf DeciduousVegetation,  False.
Bacteria and Protist SubClassOf Coral,  False.
Chlorophyll and Vertebrate SubClassOf Pollen,  False.
Microbiota and Sponge SubClassOf ExoticSpecies,  False.
DeciduousVegetation and Poultry SubClassOf Plant,  False.
Litter and Radiolarian SubClassOf Sponge,  False.
Bird and Microphyte SubClassOf Phytoplankton,  False.
Flatworm and MarineBird SubClassOf Vertebrate,  False.
DeciduousVegetation and Diatom SubClassOf Yeast,  False.
Crop and FungiTaxonomy SubClassOf Echinoderm,  False.
Human and MarineAnimal SubClassOf Bird,  False.
Fish and Poultry SubClassOf Flagellate,  False.
FloweringPlant and Reptile SubClassOf EvergreenVegetation,  False.
Coral and Flagellate SubClassOf Dairy,  False.
Arthropod and Microbiota SubClassOf Amphibian,  False.
Coccolithophore and MarinePlant SubClassOf Poultry,  False.
Vegetation SubClassOf MarineAnimal,  False.
Mollusk and Roundworm SubClassOf Coccolithophore,  False.
SegmentedWorm and Zooplankton SubClassOf Fern,  False.
IndigenousSpecies and Invertebrate SubClassOf IndigenousVegetation,  False.
DominantSpecies and Human SubClassOf Mollusk,  False.
Poultry and VegetationSpecies SubClassOf Mold,  False.
DeciduousVegetation and MarineInvertebrate SubClassOf Mammal,  False.
Radiolarian and Sporozoan SubClassOf Liverwort,  False.
Bacteria and MarineMicrobiota SubClassOf Macrophyte,  False.
Coccolithophore and Mammal SubClassOf TreeRing,  False.
Diatom and Fungi SubClassOf Insect,  False.
Crop and Lichen SubClassOf Foraminifer,  False.
Algae and ExoticSpecies SubClassOf Amoebae,  False.
Amoebae and Invertebrate SubClassOf Crustacean,  False.
FloweringPlant and Leaf SubClassOf Ciliate,  False.
Coral and Foraminifer SubClassOf Plankton,  False.
Leaf and MicrobiotaTaxonomy SubClassOf MarinePlant,  False.
Reptile and VegetationCover SubClassOf BlueGreenAlgae,  False.
Invertebrate and Vegetation SubClassOf ExoticVegetation,  False.
BlueGreenAlgae and Roundworm SubClassOf Jellyfish,  False.
Lichen and Plankton SubClassOf Coccolithophore,  False.
Crown and MarineInvertebrate SubClassOf ExoticSpecies,  False.
Canopy and Insect SubClassOf IndigenousVegetation,  False.
Macrophyte and Pollen SubClassOf MarineAnimal,  False.
Anemone and Canopy SubClassOf Microalgae,  False.
Fungi and Macroalgae SubClassOf Nutrient,  False.
Human and Protist SubClassOf Crown,  False.
DominantSpecies and Sporozoan SubClassOf MarineMammal,  False.
Livestock and Mammal SubClassOf Macroalgae,  False.
Flagellate and Leaf SubClassOf Animal,  False.
Insect and MarineBird SubClassOf Invertebrate,  False.
Bacteria and VegetationCover SubClassOf Human,  False.
Amoebae and Crustacean SubClassOf Canopy,  False.
Dairy and Moss SubClassOf Microbiota,  False.
Ciliate and Foraminifer SubClassOf Diatom,  False.
Amphibian and ExoticSpecies SubClassOf MicrobiotaTaxonomy,  False.
Protist and Radiolarian SubClassOf MarineMicrobiota,  False.
Centipede and Sporozoan SubClassOf Phytoplankton,  False.
SlimeMold SubClassOf Jellyfish,  False.
Crown and Yeast SubClassOf MarinePlant,  False.
Insect and Microphyte SubClassOf Sponge,  False.
Microalgae and MicrobiotaTaxonomy SubClassOf Bird,  False.
Anemone and Mold SubClassOf Vertebrate,  False.
Conifer and Macroalgae SubClassOf Plant,  True.
Conifer and Macroalgae SubClassOf VegetationCover,  False.
Conifer and Macroalgae SubClassOf Microalgae,  False.
Conifer and Macroalgae SubClassOf Fungi,  False.
Conifer and Macroalgae SubClassOf Arachnid,  False.
Conifer and Macroalgae SubClassOf VegetationSpecies,  False.
Conifer and Macroalgae SubClassOf Livestock,  False.
Conifer and Macroalgae SubClassOf Sponge,  False.
Conifer and Macroalgae SubClassOf Flatworm,  False.
Conifer and Macroalgae SubClassOf Diatom,  False.
Conifer and Macroalgae SubClassOf FungiTaxonomy,  False.
Conifer and Macroalgae SubClassOf MarinePlant,  False.
Conifer and Macroalgae SubClassOf Moss,  False.
Conifer and Macroalgae SubClassOf Vertebrate,  False.
Conifer and Macroalgae SubClassOf Radiolarian,  False.
Conifer and Macroalgae SubClassOf Human,  False.
Conifer and Macroalgae SubClassOf MarineMicrobiota,  False.
Conifer and Macroalgae SubClassOf Animal,  False.
Conifer and Macroalgae SubClassOf Flagellate,  False.
Conifer and Macroalgae SubClassOf Poultry,  False.
Conifer and Macroalgae SubClassOf MarineMammal,  False.
Conifer and Macroalgae SubClassOf Amphibian,  False.
Conifer and Macroalgae SubClassOf Millipede,  False.
Conifer and Macroalgae SubClassOf Plankton,  False.
Conifer and Macroalgae SubClassOf Roundworm,  False.
Conifer and Macroalgae SubClassOf Microphyte,  False.
Conifer and Macroalgae SubClassOf SlimeMold,  False.
Conifer and Macroalgae SubClassOf Microbiota,  False.
Conifer and Macroalgae SubClassOf MicrobiotaTaxonomy,  False.
Conifer and Macroalgae SubClassOf Coccolithophore,  False.
Conifer and Macroalgae SubClassOf Lichen,  False.
Conifer and Macroalgae SubClassOf Leaf,  False.
Conifer and Macroalgae SubClassOf Pollen,  False.
Conifer and Macroalgae SubClassOf Mushroom,  False.
Conifer and Macroalgae SubClassOf Fish,  False.
Conifer and Macroalgae SubClassOf Reptile,  False.
Conifer and Macroalgae SubClassOf MarineAnimal,  False.
Conifer and Macroalgae SubClassOf Foraminifer,  False.
Conifer and Macroalgae SubClassOf Dairy,  False.
Conifer and Macroalgae SubClassOf Liverwort,  False.
Conifer and Macroalgae SubClassOf Crustacean,  False.
Conifer and Macroalgae SubClassOf Canopy,  False.
Conifer and Macroalgae SubClassOf Coral,  False.
Conifer and Macroalgae SubClassOf ExoticVegetation,  False.
Conifer and Macroalgae SubClassOf Macrophyte,  The statement
Conifer and Macroalgae SubClassOf SegmentedWorm,  False.
Conifer and Macroalgae SubClassOf LivingThing,  True.
Conifer SubClassOf LivingThing,  True.
Conifer SubClassOf VegetationCover,  The statement
Conifer SubClassOf Microalgae,  False.
Conifer SubClassOf Fungi,  False.
Conifer SubClassOf Arachnid,  False.
Conifer SubClassOf VegetationSpecies,  The statement
Conifer SubClassOf Livestock,  False.
Conifer SubClassOf Sponge,  False.
Conifer SubClassOf Flatworm,  False.
Conifer SubClassOf Diatom,  False.
Conifer SubClassOf FungiTaxonomy,  False.
Conifer SubClassOf MarinePlant,  False.
Conifer SubClassOf Moss,  False.
Conifer SubClassOf Vertebrate,  False.
Conifer SubClassOf Radiolarian,  False.
Conifer SubClassOf Human,  False.
Conifer SubClassOf MarineMicrobiota,  False.
Conifer SubClassOf Animal,  False.
Conifer SubClassOf Flagellate,  False.
Conifer SubClassOf Poultry,  False.
Conifer SubClassOf MarineMammal,  False.
Conifer SubClassOf Amphibian,  False.
Conifer SubClassOf Millipede,  False.
Conifer SubClassOf Plankton,  False.
Conifer SubClassOf Roundworm,  False.
Conifer SubClassOf Microphyte,  The statement
Conifer SubClassOf SlimeMold,  False.
Conifer SubClassOf Microbiota,  False.
Conifer SubClassOf MicrobiotaTaxonomy,  False.
Conifer SubClassOf Coccolithophore,  False.
Conifer SubClassOf Lichen,  False.
Conifer SubClassOf Leaf,  False.
Conifer SubClassOf Pollen,  False.
Conifer SubClassOf Mushroom,  False.
Conifer SubClassOf Fish,  False.
Conifer SubClassOf Reptile,  False.
Conifer SubClassOf MarineAnimal,  False.
Conifer SubClassOf Macroalgae,  False.
Conifer SubClassOf Foraminifer,  False.
Conifer SubClassOf Dairy,  False.
Conifer SubClassOf Liverwort,  False.
Conifer SubClassOf Crustacean,  False.
Conifer SubClassOf Canopy,  False.
Conifer SubClassOf Coral,  False.
Conifer SubClassOf ExoticVegetation,  False.
Conifer SubClassOf Macrophyte,  False.
Conifer SubClassOf SegmentedWorm,  False.
Conifer SubClassOf Bird,  False.
Conifer SubClassOf Fern,  False.
Conifer SubClassOf DominantSpecies,  False.
Conifer SubClassOf BlueGreenAlgae,  False.
Conifer SubClassOf EvergreenVegetation,  The statement
Conifer SubClassOf TreeRing,  False.
Conifer SubClassOf Vegetation,  The statement
Conifer SubClassOf ExoticSpecies,  False.
Conifer SubClassOf Litter,  False.
Conifer SubClassOf Crown,  False.
Conifer SubClassOf Jellyfish,  False.
Conifer SubClassOf Invertebrate,  False.
Conifer SubClassOf Anemone,  False.
Conifer SubClassOf Ciliate,  False.
Conifer SubClassOf Zooplankton,  False.
Conifer SubClassOf FloweringPlant,  False.
Conifer SubClassOf Sporozoan,  False.
Conifer SubClassOf IndigenousVegetation,  False.
Conifer SubClassOf Nutrient,  False.
Conifer SubClassOf IndigenousSpecies,  False.
Conifer SubClassOf MarineInvertebrate,  False.
Conifer SubClassOf Yeast,  False.
Conifer SubClassOf Mammal,  False.
Conifer SubClassOf Protist,  False.
Conifer SubClassOf Centipede,  False.
Conifer SubClassOf Crop,  False.
Conifer SubClassOf Algae,  False.
Conifer SubClassOf Arthropod,  False.
Conifer SubClassOf MarineBird,  False.
Conifer SubClassOf Chlorophyll,  False.
Conifer SubClassOf Mollusk,  False.
Conifer SubClassOf Echinoderm,  False.
Conifer SubClassOf Plant,  The given
Conifer SubClassOf Amoebae,  False.
Conifer SubClassOf Insect,  False.
Conifer SubClassOf Mold,  False.
Conifer SubClassOf Bacteria,  False.
Conifer SubClassOf DeciduousVegetation,  False.
Conifer SubClassOf Phytoplankton,  False.
Amoebae and Roundworm SubClassOf Echinoderm,  False.
Plant and SegmentedWorm SubClassOf Amphibian,  False.
Livestock and Mushroom SubClassOf Algae,  False.
Animal and Millipede SubClassOf Yeast,  False.
Phytoplankton and Zooplankton SubClassOf Leaf,  False.
Millipede and Mushroom SubClassOf Poultry,  False.
Echinoderm and Mammal SubClassOf EvergreenVegetation,  False.
MarinePlant and Mollusk SubClassOf Coral,  False.
Coccolithophore and Conifer SubClassOf Crustacean,  False.
Crustacean and IndigenousSpecies SubClassOf Amoebae,  False.
Dairy and Vegetation SubClassOf FungiTaxonomy,  False.
ExoticVegetation and Yeast SubClassOf MarinePlant,  False.
Diatom and MarineInvertebrate SubClassOf Vertebrate,  False.
TreeRing and VegetationSpecies SubClassOf Sporozoan,  False.
Fish and Nutrient SubClassOf BlueGreenAlgae,  False.
Fern and Yeast SubClassOf VegetationCover,  False.
BlueGreenAlgae and Radiolarian SubClassOf Sponge,  False.
Flatworm and Vertebrate SubClassOf Phytoplankton,  False.
ExoticVegetation and SlimeMold SubClassOf VegetationSpecies,  False.
Chlorophyll and MarineMammal SubClassOf Lichen,  False.
Flagellate and Microphyte SubClassOf Flatworm,  False.
Dairy and Mollusk SubClassOf Yeast,  False.
Mold and Plant SubClassOf Echinoderm,  False.
VegetationCover and VegetationSpecies SubClassOf FloweringPlant,  False.
Bird and Fish SubClassOf SegmentedWorm,  False.
BlueGreenAlgae and MarinePlant SubClassOf Millipede,  False.
Liverwort and MarineMicrobiota SubClassOf SlimeMold,  False.
Flatworm and Litter SubClassOf Radiolarian,  False.
ExoticVegetation and MarineAnimal SubClassOf Anemone,  False.
Flatworm and Yeast SubClassOf Protist,  False.
Plankton and Poultry SubClassOf Zooplankton,  False.
Crustacean and Mollusk SubClassOf Insect,  False.
Arthropod and Plant SubClassOf Chlorophyll,  False.
Fern and Macrophyte SubClassOf Vegetation,  False.
BlueGreenAlgae and DeciduousVegetation SubClassOf Liverwort,  False.
Ciliate and Flagellate SubClassOf Macrophyte,  False.
Amphibian and SegmentedWorm SubClassOf Plankton,  False.
MarineMammal and Phytoplankton SubClassOf Crop,  False.
Flagellate and Reptile SubClassOf Livestock,  False.
Amphibian and Microalgae SubClassOf MicrobiotaTaxonomy,  False.
Bacteria and Mammal SubClassOf Reptile,  False.
ExoticSpecies and Sponge SubClassOf Animal,  False.
MarineBird and SegmentedWorm SubClassOf DominantSpecies,  False.
DominantSpecies and MarineMammal SubClassOf Fungi,  False.
Amoebae and MarineAnimal SubClassOf Bird,  False.
Arthropod and IndigenousVegetation SubClassOf SlimeMold,  False.
Centipede and Foraminifer SubClassOf Millipede,  False.
Bird and MarineMicrobiota SubClassOf Zooplankton,  False.
Microbiota and Nutrient SubClassOf Mammal,  False.
Moss and SlimeMold SubClassOf SegmentedWorm,  False.
BlueGreenAlgae and Pollen SubClassOf Radiolarian,  False.
EvergreenVegetation and Poultry SubClassOf Mold,  False.
Liverwort and MicrobiotaTaxonomy SubClassOf Insect,  False.
Anemone and Bird SubClassOf Poultry,  False.
Moss and Protist SubClassOf Vegetation,  False.
Animal and Jellyfish SubClassOf Fern,  False.
Dairy and Roundworm SubClassOf Leaf,  False.
Ciliate SubClassOf Amphibian,  False.
Amphibian and Mushroom SubClassOf Centipede,  False.
Echinoderm and Fungi SubClassOf Conifer,  False.
Anemone and Fish SubClassOf Pollen,  False.
MarinePlant and Plant SubClassOf Litter,  False.
Conifer and Millipede SubClassOf IndigenousVegetation,  False.
Flatworm and Pollen SubClassOf TreeRing,  False.
Crown and ExoticVegetation SubClassOf Microalgae,  False.
Fern and Yeast SubClassOf ExoticSpecies,  False.
Crop and MarineInvertebrate SubClassOf DeciduousVegetation,  False.
DominantSpecies and IndigenousVegetation SubClassOf Arthropod,  False.
Arachnid and Canopy SubClassOf Diatom,  False.
Human and MicrobiotaTaxonomy SubClassOf Invertebrate,  False.
Livestock and SlimeMold SubClassOf Echinoderm,  False.
Arachnid and Lichen SubClassOf MarineBird,  False.
Diatom and EvergreenVegetation SubClassOf Flagellate,  False.
MicrobiotaTaxonomy and VegetationSpecies SubClassOf Lichen,  False.
Mold and Mushroom SubClassOf Dairy,  False.
Bacteria and Chlorophyll SubClassOf Fern,  False.
ExoticSpecies and Radiolarian SubClassOf Flatworm,  False.
Dairy and SegmentedWorm SubClassOf IndigenousSpecies,  False.
Canopy and Invertebrate SubClassOf Mollusk,  False.
Jellyfish and MarineAnimal SubClassOf Chlorophyll,  False.
Arthropod and ExoticSpecies SubClassOf IndigenousVegetation,  False.
Ciliate and Mold SubClassOf Litter,  False.
FloweringPlant SubClassOf Microalgae,  False.
Coral and Echinoderm SubClassOf TreeRing,  False.
MicrobiotaTaxonomy and SlimeMold SubClassOf Pollen,  False.
Crown and Plant SubClassOf MarineMammal,  False.
DeciduousVegetation and ExoticSpecies SubClassOf Livestock,  False.
Crustacean and SegmentedWorm SubClassOf Microphyte,  False.
Livestock and MarineAnimal SubClassOf Foraminifer,  False.
Arachnid and Macrophyte SubClassOf MarineAnimal,  False.
Arachnid and Arthropod SubClassOf Crustacean,  False.
Flagellate and Mold SubClassOf Coral,  False.
Animal and Microalgae SubClassOf Crown,  False.
Bacteria and Phytoplankton SubClassOf Amoebae,  False.
EvergreenVegetation and SlimeMold SubClassOf BlueGreenAlgae,  False.
Crown and Mollusk SubClassOf Phytoplankton,  False.
Algae and DominantSpecies SubClassOf Mushroom,  False.
IndigenousSpecies and MarineAnimal SubClassOf Human,  False.
Anemone and Nutrient SubClassOf Canopy,  False.
Moss and Sporozoan SubClassOf VegetationCover,  False.
Bird and Coccolithophore SubClassOf Vertebrate,  False.
Nutrient and TreeRing SubClassOf Roundworm,  False.
Liverwort and Phytoplankton SubClassOf Nutrient,  False.
Chlorophyll and Conifer SubClassOf Ciliate,  False.
Mushroom and Protist SubClassOf MarineMammal,  False.
Mammal and Poultry SubClassOf Microalgae,  False.
Crustacean and Lichen SubClassOf Animal,  False.
Canopy and Macrophyte SubClassOf MarineInvertebrate,  False.
Macrophyte and Microalgae SubClassOf Moss,  False.
Flagellate and Litter SubClassOf MarineMicrobiota,  False.
Algae and Vertebrate SubClassOf Arachnid,  False.
Phytoplankton and Protist SubClassOf MicrobiotaTaxonomy,  False.
Arachnid and Sporozoan SubClassOf MarinePlant,  False.
Insect and TreeRing SubClassOf SegmentedWorm,  False.
Coccolithophore and Millipede SubClassOf Bird,  False.
Insect and Zooplankton SubClassOf SlimeMold,  False.
EvergreenVegetation and VegetationCover SubClassOf FloweringPlant,  False.
Canopy and Reptile SubClassOf VegetationCover,  False.
Microphyte and Sponge SubClassOf Flagellate,  False.
Human and Roundworm SubClassOf Plant,  False.
Foraminifer and MarinePlant SubClassOf Canopy,  False.
Mammal and Radiolarian SubClassOf Amphibian,  False.
Human and IndigenousVegetation SubClassOf Flatworm,  False.
MarineBird SubClassOf Lichen,  False.
Amphibian and DeciduousVegetation SubClassOf Echinoderm,  False.
Coral and Insect SubClassOf Fern,  False.
Moss and VegetationCover SubClassOf IndigenousVegetation,  False.
Litter and Livestock SubClassOf IndigenousSpecies,  False.
Macroalgae and MarineMammal SubClassOf Dairy,  False.
Amoebae and Microbiota SubClassOf Chlorophyll,  False.
Bird and IndigenousSpecies SubClassOf Pollen,  False.
Macroalgae and TreeRing SubClassOf Conifer,  False.
MarineMicrobiota and Millipede SubClassOf Mollusk,  False.
Amoebae and Flatworm SubClassOf Macroalgae,  False.
Anemone and IndigenousSpecies SubClassOf Roundworm,  False.
TreeRing and VegetationCover SubClassOf BlueGreenAlgae,  False.
Echinoderm and FloweringPlant SubClassOf Human,  False.
Fish and Phytoplankton SubClassOf Canopy,  False.
Chlorophyll and Crown SubClassOf Microbiota,  False.
Jellyfish and Litter SubClassOf VegetationSpecies,  False.
Crop and IndigenousVegetation SubClassOf VegetationCover,  False.
MarinePlant and Yeast SubClassOf Flatworm,  False.
MarineInvertebrate and Reptile SubClassOf Amphibian,  False.
FungiTaxonomy and Sponge SubClassOf Millipede,  False.
Fish and Human SubClassOf Lichen,  False.
Amphibian and Fern SubClassOf Dairy,  False.
MarineMicrobiota and Vegetation SubClassOf Litter,  False.
Poultry and Sponge SubClassOf Protist,  False.
ExoticVegetation and SegmentedWorm SubClassOf Zooplankton,  False.
Jellyfish and Sporozoan SubClassOf Anemone,  False.
Diatom and Mammal SubClassOf Vegetation,  False.
Amoebae and Plankton SubClassOf Algae,  False.
IndigenousSpecies and Nutrient SubClassOf Radiolarian,  False.
Lichen and Sponge SubClassOf Leaf,  False.
Bacteria and Macrophyte SubClassOf Crop,  False.
Phytoplankton and VegetationSpecies SubClassOf Liverwort,  False.
Chlorophyll and SlimeMold SubClassOf EvergreenVegetation,  False.
Chlorophyll and Protist SubClassOf Plankton,  False.
Dairy and Lichen SubClassOf Livestock,  False.
FungiTaxonomy and Leaf SubClassOf Macrophyte,  False.
Insect and Jellyfish SubClassOf Crustacean,  False.
MicrobiotaTaxonomy and VegetationCover SubClassOf Sporozoan,  False.
Ciliate and Litter SubClassOf Crown,  False.
Invertebrate and Vertebrate SubClassOf Coral,  False.
Arachnid and Coccolithophore SubClassOf Bird,  False.
Millipede and Plant SubClassOf SegmentedWorm,  False.
Animal and Fern SubClassOf Arachnid,  False.
MarineMicrobiota and Roundworm SubClassOf Fungi,  False.
EvergreenVegetation and Invertebrate SubClassOf Bacteria,  False.
Amphibian and Insect SubClassOf Poultry,  False.
Algae and MarineMammal SubClassOf Yeast,  False.
MarineInvertebrate and Reptile SubClassOf Fern,  False.
Conifer and Sporozoan SubClassOf Leaf,  False.
Animal and Pollen SubClassOf Vegetation,  False.
Leaf and Plankton SubClassOf Mold,  False.
Fungi and Radiolarian SubClassOf Microphyte,  False.
Lichen and MarineInvertebrate SubClassOf Crown,  False.
DominantSpecies and Fungi SubClassOf MarineAnimal,  False.
DeciduousVegetation and VegetationSpecies SubClassOf Livestock,  False.
MarineMammal SubClassOf Insect,  False.
Algae and Coral SubClassOf Chlorophyll,  False.
Coccolithophore and IndigenousVegetation SubClassOf Mollusk,  False.
Livestock and Plant SubClassOf Conifer,  False.
Animal and Vertebrate SubClassOf Microalgae,  False.
Leaf and Microbiota SubClassOf MarineInvertebrate,  False.
ExoticVegetation and Invertebrate SubClassOf Fish,  False.
Amphibian and Macroalgae SubClassOf TreeRing,  False.
Centipede and Fungi SubClassOf ExoticVegetation,  False.
DeciduousVegetation and Liverwort SubClassOf Animal,  False.
MarinePlant and Yeast SubClassOf Ciliate,  False.
Conifer and Protist SubClassOf FungiTaxonomy,  False.
Microalgae and Poultry SubClassOf MarinePlant,  False.
Diatom and Mushroom SubClassOf Vertebrate,  False.
Conifer and Yeast SubClassOf DominantSpecies,  False.
Macrophyte and MarineInvertebrate SubClassOf MarineMicrobiota,  False.
Anemone and Arthropod SubClassOf Zooplankton,  False.
Macroalgae and MarinePlant SubClassOf Mammal,  False.
DeciduousVegetation and Protist SubClassOf IndigenousSpecies,  False.
FungiTaxonomy and Nutrient SubClassOf Radiolarian,  False.
Livestock and SegmentedWorm SubClassOf Chlorophyll,  False.
IndigenousSpecies and Millipede SubClassOf Insect,  False.
Insect and Reptile SubClassOf Liverwort,  False.
MicrobiotaTaxonomy and Sponge SubClassOf Mollusk,  False.
Livestock and Mushroom SubClassOf TreeRing,  False.
Mammal and TreeRing SubClassOf Ciliate,  False.
Amoebae and Vegetation SubClassOf Foraminifer,  False.
Mollusk and SegmentedWorm SubClassOf Macrophyte,  False.
Canopy and Macroalgae SubClassOf Crustacean,  False.
Macrophyte and Vertebrate SubClassOf ExoticVegetation,  False.
Arthropod and Coral SubClassOf MarineInvertebrate,  False.
ExoticVegetation and Mold SubClassOf Amoebae,  False.
Fern and Leaf SubClassOf Coral,  False.
Foraminifer and MarineMicrobiota SubClassOf Mushroom,  False.
Bacteria and Poultry SubClassOf ExoticSpecies,  False.
Dairy and Diatom SubClassOf DeciduousVegetation,  False.
Invertebrate and MarineMammal SubClassOf Arthropod,  False.
Algae and BlueGreenAlgae SubClassOf Diatom,  False.
Coccolithophore and ExoticSpecies SubClassOf Human,  False.
Amoebae and FloweringPlant SubClassOf BlueGreenAlgae,  False.
Arthropod and FloweringPlant SubClassOf VegetationCover,  False.
Flatworm and Mold SubClassOf Flagellate,  False.
Invertebrate and MicrobiotaTaxonomy SubClassOf Roundworm,  False.
Vegetation and VegetationCover SubClassOf Canopy,  False.
MarineAnimal and SlimeMold SubClassOf MarineBird,  False.
Crown and Fish SubClassOf Flatworm,  False.
Canopy and Poultry SubClassOf SlimeMold,  False.
Litter and MarineAnimal SubClassOf Millipede,  False.
Protist and SlimeMold SubClassOf Microalgae,  False.
Sporozoan and Yeast SubClassOf MarineInvertebrate,  False.
Diatom and SlimeMold SubClassOf Fish,  False.
Crown and Vertebrate SubClassOf MarineMammal,  False.
Insect and Mold SubClassOf Moss,  False.
Chlorophyll and VegetationCover SubClassOf Animal,  False.
Anemone and Radiolarian SubClassOf Ciliate,  False.
Centipede and Macroalgae SubClassOf FungiTaxonomy,  False.
Amoebae and Mushroom SubClassOf MarinePlant,  False.
Jellyfish and SegmentedWorm SubClassOf Vertebrate,  False.
Livestock and Microphyte SubClassOf DominantSpecies,  False.
Ciliate and Millipede SubClassOf Jellyfish,  False.
Millipede and Phytoplankton SubClassOf FloweringPlant,  False.
Echinoderm and Mold SubClassOf Sponge,  False.
Mushroom and Roundworm SubClassOf Arachnid,  False.
Mammal and Plant SubClassOf Fungi,  False.
Anemone and DeciduousVegetation SubClassOf Canopy,  False.
Crustacean and Macroalgae SubClassOf Microbiota,  False.
MarineAnimal and Protist SubClassOf VegetationSpecies,  False.
Fish and Nutrient SubClassOf VegetationCover,  False.
Livestock and Reptile SubClassOf Flatworm,  False.
Flagellate and Millipede SubClassOf Amphibian,  False.
Arthropod and Insect SubClassOf Flagellate,  False.
MicrobiotaTaxonomy and Phytoplankton SubClassOf Lichen,  False.
Mushroom and Vegetation SubClassOf Dairy,  False.
Mammal and Mollusk SubClassOf Litter,  False.
Amoebae and SegmentedWorm SubClassOf Protist,  False.
Canopy and Nutrient SubClassOf Insect,  False.
ExoticVegetation and Macrophyte SubClassOf Chlorophyll,  False.
Livestock and Phytoplankton SubClassOf IndigenousVegetation,  False.
Mold and TreeRing SubClassOf Conifer,  False.
BlueGreenAlgae and VegetationSpecies SubClassOf Arthropod,  False.
Fish and MarineMicrobiota SubClassOf Macroalgae,  False.
Amoebae and MarinePlant SubClassOf Sporozoan,  False.
Conifer and Moss SubClassOf Invertebrate,  False.
Flatworm and Protist SubClassOf VegetationCover,  False.
ExoticVegetation and Poultry SubClassOf Reptile,  False.
VegetationCover and Yeast SubClassOf Roundworm,  False.
Bird and Plankton SubClassOf Canopy,  False.
Macrophyte and Mollusk SubClassOf MarineBird,  False.
DeciduousVegetation and Plant SubClassOf Flatworm,  False.
Fern and Liverwort SubClassOf Microbiota,  False.
BlueGreenAlgae and MarineAnimal SubClassOf Millipede,  False.
Ciliate and Phytoplankton SubClassOf Zooplankton,  False.
Amphibian and Arachnid SubClassOf Mammal,  False.
Crustacean and MarineMammal SubClassOf IndigenousSpecies,  False.
Arthropod and Flagellate SubClassOf Protist,  False.
Crop and Lichen SubClassOf Bacteria,  False.
Crown and Pollen SubClassOf Anemone,  False.
Canopy and Zooplankton SubClassOf Yeast,  False.
Fern and Macrophyte SubClassOf Algae,  False.
Human and Litter SubClassOf EvergreenVegetation,  False.
DominantSpecies and Macroalgae SubClassOf Leaf,  False.
Crown and Protist SubClassOf Vegetation,  False.
MarineInvertebrate and Sporozoan SubClassOf Centipede,  False.
Livestock and MarineBird SubClassOf Microphyte,  False.
Amphibian and Millipede SubClassOf Coccolithophore,  False.
Canopy and Insect SubClassOf MarineAnimal,  False.
Fungi and VegetationCover SubClassOf Livestock,  False.
Crustacean and Foraminifer SubClassOf Coral,  False.
Dairy and MarineMammal SubClassOf Mushroom,  False.
Amoebae and Mammal SubClassOf ExoticSpecies,  False.
Animal and Ciliate SubClassOf Fungi,  False.
Dairy and Invertebrate SubClassOf Bird,  False.
Chlorophyll and Ciliate SubClassOf Vertebrate,  False.
Amphibian and Microphyte SubClassOf Plant,  False.
Fungi and Plant SubClassOf Echinoderm,  False.
Fish and FloweringPlant SubClassOf Bacteria,  False.
Jellyfish and MarinePlant SubClassOf Flagellate,  False.
Conifer and MicrobiotaTaxonomy SubClassOf Yeast,  False.
Fern and Poultry SubClassOf Centipede,  False.
Crop and ExoticVegetation SubClassOf Fern,  False.
Echinoderm and Yeast SubClassOf Poultry,  False.
Anemone and MarineInvertebrate SubClassOf EvergreenVegetation,  False.
FungiTaxonomy and Mollusk SubClassOf Coccolithophore,  False.
Arachnid and Human SubClassOf Microphyte,  False.
Fern and Pollen SubClassOf IndigenousVegetation,  False.
Crown and MarineMicrobiota SubClassOf MarineAnimal,  False.
IndigenousSpecies and MarinePlant SubClassOf Chlorophyll,  False.
Conifer and EvergreenVegetation SubClassOf Insect,  False.
Animal and Flagellate SubClassOf Litter,  False.
Algae and Dairy SubClassOf Mollusk,  False.
MarineInvertebrate and Nutrient SubClassOf Ciliate,  False.
Mollusk and VegetationSpecies SubClassOf Foraminifer,  False.
Fern and VegetationSpecies SubClassOf FungiTaxonomy,  False.
MarineMicrobiota and SlimeMold SubClassOf ExoticVegetation,  False.
ExoticVegetation and Flatworm SubClassOf MarineInvertebrate,  False.
Diatom and ExoticVegetation SubClassOf Amoebae,  False.
Dairy and MarineMammal SubClassOf MarineMicrobiota,  False.
Flagellate and Mold SubClassOf Phytoplankton,  False.
Lichen and Mollusk SubClassOf Jellyfish,  False.
Plant and Radiolarian SubClassOf DominantSpecies,  False.
Conifer and ExoticSpecies SubClassOf Radiolarian,  False.
Macrophyte and SegmentedWorm SubClassOf Anemone,  False.
Livestock and Poultry SubClassOf Protist,  False.
Arachnid and Liverwort SubClassOf IndigenousSpecies,  False.
Animal and Arthropod SubClassOf Insect,  False.
Mold and Phytoplankton SubClassOf Chlorophyll,  False.
Microalgae and Mushroom SubClassOf Mammal,  False.
Bacteria and Crustacean SubClassOf Liverwort,  False.
Algae and SlimeMold SubClassOf Macrophyte,  False.
Crown and Zooplankton SubClassOf Plankton,  False.
Arachnid and DominantSpecies SubClassOf Crop,  False.
Flagellate and MarineAnimal SubClassOf Foraminifer,  False.
Anemone and Coccolithophore SubClassOf Amoebae,  False.
Macroalgae and Plankton SubClassOf Crustacean,  False.
Bird and EvergreenVegetation SubClassOf Ciliate,  False.
Insect and Nutrient SubClassOf FungiTaxonomy,  False.
Microalgae and Sponge SubClassOf DeciduousVegetation,  False.
Bacteria and MarineBird SubClassOf Nutrient,  False.
ExoticSpecies and MarinePlant SubClassOf Pollen,  False.
Canopy and SegmentedWorm SubClassOf MarineMammal,  False.
DominantSpecies and IndigenousVegetation SubClassOf Moss,  False.
Livestock and MarineAnimal SubClassOf Arthropod,  False.
Amphibian and Arthropod SubClassOf Mushroom,  False.
Mammal and Mold SubClassOf Human,  False.
Bird and Moss SubClassOf Canopy,  False.
Macroalgae and Nutrient SubClassOf Microbiota,  False.
MarineMammal and SlimeMold SubClassOf Diatom,  False.
Coral and Pollen SubClassOf MicrobiotaTaxonomy,  False.
Bird and EvergreenVegetation SubClassOf FloweringPlant,  False.
MicrobiotaTaxonomy and Protist SubClassOf MarineBird,  False.
Anemone and MarineMicrobiota SubClassOf Reptile,  False.
Microbiota and Moss SubClassOf SlimeMold,  False.
Human and Reptile SubClassOf Crustacean,  False.
MarinePlant and Microphyte SubClassOf Sporozoan,  False.
Crown and Roundworm SubClassOf FungiTaxonomy,  False.
Foraminifer and FungiTaxonomy SubClassOf ExoticVegetation,  False.
Radiolarian and SegmentedWorm SubClassOf Vertebrate,  False.
Amphibian and Human SubClassOf Arachnid,  False.
MarineBird and Reptile SubClassOf Jellyfish,  False.
Crop and Livestock SubClassOf Sponge,  False.
MarineMammal and VegetationCover SubClassOf Yeast,  False.
Liverwort and Vegetation SubClassOf VegetationSpecies,  False.
Diatom and IndigenousVegetation SubClassOf Plant,  The given
Amoebae and Macroalgae SubClassOf Flatworm,  False.
IndigenousSpecies and Vertebrate SubClassOf Amphibian,  False.
Coral and TreeRing SubClassOf Algae,  False.
Millipede and Moss SubClassOf Bacteria,  False.
Chlorophyll and DeciduousVegetation SubClassOf Protist,  False.
Bacteria and Reptile SubClassOf SlimeMold,  False.
Dairy and Microphyte SubClassOf FloweringPlant,  False.
Invertebrate and Liverwort SubClassOf Anemone,  False.
Diatom and Jellyfish SubClassOf Mammal,  False.
ExoticSpecies and Radiolarian SubClassOf Zooplankton,  False.
Ciliate and Human SubClassOf Dairy,  False.
Coccolithophore and FloweringPlant SubClassOf Chlorophyll,  False.
Flatworm and FloweringPlant SubClassOf Fish,  False.
Crop and MicrobiotaTaxonomy SubClassOf Liverwort,  False.
Microbiota and Plant SubClassOf Insect,  False.
Crop and Invertebrate SubClassOf Plankton,  False.
Fish and Vegetation SubClassOf Ciliate,  False.
Anemone and Coral SubClassOf Foraminifer,  False.
Litter and Zooplankton SubClassOf Macrophyte,  False.
Jellyfish and Plankton SubClassOf Reptile,  False.
Mammal and MarineInvertebrate SubClassOf Microbiota,  False.
Amoebae and Insect SubClassOf DominantSpecies,  False.
Coccolithophore and IndigenousSpecies SubClassOf MicrobiotaTaxonomy,  False.
Sponge and VegetationSpecies SubClassOf FloweringPlant,  False.
Fungi and Macrophyte SubClassOf SegmentedWorm,  False.
Phytoplankton and Sporozoan SubClassOf Millipede,  False.
Chlorophyll and DominantSpecies SubClassOf Fungi,  False.
Centipede and Dairy SubClassOf Mammal,  False.
Leaf and Sporozoan SubClassOf Anemone,  False.
Lichen SubClassOf Radiolarian,  False.
Bacteria and FungiTaxonomy SubClassOf Zooplankton,  False.
Amoebae and Pollen SubClassOf Insect,  False.
Invertebrate and VegetationCover SubClassOf Foraminifer,  False.
Foraminifer and Litter SubClassOf Vegetation,  False.
ExoticSpecies and Vertebrate SubClassOf Mold,  False.
Phytoplankton and Protist SubClassOf Leaf,  False.
Centipede and Chlorophyll SubClassOf Litter,  False.
Jellyfish and Microbiota SubClassOf Centipede,  False.
Mammal and Yeast SubClassOf EvergreenVegetation,  False.
Lichen and Macrophyte SubClassOf Coccolithophore,  False.
FungiTaxonomy and Microalgae SubClassOf ExoticSpecies,  False.
Canopy and Liverwort SubClassOf IndigenousVegetation,  False.
Litter and Roundworm SubClassOf Microalgae,  False.
Arachnid and Vertebrate SubClassOf MarineInvertebrate,  False.
Mushroom and Protist SubClassOf DeciduousVegetation,  False.
Animal and Sporozoan SubClassOf MarineMammal,  False.
TreeRing and Zooplankton SubClassOf Macroalgae,  False.
Echinoderm and EvergreenVegetation SubClassOf Animal,  False.
Insect and Millipede SubClassOf Invertebrate,  True.
Insect and Millipede SubClassOf VegetationCover,  False.
Insect and Millipede SubClassOf Microalgae,  False.
Insect and Millipede SubClassOf Fungi,  False.
Insect and Millipede SubClassOf Arachnid,  False.
Insect and Millipede SubClassOf VegetationSpecies,  False.
Insect and Millipede SubClassOf Livestock,  False.
Insect and Millipede SubClassOf Flatworm,  False.
Insect and Millipede SubClassOf Diatom,  False.
Insect and Millipede SubClassOf FungiTaxonomy,  False.
Insect and Millipede SubClassOf MarinePlant,  False.
Insect and Millipede SubClassOf Moss,  False.
Insect and Millipede SubClassOf Vertebrate,  False.
Insect and Millipede SubClassOf Radiolarian,  False.
Insect and Millipede SubClassOf Human,  False.
Insect and Millipede SubClassOf MarineMicrobiota,  False.
Insect and Millipede SubClassOf Animal,  False.
Insect and Millipede SubClassOf Flagellate,  False.
Insect and Millipede SubClassOf Poultry,  False.
Insect and Millipede SubClassOf MarineMammal,  False.
Insect and Millipede SubClassOf Amphibian,  False.
Insect and Millipede SubClassOf Plankton,  False.
Insect and Millipede SubClassOf Roundworm,  False.
Insect and Millipede SubClassOf Microphyte,  False.
Insect and Millipede SubClassOf SlimeMold,  False.
Insect and Millipede SubClassOf Microbiota,  False.
Insect and Millipede SubClassOf MicrobiotaTaxonomy,  False.
Insect and Millipede SubClassOf Coccolithophore,  False.
Insect and Millipede SubClassOf Lichen,  False.
Insect and Millipede SubClassOf Leaf,  False.
Insect and Millipede SubClassOf Pollen,  False.
Insect and Millipede SubClassOf Mushroom,  False.
Insect and Millipede SubClassOf Fish,  False.
Insect and Millipede SubClassOf Reptile,  False.
Insect and Millipede SubClassOf MarineAnimal,  False.
Insect and Millipede SubClassOf Macroalgae,  False.
Insect and Millipede SubClassOf Foraminifer,  False.
Insect and Millipede SubClassOf Dairy,  False.
Insect and Millipede SubClassOf Liverwort,  False.
Insect and Millipede SubClassOf Crustacean,  False.
Insect and Millipede SubClassOf Canopy,  False.
Insect and Millipede SubClassOf Coral,  False.
Insect and Millipede SubClassOf ExoticVegetation,  False.
Insect and Millipede SubClassOf Macrophyte,  False.
Insect and Millipede SubClassOf SegmentedWorm,  False.
Insect and Millipede SubClassOf LivingThing,  False.
Insect and Millipede SubClassOf Bird,  False.
Insect and Millipede SubClassOf Fern,  False.
Insect and Millipede SubClassOf DominantSpecies,  False.
Insect and Millipede SubClassOf BlueGreenAlgae,  False.
Insect and Millipede SubClassOf EvergreenVegetation,  False.
Insect and Millipede SubClassOf TreeRing,  False.
Insect and Millipede SubClassOf Vegetation,  False.
Insect and Millipede SubClassOf ExoticSpecies,  False.
Insect and Millipede SubClassOf Litter,  False.
Insect and Millipede SubClassOf Crown,  False.
Insect and Millipede SubClassOf Jellyfish,  False.
Millipede SubClassOf Invertebrate,  True.
Millipede SubClassOf VegetationCover,  False.
Millipede SubClassOf Microalgae,  False.
Millipede SubClassOf Fungi,  False.
Millipede SubClassOf Arachnid,  False.
Millipede SubClassOf VegetationSpecies,  False.
Millipede SubClassOf Livestock,  False.
Millipede SubClassOf Sponge,  False.
Millipede SubClassOf Flatworm,  False.
Millipede SubClassOf Diatom,  False.
Millipede SubClassOf FungiTaxonomy,  False.
Millipede SubClassOf MarinePlant,  False.
Millipede SubClassOf Moss,  False.
Millipede SubClassOf Vertebrate,  False.
Millipede SubClassOf Radiolarian,  False.
Millipede SubClassOf Human,  False.
Millipede SubClassOf MarineMicrobiota,  False.
Millipede SubClassOf Animal,  The given
Millipede SubClassOf Flagellate,  False.
Millipede SubClassOf Poultry,  False.
Millipede SubClassOf MarineMammal,  False.
Millipede SubClassOf Amphibian,  False.
Millipede SubClassOf Plankton,  False.
Millipede SubClassOf Roundworm,  False.
Millipede SubClassOf Microphyte,  False.
Millipede SubClassOf SlimeMold,  False.
Millipede SubClassOf Microbiota,  False.
Millipede SubClassOf MicrobiotaTaxonomy,  False.
Millipede SubClassOf Coccolithophore,  False.
Millipede SubClassOf Lichen,  False.
Millipede SubClassOf Leaf,  False.
Millipede SubClassOf Pollen,  False.
Millipede SubClassOf Mushroom,  False.
Millipede SubClassOf Fish,  False.
Millipede SubClassOf Reptile,  False.
Millipede SubClassOf MarineAnimal,  False.
Millipede SubClassOf Macroalgae,  False.
Millipede SubClassOf Foraminifer,  False.
Millipede SubClassOf Dairy,  False.
Millipede SubClassOf Liverwort,  False.
Millipede SubClassOf Crustacean,  False.
Millipede SubClassOf Canopy,  False.
Millipede SubClassOf Coral,  False.
Millipede SubClassOf ExoticVegetation,  False.
Millipede SubClassOf Macrophyte,  False.
Millipede SubClassOf SegmentedWorm,  False.
Millipede SubClassOf LivingThing,  True.
Millipede SubClassOf Invertebrate and LivingThing,  True.
Millipede SubClassOf Bird,  False.
Millipede SubClassOf Fern,  False.
Millipede SubClassOf DominantSpecies,  False.
Millipede SubClassOf BlueGreenAlgae,  False.
Millipede SubClassOf EvergreenVegetation,  False.
Millipede SubClassOf TreeRing,  False.
Millipede SubClassOf Vegetation,  False.
Millipede SubClassOf ExoticSpecies,  False.
Millipede SubClassOf Litter,  False.
Millipede SubClassOf Crown,  False.
Millipede SubClassOf Jellyfish,  False.
Millipede SubClassOf Anemone,  False.
Millipede SubClassOf Ciliate,  False.
Millipede SubClassOf Zooplankton,  False.
Millipede SubClassOf FloweringPlant,  False.
Millipede SubClassOf Sporozoan,  False.
Millipede SubClassOf IndigenousVegetation,  False.
Millipede SubClassOf Nutrient,  False.
Millipede SubClassOf IndigenousSpecies,  False.
Millipede SubClassOf MarineInvertebrate,  False.
Millipede SubClassOf Conifer,  False.
Millipede SubClassOf Yeast,  False.
Millipede SubClassOf Mammal,  False.
Millipede SubClassOf Protist,  False.
Millipede SubClassOf Centipede,  False.
Millipede SubClassOf Crop,  False.
Millipede SubClassOf Algae,  False.
Millipede SubClassOf Arthropod,  The given
Millipede SubClassOf MarineBird,  False.
Millipede SubClassOf Chlorophyll,  False.
Millipede SubClassOf Mollusk,  False.
Millipede SubClassOf Echinoderm,  False.
Millipede SubClassOf Plant,  False.
Millipede SubClassOf Amoebae,  False.
Millipede SubClassOf Insect,  False.
Millipede SubClassOf Mold,  False.
Millipede SubClassOf DeciduousVegetation,  False.
Millipede SubClassOf Phytoplankton,  False.
Algae and VegetationCover SubClassOf Arthropod,  False.
MarineMammal and Mollusk SubClassOf Amphibian,  False.
Algae and Livestock SubClassOf Flatworm,  False.
Coccolithophore and IndigenousSpecies SubClassOf Yeast,  False.
Plant and Vegetation SubClassOf Echinoderm,  False.
Animal and ExoticVegetation SubClassOf Fern,  False.
Leaf and Macroalgae SubClassOf IndigenousVegetation,  False.
Invertebrate and TreeRing SubClassOf IndigenousSpecies,  False.
Amphibian and Coral SubClassOf Centipede,  False.
Fungi and Yeast SubClassOf Conifer,  False.
DeciduousVegetation and Radiolarian SubClassOf Pollen,  False.
Reptile and Vertebrate SubClassOf MarineAnimal,  False.
Conifer and Microbiota SubClassOf Mollusk,  False.
Conifer and Poultry SubClassOf TreeRing,  False.
Diatom and Microphyte SubClassOf Ciliate,  False.
Centipede and Yeast SubClassOf MarineMammal,  False.
MarineInvertebrate and Mold SubClassOf DeciduousVegetation,  False.
Amoebae and VegetationCover SubClassOf Microphyte,  False.
FloweringPlant and IndigenousSpecies SubClassOf Plankton,  False.
BlueGreenAlgae and TreeRing SubClassOf Fish,  False.
Echinoderm and MicrobiotaTaxonomy SubClassOf Livestock,  False.
Litter and Phytoplankton SubClassOf ExoticVegetation,  False.
Chlorophyll and MarineAnimal SubClassOf Mushroom,  False.
Flatworm and Jellyfish SubClassOf Amoebae,  False.
Anemone and IndigenousVegetation SubClassOf Crustacean,  False.
FungiTaxonomy and Lichen SubClassOf Phytoplankton,  False.
Arthropod and FungiTaxonomy SubClassOf Vertebrate,  False.
Fish and Sponge SubClassOf Sporozoan,  False.
DeciduousVegetation and Microalgae SubClassOf BlueGreenAlgae,  False.
Fern and Sponge SubClassOf VegetationCover,  False.
MarineMicrobiota and SegmentedWorm SubClassOf Flagellate,  False.
MarinePlant and Poultry SubClassOf Plant,  False.
ExoticVegetation and Reptile SubClassOf VegetationSpecies,  False.
Bacteria and Crop SubClassOf Mold,  False.
Mammal and MarineMicrobiota SubClassOf Crop,  False.
Diatom and MarineBird SubClassOf EvergreenVegetation,  False.
ExoticSpecies and MarineMammal SubClassOf Coccolithophore,  False.
Algae and Amoebae SubClassOf Microphyte,  True.
Algae and Amoebae SubClassOf VegetationCover,  False.
Algae and Amoebae SubClassOf Microalgae,  False.
Algae and Amoebae SubClassOf Fungi,  False.
Algae and Amoebae SubClassOf Arachnid,  False.
Algae and Amoebae SubClassOf VegetationSpecies,  False.
Algae and Amoebae SubClassOf Livestock,  False.
Algae and Amoebae SubClassOf Sponge,  False.
Algae and Amoebae SubClassOf Flatworm,  False.
Algae and Amoebae SubClassOf Diatom,  False.
Algae and Amoebae SubClassOf FungiTaxonomy,  False.
Algae and Amoebae SubClassOf MarinePlant,  False.
Algae and Amoebae SubClassOf Moss,  False.
Algae and Amoebae SubClassOf Vertebrate,  False.
Algae and Amoebae SubClassOf Radiolarian,  False.
Algae and Amoebae SubClassOf Human,  False.
Algae and Amoebae SubClassOf MarineMicrobiota,  False.
Algae and Amoebae SubClassOf Animal,  False.
Algae and Amoebae SubClassOf Flagellate,  False.
Algae and Amoebae SubClassOf Poultry,  False.
Algae and Amoebae SubClassOf MarineMammal,  False.
Algae and Amoebae SubClassOf Amphibian,  False.
Algae and Amoebae SubClassOf Millipede,  False.
Algae and Amoebae SubClassOf Plankton,  False.
Algae SubClassOf Microphyte,  True.
Algae SubClassOf VegetationCover,  False.
Algae SubClassOf Microalgae,  False.
Algae SubClassOf Fungi,  False.
Algae SubClassOf Arachnid,  False.
Algae SubClassOf VegetationSpecies,  False.
Algae SubClassOf Livestock,  False.
Algae SubClassOf Sponge,  False.
Algae SubClassOf Flatworm,  False.
Algae SubClassOf Diatom,  False.
Algae SubClassOf FungiTaxonomy,  False.
Algae SubClassOf MarinePlant,  False.
Algae SubClassOf Moss,  False.
Algae SubClassOf Vertebrate,  False.
Algae SubClassOf Radiolarian,  False.
Algae SubClassOf Human,  False.
Algae SubClassOf MarineMicrobiota,  False.
Algae SubClassOf Animal,  False.
Algae SubClassOf Flagellate,  False.
Algae SubClassOf Poultry,  False.
Algae SubClassOf MarineMammal,  False.
Algae SubClassOf Amphibian,  False.
Algae SubClassOf Millipede,  False.
Algae SubClassOf Plankton,  The given
Algae SubClassOf Roundworm,  False.
Algae SubClassOf SlimeMold,  False.
Algae SubClassOf Microbiota,  False.
Algae SubClassOf MicrobiotaTaxonomy,  False.
Algae SubClassOf Coccolithophore,  False.
Algae SubClassOf Lichen,  False.
Algae SubClassOf Leaf,  False.
Algae SubClassOf Pollen,  False.
Algae SubClassOf Mushroom,  False.
Algae SubClassOf Fish,  False.
Algae SubClassOf Reptile,  False.
Algae SubClassOf MarineAnimal,  False.
Algae SubClassOf Macroalgae,  False.
Algae SubClassOf Foraminifer,  False.
Algae SubClassOf Dairy,  False.
Algae SubClassOf Liverwort,  False.
Algae SubClassOf Crustacean,  False.
Algae SubClassOf Canopy,  False.
Algae SubClassOf Coral,  False.
Algae SubClassOf ExoticVegetation,  False.
Algae SubClassOf Macrophyte,  False.
Algae SubClassOf SegmentedWorm,  False.
Algae SubClassOf LivingThing,  True.
Algae SubClassOf LivingThing and Microphyte,  First,
Algae SubClassOf Bird,  False.
Algae SubClassOf Fern,  False.
Algae SubClassOf DominantSpecies,  False.
Algae SubClassOf BlueGreenAlgae,  False.
Algae SubClassOf EvergreenVegetation,  False.
Algae SubClassOf TreeRing,  False.
Algae SubClassOf Vegetation,  The statement
Algae SubClassOf ExoticSpecies,  False.
Algae SubClassOf Litter,  False.
Algae SubClassOf Crown,  False.
Algae SubClassOf Jellyfish,  False.
Algae SubClassOf Invertebrate,  False.
Algae SubClassOf Anemone,  False.
Algae SubClassOf Ciliate,  False.
Algae SubClassOf Zooplankton,  False.
Algae SubClassOf FloweringPlant,  False.
Algae SubClassOf Sporozoan,  False.
Algae SubClassOf IndigenousVegetation,  False.
Algae SubClassOf Nutrient,  False.
Algae SubClassOf IndigenousSpecies,  False.
Algae SubClassOf MarineInvertebrate,  False.
Algae SubClassOf Conifer,  False.
Algae SubClassOf Yeast,  False.
Algae SubClassOf Mammal,  False.
Algae SubClassOf Protist,  The given
Algae SubClassOf Centipede,  False.
Algae SubClassOf Crop,  False.
Algae SubClassOf Arthropod,  False.
Algae SubClassOf MarineBird,  False.
Algae SubClassOf Chlorophyll,  False.
Algae SubClassOf Mollusk,  False.
Algae SubClassOf Echinoderm,  False.
Algae SubClassOf Plant,  False.
Algae SubClassOf Amoebae,  False.
Algae SubClassOf Insect,  False.
Algae SubClassOf Mold,  False.
Algae SubClassOf Bacteria,  False.
Algae SubClassOf DeciduousVegetation,  False.
Algae SubClassOf Phytoplankton,  False.
Coccolithophore and Leaf SubClassOf Livestock,  False.
FloweringPlant and Foraminifer SubClassOf Macrophyte,  False.
Animal and MarineMicrobiota SubClassOf Crustacean,  False.
Leaf and VegetationCover SubClassOf Sporozoan,  False.
Invertebrate SubClassOf Crown,  False.
BlueGreenAlgae and Vegetation SubClassOf Coral,  False.
Poultry and SlimeMold SubClassOf Macroalgae,  False.
Crown and Litter SubClassOf Phytoplankton,  False.
Bird and Reptile SubClassOf Mushroom,  False.
Flatworm and Macrophyte SubClassOf Human,  False.
Animal and Coccolithophore SubClassOf Arthropod,  False.
FloweringPlant and Roundworm SubClassOf Diatom,  False.
Fern and Microalgae SubClassOf MarineInvertebrate,  False.
MarineMicrobiota and Mushroom SubClassOf Moss,  False.
Echinoderm and Invertebrate SubClassOf MarineMicrobiota,  False.
Amphibian and Zooplankton SubClassOf Arachnid,  False.
MarineMammal and Plant SubClassOf Jellyfish,  False.
Algae and Millipede SubClassOf DominantSpecies,  False.
Pollen and Reptile SubClassOf Fungi,  False.
Conifer and Plankton SubClassOf Bird,  False.
Animal and Fern SubClassOf SlimeMold,  False.
Insect and Leaf SubClassOf FloweringPlant,  False.
DominantSpecies and Radiolarian SubClassOf Anemone,  False.
Canopy and MarineInvertebrate SubClassOf Mammal,  False.
Fungi and MarineInvertebrate SubClassOf Algae,  False.
DeciduousVegetation and Sporozoan SubClassOf Radiolarian,  False.
BlueGreenAlgae and Microphyte SubClassOf Phytoplankton,  False.
Ciliate and Mollusk SubClassOf VegetationSpecies,  False.
Coral and Mold SubClassOf Human,  False.
Conifer and Zooplankton SubClassOf Macroalgae,  False.
Flagellate and Roundworm SubClassOf Microbiota,  False.
Microphyte and Plant SubClassOf Flagellate,  False.
Mushroom and Roundworm SubClassOf VegetationCover,  False.
Foraminifer and Jellyfish SubClassOf Sponge,  False.
Dairy and Zooplankton SubClassOf Amphibian,  False.
Fern and Human SubClassOf Centipede,  False.
MarineBird and Millipede SubClassOf Lichen,  False.
Crustacean and Echinoderm SubClassOf Flatworm,  False.
Crown and Fish SubClassOf Litter,  False.
MarineInvertebrate and Microbiota SubClassOf IndigenousVegetation,  False.
Crop and Liverwort SubClassOf IndigenousSpecies,  False.
Pollen and VegetationSpecies SubClassOf Dairy,  False.
MicrobiotaTaxonomy and SegmentedWorm SubClassOf Mammal,  False.
IndigenousSpecies and Livestock SubClassOf Liverwort,  False.
Macroalgae and Reptile SubClassOf Radiolarian,  False.
EvergreenVegetation and Flagellate SubClassOf Anemone,  False.
Livestock and SegmentedWorm SubClassOf Crop,  False.
Crustacean and TreeRing SubClassOf Livestock,  False.
Millipede and Vegetation SubClassOf EvergreenVegetation,  False.
ExoticSpecies and Mollusk SubClassOf Mold,  False.
Diatom and Liverwort SubClassOf Microphyte,  False.
VegetationSpecies and Vertebrate SubClassOf Crown,  False.
Nutrient and Radiolarian SubClassOf Macrophyte,  False.
ExoticVegetation and Human SubClassOf Plankton,  False.
Plankton and Radiolarian SubClassOf Sporozoan,  False.
Centipede and Flatworm SubClassOf Jellyfish,  False.
Crop and SlimeMold SubClassOf Coral,  False.
Microbiota and Yeast SubClassOf Crustacean,  False.
Liverwort and Plankton SubClassOf SegmentedWorm,  False.
Flatworm and MarineAnimal SubClassOf Yeast,  False.
Fish and Protist SubClassOf Fungi,  False.
Microbiota and Poultry SubClassOf FloweringPlant,  False.
BlueGreenAlgae and Crustacean SubClassOf Poultry,  False.
Arthropod and Mollusk SubClassOf Vegetation,  False.
ExoticVegetation and Macrophyte SubClassOf Algae,  False.
DeciduousVegetation and Zooplankton SubClassOf Bacteria,  False.
Flagellate and Sponge SubClassOf Leaf,  False.
Algae and Microalgae SubClassOf MarineAnimal,  False.
Arachnid and Phytoplankton SubClassOf Mold,  False.
Chlorophyll and Reptile SubClassOf EvergreenVegetation,  False.
Centipede and Mollusk SubClassOf Plankton,  False.
Coccolithophore and DominantSpecies SubClassOf ExoticSpecies,  False.
IndigenousSpecies and Lichen SubClassOf Livestock,  False.
EvergreenVegetation and FungiTaxonomy SubClassOf Microphyte,  False.
Canopy and Coral SubClassOf Chlorophyll,  False.
Fungi and Zooplankton SubClassOf Fish,  False.
Human and Plankton SubClassOf Conifer,  False.
DominantSpecies and Flatworm SubClassOf Pollen,  False.
Mammal and Roundworm SubClassOf MarineInvertebrate,  False.
Foraminifer and IndigenousVegetation SubClassOf Invertebrate,  False.
BlueGreenAlgae and MarineBird SubClassOf MarineMammal,  False.
Bacteria and Mollusk SubClassOf Microalgae,  False.
Amoebae and MarineBird SubClassOf Animal,  The statement
Crustacean and Moss SubClassOf DominantSpecies,  False.
Flagellate and Foraminifer SubClassOf FungiTaxonomy,  False.
Ciliate and MarineMammal SubClassOf Moss,  False.
Liverwort and VegetationCover SubClassOf Vertebrate,  False.
Bird and VegetationSpecies SubClassOf Arachnid,  False.
BlueGreenAlgae and Dairy SubClassOf MicrobiotaTaxonomy,  False.
MarineMicrobiota and MarinePlant SubClassOf Reptile,  False.
Echinoderm and MarineAnimal SubClassOf Mammal,  False.
Anemone and Vertebrate SubClassOf Litter,  False.
Centipede and Plant SubClassOf Dairy,  False.
DominantSpecies and FloweringPlant SubClassOf Zooplankton,  False.
Crown and Echinoderm SubClassOf Foraminifer,  False.
Fern and Pollen SubClassOf Mollusk,  False.
Bird and Crop SubClassOf Chlorophyll,  False.
Jellyfish and MarinePlant SubClassOf Ciliate,  False.
Canopy and IndigenousVegetation SubClassOf MarineInvertebrate,  False.
FungiTaxonomy and Moss SubClassOf Fish,  False.
EvergreenVegetation and Human SubClassOf TreeRing,  False.
Amphibian and Sponge SubClassOf ExoticVegetation,  False.
Mammal and Microalgae SubClassOf Jellyfish,  False.
Arachnid and Sponge SubClassOf Moss,  False.
ExoticSpecies and MarineBird SubClassOf Crustacean,  False.
ExoticVegetation and Pollen SubClassOf Mushroom,  False.
Bird and Diatom SubClassOf Human,  False.
Litter and TreeRing SubClassOf DeciduousVegetation,  False.
Nutrient and Vertebrate SubClassOf Coral,  False.
Lichen and Moss SubClassOf Macroalgae,  False.
EvergreenVegetation and Radiolarian SubClassOf Roundworm,  False.
TreeRing and VegetationSpecies SubClassOf BlueGreenAlgae,  False.
Echinoderm and SlimeMold SubClassOf Arthropod,  False.
Arachnid and Chlorophyll SubClassOf Flagellate,  False.
Chlorophyll and Microphyte SubClassOf Microbiota,  False.
Dairy and Jellyfish SubClassOf Canopy,  False.
IndigenousVegetation and Mold SubClassOf VegetationCover,  False.
Bacteria and Jellyfish SubClassOf Flatworm,  False.
FungiTaxonomy and MicrobiotaTaxonomy SubClassOf IndigenousSpecies,  False.
Ciliate and Sponge SubClassOf Millipede,  False.
Microalgae and Mushroom SubClassOf MarineBird,  False.
Arachnid and Radiolarian SubClassOf Microphyte,  False.
Flagellate and Human SubClassOf Crown,  False.
Animal and Fungi SubClassOf MarineAnimal,  False.
DeciduousVegetation and Phytoplankton SubClassOf Coccolithophore,  False.
Crop and EvergreenVegetation SubClassOf Nutrient,  False.
Insect and Microbiota SubClassOf Invertebrate,  False.
Algae and Poultry SubClassOf MarineMammal,  False.
Diatom and IndigenousSpecies SubClassOf DeciduousVegetation,  False.
Coral and Nutrient SubClassOf Arthropod,  False.
Sporozoan and Zooplankton SubClassOf Diatom,  False.
Coccolithophore SubClassOf Human,  False.
FloweringPlant and Plankton SubClassOf Macroalgae,  False.
Roundworm and SlimeMold SubClassOf Microbiota,  False.
Leaf and Lichen SubClassOf Flagellate,  False.
Diatom and Invertebrate SubClassOf MicrobiotaTaxonomy,  False.
Vegetation and VegetationSpecies SubClassOf Canopy,  False.
Centipede and MarineMammal SubClassOf Arachnid,  False.
Coral and DominantSpecies SubClassOf Vertebrate,  False.
Bacteria and IndigenousVegetation SubClassOf DominantSpecies,  False.
Arthropod and Foraminifer SubClassOf MarineMicrobiota,  False.
MarineMicrobiota and Pollen SubClassOf Bird,  False.
Bird and Microbiota SubClassOf Algae,  False.
MarineAnimal and Moss SubClassOf Plant,  False.
Macroalgae and Vertebrate SubClassOf Fungi,  False.
Invertebrate and Poultry SubClassOf Amphibian,  False.
Liverwort and Vegetation SubClassOf Poultry,  False.
Bird and Nutrient SubClassOf Radiolarian,  False.
Microalgae and Reptile SubClassOf Fern,  False.
Crustacean and Microphyte SubClassOf IndigenousVegetation,  False.
Conifer and Roundworm SubClassOf EvergreenVegetation,  False.
Leaf and Macrophyte SubClassOf Mold,  False.
Crown and Vegetation SubClassOf Millipede,  False.
IndigenousVegetation and Protist SubClassOf Lichen,  False.
Macrophyte and SegmentedWorm SubClassOf Canopy,  False.
Amphibian and SlimeMold SubClassOf Microbiota,  False.
Coral and Macroalgae SubClassOf Protist,  False.
Insect and Moss SubClassOf Zooplankton,  False.
Livestock and Sporozoan SubClassOf FloweringPlant,  False.
Anemone and MarineMammal SubClassOf MarineBird,  False.
Microbiota and Millipede SubClassOf Mammal,  False.
Amoebae and Yeast SubClassOf Liverwort,  False.
Macroalgae and VegetationCover SubClassOf Dairy,  False.
Livestock and MarineMicrobiota SubClassOf Litter,  False.
Liverwort and Mammal SubClassOf Fish,  False.
Conifer and Phytoplankton SubClassOf TreeRing,  False.
IndigenousSpecies and Protist SubClassOf Insect,  False.
Centipede and Mushroom SubClassOf Chlorophyll,  False.
MicrobiotaTaxonomy and Sporozoan SubClassOf IndigenousVegetation,  False.
Anemone and Plant SubClassOf MarineAnimal,  False.
Crown and Invertebrate SubClassOf Mold,  False.
Jellyfish and Protist SubClassOf Crop,  False.
Anemone and MicrobiotaTaxonomy SubClassOf Crown,  False.
Litter and Livestock SubClassOf Coral,  False.
FloweringPlant and Macroalgae SubClassOf Coccolithophore,  False.
Echinoderm and Insect SubClassOf ExoticSpecies,  False.
Crown and SegmentedWorm SubClassOf Invertebrate,  True.
Crown and SegmentedWorm SubClassOf VegetationCover,  False.
Crown and SegmentedWorm SubClassOf Microalgae,  False.
Crown and SegmentedWorm SubClassOf Fungi,  False.
Crown and SegmentedWorm SubClassOf Arachnid,  False.
Crown and SegmentedWorm SubClassOf VegetationSpecies,  False.
Crown and SegmentedWorm SubClassOf Livestock,  False.
Crown and SegmentedWorm SubClassOf Sponge,  False.
Crown and SegmentedWorm SubClassOf Flatworm,  False.
Crown and SegmentedWorm SubClassOf Diatom,  False.
Crown and SegmentedWorm SubClassOf FungiTaxonomy,  False.
Crown and SegmentedWorm SubClassOf MarinePlant,  False.
Crown and SegmentedWorm SubClassOf Moss,  False.
Crown and SegmentedWorm SubClassOf Vertebrate,  False.
Crown and SegmentedWorm SubClassOf Radiolarian,  False.
Crown and SegmentedWorm SubClassOf Human,  False.
Crown and SegmentedWorm SubClassOf MarineMicrobiota,  False.
Crown and SegmentedWorm SubClassOf Animal,  The statement
Crown and SegmentedWorm SubClassOf Poultry,  False.
Crown and SegmentedWorm SubClassOf MarineMammal,  False.
Crown and SegmentedWorm SubClassOf Amphibian,  False.
Crown and SegmentedWorm SubClassOf Millipede,  False.
Crown and SegmentedWorm SubClassOf Plankton,  False.
Crown and SegmentedWorm SubClassOf Roundworm,  False.
Crown and SegmentedWorm SubClassOf Microphyte,  False.
Crown and SegmentedWorm SubClassOf Microbiota,  False.
Crown and SegmentedWorm SubClassOf MicrobiotaTaxonomy,  False.
Crown and SegmentedWorm SubClassOf Coccolithophore,  False.
Crown and SegmentedWorm SubClassOf Lichen,  False.
Crown and SegmentedWorm SubClassOf Leaf,  False.
Crown and SegmentedWorm SubClassOf Pollen,  False.
Crown and SegmentedWorm SubClassOf Mushroom,  False.
Crown and SegmentedWorm SubClassOf Fish,  False.
Crown and SegmentedWorm SubClassOf Reptile,  False.
Crown and SegmentedWorm SubClassOf MarineAnimal,  False.
Crown and SegmentedWorm SubClassOf Macroalgae,  False.
Crown and SegmentedWorm SubClassOf Foraminifer,  False.
Crown and SegmentedWorm SubClassOf Dairy,  False.
Crown and SegmentedWorm SubClassOf Liverwort,  False.
Crown and SegmentedWorm SubClassOf Crustacean,  False.
Crown and SegmentedWorm SubClassOf Canopy,  False.
Crown and SegmentedWorm SubClassOf Coral,  False.
Crown and SegmentedWorm SubClassOf ExoticVegetation,  False.
Crown and SegmentedWorm SubClassOf Macrophyte,  False.
Crown and SegmentedWorm SubClassOf LivingThing,  True.
Crown SubClassOf LivingThing,  False.
SegmentedWorm SubClassOf LivingThing,  True.
SegmentedWorm SubClassOf VegetationCover,  False.
SegmentedWorm SubClassOf Microalgae,  False.
SegmentedWorm SubClassOf Fungi,  False.
SegmentedWorm SubClassOf Arachnid,  False.
SegmentedWorm SubClassOf VegetationSpecies,  False.
SegmentedWorm SubClassOf Livestock,  False.
SegmentedWorm SubClassOf Sponge,  False.
SegmentedWorm SubClassOf Flatworm,  False.
SegmentedWorm SubClassOf Diatom,  False.
SegmentedWorm SubClassOf FungiTaxonomy,  False.
SegmentedWorm SubClassOf MarinePlant,  False.
SegmentedWorm SubClassOf Moss,  False.
SegmentedWorm SubClassOf Vertebrate,  False.
SegmentedWorm SubClassOf Radiolarian,  False.
SegmentedWorm SubClassOf Human,  False.
SegmentedWorm SubClassOf MarineMicrobiota,  False.
SegmentedWorm SubClassOf Animal,  The given
SegmentedWorm SubClassOf Flagellate,  False.
SegmentedWorm SubClassOf Poultry,  False.
SegmentedWorm SubClassOf MarineMammal,  False.
SegmentedWorm SubClassOf Amphibian,  False.
SegmentedWorm SubClassOf Millipede,  False.
SegmentedWorm SubClassOf Plankton,  False.
SegmentedWorm SubClassOf Roundworm,  False.
SegmentedWorm SubClassOf Microphyte,  False.
SegmentedWorm SubClassOf SlimeMold,  False.
SegmentedWorm SubClassOf Microbiota,  False.
SegmentedWorm SubClassOf MicrobiotaTaxonomy,  False.
SegmentedWorm SubClassOf Coccolithophore,  False.
SegmentedWorm SubClassOf Lichen,  False.
SegmentedWorm SubClassOf Leaf,  False.
SegmentedWorm SubClassOf Pollen,  False.
SegmentedWorm SubClassOf Mushroom,  False.
SegmentedWorm SubClassOf Fish,  False.
SegmentedWorm SubClassOf Reptile,  False.
SegmentedWorm SubClassOf MarineAnimal,  False.
SegmentedWorm SubClassOf Macroalgae,  False.
SegmentedWorm SubClassOf Foraminifer,  False.
SegmentedWorm SubClassOf Dairy,  False.
SegmentedWorm SubClassOf Liverwort,  False.
SegmentedWorm SubClassOf Crustacean,  False.
SegmentedWorm SubClassOf Canopy,  False.
SegmentedWorm SubClassOf Coral,  False.
SegmentedWorm SubClassOf ExoticVegetation,  False.
SegmentedWorm SubClassOf Macrophyte,  False.
SegmentedWorm SubClassOf Bird,  False.
SegmentedWorm SubClassOf Fern,  False.
SegmentedWorm SubClassOf DominantSpecies,  False.
SegmentedWorm SubClassOf BlueGreenAlgae,  False.
SegmentedWorm SubClassOf EvergreenVegetation,  False.
SegmentedWorm SubClassOf TreeRing,  False.
SegmentedWorm SubClassOf Vegetation,  False.
SegmentedWorm SubClassOf ExoticSpecies,  False.
SegmentedWorm SubClassOf Litter,  False.
SegmentedWorm SubClassOf Crown,  False.
SegmentedWorm SubClassOf Jellyfish,  False.
SegmentedWorm SubClassOf Invertebrate,  True.
SegmentedWorm SubClassOf Invertebrate and LivingThing,  True.
SegmentedWorm SubClassOf Anemone,  False.
SegmentedWorm SubClassOf Ciliate,  False.
SegmentedWorm SubClassOf Zooplankton,  False.
SegmentedWorm SubClassOf FloweringPlant,  False.
SegmentedWorm SubClassOf Sporozoan,  False.
SegmentedWorm SubClassOf IndigenousVegetation,  False.
SegmentedWorm SubClassOf Nutrient,  False.
SegmentedWorm SubClassOf IndigenousSpecies,  False.
SegmentedWorm SubClassOf MarineInvertebrate,  False.
SegmentedWorm SubClassOf Conifer,  False.
SegmentedWorm SubClassOf Yeast,  False.
SegmentedWorm SubClassOf Mammal,  False.
SegmentedWorm SubClassOf Protist,  False.
SegmentedWorm SubClassOf Centipede,  False.
SegmentedWorm SubClassOf Crop,  False.
SegmentedWorm SubClassOf Algae,  False.
SegmentedWorm SubClassOf Arthropod,  The statement
SegmentedWorm SubClassOf MarineBird,  False.
SegmentedWorm SubClassOf Chlorophyll,  False.
SegmentedWorm SubClassOf Mollusk,  False.
SegmentedWorm SubClassOf Echinoderm,  False.
SegmentedWorm SubClassOf Plant,  False.
SegmentedWorm SubClassOf Amoebae,  False.
SegmentedWorm SubClassOf Insect,  False.
SegmentedWorm SubClassOf Mold,  False.
SegmentedWorm SubClassOf Bacteria,  False.
SegmentedWorm SubClassOf DeciduousVegetation,  False.
SegmentedWorm SubClassOf Phytoplankton,  False.
FungiTaxonomy and Mushroom SubClassOf Human,  False.
Crop and Millipede SubClassOf DeciduousVegetation,  False.
Amoebae and Fish SubClassOf Nutrient,  False.
Canopy and Mold SubClassOf Diatom,  False.
Canopy and Sponge SubClassOf MicrobiotaTaxonomy,  False.
Human and Mammal SubClassOf Macroalgae,  False.
Conifer and Lichen SubClassOf Amphibian,  False.
Bacteria and VegetationSpecies SubClassOf Centipede,  False.
Dairy and VegetationSpecies SubClassOf Bacteria,  False.
Fungi and MarinePlant SubClassOf Poultry,  False.
ExoticSpecies and Flatworm SubClassOf Livestock,  False.
Dairy and Fish SubClassOf EvergreenVegetation,  False.
BlueGreenAlgae SubClassOf ExoticSpecies,  False.
MicrobiotaTaxonomy and Mollusk SubClassOf DeciduousVegetation,  False.
Amoebae and ExoticVegetation SubClassOf Conifer,  False.
Fern and Invertebrate SubClassOf Pollen,  False.
Flagellate and Flatworm SubClassOf MarineInvertebrate,  False.
Anemone and Ciliate SubClassOf Invertebrate,  False.
Plant and VegetationCover SubClassOf Coral,  False.
FloweringPlant and MarineMammal SubClassOf Microalgae,  False.
Crustacean and Macrophyte SubClassOf Ciliate,  False.
Animal and Lichen SubClassOf FungiTaxonomy,  False.
Canopy and Microalgae SubClassOf Plankton,  False.
ExoticVegetation and Millipede SubClassOf Sporozoan,  False.
Algae and Fern SubClassOf Jellyfish,  False.
Crown and Roundworm SubClassOf ExoticVegetation,  False.
Arachnid and Flatworm SubClassOf Animal,  False.
Insect and Plant SubClassOf Arachnid,  False.
Coccolithophore and Foraminifer SubClassOf Fungi,  False.
BlueGreenAlgae and Zooplankton SubClassOf MarinePlant,  False.
EvergreenVegetation and Mollusk SubClassOf Vertebrate,  False.
Amphibian and Sporozoan SubClassOf Yeast,  False.
Crustacean and DominantSpecies SubClassOf Algae,  False.
Flagellate and Plankton SubClassOf VegetationCover,  False.
Ciliate and Nutrient SubClassOf Sponge,  False.
Amphibian and Vertebrate SubClassOf Foraminifer,  False.
Animal and Microbiota SubClassOf Macrophyte,  False.
Algae and ExoticVegetation SubClassOf Mold,  False.
Ciliate and Macroalgae SubClassOf Insect,  False.
Centipede and MarineAnimal SubClassOf Plankton,  False.
Mold and SlimeMold SubClassOf Amoebae,  False.
Dairy and Yeast SubClassOf TreeRing,  False.
MarinePlant and Protist SubClassOf Microphyte,  The given
Microalgae and Nutrient SubClassOf Jellyfish,  False.
Anemone and Mushroom SubClassOf Sporozoan,  False.
Conifer and Pollen SubClassOf Crustacean,  False.
Bird and Microphyte SubClassOf ExoticVegetation,  False.
Arachnid and MicrobiotaTaxonomy SubClassOf Vertebrate,  False.
IndigenousVegetation and Millipede SubClassOf Plant,  False.
Animal and Moss SubClassOf BlueGreenAlgae,  False.
EvergreenVegetation and Roundworm SubClassOf Phytoplankton,  False.
Dairy and Fish SubClassOf Roundworm,  False.
DeciduousVegetation and MarinePlant SubClassOf DominantSpecies,  False.
Amphibian and Litter SubClassOf Arthropod,  False.
Animal and Crop SubClassOf Macroalgae,  False.
Fish and MarinePlant SubClassOf SlimeMold,  False.
Reptile and Yeast SubClassOf Millipede,  False.
Conifer and FungiTaxonomy SubClassOf MicrobiotaTaxonomy,  False.
Arthropod and VegetationSpecies SubClassOf Reptile,  False.
Amphibian and ExoticVegetation SubClassOf SegmentedWorm,  False.
Fern and Vegetation SubClassOf Radiolarian,  False.
MarineInvertebrate and Sponge SubClassOf MarineBird,  False.
Flatworm and SegmentedWorm SubClassOf FloweringPlant,  False.
Plant and TreeRing SubClassOf Litter,  False.
Coral and MarineMammal SubClassOf Vegetation,  False.
MarineMicrobiota and Mollusk SubClassOf Zooplankton,  False.
Livestock and Mollusk SubClassOf Mammal,  False.
BlueGreenAlgae and ExoticSpecies SubClassOf MarineInvertebrate,  False.
ExoticSpecies and MicrobiotaTaxonomy SubClassOf DeciduousVegetation,  False.
Amoebae and Livestock SubClassOf Nutrient,  False.
Bacteria and Bird SubClassOf Diatom,  False.
Arthropod and Flatworm SubClassOf MicrobiotaTaxonomy,  False.
MarineMicrobiota and SegmentedWorm SubClassOf Moss,  False.
Mushroom and VegetationCover SubClassOf Arthropod,  False.
MarineAnimal SubClassOf Arachnid,  False.
Mold and Poultry SubClassOf DominantSpecies,  False.
Canopy and Litter SubClassOf MarineMicrobiota,  False.
Arthropod and Nutrient SubClassOf Bird,  False.
Anemone and Phytoplankton SubClassOf Algae,  False.
Crown and DeciduousVegetation SubClassOf FloweringPlant,  False.
Bird and FungiTaxonomy SubClassOf MarineBird,  False.
Fern and SegmentedWorm SubClassOf Flagellate,  False.
Insect and Microalgae SubClassOf Yeast,  False.
Arachnid and Echinoderm SubClassOf Sponge,  False.
ExoticSpecies and Zooplankton SubClassOf VegetationCover,  False.
MarineInvertebrate and Mold SubClassOf Poultry,  False.
DominantSpecies and Sporozoan SubClassOf IndigenousSpecies,  False.
Bacteria and Pollen SubClassOf Echinoderm,  False.
Arthropod and Plankton SubClassOf Amphibian,  False.
Crown and Fungi SubClassOf IndigenousVegetation,  False.
Bird and MarineBird SubClassOf MarineAnimal,  False.
DominantSpecies and MarineAnimal SubClassOf Centipede,  False.
SlimeMold and VegetationSpecies SubClassOf Fern,  False.
Leaf and Moss SubClassOf Pollen,  False.
EvergreenVegetation and Foraminifer SubClassOf MarineMammal,  False.
Bacteria and Nutrient SubClassOf Coccolithophore,  False.
Anemone and Mammal SubClassOf Chlorophyll,  False.
MicrobiotaTaxonomy and Reptile SubClassOf Microbiota,  False.
Flagellate and Livestock SubClassOf Millipede,  False.
Arthropod and Macroalgae SubClassOf MicrobiotaTaxonomy,  False.
EvergreenVegetation and Phytoplankton SubClassOf Reptile,  False.
Mollusk and Mushroom SubClassOf Protist,  False.
Millipede and SegmentedWorm SubClassOf MarineBird,  False.
ExoticSpecies and IndigenousSpecies SubClassOf FloweringPlant,  False.
Liverwort and Nutrient SubClassOf Litter,  False.
ExoticVegetation and VegetationSpecies SubClassOf Vegetation,  False.
Coccolithophore and Mammal SubClassOf Zooplankton,  False.
Arthropod and TreeRing SubClassOf Mammal,  False.
Plankton and SlimeMold SubClassOf Foraminifer,  False.
Flatworm and Lichen SubClassOf Fish,  False.
Crop and Diatom SubClassOf Liverwort,  False.
Microbiota and Vertebrate SubClassOf Insect,  False.
Arachnid and MarineMammal SubClassOf Crop,  False.
Amoebae and ExoticSpecies SubClassOf IndigenousVegetation,  False.
Leaf and MicrobiotaTaxonomy SubClassOf EvergreenVegetation,  False.
Foraminifer and Livestock SubClassOf Leaf,  False.
Bacteria and MarineMicrobiota SubClassOf ExoticSpecies,  False.
Arthropod and VegetationCover SubClassOf DeciduousVegetation,  False.
Moss and SegmentedWorm SubClassOf Conifer,  False.
BlueGreenAlgae and Mushroom SubClassOf Coccolithophore,  False.
MarineAnimal and Poultry SubClassOf Nutrient,  False.
Liverwort and SlimeMold SubClassOf Invertebrate,  False.
Bird and Mold SubClassOf Coral,  False.
Canopy and Flatworm SubClassOf Microalgae,  False.
DeciduousVegetation and Nutrient SubClassOf Roundworm,  False.
Anemone and Crustacean SubClassOf Diatom,  False.
Crown and MarineAnimal SubClassOf Arthropod,  False.
Macrophyte and Protist SubClassOf Macroalgae,  False.
ExoticVegetation and Human SubClassOf Flatworm,  False.
MarinePlant and Zooplankton SubClassOf IndigenousSpecies,  False.
Crown and Plankton SubClassOf Echinoderm,  False.
Flatworm and MarineInvertebrate SubClassOf Bacteria,  False.
MarineBird and Roundworm SubClassOf Leaf,  False.
Amphibian and Foraminifer SubClassOf MarineAnimal,  False.
BlueGreenAlgae and Canopy SubClassOf Centipede,  False.
Mollusk and Sponge SubClassOf Fern,  False.
Foraminifer and MarineBird SubClassOf Pollen,  False.
Flagellate and Mammal SubClassOf Mollusk,  False.
Ciliate and IndigenousVegetation SubClassOf Conifer,  False.
Liverwort and Macroalgae SubClassOf Microalgae,  False.
MarineMicrobiota and VegetationSpecies SubClassOf MarineInvertebrate,  False.
Amoebae and Dairy SubClassOf DeciduousVegetation,  False.
MarinePlant and Moss SubClassOf Nutrient,  False.
BlueGreenAlgae and Mold SubClassOf Plankton,  False.
Chlorophyll and Mollusk SubClassOf Amoebae,  False.
Coral and Radiolarian SubClassOf Livestock,  False.
Dairy and Zooplankton SubClassOf Microphyte,  False.
Ciliate and Jellyfish SubClassOf Sporozoan,  False.
Microphyte and Roundworm SubClassOf FungiTaxonomy,  False.
Ciliate and Foraminifer SubClassOf ExoticVegetation,  False.
Dairy and FloweringPlant SubClassOf Vertebrate,  False.
Echinoderm and Human SubClassOf Plant,  False.
MarineBird and Roundworm SubClassOf BlueGreenAlgae,  False.
Crustacean and Plant SubClassOf MarinePlant,  False.
Crop and Fish SubClassOf Flagellate,  False.
Microbiota and Pollen SubClassOf Yeast,  False.
Anemone and Liverwort SubClassOf VegetationSpecies,  False.
Fern and VegetationSpecies SubClassOf VegetationCover,  False.
Plankton and Pollen SubClassOf Crop,  False.
Bird and Nutrient SubClassOf Foraminifer,  False.
Litter and Mollusk SubClassOf Vegetation,  False.
Coccolithophore and Vertebrate SubClassOf Mold,  False.
Moss and VegetationSpecies SubClassOf Microphyte,  False.
EvergreenVegetation and SlimeMold SubClassOf Crown,  False.
Sporozoan and TreeRing SubClassOf Macrophyte,  False.
Diatom and Echinoderm SubClassOf Plankton,  False.
Arachnid and Dairy SubClassOf Sporozoan,  False.
ExoticSpecies and Leaf SubClassOf Mushroom,  False.
Jellyfish and Lichen SubClassOf Amoebae,  False.
IndigenousVegetation and Radiolarian SubClassOf Crustacean,  False.
Bacteria and Ciliate SubClassOf Phytoplankton,  False.
FungiTaxonomy and Invertebrate SubClassOf VegetationSpecies,  False.
Chlorophyll and Sponge SubClassOf Human,  False.
ExoticSpecies and Microalgae SubClassOf BlueGreenAlgae,  False.
Plankton and Protist SubClassOf Diatom,  False.
Flatworm and Poultry SubClassOf Roundworm,  False.
Fish and Microbiota SubClassOf Moss,  False.
Bird and Yeast SubClassOf Arthropod,  False.
BlueGreenAlgae and Macrophyte SubClassOf Reptile,  False.
Microalgae and Mollusk SubClassOf SlimeMold,  False.
ExoticVegetation and Liverwort SubClassOf DominantSpecies,  False.
MarineAnimal and Zooplankton SubClassOf MarineMicrobiota,  False.
Flagellate and Phytoplankton SubClassOf Bird,  False.
Arachnid and Microalgae SubClassOf SegmentedWorm,  False.
Crustacean and Plant SubClassOf FloweringPlant,  False.
Animal and Foraminifer SubClassOf MarineBird,  False.
Centipede and IndigenousSpecies SubClassOf Mammal,  False.
DominantSpecies and EvergreenVegetation SubClassOf Liverwort,  False.
Bacteria and Flagellate SubClassOf Radiolarian,  False.
Algae and FungiTaxonomy SubClassOf Anemone,  False.
Centipede and IndigenousVegetation SubClassOf Nutrient,  False.
DominantSpecies and Livestock SubClassOf Ciliate,  False.
Amphibian and Bacteria SubClassOf MarineMammal,  False.
Arthropod and Vegetation SubClassOf Microalgae,  False.
Moss and Pollen SubClassOf Animal,  False.
Bird and Macroalgae SubClassOf Diatom,  False.
MarineAnimal and MarineMammal SubClassOf FungiTaxonomy,  False.
Coral and SlimeMold SubClassOf Moss,  False.
Moss and Yeast SubClassOf MarineMicrobiota,  False.
EvergreenVegetation and Protist SubClassOf Arachnid,  False.
MarineMicrobiota and Nutrient SubClassOf MicrobiotaTaxonomy,  False.
Echinoderm and Microbiota SubClassOf MarinePlant,  False.
Conifer and Reptile SubClassOf SegmentedWorm,  False.
Macrophyte and Microphyte SubClassOf Bird,  False.
Centipede and Roundworm SubClassOf Fungi,  False.
Leaf and Liverwort SubClassOf FloweringPlant,  False.
MarineAnimal and Plant SubClassOf Microbiota,  False.
FloweringPlant and Vertebrate SubClassOf Flagellate,  False.
Centipede and Jellyfish SubClassOf Plant,  False.
DominantSpecies and MicrobiotaTaxonomy SubClassOf Canopy,  False.
Litter and Nutrient SubClassOf Amphibian,  False.
Crop and Echinoderm SubClassOf Protist,  False.
Echinoderm and Pollen SubClassOf Lichen,  False.
Anemone and Bird SubClassOf Echinoderm,  False.
FungiTaxonomy and Jellyfish SubClassOf Fern,  False.
Fish and Moss SubClassOf IndigenousSpecies,  False.
Crown and EvergreenVegetation SubClassOf Dairy,  False.
Sponge SubClassOf Chlorophyll,  False.
Microalgae and SegmentedWorm SubClassOf Fish,  False.
Arachnid and MarinePlant SubClassOf Conifer,  False.
Canopy and ExoticSpecies SubClassOf Mollusk,  False.
Invertebrate and Sporozoan SubClassOf Protist,  False.
Anemone and BlueGreenAlgae SubClassOf Algae,  True.
Anemone and BlueGreenAlgae SubClassOf VegetationCover,  False.
Anemone and BlueGreenAlgae SubClassOf Microalgae,  True.
BlueGreenAlgae SubClassOf Microalgae,  True.
BlueGreenAlgae SubClassOf VegetationCover,  False.
BlueGreenAlgae SubClassOf Fungi,  False.
BlueGreenAlgae SubClassOf Arachnid,  False.
BlueGreenAlgae SubClassOf VegetationSpecies,  False.
BlueGreenAlgae SubClassOf Livestock,  False.
BlueGreenAlgae SubClassOf Sponge,  False.
BlueGreenAlgae SubClassOf Flatworm,  False.
BlueGreenAlgae SubClassOf Diatom,  False.
BlueGreenAlgae SubClassOf FungiTaxonomy,  False.
BlueGreenAlgae SubClassOf MarinePlant,  False.
BlueGreenAlgae SubClassOf Moss,  False.
BlueGreenAlgae SubClassOf Vertebrate,  False.
BlueGreenAlgae SubClassOf Radiolarian,  False.
BlueGreenAlgae SubClassOf Human,  False.
BlueGreenAlgae SubClassOf MarineMicrobiota,  False.
BlueGreenAlgae SubClassOf Animal,  False.
BlueGreenAlgae SubClassOf Flagellate,  False.
BlueGreenAlgae SubClassOf Poultry,  False.
BlueGreenAlgae SubClassOf MarineMammal,  False.
BlueGreenAlgae SubClassOf Amphibian,  False.
BlueGreenAlgae SubClassOf Millipede,  False.
BlueGreenAlgae SubClassOf Plankton,  False.
BlueGreenAlgae SubClassOf Roundworm,  False.
BlueGreenAlgae SubClassOf Microphyte,  The given
BlueGreenAlgae SubClassOf SlimeMold,  False.
BlueGreenAlgae SubClassOf Microbiota,  False.
BlueGreenAlgae SubClassOf MicrobiotaTaxonomy,  False.
BlueGreenAlgae SubClassOf Coccolithophore,  False.
BlueGreenAlgae SubClassOf Lichen,  False.
BlueGreenAlgae SubClassOf Leaf,  False.
BlueGreenAlgae SubClassOf Pollen,  False.
BlueGreenAlgae SubClassOf Mushroom,  False.
BlueGreenAlgae SubClassOf Fish,  False.
BlueGreenAlgae SubClassOf Reptile,  False.
BlueGreenAlgae SubClassOf MarineAnimal,  False.
BlueGreenAlgae SubClassOf Macroalgae,  False.
BlueGreenAlgae SubClassOf Foraminifer,  False.
BlueGreenAlgae SubClassOf Dairy,  False.
BlueGreenAlgae SubClassOf Liverwort,  False.
BlueGreenAlgae SubClassOf Crustacean,  False.
BlueGreenAlgae SubClassOf Canopy,  False.
BlueGreenAlgae SubClassOf Coral,  False.
BlueGreenAlgae SubClassOf ExoticVegetation,  False.
BlueGreenAlgae SubClassOf Macrophyte,  False.
BlueGreenAlgae SubClassOf SegmentedWorm,  False.
BlueGreenAlgae SubClassOf LivingThing,  True.
BlueGreenAlgae SubClassOf LivingThing and Microalgae,  False.
BlueGreenAlgae SubClassOf Bird,  False.
BlueGreenAlgae SubClassOf Fern,  False.
BlueGreenAlgae SubClassOf DominantSpecies,  False.
BlueGreenAlgae SubClassOf EvergreenVegetation,  False.
BlueGreenAlgae SubClassOf TreeRing,  False.
BlueGreenAlgae SubClassOf Vegetation,  False.
BlueGreenAlgae SubClassOf Litter,  False.
BlueGreenAlgae SubClassOf Crown,  False.
BlueGreenAlgae SubClassOf Jellyfish,  False.
BlueGreenAlgae SubClassOf Invertebrate,  False.
BlueGreenAlgae SubClassOf Anemone,  False.
BlueGreenAlgae SubClassOf Ciliate,  False.
BlueGreenAlgae SubClassOf Zooplankton,  False.
BlueGreenAlgae SubClassOf FloweringPlant,  False.
BlueGreenAlgae SubClassOf Sporozoan,  False.
BlueGreenAlgae SubClassOf IndigenousVegetation,  False.
BlueGreenAlgae SubClassOf Nutrient,  False.
BlueGreenAlgae SubClassOf IndigenousSpecies,  False.
BlueGreenAlgae SubClassOf MarineInvertebrate,  False.
BlueGreenAlgae SubClassOf Conifer,  False.
BlueGreenAlgae SubClassOf Yeast,  False.
BlueGreenAlgae SubClassOf Mammal,  False.
BlueGreenAlgae SubClassOf Protist,  False.
BlueGreenAlgae SubClassOf Centipede,  False.
BlueGreenAlgae SubClassOf Crop,  False.
BlueGreenAlgae SubClassOf Algae,  True.
BlueGreenAlgae SubClassOf Algae and Microalgae,  True.
BlueGreenAlgae SubClassOf Arthropod,  False.
BlueGreenAlgae SubClassOf MarineBird,  False.
BlueGreenAlgae SubClassOf Chlorophyll,  False.
BlueGreenAlgae SubClassOf Mollusk,  False.
BlueGreenAlgae SubClassOf Echinoderm,  False.
BlueGreenAlgae SubClassOf Plant,  False.
BlueGreenAlgae SubClassOf Amoebae,  False.
BlueGreenAlgae SubClassOf Insect,  False.
BlueGreenAlgae SubClassOf Mold,  False.
BlueGreenAlgae SubClassOf Bacteria,  The given
BlueGreenAlgae SubClassOf DeciduousVegetation,  False.
BlueGreenAlgae SubClassOf Phytoplankton,  The given
BlueGreenAlgae SubClassOf Algae and LivingThing and Microalgae,  The given
Crown and ExoticSpecies SubClassOf FloweringPlant,  False.
Ciliate and Protist SubClassOf SegmentedWorm,  False.
FloweringPlant and VegetationCover SubClassOf Vegetation,  False.
Flatworm and Livestock SubClassOf Mold,  False.
Macroalgae and MicrobiotaTaxonomy SubClassOf Bacteria,  False.
Insect and VegetationCover SubClassOf Anemone,  False.
Fish and Mushroom SubClassOf Livestock,  False.
Anemone and Millipede SubClassOf Insect,  False.
Amoebae and Litter SubClassOf Leaf,  False.
Arthropod and Mold SubClassOf Amoebae,  False.
Canopy and MarinePlant SubClassOf Crown,  False.
Crown and Mammal SubClassOf Microphyte,  False.
FungiTaxonomy and Phytoplankton SubClassOf Plankton,  False.
Diatom and EvergreenVegetation SubClassOf Fish,  False.
Crop and Insect SubClassOf MarineMammal,  False.
Algae and MarineInvertebrate SubClassOf Coccolithophore,  False.
Poultry and Zooplankton SubClassOf Chlorophyll,  False.
FloweringPlant and Nutrient SubClassOf Invertebrate,  False.
Amoebae and Sporozoan SubClassOf FungiTaxonomy,  False.
Coccolithophore and MarineMicrobiota SubClassOf Microalgae,  False.
Coccolithophore and Plankton SubClassOf Nutrient,  False.
Fungi and Mammal SubClassOf DominantSpecies,  False.
Arthropod and Lichen SubClassOf MicrobiotaTaxonomy,  False.
Diatom and SegmentedWorm SubClassOf Moss,  False.
Mushroom and VegetationSpecies SubClassOf Animal,  False.
Leaf and Macrophyte SubClassOf Arachnid,  False.
Chlorophyll and SlimeMold SubClassOf Fungi,  False.
Bacteria and Mold SubClassOf Reptile,  False.
Canopy and Dairy SubClassOf MarineMicrobiota,  False.
Macrophyte and Microphyte SubClassOf Litter,  False.
Lichen and Microalgae SubClassOf Mollusk,  False.
Chlorophyll and Liverwort SubClassOf Zooplankton,  False.
Canopy and Conifer SubClassOf Mammal,  False.
Roundworm and Sporozoan SubClassOf Foraminifer,  False.
Arachnid and Litter SubClassOf Fish,  False.
Crown and Mushroom SubClassOf Conifer,  False.
Animal and Protist SubClassOf Pollen,  False.
Plant and Zooplankton SubClassOf MarineInvertebrate,  True.
Plant and Zooplankton SubClassOf VegetationCover,  False.
Plant and Zooplankton SubClassOf Microalgae,  False.
Plant and Zooplankton SubClassOf Fungi,  False.
Plant and Zooplankton SubClassOf Arachnid,  False.
Plant and Zooplankton SubClassOf VegetationSpecies,  False.
Plant and Zooplankton SubClassOf Livestock,  False.
Plant and Zooplankton SubClassOf Sponge,  False.
Plant and Zooplankton SubClassOf Flatworm,  False.
Plant and Zooplankton SubClassOf Diatom,  False.
Plant and Zooplankton SubClassOf FungiTaxonomy,  False.
Plant and Zooplankton SubClassOf MarinePlant,  False.
Plant and Zooplankton SubClassOf Moss,  False.
Plant and Zooplankton SubClassOf Vertebrate,  False.
Plant and Zooplankton SubClassOf Radiolarian,  False.
Plant and Zooplankton SubClassOf Human,  False.
Plant and Zooplankton SubClassOf MarineMicrobiota,  False.
Plant and Zooplankton SubClassOf Animal,  False.
Plant and Zooplankton SubClassOf Flagellate,  False.
Plant and Zooplankton SubClassOf Poultry,  False.
Plant and Zooplankton SubClassOf MarineMammal,  False.
Plant and Zooplankton SubClassOf Amphibian,  False.
Plant and Zooplankton SubClassOf Millipede,  False.
Plant and Zooplankton SubClassOf Plankton,  False.
Plant and Zooplankton SubClassOf Roundworm,  False.
Plant and Zooplankton SubClassOf Microphyte,  False.
Plant and Zooplankton SubClassOf SlimeMold,  False.
Plant and Zooplankton SubClassOf Microbiota,  False.
Plant and Zooplankton SubClassOf MicrobiotaTaxonomy,  False.
Plant and Zooplankton SubClassOf Coccolithophore,  False.
Plant and Zooplankton SubClassOf Lichen,  False.
Plant and Zooplankton SubClassOf Leaf,  False.
Plant and Zooplankton SubClassOf Pollen,  False.
Plant and Zooplankton SubClassOf Mushroom,  False.
Plant and Zooplankton SubClassOf Fish,  False.
Plant and Zooplankton SubClassOf Reptile,  False.
Plant and Zooplankton SubClassOf MarineAnimal,  False.
Plant and Zooplankton SubClassOf Macroalgae,  False.
Plant and Zooplankton SubClassOf Foraminifer,  False.
Plant and Zooplankton SubClassOf Dairy,  False.
Plant and Zooplankton SubClassOf Liverwort,  False.
Plant and Zooplankton SubClassOf Crustacean,  False.
Plant and Zooplankton SubClassOf Canopy,  False.
Plant and Zooplankton SubClassOf Coral,  False.
Plant and Zooplankton SubClassOf ExoticVegetation,  False.
Plant and Zooplankton SubClassOf Macrophyte,  False.
Plant and Zooplankton SubClassOf SegmentedWorm,  False.
Plant and Zooplankton SubClassOf LivingThing,  True.
Plant SubClassOf LivingThing,  True.
Plant SubClassOf Microalgae,  False.
Plant SubClassOf Fungi,  False.
Plant SubClassOf Arachnid,  False.
Plant SubClassOf VegetationSpecies,  The statement
Plant SubClassOf Livestock,  False.
Plant SubClassOf Sponge,  False.
Plant SubClassOf Flatworm,  False.
Plant SubClassOf Diatom,  False.
Plant SubClassOf FungiTaxonomy,  False.
Plant SubClassOf MarinePlant,  False.
Plant SubClassOf Moss,  False.
Plant SubClassOf Vertebrate,  False.
Plant SubClassOf Radiolarian,  False.
Plant SubClassOf Human,  False.
Plant SubClassOf MarineMicrobiota,  False.
Plant SubClassOf Animal,  False.
Plant SubClassOf Flagellate,  False.
Plant SubClassOf Poultry,  False.
Plant SubClassOf MarineMammal,  False.
Plant SubClassOf Amphibian,  False.
Plant SubClassOf Millipede,  False.
Plant SubClassOf Plankton,  False.
Plant SubClassOf Roundworm,  False.
Plant SubClassOf Microphyte,  The statement
Plant SubClassOf SlimeMold,  False.
Plant SubClassOf Microbiota,  False.
Plant SubClassOf MicrobiotaTaxonomy,  False.
Plant SubClassOf Coccolithophore,  False.
Plant SubClassOf Lichen,  False.
Plant SubClassOf Leaf,  False.
Plant SubClassOf Pollen,  False.
Plant SubClassOf Mushroom,  False.
Plant SubClassOf Fish,  False.
Plant SubClassOf Reptile,  False.
Plant SubClassOf MarineAnimal,  False.
Plant SubClassOf Macroalgae,  False.
Plant SubClassOf Foraminifer,  False.
Plant SubClassOf Dairy,  False.
Plant SubClassOf Liverwort,  False.
Plant SubClassOf Crustacean,  False.
Plant SubClassOf Canopy,  False.
Plant SubClassOf Coral,  False.
Plant SubClassOf ExoticVegetation,  False.
Plant SubClassOf Macrophyte,  The given
Plant SubClassOf SegmentedWorm,  False.
Plant SubClassOf Bird,  False.
Plant SubClassOf Fern,  False.
Plant SubClassOf DominantSpecies,  False.
Plant SubClassOf BlueGreenAlgae,  False.
Plant SubClassOf EvergreenVegetation,  False.
Plant SubClassOf TreeRing,  False.
Plant SubClassOf Vegetation,  The statement
Plant SubClassOf ExoticSpecies,  False.
Plant SubClassOf Litter,  False.
Plant SubClassOf Crown,  False.
Plant SubClassOf Jellyfish,  False.
Plant SubClassOf Invertebrate,  False.
Plant SubClassOf Anemone,  False.
Plant SubClassOf Ciliate,  False.
Plant SubClassOf Zooplankton,  False.
Plant SubClassOf FloweringPlant,  False.
Plant SubClassOf Sporozoan,  False.
Plant SubClassOf IndigenousVegetation,  False.
Plant SubClassOf Nutrient,  False.
Plant SubClassOf IndigenousSpecies,  False.
Plant SubClassOf MarineInvertebrate,  False.
Plant SubClassOf Conifer,  False.
Plant SubClassOf Yeast,  False.
Plant SubClassOf Mammal,  False.
Plant SubClassOf Protist,  False.
Plant SubClassOf Centipede,  False.
Plant SubClassOf Crop,  False.
Plant SubClassOf Algae,  False.
Plant SubClassOf Arthropod,  False.
Plant SubClassOf MarineBird,  False.
Plant SubClassOf Chlorophyll,  False.
Plant SubClassOf Mollusk,  False.
Plant SubClassOf Echinoderm,  False.
Plant SubClassOf Amoebae,  False.
Plant SubClassOf Insect,  False.
Plant SubClassOf Mold,  False.
Plant SubClassOf Bacteria,  False.
Plant SubClassOf DeciduousVegetation,  False.
Plant SubClassOf Phytoplankton,  False.
Fern and MarineMammal SubClassOf Moss,  False.
BlueGreenAlgae and Millipede SubClassOf TreeRing,  False.
Algae and Mollusk SubClassOf Microalgae,  False.
Amphibian and Plankton SubClassOf Jellyfish,  False.
Crustacean and MarineInvertebrate SubClassOf DominantSpecies,  False.
Flagellate and Insect SubClassOf FungiTaxonomy,  False.
Ciliate and Pollen SubClassOf ExoticVegetation,  False.
Crown and SegmentedWorm SubClassOf Sporozoan,  False.
Amphibian and Protist SubClassOf BlueGreenAlgae,  False.
Macrophyte and Reptile SubClassOf Coral,  False.
Lichen and Sponge SubClassOf Mushroom,  False.
Livestock and Macroalgae SubClassOf Roundworm,  False.
Insect and TreeRing SubClassOf VegetationSpecies,  False.
Sporozoan and Vegetation SubClassOf Phytoplankton,  False.
Anemone and IndigenousVegetation SubClassOf Macroalgae,  False.
Macroalgae and Millipede SubClassOf Yeast,  False.
Amoebae and Vertebrate SubClassOf Millipede,  False.
ExoticVegetation and Livestock SubClassOf Flagellate,  False.
Mammal and Protist SubClassOf IndigenousSpecies,  False.
IndigenousSpecies and Microbiota SubClassOf Lichen,  False.
Mushroom and Yeast SubClassOf Flatworm,  False.
Dairy and Litter SubClassOf Crown,  False.
MarineAnimal and MarinePlant SubClassOf Amoebae,  False.
Amphibian and Flatworm SubClassOf Coccolithophore,  False.
Animal and Poultry SubClassOf Microphyte,  False.
Fish and FungiTaxonomy SubClassOf Mushroom,  False.
Arthropod and Yeast SubClassOf Human,  False.
Conifer and Fish SubClassOf DeciduousVegetation,  False.
DeciduousVegetation and Fungi SubClassOf Nutrient,  False.
ExoticVegetation and Flagellate SubClassOf Diatom,  False.
Fern and SegmentedWorm SubClassOf Roundworm,  False.
MarineInvertebrate and MarinePlant SubClassOf Macroalgae,  False.
Flatworm and Reptile SubClassOf Phytoplankton,  False.
Mollusk and Plant SubClassOf Flagellate,  False.
Livestock and MarineMammal SubClassOf Lichen,  False.
IndigenousSpecies and MarineMicrobiota SubClassOf Canopy,  False.
Mollusk and Vegetation SubClassOf Microbiota,  False.
Conifer and VegetationSpecies SubClassOf Vertebrate,  False.
Fungi and VegetationSpecies SubClassOf Plant,  False.
Dairy and Sporozoan SubClassOf MarineMicrobiota,  False.
DominantSpecies and MarinePlant SubClassOf Reptile,  False.
Mammal and MarineInvertebrate SubClassOf SegmentedWorm,  False.
Flatworm and Leaf SubClassOf Radiolarian,  False.
Fish and Lichen SubClassOf Fungi,  False.
Bacteria and Yeast SubClassOf Bird,  False.
Amoebae and MarineMicrobiota SubClassOf Poultry,  False.
Invertebrate and Mollusk SubClassOf EvergreenVegetation,  False.
ExoticVegetation and Foraminifer SubClassOf Echinoderm,  False.
ExoticSpecies and Fern SubClassOf Bacteria,  False.
Flagellate and VegetationCover SubClassOf Leaf,  False.
Bird and Ciliate SubClassOf MarineAnimal,  False.
BlueGreenAlgae and Plant SubClassOf Mold,  False.
MarineMammal and MicrobiotaTaxonomy SubClassOf Crop,  False.
Echinoderm and SegmentedWorm SubClassOf Sporozoan,  False.
Microalgae and Zooplankton SubClassOf Jellyfish,  False.
Arachnid and Plant SubClassOf Moss,  False.
ExoticSpecies and Millipede SubClassOf Crustacean,  False.
Mold and Pollen SubClassOf Arachnid,  False.
Crown and DominantSpecies SubClassOf VegetationSpecies,  False.
Bacteria and Fern SubClassOf MarinePlant,  False.
Arthropod and Insect SubClassOf MarineMicrobiota,  False.
Crown and DominantSpecies SubClassOf Bird,  False.
Bird and Canopy SubClassOf Algae,  False.
MarineAnimal and MarineInvertebrate SubClassOf Plant,  False.
Human and SlimeMold SubClassOf Sponge,  False.
Bacteria and Macroalgae SubClassOf Amphibian,  False.
EvergreenVegetation and Mammal SubClassOf Centipede,  False.
Fungi and Nutrient SubClassOf Bacteria,  False.
Anemone and MarineBird SubClassOf Echinoderm,  False.
Amphibian and ExoticVegetation SubClassOf Protist,  False.
Animal and Diatom SubClassOf IndigenousSpecies,  False.
Algae and TreeRing SubClassOf Millipede,  False.
Ciliate and Coral SubClassOf MarineBird,  False.
Conifer and Yeast SubClassOf Mammal,  False.
Leaf and Vertebrate SubClassOf Dairy,  False.
MarinePlant and SlimeMold SubClassOf Litter,  False.
Conifer and Nutrient SubClassOf Fish,  False.
Anemone and Microphyte SubClassOf Foraminifer,  False.
Centipede and Fish SubClassOf Mollusk,  False.
Bird and Mold SubClassOf Chlorophyll,  False.
Jellyfish and MicrobiotaTaxonomy SubClassOf Ciliate,  False.
Livestock and Roundworm SubClassOf FungiTaxonomy,  False.
Microalgae and Moss SubClassOf Macrophyte,  False.
EvergreenVegetation and Mushroom SubClassOf TreeRing,  False.
Coccolithophore and Microphyte SubClassOf Centipede,  False.
MarineBird and TreeRing SubClassOf EvergreenVegetation,  False.
Foraminifer and Vegetation SubClassOf Anemone,  False.
Mollusk and Reptile SubClassOf Amphibian,  False.
Diatom and Human SubClassOf Livestock,  False.
Liverwort and Vertebrate SubClassOf Conifer,  False.
DeciduousVegetation and Nutrient SubClassOf Leaf,  False.
ExoticVegetation and Radiolarian SubClassOf Crop,  False.
Microbiota and Radiolarian SubClassOf DeciduousVegetation,  False.
Dairy and Plankton SubClassOf Coral,  False.
Diatom and SlimeMold SubClassOf Coccolithophore,  False.
Crop and Yeast SubClassOf ExoticSpecies,  False.
Microphyte and Zooplankton SubClassOf Invertebrate,  False.
BlueGreenAlgae and Ciliate SubClassOf Arthropod,  False.
FloweringPlant and Mold SubClassOf Mushroom,  False.
Chlorophyll and Coral SubClassOf Nutrient,  False.
Bird and DeciduousVegetation SubClassOf FungiTaxonomy,  False.
Flatworm and Radiolarian SubClassOf Moss,  False.
MarineMicrobiota and Microphyte SubClassOf Plankton,  False.
MarineBird and VegetationCover SubClassOf Ciliate,  False.
Diatom and MarineAnimal SubClassOf Jellyfish,  False.
Crop and Macrophyte SubClassOf MarinePlant,  False.
Human and Poultry SubClassOf Animal,  The given
Litter and Liverwort SubClassOf Sporozoan,  False.
Arthropod and FloweringPlant SubClassOf Fungi,  False.
Coral and Phytoplankton SubClassOf Plant,  False.
DeciduousVegetation and Microbiota SubClassOf MarineMicrobiota,  False.
Coccolithophore and Crustacean SubClassOf Arachnid,  False.
SegmentedWorm and Vegetation SubClassOf Algae,  False.
IndigenousSpecies and Roundworm SubClassOf Bacteria,  False.
Reptile and Zooplankton SubClassOf Sponge,  False.
Flagellate and Invertebrate SubClassOf Yeast,  False.
IndigenousVegetation and Phytoplankton SubClassOf TreeRing,  False.
IndigenousSpecies and MarineBird SubClassOf Insect,  False.
Amphibian and Jellyfish SubClassOf Foraminifer,  False.
Lichen and Moss SubClassOf FungiTaxonomy,  False.
Chlorophyll and Foraminifer SubClassOf Ciliate,  False.
MarineMammal and Sponge SubClassOf Plankton,  False.
Bird and Litter SubClassOf BlueGreenAlgae,  False.
BlueGreenAlgae and FungiTaxonomy SubClassOf ExoticVegetation,  False.
Centipede and MarineMicrobiota SubClassOf Jellyfish,  False.
Liverwort and VegetationCover SubClassOf Plant,  False.
MarineAnimal and TreeRing SubClassOf Fungi,  False.
Protist and Vertebrate SubClassOf MarinePlant,  False.
Insect and Poultry SubClassOf Vertebrate,  False.
Foraminifer and Roundworm SubClassOf VegetationSpecies,  False.
Plant and Reptile SubClassOf MicrobiotaTaxonomy,  False.
Mushroom and Vegetation SubClassOf Macroalgae,  False.
Anemone and FungiTaxonomy SubClassOf Millipede,  False.
Fern and Protist SubClassOf MarineBird,  False.
Macrophyte and Millipede SubClassOf Reptile,  False.
Echinoderm and Lichen SubClassOf Microbiota,  False.
Crown and Vertebrate SubClassOf Protist,  False.
Insect and MarineInvertebrate SubClassOf Zooplankton,  False.
Crop and Sporozoan SubClassOf Flatworm,  False.
Litter and Pollen SubClassOf SegmentedWorm,  False.
Canopy and Millipede SubClassOf Mollusk,  False.
Amoebae and Sponge SubClassOf Liverwort,  False.
Human and VegetationCover SubClassOf Mammal,  False.
DominantSpecies and TreeRing SubClassOf Litter,  False.
Echinoderm and Lichen SubClassOf MarineInvertebrate,  False.
VegetationCover and VegetationSpecies SubClassOf Nutrient,  False.
SlimeMold and TreeRing SubClassOf Mushroom,  False.
Chlorophyll and Leaf SubClassOf MicrobiotaTaxonomy,  False.
ExoticSpecies and MarinePlant SubClassOf Canopy,  False.
Dairy and IndigenousSpecies SubClassOf Arthropod,  False.
Animal and Mold SubClassOf Diatom,  False.
DeciduousVegetation and Jellyfish SubClassOf SlimeMold,  False.
MicrobiotaTaxonomy and Yeast SubClassOf FloweringPlant,  False.
Ciliate and Conifer SubClassOf MarineMicrobiota,  False.
Fungi and Invertebrate SubClassOf Reptile,  False.
Diatom and Echinoderm SubClassOf SegmentedWorm,  False.
Anemone and Fern SubClassOf Radiolarian,  False.
MarineInvertebrate and Plant SubClassOf MarineBird,  False.
FloweringPlant and Poultry SubClassOf Protist,  False.
Crustacean and IndigenousSpecies SubClassOf Yeast,  False.
Echinoderm and Macrophyte SubClassOf VegetationCover,  False.
Amoebae and DeciduousVegetation SubClassOf Flagellate,  False.
Chlorophyll and Flagellate SubClassOf IndigenousSpecies,  False.
Algae and Sponge SubClassOf Centipede,  False.
IndigenousVegetation and Phytoplankton SubClassOf Bacteria,  False.
Arachnid and Phytoplankton SubClassOf Poultry,  False.
FungiTaxonomy and Mollusk SubClassOf MarineAnimal,  False.
IndigenousSpecies and Microalgae SubClassOf Fern,  False.
EvergreenVegetation and Lichen SubClassOf Leaf,  False.
Sporozoan and Vertebrate SubClassOf MarineMammal,  False.
Diatom and Pollen SubClassOf DeciduousVegetation,  False.
Sporozoan and TreeRing SubClassOf Conifer,  False.
Litter and Nutrient SubClassOf Pollen,  False.
MarineMicrobiota SubClassOf VegetationSpecies,  False.
Coccolithophore and Microbiota SubClassOf Plant,  False.
Diatom and Moss SubClassOf Macroalgae,  False.
Fern and Macroalgae SubClassOf Phytoplankton,  False.
Algae and Centipede SubClassOf Flagellate,  False.
Invertebrate and Liverwort SubClassOf Lichen,  False.
Bird and FloweringPlant SubClassOf Sponge,  False.
MarineMammal and Protist SubClassOf Microbiota,  False.
Leaf and Microalgae SubClassOf Centipede,  False.
Crustacean and Reptile SubClassOf IndigenousSpecies,  False.
Conifer and Vegetation SubClassOf Echinoderm,  False.
Animal and Macrophyte SubClassOf Amphibian,  False.
Arachnid and DeciduousVegetation SubClassOf IndigenousVegetation,  False.
Millipede and Radiolarian SubClassOf Conifer,  False.
Animal and Microphyte SubClassOf Dairy,  False.
Fungi and Phytoplankton SubClassOf Litter,  False.
Fish and FloweringPlant SubClassOf Liverwort,  False.
Crown and MarineMammal SubClassOf Insect,  False.
Fern and MarineMicrobiota SubClassOf Anemone,  False.
Coccolithophore and Crop SubClassOf Mammal,  False.
Amphibian and MarinePlant SubClassOf Foraminifer,  False.
Animal and Canopy SubClassOf Macrophyte,  False.
Algae and FungiTaxonomy SubClassOf Mold,  False.
Human and Invertebrate SubClassOf Crop,  False.
Amphibian and Conifer SubClassOf Crown,  False.
Fungi and Vegetation SubClassOf Amoebae,  False.
Leaf and Sponge SubClassOf Plankton,  False.
MarineBird and Reptile SubClassOf Ciliate,  False.
MarineInvertebrate and MarineMammal SubClassOf Jellyfish,  False.
Coral and Poultry SubClassOf MarinePlant,  False.
DeciduousVegetation and IndigenousVegetation SubClassOf Crustacean,  False.
Livestock and Radiolarian SubClassOf Sporozoan,  False.
Anemone and Vegetation SubClassOf Conifer,  False.
Litter and Roundworm SubClassOf Coccolithophore,  False.
Anemone and FloweringPlant SubClassOf Litter,  False.
BlueGreenAlgae and Flatworm SubClassOf IndigenousVegetation,  False.
Crown and Microphyte SubClassOf MarineMammal,  False.
FungiTaxonomy and MarineBird SubClassOf Microalgae,  False.
Crop and Foraminifer SubClassOf ExoticSpecies,  False.
Human and Reptile SubClassOf Arthropod,  False.
Liverwort and Sponge SubClassOf Moss,  False.
Dairy and MarinePlant SubClassOf Invertebrate,  False.
Microbiota and Vegetation SubClassOf MicrobiotaTaxonomy,  False.
IndigenousVegetation and Plankton SubClassOf Reptile,  False.
SegmentedWorm and VegetationSpecies SubClassOf Animal,  False.
Amphibian and Fish SubClassOf DominantSpecies,  False.
Diatom and Livestock SubClassOf MarinePlant,  False.
Millipede and VegetationSpecies SubClassOf Vertebrate,  False.
EvergreenVegetation and Nutrient SubClassOf Sporozoan,  False.
MicrobiotaTaxonomy and Sporozoan SubClassOf Jellyfish,  False.
Bacteria and Mushroom SubClassOf Plant,  False.
Bacteria and Dairy SubClassOf Sponge,  False.
ExoticSpecies and SlimeMold SubClassOf Phytoplankton,  False.
Lichen and SegmentedWorm SubClassOf VegetationSpecies,  False.
Canopy and ExoticSpecies SubClassOf Lichen,  False.
Ciliate and MarineAnimal SubClassOf Echinoderm,  False.
Arthropod and Leaf SubClassOf Yeast,  False.
Chlorophyll and Mold SubClassOf Algae,  False.
MicrobiotaTaxonomy and Protist SubClassOf EvergreenVegetation,  False.
Nutrient and VegetationCover SubClassOf Dairy,  False.
Invertebrate and SlimeMold SubClassOf Amphibian,  False.
Crown and Jellyfish SubClassOf Centipede,  False.
Flatworm and Millipede SubClassOf Crustacean,  False.
Algae and ExoticVegetation SubClassOf Coral,  False.
Microbiota and Roundworm SubClassOf Plankton,  False.
Arachnid and Plankton SubClassOf Amoebae,  False.
Insect and Mollusk SubClassOf BlueGreenAlgae,  False.
Plant and Pollen SubClassOf Phytoplankton,  False.
Zooplankton SubClassOf Mushroom,  False.
BlueGreenAlgae and EvergreenVegetation SubClassOf Sporozoan,  False.
Ciliate and Sporozoan SubClassOf VegetationSpecies,  False.
DominantSpecies and MarineBird SubClassOf VegetationCover,  False.
Foraminifer and Plankton SubClassOf Vertebrate,  False.
Flagellate and MarineInvertebrate SubClassOf Roundworm,  False.
Lichen and MarinePlant SubClassOf Echinoderm,  False.
Bacteria and Liverwort SubClassOf MarineBird,  False.
Crustacean and VegetationSpecies SubClassOf Flagellate,  False.
Dairy and Fungi SubClassOf Yeast,  False.
Coral and Zooplankton SubClassOf Fungi,  False.
BlueGreenAlgae and ExoticVegetation SubClassOf FloweringPlant,  False.
Flatworm and Livestock SubClassOf Microbiota,  False.
Coral and MarineMammal SubClassOf Arachnid,  False.
Foraminifer and Microbiota SubClassOf Zooplankton,  False.
Flagellate and Yeast SubClassOf Bacteria,  False.
Macroalgae and Mollusk SubClassOf SegmentedWorm,  False.
Roundworm and Vertebrate SubClassOf Radiolarian,  False.
Crustacean and Liverwort SubClassOf Mold,  False.
Conifer and Dairy SubClassOf Insect,  False.
Ciliate and Protist SubClassOf Anemone,  False.
Centipede and MarineBird SubClassOf Vegetation,  False.
Mushroom and VegetationSpecies SubClassOf Livestock,  False.
Animal and Fish SubClassOf Microphyte,  False.
Human and Macrophyte SubClassOf Foraminifer,  False.
Liverwort and Microalgae SubClassOf Crop,  False.
MarinePlant and Vertebrate SubClassOf DominantSpecies,  False.
Pollen and Reptile SubClassOf MarineMicrobiota,  False.
DominantSpecies and FungiTaxonomy SubClassOf ExoticVegetation,  False.
Arthropod and MarineAnimal SubClassOf Jellyfish,  False.
Echinoderm and IndigenousSpecies SubClassOf Plant,  False.
Moss and Vegetation SubClassOf Fungi,  False.
Bird and Sponge SubClassOf Reptile,  False.
SegmentedWorm and TreeRing SubClassOf SlimeMold,  False.
IndigenousVegetation and TreeRing SubClassOf Radiolarian,  False.
Arachnid and Coral SubClassOf Anemone,  False.
EvergreenVegetation and Mollusk SubClassOf Bird,  False.
Jellyfish and Livestock SubClassOf Algae,  False.
Microalgae and Vertebrate SubClassOf EvergreenVegetation,  False.
Bacteria and SlimeMold SubClassOf Mold,  False.
ExoticSpecies and ExoticVegetation SubClassOf Bacteria,  False.
Macroalgae and Sponge SubClassOf Poultry,  False.
Bird and Foraminifer SubClassOf Centipede,  False.
ExoticSpecies and TreeRing SubClassOf Fern,  False.
Dairy and VegetationSpecies SubClassOf Flatworm,  False.
Fish and Leaf SubClassOf IndigenousSpecies,  False.
BlueGreenAlgae and IndigenousSpecies SubClassOf Mollusk,  False.
Jellyfish and MicrobiotaTaxonomy SubClassOf Conifer,  False.
Amoebae and Echinoderm SubClassOf IndigenousVegetation,  False.
Invertebrate and Moss SubClassOf Litter,  False.
Chlorophyll and Flatworm SubClassOf Fish,  False.
Poultry and Sponge SubClassOf TreeRing,  False.
IndigenousVegetation and VegetationCover SubClassOf Pollen,  False.
Arachnid and FloweringPlant SubClassOf MarineMammal,  False.
Fish and FungiTaxonomy SubClassOf Moss,  False.
Centipede and DeciduousVegetation SubClassOf Arthropod,  False.
Litter and Microalgae SubClassOf Ciliate,  False.
Bacteria and MarineAnimal SubClassOf MarineInvertebrate,  False.
Arthropod and MarineInvertebrate SubClassOf Lichen,  False.
Human and Poultry SubClassOf Flatworm,  False.
Microalgae and Pollen SubClassOf Microbiota,  False.
Bacteria and Plankton SubClassOf Flagellate,  False.
Fungi and Microbiota SubClassOf IndigenousSpecies,  False.
Coccolithophore and MarineBird SubClassOf Dairy,  False.
Diatom and DominantSpecies SubClassOf MarineBird,  False.
Canopy and Crop SubClassOf Protist,  False.
Algae and Leaf SubClassOf Liverwort,  False.
Foraminifer and Invertebrate SubClassOf Mollusk,  False.
Bacteria and FloweringPlant SubClassOf Litter,  False.
Coral and Mammal SubClassOf IndigenousVegetation,  False.
Leaf and Moss SubClassOf MarineMammal,  False.
BlueGreenAlgae and Reptile SubClassOf Macrophyte,  False.
ExoticSpecies and Vegetation SubClassOf Chlorophyll,  False.
Amoebae and Roundworm SubClassOf Fish,  False.
Centipede and DominantSpecies SubClassOf MarineAnimal,  False.
MarineAnimal and Mold SubClassOf Coccolithophore,  False.
FungiTaxonomy and Yeast SubClassOf Crop,  False.
Centipede and Radiolarian SubClassOf Foraminifer,  False.
Bird and Microalgae SubClassOf Coral,  False.
Mushroom and Nutrient SubClassOf Crustacean,  False.
Conifer and Vertebrate SubClassOf Microphyte,  False.
Microphyte and Pollen SubClassOf Crown,  False.
EvergreenVegetation and Plant SubClassOf Human,  False.
MicrobiotaTaxonomy and Millipede SubClassOf Macroalgae,  False.
Animal and Echinoderm SubClassOf Nutrient,  False.
Moss and Roundworm SubClassOf Mushroom,  False.
ExoticSpecies and Fern SubClassOf Roundworm,  False.
Insect and Sponge SubClassOf Canopy,  False.
Echinoderm and IndigenousVegetation SubClassOf Phytoplankton,  False.
Arachnid and Zooplankton SubClassOf VegetationSpecies,  False.
DeciduousVegetation and MarineMicrobiota SubClassOf Mollusk,  False.
Radiolarian and VegetationCover SubClassOf Conifer,  False.
Microphyte and Moss SubClassOf Dairy,  False.
BlueGreenAlgae and MarineBird SubClassOf Litter,  False.
Diatom and Poultry SubClassOf Fish,  False.
Crop and Liverwort SubClassOf TreeRing,  False.
Bird and Human SubClassOf Pollen,  False.
Liverwort and Protist SubClassOf ExoticSpecies,  False.
DeciduousVegetation and FloweringPlant SubClassOf Invertebrate,  False.
Coral and Crustacean SubClassOf Arthropod,  False.
MarineAnimal and Microbiota SubClassOf Microalgae,  False.
Macrophyte and Plankton SubClassOf MarineInvertebrate,  False.
Arachnid and Vegetation SubClassOf DominantSpecies,  False.
Flagellate and Roundworm SubClassOf MarineMicrobiota,  False.
Arthropod and Zooplankton SubClassOf ExoticVegetation,  False.
Invertebrate and Phytoplankton SubClassOf Animal,  False.
Arthropod and Pollen SubClassOf BlueGreenAlgae,  False.
Centipede and Crown SubClassOf MarinePlant,  False.
Fern and Microalgae SubClassOf Crustacean,  False.
Bacteria and Crop SubClassOf Sporozoan,  False.
DominantSpecies and Microbiota SubClassOf VegetationSpecies,  False.
Canopy and Coccolithophore SubClassOf VegetationCover,  False.
DominantSpecies and MarineInvertebrate SubClassOf Macroalgae,  False.
Human and MarineAnimal SubClassOf Roundworm,  False.
Amphibian and Zooplankton SubClassOf Millipede,  False.
Invertebrate and Mammal SubClassOf Lichen,  False.
FloweringPlant and Fungi SubClassOf Sponge,  False.
Coral and MarineBird SubClassOf Yeast,  False.
Leaf and MarineMammal SubClassOf Centipede,  False.
Amoebae and Reptile SubClassOf Fern,  False.
IndigenousVegetation and Vegetation SubClassOf Flatworm,  False.
Foraminifer and Roundworm SubClassOf Amphibian,  False.
Foraminifer and Invertebrate SubClassOf Amoebae,  False.
Flagellate and Jellyfish SubClassOf DeciduousVegetation,  False.
Ciliate and Roundworm SubClassOf Crown,  False.
Crustacean and FloweringPlant SubClassOf Human,  False.
Echinoderm and Protist SubClassOf BlueGreenAlgae,  False.
MicrobiotaTaxonomy and Microphyte SubClassOf Nutrient,  False.
MarineBird and Plant SubClassOf Mushroom,  False.
Crop and Vertebrate SubClassOf Roundworm,  False.
Insect and Pollen SubClassOf Canopy,  False.
Anemone and Sporozoan SubClassOf Phytoplankton,  False.
Fern and Litter SubClassOf Diatom,  False.
Echinoderm and Human SubClassOf Lichen,  False.
Amoebae and MarinePlant SubClassOf Millipede,  False.
FungiTaxonomy and TreeRing SubClassOf Flagellate,  False.
EvergreenVegetation and Microphyte SubClassOf Arachnid,  False.
MarineBird and Mollusk SubClassOf Fungi,  False.
Algae and Foraminifer SubClassOf Reptile,  False.
IndigenousSpecies and Reptile SubClassOf SlimeMold,  False.
Human and Nutrient SubClassOf Radiolarian,  False.
ExoticVegetation and Liverwort SubClassOf Zooplankton,  False.
Coccolithophore and Crustacean SubClassOf Bird,  False.
Radiolarian and TreeRing SubClassOf SegmentedWorm,  False.
Microbiota and SlimeMold SubClassOf Vegetation,  False.
Lichen and Plankton SubClassOf Mold,  False.
Diatom SubClassOf Bacteria,  False.
Crop and VegetationSpecies SubClassOf Poultry,  False.
Mold and Zooplankton SubClassOf MarineAnimal,  False.
BlueGreenAlgae and Chlorophyll SubClassOf Livestock,  False.
FloweringPlant and Radiolarian SubClassOf Crop,  False.
Coral and Dairy SubClassOf Leaf,  False.
IndigenousSpecies and Macrophyte SubClassOf Jellyfish,  False.
Jellyfish and Microalgae SubClassOf MarinePlant,  False.
Echinoderm and Liverwort SubClassOf Animal,  False.
Amoebae and Conifer SubClassOf ExoticVegetation,  False.
Chlorophyll and Phytoplankton SubClassOf SlimeMold,  False.
Arachnid and Sponge SubClassOf Plant,  False.
Crustacean and IndigenousVegetation SubClassOf MarineMicrobiota,  False.
Animal and Phytoplankton SubClassOf Arachnid,  False.
FungiTaxonomy and Zooplankton SubClassOf Algae,  False.
Centipede and EvergreenVegetation SubClassOf Bacteria,  False.
Flagellate and Microalgae SubClassOf Sponge,  False.
Algae and Lichen SubClassOf Bird,  False.
Plankton and Vertebrate SubClassOf Poultry,  False.
Nutrient and Pollen SubClassOf EvergreenVegetation,  False.
DominantSpecies and Insect SubClassOf Anemone,  False.
Coccolithophore and Litter SubClassOf Amphibian,  False.
Mammal and MarineBird SubClassOf IndigenousSpecies,  False.
Amphibian and Phytoplankton SubClassOf Dairy,  False.
Canopy and IndigenousSpecies SubClassOf MarineBird,  False.
Jellyfish and Sponge SubClassOf Protist,  False.
Livestock and Macrophyte SubClassOf Liverwort,  False.
Lichen and MarineMammal SubClassOf Mollusk,  False.
Chlorophyll and Mammal SubClassOf Fern,  False.
IndigenousVegetation and Sponge SubClassOf Mammal,  False.
Macroalgae and Sporozoan SubClassOf MarineMammal,  False.
Litter and MarineMicrobiota SubClassOf Macrophyte,  False.
Coral and FungiTaxonomy SubClassOf Chlorophyll,  False.
Centipede and Moss SubClassOf Pollen,  False.
Protist and VegetationCover SubClassOf FungiTaxonomy,  False.
Poultry and TreeRing SubClassOf Moss,  False.
Microbiota and Vertebrate SubClassOf TreeRing,  False.
Bird and Pollen SubClassOf Ciliate,  False.
FloweringPlant and Litter SubClassOf Millipede,  False.
Crop and MarineMammal SubClassOf Lichen,  False.
Flatworm and MarineMicrobiota SubClassOf Canopy,  False.
Anemone and Coccolithophore SubClassOf Microbiota,  False.
FungiTaxonomy and Vegetation SubClassOf Protist,  False.
Animal and Human SubClassOf Zooplankton,  False.
Algae and Fish SubClassOf FloweringPlant,  False.
Crown and Invertebrate SubClassOf SegmentedWorm,  False.
Conifer and Sponge SubClassOf Vegetation,  False.
Fungi and SegmentedWorm SubClassOf Liverwort,  False.
Leaf and MarinePlant SubClassOf Dairy,  False.
Reptile SubClassOf Litter,  False.
IndigenousVegetation and MarineInvertebrate SubClassOf Fish,  False.
Livestock and Poultry SubClassOf TreeRing,  False.
Amphibian and DeciduousVegetation SubClassOf Insect,  False.
Radiolarian and Vegetation SubClassOf Chlorophyll,  False.
Echinoderm and VegetationSpecies SubClassOf Livestock,  False.
Moss and SlimeMold SubClassOf MarineAnimal,  False.
Sporozoan and VegetationCover SubClassOf Leaf,  False.
Diatom and TreeRing SubClassOf Crop,  False.
Dairy and IndigenousVegetation SubClassOf Crown,  False.
Arachnid and Leaf SubClassOf Coral,  False.
IndigenousSpecies and Lichen SubClassOf Coccolithophore,  False.
Bacteria and Jellyfish SubClassOf ExoticSpecies,  False.
Ciliate and DeciduousVegetation SubClassOf Invertebrate,  False.
Invertebrate and Yeast SubClassOf Human,  False.
Chlorophyll and Conifer SubClassOf Microalgae,  False.
ExoticSpecies and Fungi SubClassOf Nutrient,  False.
Fern and FloweringPlant SubClassOf MicrobiotaTaxonomy,  False.
Jellyfish and MarineInvertebrate SubClassOf Macroalgae,  False.
MicrobiotaTaxonomy and Poultry SubClassOf Roundworm,  False.
Livestock and MarineInvertebrate SubClassOf TreeRing,  False.
Millipede and Sporozoan SubClassOf Microalgae,  False.
Coccolithophore and EvergreenVegetation SubClassOf Foraminifer,  False.
MicrobiotaTaxonomy and Plankton SubClassOf Fish,  False.
Fungi and Mushroom SubClassOf FungiTaxonomy,  False.
Lichen and Mammal SubClassOf ExoticVegetation,  False.
DominantSpecies and ExoticSpecies SubClassOf Plankton,  False.
SegmentedWorm and VegetationSpecies SubClassOf Amoebae,  False.
Canopy and Leaf SubClassOf BlueGreenAlgae,  False.
Foraminifer and MarineAnimal SubClassOf MarinePlant,  False.
Arthropod and Bacteria SubClassOf Animal,  False.
Dairy and Mold SubClassOf DominantSpecies,  False.
Invertebrate and Protist SubClassOf Fungi,  False.
BlueGreenAlgae and Nutrient SubClassOf Bird,  False.
ExoticSpecies and SlimeMold SubClassOf Vertebrate,  False.
Amoebae and Crown SubClassOf Plant,  False.
Centipede and ExoticSpecies SubClassOf MicrobiotaTaxonomy,  False.
Liverwort and SegmentedWorm SubClassOf Reptile,  False.
Livestock and Yeast SubClassOf Roundworm,  False.
Arachnid and Protist SubClassOf VegetationSpecies,  False.
Arthropod and Microalgae SubClassOf Lichen,  False.
Mold and Mushroom SubClassOf Flatworm,  False.
Conifer and Mushroom SubClassOf Microbiota,  False.
Bacteria and Macrophyte SubClassOf Millipede,  False.
Arachnid and SlimeMold SubClassOf Zooplankton,  False.
Crown and Millipede SubClassOf Dairy,  False.
Animal and Canopy SubClassOf SegmentedWorm,  False.
MarineAnimal and Roundworm SubClassOf Protist,  False.
Anemone and EvergreenVegetation SubClassOf Liverwort,  False.
Algae and Bird SubClassOf Litter,  False.
Nutrient and Zooplankton SubClassOf Mollusk,  False.
Livestock and Zooplankton SubClassOf Invertebrate,  False.
BlueGreenAlgae and TreeRing SubClassOf Arthropod,  False.
Flatworm and Vegetation SubClassOf Mushroom,  False.
ExoticVegetation and Mollusk SubClassOf Human,  False.
Foraminifer and Macroalgae SubClassOf Canopy,  False.
Flagellate and Vertebrate SubClassOf MarineMicrobiota,  False.
Coral and Mollusk SubClassOf Diatom,  False.
Crustacean and Radiolarian SubClassOf Millipede,  False.
Centipede and Dairy SubClassOf MarineBird,  False.
Ciliate and Microbiota SubClassOf Reptile,  False.
MarineBird and Yeast SubClassOf SlimeMold,  False.
Microphyte and VegetationSpecies SubClassOf Radiolarian,  False.
Fish and Microalgae SubClassOf Zooplankton,  False.
MarinePlant and Mold SubClassOf Protist,  False.
Conifer and Liverwort SubClassOf SegmentedWorm,  False.
FloweringPlant and Insect SubClassOf Echinoderm,  False.
Flatworm and MicrobiotaTaxonomy SubClassOf Bacteria,  False.
Anemone and MicrobiotaTaxonomy SubClassOf Sponge,  False.
MarineAnimal and Microphyte SubClassOf Centipede,  False.
Fish and MarineBird SubClassOf Fern,  False.
Anemone and Foraminifer SubClassOf Poultry,  False.
Flagellate and Litter SubClassOf Vegetation,  False.
Arthropod and Human SubClassOf Coccolithophore,  False.
Liverwort and MarinePlant SubClassOf Microphyte,  False.
Crustacean and DeciduousVegetation SubClassOf Leaf,  False.
Dairy and FungiTaxonomy SubClassOf MarineAnimal,  False.
Microbiota and SegmentedWorm SubClassOf DeciduousVegetation,  False.
IndigenousSpecies and Plankton SubClassOf Nutrient,  False.
Reptile and VegetationSpecies SubClassOf Pollen,  False.
Fish and Sponge SubClassOf ExoticSpecies,  False.
Mammal and Yeast SubClassOf Plant,  False.
Leaf and Plankton SubClassOf Sponge,  False.
MarineBird and VegetationSpecies SubClassOf Phytoplankton,  False.
Bacteria and Fish SubClassOf VegetationSpecies,  False.
Amoebae and EvergreenVegetation SubClassOf Lichen,  False.
Flatworm and Foraminifer SubClassOf Bird,  False.
ExoticSpecies and Moss SubClassOf Flagellate,  False.
Chlorophyll and VegetationCover SubClassOf EvergreenVegetation,  False.
Bird and Sponge SubClassOf Dairy,  False.
BlueGreenAlgae and IndigenousVegetation SubClassOf Amphibian,  False.
Arachnid and MarineMicrobiota SubClassOf Poultry,  False.
FungiTaxonomy and Litter SubClassOf Conifer,  False.
Centipede and MarineAnimal SubClassOf Coccolithophore,  False.
Flatworm and Microalgae SubClassOf Fern,  False.
Bacteria and Poultry SubClassOf IndigenousVegetation,  False.
Flatworm and Roundworm SubClassOf Mollusk,  False.
ExoticVegetation and Plant SubClassOf Mold,  False.
Microbiota and Mushroom SubClassOf Mammal,  False.
Animal and Plankton SubClassOf Liverwort,  False.
Mollusk and Zooplankton SubClassOf Macrophyte,  False.
Fern and Plant SubClassOf TreeRing,  False.
Millipede and Zooplankton SubClassOf Crop,  False.
BlueGreenAlgae and Echinoderm SubClassOf Foraminifer,  False.
Ciliate and Plankton SubClassOf Amoebae,  False.
Amphibian and MarineInvertebrate SubClassOf Crustacean,  False.
Foraminifer and Insect SubClassOf Ciliate,  False.
Flagellate and Pollen SubClassOf Crown,  False.
Fungi and Liverwort SubClassOf BlueGreenAlgae,  False.
Crustacean and Sporozoan SubClassOf ExoticVegetation,  False.
Dairy and DominantSpecies SubClassOf Jellyfish,  False.
DominantSpecies and Yeast SubClassOf Algae,  False.
Arthropod and Vertebrate SubClassOf SegmentedWorm,  False.
Centipede and SlimeMold SubClassOf Protist,  False.
Bird and Chlorophyll SubClassOf Liverwort,  False.
Microphyte and Nutrient SubClassOf Insect,  False.
Centipede and Vertebrate SubClassOf Anemone,  False.
Mold and Pollen SubClassOf Vegetation,  False.
EvergreenVegetation and Jellyfish SubClassOf Livestock,  False.
MicrobiotaTaxonomy and Roundworm SubClassOf Macrophyte,  False.
Ciliate and Echinoderm SubClassOf Leaf,  False.
Moss and Mushroom SubClassOf Crop,  False.
Echinoderm and ExoticSpecies SubClassOf Crown,  False.
SegmentedWorm and Zooplankton SubClassOf Coral,  False.
IndigenousVegetation and Plant SubClassOf Plankton,  False.
Arachnid and Millipede SubClassOf Amoebae,  False.
Crustacean and Vertebrate SubClassOf MarineMammal,  False.
Arthropod and Pollen SubClassOf Microalgae,  False.
DominantSpecies and Fish SubClassOf ExoticSpecies,  False.
DeciduousVegetation and MarineAnimal SubClassOf Pollen,  False.
Echinoderm and Flagellate SubClassOf Human,  False.
Bird and Phytoplankton SubClassOf Nutrient,  False.
Nutrient and Reptile SubClassOf Invertebrate,  False.
IndigenousVegetation and Mollusk SubClassOf MicrobiotaTaxonomy,  False.
Arachnid and Livestock SubClassOf Reptile,  False.
EvergreenVegetation and IndigenousSpecies SubClassOf Animal,  False.
Jellyfish and Vegetation SubClassOf Diatom,  False.
ExoticVegetation and Microalgae SubClassOf SlimeMold,  False.
Bacteria and Diatom SubClassOf FloweringPlant,  False.
ExoticSpecies and TreeRing SubClassOf Microbiota,  False.
Nutrient and Sponge SubClassOf Arachnid,  False.
Anemone and MarineAnimal SubClassOf Coral,  False.
Macroalgae and Macrophyte SubClassOf Mushroom,  False.
Poultry and Protist SubClassOf Amoebae,  False.
Liverwort and Sporozoan SubClassOf FungiTaxonomy,  False.
Arthropod and Livestock SubClassOf MarinePlant,  False.
Millipede and Phytoplankton SubClassOf Vertebrate,  False.
DeciduousVegetation and Insect SubClassOf Sporozoan,  False.
Crustacean and MicrobiotaTaxonomy SubClassOf BlueGreenAlgae,  False.
Algae and Mushroom SubClassOf VegetationCover,  False.
IndigenousSpecies and Mammal SubClassOf Sponge,  False.
Amoebae and Reptile SubClassOf Roundworm,  False.
Flagellate and SegmentedWorm SubClassOf VegetationSpecies,  False.
Canopy and Coccolithophore SubClassOf Lichen,  False.
Macrophyte and TreeRing SubClassOf Flatworm,  False.
EvergreenVegetation and Phytoplankton SubClassOf Yeast,  False.
Mold and Mollusk SubClassOf Echinoderm,  False.
Crop and Fungi SubClassOf FloweringPlant,  False.
MarineBird and MarineMicrobiota SubClassOf SegmentedWorm,  False.
DominantSpecies and Poultry SubClassOf Millipede,  False.
Canopy and Diatom SubClassOf SlimeMold,  False.
Coral and IndigenousVegetation SubClassOf Mammal,  False.
Algae and Foraminifer SubClassOf Anemone,  False.
Bacteria and Coccolithophore SubClassOf Protist,  False.
FloweringPlant and Mammal SubClassOf Zooplankton,  False.
Animal and Moss SubClassOf Insect,  False.
BlueGreenAlgae and Leaf SubClassOf Foraminifer,  False.
Invertebrate and MarineMammal SubClassOf Vegetation,  False.
Amoebae and Vegetation SubClassOf Liverwort,  False.
Bird and Fungi SubClassOf Macrophyte,  False.
DeciduousVegetation and Protist SubClassOf Plankton,  False.
MarineMicrobiota and Reptile SubClassOf Crop,  False.
Microphyte and VegetationCover SubClassOf Livestock,  False.
Anemone and Lichen SubClassOf MarineMicrobiota,  False.
Crown and Fern SubClassOf Reptile,  False.
Canopy and FloweringPlant SubClassOf Animal,  False.
Echinoderm and Macrophyte SubClassOf DominantSpecies,  False.
Crown and Litter SubClassOf Fungi,  False.
FungiTaxonomy and Macroalgae SubClassOf Bird,  False.
Crop and Protist SubClassOf SlimeMold,  False.
Pollen and Sporozoan SubClassOf Millipede,  False.
Canopy and TreeRing SubClassOf Anemone,  False.
Millipede and Sponge SubClassOf Mammal,  False.
Human and Insect SubClassOf SegmentedWorm,  False.
MarinePlant and VegetationCover SubClassOf Radiolarian,  False.
Mammal and Mushroom SubClassOf Mold,  False.
IndigenousVegetation and Mammal SubClassOf Crop,  False.
Amoebae and MarineBird SubClassOf Poultry,  False.
Amphibian and IndigenousSpecies SubClassOf Vegetation,  False.
Diatom and Protist SubClassOf Fern,  False.
Sporozoan and VegetationSpecies SubClassOf Leaf,  False.
Lichen and Nutrient SubClassOf IndigenousSpecies,  False.
Crown and ExoticVegetation SubClassOf Centipede,  False.
Insect and Radiolarian SubClassOf Conifer,  False.
Dairy and VegetationCover SubClassOf Pollen,  False.
Anemone and SlimeMold SubClassOf Litter,  False.
Lichen and Macroalgae SubClassOf Mollusk,  False.
Amoebae and Microphyte SubClassOf TreeRing,  False.
Ciliate and IndigenousSpecies SubClassOf Microalgae,  False.
Livestock and Mold SubClassOf ExoticSpecies,  False.
Chlorophyll and Millipede SubClassOf DeciduousVegetation,  False.
MicrobiotaTaxonomy and Phytoplankton SubClassOf Arthropod,  False.
Mold and Plant SubClassOf Diatom,  False.
Mushroom SubClassOf MarineInvertebrate,  False.
Jellyfish and Mammal SubClassOf Moss,  False.
Flagellate and MarinePlant SubClassOf Echinoderm,  False.
Algae and Conifer SubClassOf MarineBird,  False.
Animal and Phytoplankton SubClassOf Flagellate,  False.
Arachnid and Dairy SubClassOf Lichen,  False.
Insect and Yeast SubClassOf Dairy,  False.
Coccolithophore and MarineInvertebrate SubClassOf Fern,  False.
Fungi and IndigenousSpecies SubClassOf Protist,  False.
EvergreenVegetation and Fish SubClassOf IndigenousSpecies,  False.
Fern and Sporozoan SubClassOf Mollusk,  False.
Diatom and MarineMicrobiota SubClassOf Chlorophyll,  False.
Flatworm and Plankton SubClassOf IndigenousVegetation,  False.
ExoticVegetation and Nutrient SubClassOf Liverwort,  False.
Lichen and MarineMammal SubClassOf Microalgae,  False.
Algae and Bacteria SubClassOf TreeRing,  False.
Mollusk and VegetationSpecies SubClassOf Pollen,  False.
Plant and SlimeMold SubClassOf MarineMammal,  False.
Coral and VegetationSpecies SubClassOf Livestock,  False.
Fish and Moss SubClassOf Microphyte,  False.
Conifer and MarineMammal SubClassOf Macrophyte,  False.
Flatworm and Microbiota SubClassOf Crustacean,  False.
Bird and ExoticVegetation SubClassOf Nutrient,  False.
Macroalgae and Yeast SubClassOf Crown,  False.
MarineInvertebrate and MarineMicrobiota SubClassOf Amoebae,  False.
Liverwort and Mollusk SubClassOf BlueGreenAlgae,  False.
Conifer and Plant SubClassOf Phytoplankton,  False.
Fern and Protist SubClassOf Mushroom,  False.
BlueGreenAlgae and Poultry SubClassOf Human,  False.
Ciliate and Crustacean SubClassOf Canopy,  False.
Amphibian and Animal SubClassOf VegetationCover,  False.
Macrophyte and MarineMammal SubClassOf VegetationSpecies,  False.
Flagellate and Microalgae SubClassOf Roundworm,  False.
MarinePlant and Microalgae SubClassOf EvergreenVegetation,  False.
Bacteria and Reptile SubClassOf Leaf,  False.
FungiTaxonomy and MarineMammal SubClassOf Vegetation,  False.
Algae and Human SubClassOf Poultry,  False.
Amphibian and DominantSpecies SubClassOf Microphyte,  False.
MarineAnimal and Vegetation SubClassOf Coccolithophore,  False.
Arthropod and Sponge SubClassOf Crop,  False.
Mold and SegmentedWorm SubClassOf Livestock,  False.
Bird and MarineMammal SubClassOf Coral,  False.
Coral and Nutrient SubClassOf Mushroom,  False.
IndigenousVegetation and SlimeMold SubClassOf ExoticSpecies,  False.
EvergreenVegetation and Vertebrate SubClassOf Human,  False.
Microbiota and MicrobiotaTaxonomy SubClassOf Macroalgae,  False.
Anemone and Moss SubClassOf Nutrient,  False.
Macroalgae and Moss SubClassOf Invertebrate,  False.
Animal and Chlorophyll SubClassOf Moss,  False.
Dairy and ExoticSpecies SubClassOf Animal,  False.
Amphibian and Leaf SubClassOf FungiTaxonomy,  False.
Fungi and Jellyfish SubClassOf MarinePlant,  False.
Fish and MicrobiotaTaxonomy SubClassOf MarineMicrobiota,  False.
Ciliate and MarinePlant SubClassOf Diatom,  False.
Conifer and Invertebrate SubClassOf Jellyfish,  False.
Flatworm and Poultry SubClassOf FloweringPlant,  False.
Anemone and ExoticVegetation SubClassOf Sponge,  False.
Plant and Yeast SubClassOf Arachnid,  False.
FloweringPlant and MarineInvertebrate SubClassOf SlimeMold,  False.
Coccolithophore and Fish SubClassOf Bacteria,  False.
Crown and Plant SubClassOf Anemone,  False.
Fern and Litter SubClassOf Bird,  False.
Crop and MarineMicrobiota SubClassOf Algae,  False.
Bacteria and MarineBird SubClassOf Macroalgae,  False.
Dairy and DeciduousVegetation SubClassOf Roundworm,  False.
Fungi and Reptile SubClassOf BlueGreenAlgae,  False.
Lichen and Microphyte SubClassOf Human,  False.
ExoticSpecies and Liverwort SubClassOf Reptile,  False.
Amoebae and Diatom SubClassOf Microbiota,  False.
Leaf and Radiolarian SubClassOf VegetationSpecies,  False.
Chlorophyll and Human SubClassOf VegetationCover,  False.
MicrobiotaTaxonomy and Plankton SubClassOf Flatworm,  False.
FloweringPlant and VegetationCover SubClassOf IndigenousSpecies,  False.
Crop and Invertebrate SubClassOf Millipede,  False.
BlueGreenAlgae and Microbiota SubClassOf Lichen,  False.
Anemone and Invertebrate SubClassOf Dairy,  False.
Coral and FloweringPlant SubClassOf Protist,  False.
Animal and Radiolarian SubClassOf Anemone,  False.
Human and Roundworm SubClassOf Vegetation,  False.
MarineBird and Microalgae SubClassOf Algae,  False.
Crustacean and DeciduousVegetation SubClassOf Bacteria,  False.
Algae and Crop SubClassOf Leaf,  False.
Microbiota and Zooplankton SubClassOf Crop,  False.
Arachnid and Poultry SubClassOf Liverwort,  False.
Diatom and Millipede SubClassOf EvergreenVegetation,  False.
Coccolithophore and Coral SubClassOf Plankton,  False.
Plankton and Zooplankton SubClassOf ExoticSpecies,  False.
Coccolithophore and EvergreenVegetation SubClassOf Livestock,  False.
FloweringPlant and Insect SubClassOf Microphyte,  False.
DominantSpecies and Roundworm SubClassOf Mushroom,  False.
Foraminifer and VegetationSpecies SubClassOf Sporozoan,  False.
Invertebrate and Nutrient SubClassOf Crown,  False.
Sporozoan and Vegetation SubClassOf Coral,  False.
Microbiota and Phytoplankton SubClassOf Bird,  False.
Chlorophyll and Yeast SubClassOf SegmentedWorm,  False.
Jellyfish and Macroalgae SubClassOf Plant,  False.
Mammal and Vertebrate SubClassOf Fungi,  False.
Lichen and Mold SubClassOf Bacteria,  False.
Conifer and FungiTaxonomy SubClassOf Poultry,  False.
Protist and Sponge SubClassOf Yeast,  False.
Centipede and Macrophyte SubClassOf Echinoderm,  False.
Litter and Mushroom SubClassOf Fern,  False.
Animal and Vertebrate SubClassOf Leaf,  False.
Microphyte and Protist SubClassOf Vegetation,  False.
Microalgae and Sporozoan SubClassOf Mold,  False.
Millipede and TreeRing SubClassOf Microphyte,  False.
Echinoderm SubClassOf Crown,  False.
Insect and Roundworm SubClassOf MarineAnimal,  False.
Arachnid and VegetationCover SubClassOf Coccolithophore,  False.
DeciduousVegetation and Reptile SubClassOf Insect,  False.
FungiTaxonomy and Microphyte SubClassOf Foraminifer,  False.
Crop and Roundworm SubClassOf Mollusk,  False.
Fish and Foraminifer SubClassOf Conifer,  False.
Radiolarian and Reptile SubClassOf Microalgae,  False.
Human and Sponge SubClassOf MarineInvertebrate,  False.
Arthropod and MarineBird SubClassOf Fish,  False.
Crustacean and MarinePlant SubClassOf TreeRing,  False.
Crop and Vegetation SubClassOf ExoticVegetation,  False.
Microbiota and Mollusk SubClassOf Animal,  False.
Liverwort and SegmentedWorm SubClassOf Amoebae,  False.
Amphibian and VegetationSpecies SubClassOf FungiTaxonomy,  False.
Amoebae and Coral SubClassOf MarinePlant,  False.
ExoticVegetation and IndigenousSpecies SubClassOf Vertebrate,  False.
Livestock and Plankton SubClassOf DominantSpecies,  False.
FloweringPlant and TreeRing SubClassOf MarineMicrobiota,  False.
BlueGreenAlgae and Moss SubClassOf Anemone,  False.
IndigenousSpecies and MarineMicrobiota SubClassOf Mammal,  False.
Amoebae and TreeRing SubClassOf IndigenousSpecies,  False.
Echinoderm and Invertebrate SubClassOf Radiolarian,  False.
Flatworm and Phytoplankton SubClassOf Chlorophyll,  False.
Chlorophyll and Poultry SubClassOf Crop,  False.
Jellyfish and VegetationCover SubClassOf Liverwort,  False.
Bird and IndigenousVegetation SubClassOf Mollusk,  False.
Fish and Lichen SubClassOf TreeRing,  False.
DeciduousVegetation and FungiTaxonomy SubClassOf Ciliate,  False.
Litter and Sponge SubClassOf Foraminifer,  False.
MarineAnimal and Microalgae SubClassOf Macrophyte,  False.
Litter and Phytoplankton SubClassOf Crustacean,  False.
MarineMicrobiota and Reptile SubClassOf Sporozoan,  False.
Arthropod and DominantSpecies SubClassOf Amoebae,  False.
Insect and Jellyfish SubClassOf Nutrient,  False.
IndigenousVegetation and Pollen SubClassOf Mushroom,  False.
Amoebae and Zooplankton SubClassOf ExoticSpecies,  False.
Fern and IndigenousSpecies SubClassOf DeciduousVegetation,  False.
Sponge and Sporozoan SubClassOf Arthropod,  False.
DominantSpecies and Macrophyte SubClassOf Diatom,  False.
Phytoplankton and Plankton SubClassOf Human,  False.
Chlorophyll and MarineInvertebrate SubClassOf Macroalgae,  False.
Centipede and MarineBird SubClassOf Microbiota,  False.
Bacteria and Sporozoan SubClassOf Flagellate,  False.
Lichen and VegetationSpecies SubClassOf Roundworm,  False.
Fungi and FungiTaxonomy SubClassOf Canopy,  False.
Foraminifer and Pollen SubClassOf MarineBird,  False.
ExoticSpecies and VegetationCover SubClassOf Protist,  False.
Litter and Mammal SubClassOf SlimeMold,  False.
Leaf and Vertebrate SubClassOf Millipede,  False.
FloweringPlant and Mushroom SubClassOf ExoticSpecies,  False.
Conifer and Fern SubClassOf IndigenousVegetation,  False.
MarineMicrobiota and Microphyte SubClassOf Conifer,  False.
Invertebrate and Plant SubClassOf Microalgae,  False.
Millipede and Vegetation SubClassOf Nutrient,  False.
Jellyfish and MarineMammal SubClassOf Crown,  False.
Algae and Roundworm SubClassOf MarineMammal,  False.
Fern and Reptile SubClassOf Macroalgae,  False.
Conifer and Crop SubClassOf Animal,  False.
Animal and Echinoderm SubClassOf Invertebrate,  True.
Animal and Echinoderm SubClassOf VegetationCover,  False.
Animal and Echinoderm SubClassOf Microalgae,  False.
Animal and Echinoderm SubClassOf Fungi,  False.
Animal and Echinoderm SubClassOf Arachnid,  False.
Animal and Echinoderm SubClassOf VegetationSpecies,  False.
Animal and Echinoderm SubClassOf Livestock,  False.
Animal and Echinoderm SubClassOf Sponge,  False.
Animal and Echinoderm SubClassOf Flatworm,  False.
Animal and Echinoderm SubClassOf Diatom,  False.
Animal and Echinoderm SubClassOf FungiTaxonomy,  False.
Animal and Echinoderm SubClassOf MarinePlant,  False.
Animal and Echinoderm SubClassOf Moss,  False.
Animal and Echinoderm SubClassOf Vertebrate,  False.
Animal and Echinoderm SubClassOf Radiolarian,  False.
Animal and Echinoderm SubClassOf Human,  False.
Animal and Echinoderm SubClassOf MarineMicrobiota,  False.
Animal and Echinoderm SubClassOf Flagellate,  False.
Animal and Echinoderm SubClassOf Poultry,  False.
Animal and Echinoderm SubClassOf MarineMammal,  False.
Animal and Echinoderm SubClassOf Amphibian,  False.
Animal and Echinoderm SubClassOf Millipede,  False.
Animal and Echinoderm SubClassOf Plankton,  False.
Animal and Echinoderm SubClassOf Roundworm,  False.
Animal and Echinoderm SubClassOf Microphyte,  False.
Animal and Echinoderm SubClassOf SlimeMold,  False.
Animal and Echinoderm SubClassOf Microbiota,  False.
Animal and Echinoderm SubClassOf MicrobiotaTaxonomy,  False.
Animal and Echinoderm SubClassOf Coccolithophore,  False.
Animal and Echinoderm SubClassOf Lichen,  False.
Animal and Echinoderm SubClassOf Leaf,  False.
Animal and Echinoderm SubClassOf Pollen,  False.
Animal and Echinoderm SubClassOf Mushroom,  False.
Animal and Echinoderm SubClassOf Fish,  False.
Animal and Echinoderm SubClassOf Reptile,  False.
Animal and Echinoderm SubClassOf MarineAnimal,  False.
Animal and Echinoderm SubClassOf Macroalgae,  False.
Animal and Echinoderm SubClassOf Foraminifer,  False.
Animal and Echinoderm SubClassOf Dairy,  False.
Animal and Echinoderm SubClassOf Liverwort,  False.
Animal and Echinoderm SubClassOf Crustacean,  False.
Animal and Echinoderm SubClassOf Canopy,  False.
Animal and Echinoderm SubClassOf Coral,  False.
Animal and Echinoderm SubClassOf ExoticVegetation,  False.
Animal and Echinoderm SubClassOf Macrophyte,  False.
Animal and Echinoderm SubClassOf SegmentedWorm,  False.
Animal and Echinoderm SubClassOf LivingThing,  The given
Animal and Echinoderm SubClassOf Fern,  False.
Animal and Echinoderm SubClassOf DominantSpecies,  False.
Animal and Echinoderm SubClassOf BlueGreenAlgae,  False.
Animal and Echinoderm SubClassOf EvergreenVegetation,  False.
Animal and Echinoderm SubClassOf TreeRing,  False.
Animal and Echinoderm SubClassOf Vegetation,  False.
Animal and Echinoderm SubClassOf ExoticSpecies,  False.
Animal and Echinoderm SubClassOf Litter,  False.
Animal and Echinoderm SubClassOf Crown,  False.
Animal and Echinoderm SubClassOf Jellyfish,  False.
Animal SubClassOf Invertebrate,  False.
Echinoderm SubClassOf Invertebrate,  True.
Echinoderm SubClassOf VegetationCover,  False.
Echinoderm SubClassOf Microalgae,  False.
Echinoderm SubClassOf Fungi,  False.
Echinoderm SubClassOf Arachnid,  False.
Echinoderm SubClassOf VegetationSpecies,  False.
Echinoderm SubClassOf Livestock,  False.
Echinoderm SubClassOf Sponge,  False.
Echinoderm SubClassOf Flatworm,  False.
Echinoderm SubClassOf Diatom,  False.
Echinoderm SubClassOf FungiTaxonomy,  False.
Echinoderm SubClassOf MarinePlant,  False.
Echinoderm SubClassOf Moss,  False.
Echinoderm SubClassOf Vertebrate,  False.
Echinoderm SubClassOf Radiolarian,  False.
Echinoderm SubClassOf Human,  False.
Echinoderm SubClassOf MarineMicrobiota,  False.
Echinoderm SubClassOf Animal,  The given
Echinoderm SubClassOf Flagellate,  False.
Echinoderm SubClassOf Poultry,  False.
Echinoderm SubClassOf MarineMammal,  False.
Echinoderm SubClassOf Amphibian,  False.
Echinoderm SubClassOf Millipede,  False.
Echinoderm SubClassOf Plankton,  False.
Echinoderm SubClassOf Roundworm,  False.
Echinoderm SubClassOf Microphyte,  False.
Echinoderm SubClassOf SlimeMold,  False.
Echinoderm SubClassOf Microbiota,  False.
Echinoderm SubClassOf MicrobiotaTaxonomy,  False.
Echinoderm SubClassOf Coccolithophore,  False.
Echinoderm SubClassOf Lichen,  False.
Echinoderm SubClassOf Leaf,  False.
Echinoderm SubClassOf Pollen,  False.
Echinoderm SubClassOf Mushroom,  False.
Echinoderm SubClassOf Fish,  False.
Echinoderm SubClassOf Reptile,  False.
Echinoderm SubClassOf MarineAnimal,  The statement
Echinoderm SubClassOf Macroalgae,  False.
Echinoderm SubClassOf Foraminifer,  False.
Echinoderm SubClassOf Dairy,  False.
Echinoderm SubClassOf Liverwort,  False.
Echinoderm SubClassOf Crustacean,  False.
Echinoderm SubClassOf Canopy,  False.
Echinoderm SubClassOf Coral,  False.
Echinoderm SubClassOf ExoticVegetation,  False.
Echinoderm SubClassOf Macrophyte,  False.
Echinoderm SubClassOf SegmentedWorm,  False.
Echinoderm SubClassOf LivingThing,  True.
Echinoderm SubClassOf Invertebrate and LivingThing,  True\n
Echinoderm SubClassOf Bird,  False.
Echinoderm SubClassOf Fern,  False.
Echinoderm SubClassOf DominantSpecies,  False.
Echinoderm SubClassOf BlueGreenAlgae,  False.
Echinoderm SubClassOf EvergreenVegetation,  False.
Echinoderm SubClassOf TreeRing,  False.
Echinoderm SubClassOf Vegetation,  False.
Echinoderm SubClassOf ExoticSpecies,  False.
Echinoderm SubClassOf Litter,  False.
Echinoderm SubClassOf Jellyfish,  False.
Echinoderm SubClassOf Anemone,  False.
Echinoderm SubClassOf Ciliate,  False.
Echinoderm SubClassOf Zooplankton,  False.
Echinoderm SubClassOf FloweringPlant,  False.
Echinoderm SubClassOf Sporozoan,  False.
Echinoderm SubClassOf IndigenousVegetation,  False.
Echinoderm SubClassOf Nutrient,  False.
Echinoderm SubClassOf IndigenousSpecies,  False.
Echinoderm SubClassOf MarineInvertebrate,  True.
Echinoderm SubClassOf Invertebrate and LivingThing and MarineInvertebrate,  True\n
Echinoderm SubClassOf Conifer,  False.
Echinoderm SubClassOf Yeast,  False.
Echinoderm SubClassOf Mammal,  False.
Echinoderm SubClassOf Protist,  False.
Echinoderm SubClassOf Centipede,  False.
Echinoderm SubClassOf Crop,  False.
Echinoderm SubClassOf Algae,  False.
Echinoderm SubClassOf Arthropod,  False.
Echinoderm SubClassOf MarineBird,  False.
Echinoderm SubClassOf Chlorophyll,  False.
Echinoderm SubClassOf Mollusk,  False.
Echinoderm SubClassOf Plant,  False.
Echinoderm SubClassOf Amoebae,  False.
Echinoderm SubClassOf Insect,  False.
Echinoderm SubClassOf Mold,  False.
Echinoderm SubClassOf Bacteria,  False.
Echinoderm SubClassOf DeciduousVegetation,  False.
Echinoderm SubClassOf Phytoplankton,  False.
Leaf and Zooplankton SubClassOf Arthropod,  False.
MarineInvertebrate and Radiolarian SubClassOf Reptile,  False.
Human and MarineInvertebrate SubClassOf Microbiota,  False.
Fungi and Pollen SubClassOf Diatom,  False.
Crown and DeciduousVegetation SubClassOf MicrobiotaTaxonomy,  False.
IndigenousSpecies and MarineMammal SubClassOf MarineMicrobiota,  False.
Algae and Vegetation SubClassOf Phytoplankton,  False.
Coccolithophore and Flagellate SubClassOf Jellyfish,  False.
Plant and SegmentedWorm SubClassOf MarinePlant,  False.
Animal and TreeRing SubClassOf Sponge,  False.
Leaf and Nutrient SubClassOf Bird,  False.
Invertebrate and Mollusk SubClassOf VegetationSpecies,  False.
Amphibian and Livestock SubClassOf Plant,  False.
Fungi and Vertebrate SubClassOf Echinoderm,  False.
DeciduousVegetation and SlimeMold SubClassOf Amphibian,  False.
ExoticVegetation and Reptile SubClassOf Algae,  False.
Conifer and Diatom SubClassOf Lichen,  False.
Centipede and Poultry SubClassOf Leaf,  False.
Diatom and Mold SubClassOf Fern,  False.
Radiolarian and Yeast SubClassOf Centipede,  False.
MarineInvertebrate and Radiolarian SubClassOf EvergreenVegetation,  False.
Pollen and Protist SubClassOf Crown,  False.
Poultry and VegetationCover SubClassOf Amoebae,  False.
Litter and Microbiota SubClassOf Livestock,  False.
Bird and Vertebrate SubClassOf Microphyte,  False.
Macrophyte and Moss SubClassOf Mushroom,  False.
IndigenousSpecies and Microalgae SubClassOf Human,  False.
Liverwort and TreeRing SubClassOf DeciduousVegetation,  False.
Conifer and Echinoderm SubClassOf Coral,  False.
Phytoplankton SubClassOf Macroalgae,  False.
Arachnid and Chlorophyll SubClassOf Roundworm,  False.
Crustacean and Jellyfish SubClassOf BlueGreenAlgae,  False.
Animal and IndigenousVegetation SubClassOf Phytoplankton,  False.
Lichen and Zooplankton SubClassOf Flagellate,  False.
EvergreenVegetation and FungiTaxonomy SubClassOf Lichen,  False.
Flagellate and Sponge SubClassOf Canopy,  False.
Algae and Microalgae SubClassOf VegetationCover,  False.
Human and TreeRing SubClassOf Vertebrate,  False.
Echinoderm and MarinePlant SubClassOf Arachnid,  False.
Crown and Insect SubClassOf MicrobiotaTaxonomy,  False.
FungiTaxonomy and VegetationCover SubClassOf Reptile,  False.
Jellyfish and MarineBird SubClassOf SegmentedWorm,  False.
Amphibian and IndigenousVegetation SubClassOf Radiolarian,  False.
Amoebae and Canopy SubClassOf Fungi,  False.
IndigenousSpecies and Sponge SubClassOf Bird,  False.
Livestock and Sponge SubClassOf Poultry,  False.
MarineMammal and Microalgae SubClassOf Vegetation,  False.
Mammal and Phytoplankton SubClassOf Algae,  False.
Chlorophyll and IndigenousVegetation SubClassOf Bacteria,  False.
Centipede and Macroalgae SubClassOf Leaf,  False.
MarineMicrobiota and Sporozoan SubClassOf MarineAnimal,  False.
Coral and Lichen SubClassOf Mold,  False.
FungiTaxonomy and Moss SubClassOf Insect,  False.
Poultry and VegetationCover SubClassOf ExoticVegetation,  False.
Diatom and FloweringPlant SubClassOf Jellyfish,  False.
Bacteria and Jellyfish SubClassOf Moss,  False.
MarineInvertebrate and MicrobiotaTaxonomy SubClassOf Crustacean,  False.
Coccolithophore and Litter SubClassOf Arachnid,  False.
Crop and FloweringPlant SubClassOf Vertebrate,  False.
Fern and Flatworm SubClassOf DominantSpecies,  False.
FungiTaxonomy and Invertebrate SubClassOf Bird,  False.
Human and Vegetation SubClassOf Algae,  False.
Fish and MarineMammal SubClassOf Plant,  False.
Algae and Crown SubClassOf Sponge,  False.
Reptile and Sponge SubClassOf Amphibian,  False.
Microphyte and SegmentedWorm SubClassOf Poultry,  False.
Animal and MarinePlant SubClassOf Radiolarian,  False.
Leaf and Reptile SubClassOf Echinoderm,  False.
Litter and Plankton SubClassOf Flatworm,  False.
Nutrient and Vertebrate SubClassOf IndigenousSpecies,  False.
Centipede and Insect SubClassOf Millipede,  False.
Coccolithophore and DominantSpecies SubClassOf MarineBird,  False.
TreeRing and VegetationSpecies SubClassOf Mammal,  False.
Echinoderm and SlimeMold SubClassOf Litter,  False.
Pollen and Sporozoan SubClassOf Dairy,  False.
Bird and Diatom SubClassOf Zooplankton,  False.
Dairy and Jellyfish SubClassOf Pollen,  False.
IndigenousVegetation and Leaf SubClassOf Foraminifer,  False.
Lichen and Moss SubClassOf Mollusk,  False.
Bacteria and IndigenousSpecies SubClassOf Chlorophyll,  False.
Invertebrate and Microalgae SubClassOf MarineInvertebrate,  False.
Arachnid and Chlorophyll SubClassOf Macrophyte,  False.
Chlorophyll and ExoticSpecies SubClassOf TreeRing,  False.
Animal and Fungi SubClassOf Microbiota,  False.
DeciduousVegetation and Roundworm SubClassOf Millipede,  False.
Microalgae and Reptile SubClassOf MicrobiotaTaxonomy,  False.
Microphyte and Mushroom SubClassOf Canopy,  False.
Algae and Poultry SubClassOf MarineBird,  False.
Diatom and Zooplankton SubClassOf Protist,  False.
Arachnid and Radiolarian SubClassOf Lichen,  False.
Human and Millipede SubClassOf FloweringPlant,  False.
Coccolithophore and Pollen SubClassOf Litter,  False.
FloweringPlant and Plankton SubClassOf Mammal,  False.
Crop and EvergreenVegetation SubClassOf Zooplankton,  False.
Insect and Microbiota SubClassOf Dairy,  False.
DominantSpecies and Invertebrate SubClassOf Chlorophyll,  False.
Vegetation and VegetationSpecies SubClassOf Fish,  False.
Coral and MarineInvertebrate SubClassOf Liverwort,  False.
Algae and Sporozoan SubClassOf Insect,  False.
IndigenousVegetation and Radiolarian SubClassOf Crop,  False.
Livestock and MarineInvertebrate SubClassOf IndigenousVegetation,  False.
Amphibian and Fungi SubClassOf EvergreenVegetation,  False.
DeciduousVegetation and Vegetation SubClassOf Mold,  False.
Crop and ExoticVegetation SubClassOf ExoticSpecies,  False.
Macroalgae and MarineMicrobiota SubClassOf Crown,  False.
MarineMammal and Poultry SubClassOf MarineAnimal,  False.
Coral and Diatom SubClassOf Coccolithophore,  False.
Coral and Yeast SubClassOf Nutrient,  False.
Algae and Protist SubClassOf Invertebrate,  False.
Coccolithophore and Vertebrate SubClassOf Coral,  False.
FloweringPlant and Microbiota SubClassOf DeciduousVegetation,  False.
Animal and Conifer SubClassOf Phytoplankton,  False.
Leaf and Macrophyte SubClassOf Diatom,  False.
Centipede and Invertebrate SubClassOf Human,  False.
Liverwort and Vegetation SubClassOf Macroalgae,  False.
DeciduousVegetation and Phytoplankton SubClassOf Flatworm,  False.
Chlorophyll and FungiTaxonomy SubClassOf Amphibian,  False.
MarineAnimal and Mushroom SubClassOf Algae,  False.
Fish and Mammal SubClassOf Bacteria,  False.
Lichen and Reptile SubClassOf Leaf,  False.
Crown and Sponge SubClassOf MarineAnimal,  True.
Crown and Sponge SubClassOf VegetationCover,  False.
Crown and Sponge SubClassOf Microalgae,  False.
Crown and Sponge SubClassOf Fungi,  False.
Crown and Sponge SubClassOf Arachnid,  False.
Crown and Sponge SubClassOf VegetationSpecies,  False.
Crown and Sponge SubClassOf Livestock,  False.
Crown and Sponge SubClassOf Flatworm,  False.
Crown and Sponge SubClassOf Diatom,  False.
Crown and Sponge SubClassOf FungiTaxonomy,  False.
Crown and Sponge SubClassOf MarinePlant,  False.
Crown and Sponge SubClassOf Moss,  False.
Crown and Sponge SubClassOf Vertebrate,  False.
Crown and Sponge SubClassOf Radiolarian,  False.
Crown and Sponge SubClassOf Human,  False.
Crown and Sponge SubClassOf MarineMicrobiota,  False.
Crown and Sponge SubClassOf Animal,  The statement
Crown and Sponge SubClassOf Flagellate,  False.
Crown and Sponge SubClassOf Poultry,  False.
Crown and Sponge SubClassOf MarineMammal,  False.
Crown and Sponge SubClassOf Amphibian,  False.
Crown and Sponge SubClassOf Millipede,  False.
Crown and Sponge SubClassOf Plankton,  False.
Crown and Sponge SubClassOf Roundworm,  False.
Crown and Sponge SubClassOf Microphyte,  False.
Crown and Sponge SubClassOf SlimeMold,  False.
Crown and Sponge SubClassOf Microbiota,  False.
Crown and Sponge SubClassOf MicrobiotaTaxonomy,  False.
Crown and Sponge SubClassOf Lichen,  False.
Crown and Sponge SubClassOf Leaf,  False.
Crown and Sponge SubClassOf Pollen,  False.
Crown and Sponge SubClassOf Mushroom,  False.
Crown and Sponge SubClassOf Fish,  False.
Crown and Sponge SubClassOf Reptile,  False.
Crown SubClassOf MarineAnimal,  False.
Arthropod and Canopy SubClassOf Centipede,  False.
Macrophyte and MarinePlant SubClassOf EvergreenVegetation,  False.
Litter and Vegetation SubClassOf Pollen,  False.
Macroalgae and Mollusk SubClassOf ExoticSpecies,  False.
Protist and SegmentedWorm SubClassOf IndigenousVegetation,  False.
IndigenousSpecies and Sporozoan SubClassOf Conifer,  False.
Coral and TreeRing SubClassOf Microalgae,  False.
ExoticVegetation and Millipede SubClassOf MarineInvertebrate,  False.
Insect and Livestock SubClassOf DeciduousVegetation,  False.
TreeRing and VegetationCover SubClassOf Coral,  False.
Bacteria and Canopy SubClassOf Plankton,  False.
Dairy and Macrophyte SubClassOf Ciliate,  False.
Fungi and Roundworm SubClassOf Livestock,  False.
Leaf and Lichen SubClassOf Macrophyte,  False.
ExoticSpecies and Protist SubClassOf Crustacean,  False.
Leaf and Lichen SubClassOf FungiTaxonomy,  False.
Crown and Foraminifer SubClassOf ExoticVegetation,  False.
Insect and MicrobiotaTaxonomy SubClassOf Vertebrate,  False.
VegetationCover SubClassOf Arachnid,  False.
Anemone and Invertebrate SubClassOf Jellyfish,  False.
BlueGreenAlgae and Macroalgae SubClassOf MarinePlant,  False.
Amoebae and Poultry SubClassOf Sponge,  False.
IndigenousSpecies and Litter SubClassOf Yeast,  False.
FloweringPlant and Livestock SubClassOf VegetationSpecies,  False.
Flatworm and Millipede SubClassOf VegetationCover,  False.
Canopy and Dairy SubClassOf MarineInvertebrate,  False.
Fungi and MarinePlant SubClassOf Invertebrate,  False.
Amphibian and Sporozoan SubClassOf Coral,  False.
Crustacean and DominantSpecies SubClassOf Mushroom,  False.
Fish and Mammal SubClassOf Roundworm,  False.
Leaf and Yeast SubClassOf Canopy,  False.
Conifer and MarineBird SubClassOf Arthropod,  False.
Bacteria and VegetationSpecies SubClassOf Diatom,  False.
Amoebae and ExoticVegetation SubClassOf SlimeMold,  False.
Fern and Invertebrate SubClassOf Millipede,  False.
Foraminifer and Plankton SubClassOf MicrobiotaTaxonomy,  False.
ExoticSpecies and Flatworm SubClassOf Reptile,  False.
Arachnid and VegetationCover SubClassOf SegmentedWorm,  False.
Bird and ExoticSpecies SubClassOf Radiolarian,  False.
IndigenousVegetation and MarineMicrobiota SubClassOf Flatworm,  False.
Liverwort and Microphyte SubClassOf Yeast,  False.
Microalgae and VegetationSpecies SubClassOf Algae,  False.
Dairy and Mold SubClassOf VegetationCover,  False.
Conifer and MarinePlant SubClassOf Sponge,  False.
Plankton and Roundworm SubClassOf Amphibian,  False.
Arachnid and Flatworm SubClassOf Centipede,  False.
Fish and Mushroom SubClassOf Bacteria,  False.
Animal and Yeast SubClassOf Poultry,  False.
BlueGreenAlgae and Zooplankton SubClassOf MarineAnimal,  False.
Fern and Mollusk SubClassOf Livestock,  False.
ExoticVegetation and Millipede SubClassOf Fern,  False.
Echinoderm and Zooplankton SubClassOf Leaf,  False.
Flagellate and Plankton SubClassOf ExoticSpecies,  False.
Ciliate and MarineInvertebrate SubClassOf DeciduousVegetation,  False.
Insect and Plant SubClassOf Conifer,  False.
ExoticVegetation and Sponge SubClassOf Vertebrate,  False.
Diatom and Microalgae SubClassOf Plant,  False.
Arachnid and TreeRing SubClassOf BlueGreenAlgae,  False.
ExoticSpecies and Nutrient SubClassOf Phytoplankton,  False.
Centipede and Yeast SubClassOf Flagellate,  False.
DominantSpecies and Radiolarian SubClassOf Yeast,  False.
Bacteria and Vertebrate SubClassOf Sponge,  False.
Arthropod and SlimeMold SubClassOf VegetationCover,  False.
Chlorophyll and Pollen SubClassOf Poultry,  False.
Bird and Microphyte SubClassOf IndigenousSpecies,  False.
Centipede and MarineAnimal SubClassOf Echinoderm,  False.
Mold and SlimeMold SubClassOf Amphibian,  False.
Jellyfish and Moss SubClassOf IndigenousVegetation,  False.
EvergreenVegetation and Roundworm SubClassOf MarineAnimal,  False.
Ciliate and Nutrient SubClassOf Dairy,  False.
Echinoderm and Mushroom SubClassOf Fern,  False.
Bacteria and Litter SubClassOf Liverwort,  False.
FungiTaxonomy and MarineAnimal SubClassOf Mollusk,  False.
Flatworm and Sponge SubClassOf Zooplankton,  False.
Microalgae and Poultry SubClassOf Mammal,  False.
Crustacean and MarineAnimal SubClassOf Foraminifer,  False.
Arthropod and Vertebrate SubClassOf Macrophyte,  False.
Centipede and Fish SubClassOf Mold,  False.
DeciduousVegetation and DominantSpecies SubClassOf Insect,  False.
Flagellate and Nutrient SubClassOf Plankton,  False.
Echinoderm and SegmentedWorm SubClassOf Amoebae,  False.
Phytoplankton and Pollen SubClassOf TreeRing,  False.
Bird and Reptile SubClassOf Ciliate,  False.
MicrobiotaTaxonomy and Mollusk SubClassOf Jellyfish,  False.
IndigenousVegetation and Livestock SubClassOf Human,  False.
IndigenousSpecies and Moss SubClassOf Crustacean,  False.
EvergreenVegetation and Vegetation SubClassOf ExoticVegetation,  False.
MarineMammal and Roundworm SubClassOf Protist,  False.
Amoebae and Foraminifer SubClassOf Algae,  False.
IndigenousVegetation and Invertebrate SubClassOf FloweringPlant,  False.
Foraminifer and Vegetation SubClassOf MarineBird,  False.
MarineBird and MarineMicrobiota SubClassOf Vegetation,  False.
DeciduousVegetation and VegetationCover SubClassOf Liverwort,  False.
Moss and Reptile SubClassOf Radiolarian,  False.
BlueGreenAlgae and Microphyte SubClassOf Anemone,  False.
Liverwort and Poultry SubClassOf Crop,  False.
Diatom and Liverwort SubClassOf Livestock,  False.
Bird and Radiolarian SubClassOf Insect,  False.
Human and Protist SubClassOf Mold,  False.
DeciduousVegetation and Plankton SubClassOf Ciliate,  False.
Crustacean and FloweringPlant SubClassOf Crown,  False.
Crop and MarineAnimal SubClassOf Macrophyte,  False.
Macrophyte and Microbiota SubClassOf Plankton,  False.
Arachnid and Echinoderm SubClassOf Pollen,  False.
ExoticSpecies and Zooplankton SubClassOf MarineMammal,  False.
MicrobiotaTaxonomy and Plant SubClassOf Coccolithophore,  False.
IndigenousVegetation and Millipede SubClassOf Chlorophyll,  False.
Bacteria and Pollen SubClassOf Invertebrate,  False.
Arthropod and Crown SubClassOf MarineInvertebrate,  False.
Fern and SegmentedWorm SubClassOf DeciduousVegetation,  False.
Crop and Microalgae SubClassOf Nutrient,  False.
DominantSpecies and MarineAnimal SubClassOf Diatom,  False.
Canopy and SlimeMold SubClassOf MicrobiotaTaxonomy,  False.
MarineInvertebrate and Mold SubClassOf Moss,  False.
DominantSpecies and Human SubClassOf Animal,  False.
Amphibian and Coral SubClassOf Arachnid,  False.
Mammal and Zooplankton SubClassOf SlimeMold,  False.
Fungi and Pollen SubClassOf Canopy,  False.
Bird and MarineBird SubClassOf MarineMicrobiota,  False.
Coral and Mold SubClassOf Litter,  False.
Chlorophyll and Zooplankton SubClassOf IndigenousVegetation,  False.
Plankton and Radiolarian SubClassOf Zooplankton,  False.
Invertebrate and Roundworm SubClassOf Chlorophyll,  False.
Foraminifer and Jellyfish SubClassOf Fish,  False.
BlueGreenAlgae and Microphyte SubClassOf Conifer,  False.
Ciliate and Vegetation SubClassOf Pollen,  False.
FloweringPlant and MarineBird SubClassOf MarineInvertebrate,  False.
Flagellate and MicrobiotaTaxonomy SubClassOf TreeRing,  False.
Microphyte and Plant SubClassOf Microalgae,  False.
Crop and Liverwort SubClassOf Animal,  False.
Pollen and VegetationSpecies SubClassOf DominantSpecies,  False.
Anemone and Dairy SubClassOf FungiTaxonomy,  False.
Fern and Human SubClassOf ExoticVegetation,  False.
Arachnid and BlueGreenAlgae SubClassOf Sporozoan,  False.
Flagellate and Vegetation SubClassOf BlueGreenAlgae,  False.
Phytoplankton and Zooplankton SubClassOf Crustacean,  False.
EvergreenVegetation and Reptile SubClassOf Phytoplankton,  False.
Microphyte and Mollusk SubClassOf VegetationSpecies,  False.
Algae and Roundworm SubClassOf MarinePlant,  False.
Foraminifer and IndigenousSpecies SubClassOf Macroalgae,  False.
Nutrient and Radiolarian SubClassOf Microbiota,  False.
ExoticVegetation and Human SubClassOf Flagellate,  False.
Coccolithophore and MarineBird SubClassOf VegetationCover,  False.
Crop and SlimeMold SubClassOf Amphibian,  False.
Lichen and Microbiota SubClassOf Centipede,  False.
Diatom and Liverwort SubClassOf Lichen,  False.
VegetationSpecies SubClassOf Flatworm,  False.
Crustacean and Flagellate SubClassOf DominantSpecies,  False.
Animal and Ciliate SubClassOf MicrobiotaTaxonomy,  False.
Macrophyte and Plant SubClassOf ExoticVegetation,  False.
MarineMammal and Microalgae SubClassOf Animal,  False.
Dairy and Flagellate SubClassOf Arachnid,  False.
Algae and MarinePlant SubClassOf Fungi,  False.
Amphibian and Phytoplankton SubClassOf Reptile,  False.
Animal and Arachnid SubClassOf SlimeMold,  False.
Fish and Insect SubClassOf Radiolarian,  False.
Coccolithophore and Yeast SubClassOf Zooplankton,  False.
Conifer and IndigenousSpecies SubClassOf Bird,  False.
EvergreenVegetation and Fungi SubClassOf SegmentedWorm,  False.
ExoticVegetation and Sporozoan SubClassOf Vegetation,  False.
Diatom and Fern SubClassOf Mold,  False.
MarineInvertebrate and Plankton SubClassOf Bacteria,  False.
IndigenousSpecies and Mammal SubClassOf Centipede,  False.
IndigenousVegetation and Jellyfish SubClassOf Fern,  False.
MarineBird and Millipede SubClassOf Flatworm,  False.
Chlorophyll and Coral SubClassOf IndigenousVegetation,  False.
Canopy and Moss SubClassOf Conifer,  False.
Foraminifer and Mammal SubClassOf Dairy,  False.
MarineMammal and Phytoplankton SubClassOf Litter,  False.
MarineInvertebrate and Microbiota SubClassOf Fish,  False.
Bird and Flatworm SubClassOf TreeRing,  False.
Macroalgae and Macrophyte SubClassOf Pollen,  False.
Lichen and MarineMicrobiota SubClassOf ExoticSpecies,  False.
Liverwort and MarineMicrobiota SubClassOf Invertebrate,  False.
MarineAnimal and Mollusk SubClassOf Arthropod,  False.
ExoticVegetation and Protist SubClassOf Microalgae,  False.
Fern and Poultry SubClassOf MarineInvertebrate,  False.
Fish and MarineMicrobiota SubClassOf Lichen,  False.
Coccolithophore and Crown SubClassOf Echinoderm,  False.
ExoticVegetation and Litter SubClassOf VegetationCover,  False.
Crop and Fern SubClassOf Flagellate,  False.
Algae and MarinePlant SubClassOf IndigenousSpecies,  False.
Canopy and Invertebrate SubClassOf Dairy,  False.
FungiTaxonomy and Plant SubClassOf MarineBird,  False.
Human and MarineMammal SubClassOf Flatworm,  False.
Amphibian and Leaf SubClassOf Liverwort,  False.
DominantSpecies and Vegetation SubClassOf Mollusk,  False.
Amphibian and Sponge SubClassOf Fern,  False.
Animal and SegmentedWorm SubClassOf IndigenousVegetation,  False.
Bird and Coral SubClassOf Macrophyte,  False.
IndigenousVegetation and MarineAnimal SubClassOf Chlorophyll,  False.
Livestock and SlimeMold SubClassOf Pollen,  False.
Lichen and Plant SubClassOf MarineAnimal,  False.
MarineMammal and Radiolarian SubClassOf Livestock,  False.
MarineMicrobiota and VegetationSpecies SubClassOf Insect,  False.
Mollusk and SlimeMold SubClassOf Foraminifer,  False.
Amphibian and Chlorophyll SubClassOf Amoebae,  False.
Animal and ExoticSpecies SubClassOf Crustacean,  False.
Ciliate and Leaf SubClassOf Crown,  False.
Conifer and Jellyfish SubClassOf Human,  False.
Fungi and MicrobiotaTaxonomy SubClassOf BlueGreenAlgae,  False.
Ciliate and Leaf SubClassOf Coral,  False.
Invertebrate and MarinePlant SubClassOf Mushroom,  False.
Flatworm and MarineInvertebrate SubClassOf Roundworm,  False.
Anemone and Poultry SubClassOf Canopy,  False.
DeciduousVegetation and Plant SubClassOf Phytoplankton,  False.
FloweringPlant and Yeast SubClassOf Vertebrate,  False.
EvergreenVegetation and Nutrient SubClassOf Poultry,  False.
Anemone and Insect SubClassOf EvergreenVegetation,  False.
Algae and Crown SubClassOf Anemone,  False.
Protist and Zooplankton SubClassOf Amphibian,  False.
MarineInvertebrate and MicrobiotaTaxonomy SubClassOf Livestock,  False.
Livestock and Sporozoan SubClassOf MarineAnimal,  False.
Coccolithophore and Macroalgae SubClassOf Leaf,  False.
EvergreenVegetation and Plankton SubClassOf Crop,  False.
Fungi and SegmentedWorm SubClassOf Crown,  False.
Lichen and Mushroom SubClassOf Coral,  False.
DominantSpecies and Millipede SubClassOf Coccolithophore,  False.
Leaf and Mold SubClassOf Invertebrate,  False.
Canopy and Chlorophyll SubClassOf Human,  False.
Bacteria and Mammal SubClassOf Crustacean,  False.
Arthropod and Dairy SubClassOf Nutrient,  False.
Macroalgae and Vertebrate SubClassOf MarineInvertebrate,  False.
EvergreenVegetation and Microbiota SubClassOf Moss,  False.
Moss and Nutrient SubClassOf TreeRing,  False.
Anemone and Macroalgae SubClassOf Ciliate,  False.
Centipede and Millipede SubClassOf Jellyfish,  False.
ExoticSpecies and Liverwort SubClassOf MarinePlant,  False.
MicrobiotaTaxonomy and Yeast SubClassOf Animal,  False.
Livestock and Protist SubClassOf ExoticVegetation,  False.
Bacteria and Microalgae SubClassOf SlimeMold,  False.
Arthropod and Crustacean SubClassOf Plant,  False.
Conifer and SegmentedWorm SubClassOf MarineMicrobiota,  False.
Macrophyte and Mushroom SubClassOf Arachnid,  False.
Arachnid and MarineAnimal SubClassOf Algae,  False.
Millipede and SlimeMold SubClassOf Radiolarian,  False.
Animal and Mold SubClassOf Sponge,  False.
Canopy and Roundworm SubClassOf Bird,  False.
Amphibian and Microbiota SubClassOf TreeRing,  False.
Liverwort and Reptile SubClassOf Insect,  False.
Sponge and VegetationSpecies SubClassOf Chlorophyll,  False.
ExoticVegetation and Livestock SubClassOf Ciliate,  False.
TreeRing and Zooplankton SubClassOf FungiTaxonomy,  False.
Plankton and Vegetation SubClassOf Microalgae,  False.
Flatworm and Mollusk SubClassOf Plankton,  False.
Macroalgae and Plant SubClassOf Sporozoan,  False.
Foraminifer and Vertebrate SubClassOf BlueGreenAlgae,  False.
BlueGreenAlgae and Coral SubClassOf ExoticVegetation,  False.
ExoticVegetation and Mollusk SubClassOf Animal,  False.
MarineBird and Radiolarian SubClassOf Arachnid,  False.
Centipede and Crustacean SubClassOf Fungi,  False.
Flagellate and Microbiota SubClassOf MarinePlant,  False.
Ciliate and Yeast SubClassOf Vertebrate,  False.
Crown and Invertebrate SubClassOf VegetationSpecies,  False.
BlueGreenAlgae and Protist SubClassOf MicrobiotaTaxonomy,  False.
ExoticSpecies and Macrophyte SubClassOf Macroalgae,  False.
Amoebae and SlimeMold SubClassOf Roundworm,  False.
FloweringPlant and Macroalgae SubClassOf Millipede,  False.
Flatworm and Insect SubClassOf Lichen,  False.
MicrobiotaTaxonomy and Nutrient SubClassOf Canopy,  False.
Anemone and VegetationCover SubClassOf Microbiota,  False.
MarineAnimal and Millipede SubClassOf Protist,  False.
Amoebae and Fish SubClassOf Zooplankton,  False.
Anemone and MicrobiotaTaxonomy SubClassOf Flatworm,  False.
Litter and Livestock SubClassOf MarineBird,  False.
Arthropod and Dairy SubClassOf Mollusk,  False.
Human and MarinePlant SubClassOf Liverwort,  False.
DeciduousVegetation and MarineBird SubClassOf Dairy,  False.
Crustacean and FungiTaxonomy SubClassOf Litter,  False.
Foraminifer and Vertebrate SubClassOf Fungi,  False.
ExoticSpecies and Pollen SubClassOf Bird,  False.
Leaf and Litter SubClassOf Arachnid,  False.
MicrobiotaTaxonomy and Moss SubClassOf Bacteria,  False.
Amoebae and VegetationCover SubClassOf Sponge,  False.
Invertebrate and TreeRing SubClassOf Yeast,  False.
Flatworm and IndigenousVegetation SubClassOf Centipede,  False.
Arachnid and Poultry SubClassOf Fern,  False.
IndigenousSpecies and VegetationCover SubClassOf Poultry,  False.
Bird and Jellyfish SubClassOf Vegetation,  False.
Fish and Microalgae SubClassOf Livestock,  False.
DeciduousVegetation and Lichen SubClassOf Microphyte,  False.
Chlorophyll and Litter SubClassOf Leaf,  False.
Millipede and VegetationCover SubClassOf Conifer,  False.
Algae and TreeRing SubClassOf Insect,  False.
Roundworm and Vertebrate SubClassOf Litter,  False.
Arachnid and Pollen SubClassOf Mollusk,  False.
IndigenousSpecies and Insect SubClassOf TreeRing,  False.
Jellyfish and Pollen SubClassOf Microalgae,  False.
Echinoderm and Zooplankton SubClassOf Chlorophyll,  False.
Amoebae and Fern SubClassOf Fish,  False.
Chlorophyll and Sporozoan SubClassOf FungiTaxonomy,  False.
DominantSpecies and Sponge SubClassOf ExoticVegetation,  False.
IndigenousVegetation and Plankton SubClassOf MarineInvertebrate,  False.
MarineInvertebrate and Phytoplankton SubClassOf Amoebae,  False.
FungiTaxonomy and MarineBird SubClassOf BlueGreenAlgae,  False.
Bacteria and Centipede SubClassOf MarinePlant,  False.
Microalgae and VegetationSpecies SubClassOf Animal,  False.
Fungi and Lichen SubClassOf DominantSpecies,  False.
Centipede and MarineInvertebrate SubClassOf Radiolarian,  False.
Mold and Poultry SubClassOf Zooplankton,  False.
DeciduousVegetation and Yeast SubClassOf Protist,  False.
Radiolarian SubClassOf IndigenousSpecies,  False.
Ciliate and MarineMicrobiota SubClassOf Mollusk,  False.
Coccolithophore and Mushroom SubClassOf Chlorophyll,  False.
Conifer and Diatom SubClassOf Mammal,  False.
Crop and Microphyte SubClassOf Liverwort,  False.
Algae and Plant SubClassOf Macrophyte,  False.
Invertebrate and Millipede SubClassOf TreeRing,  False.
FloweringPlant and Jellyfish SubClassOf Insect,  False.
MarineMammal and Roundworm SubClassOf Foraminifer,  False.
Fern and Leaf SubClassOf Amoebae,  False.
Insect and Reptile SubClassOf Crustacean,  False.
Echinoderm and Vegetation SubClassOf Ciliate,  False.
Animal and Zooplankton SubClassOf FungiTaxonomy,  False.
DominantSpecies and Phytoplankton SubClassOf DeciduousVegetation,  False.
Litter and Reptile SubClassOf Nutrient,  False.
FungiTaxonomy SubClassOf Pollen,  False.
Arthropod and Centipede SubClassOf ExoticSpecies,  False.
Bird and IndigenousSpecies SubClassOf Invertebrate,  False.
MarineMammal and Vegetation SubClassOf Arthropod,  False.
Flagellate and Vertebrate SubClassOf Mushroom,  False.
Pollen and SegmentedWorm SubClassOf Human,  False.
Amphibian and TreeRing SubClassOf Canopy,  False.
Animal and Coral SubClassOf VegetationCover,  False.
Algae and Mollusk SubClassOf Diatom,  False.
Invertebrate and Livestock SubClassOf Roundworm,  False.
Conifer and Vertebrate SubClassOf Millipede,  False.
Fungi and SlimeMold SubClassOf MarineBird,  False.
ExoticVegetation and Leaf SubClassOf Reptile,  False.
Diatom and Reptile SubClassOf SlimeMold,  False.
Bird and Microphyte SubClassOf MarineAnimal,  False.
Flatworm and Fungi SubClassOf Coccolithophore,  False.
Leaf and MarineMicrobiota SubClassOf Fern,  False.
Reptile and VegetationCover SubClassOf IndigenousVegetation,  False.
Human and MarineAnimal SubClassOf MarineMammal,  False.
Macrophyte and Poultry SubClassOf Microalgae,  False.
DeciduousVegetation and Poultry SubClassOf ExoticSpecies,  False.
Liverwort and Radiolarian SubClassOf Pollen,  False.
Arthropod and VegetationCover SubClassOf Human,  False.
Livestock and Phytoplankton SubClassOf Moss,  False.
Crustacean and Insect SubClassOf Invertebrate,  True.
Crustacean and Insect SubClassOf VegetationCover,  False.
Crustacean and Insect SubClassOf Microalgae,  False.
Crustacean and Insect SubClassOf Fungi,  False.
Crustacean and Insect SubClassOf Arachnid,  False.
Crustacean and Insect SubClassOf VegetationSpecies,  False.
Crustacean and Insect SubClassOf Livestock,  False.
Crustacean and Insect SubClassOf Sponge,  False.
Crustacean and Insect SubClassOf Flatworm,  False.
Crustacean and Insect SubClassOf Diatom,  False.
Crustacean and Insect SubClassOf FungiTaxonomy,  False.
Crustacean and Insect SubClassOf MarinePlant,  False.
Crustacean and Insect SubClassOf Moss,  False.
Crustacean and Insect SubClassOf Vertebrate,  False.
Crustacean and Insect SubClassOf Radiolarian,  False.
Crustacean and Insect SubClassOf Human,  False.
Crustacean and Insect SubClassOf MarineMicrobiota,  False.
Crustacean and Insect SubClassOf Animal,  The statement
Crustacean and Insect SubClassOf Flagellate,  False.
Crustacean and Insect SubClassOf Poultry,  False.
Crustacean and Insect SubClassOf MarineMammal,  False.
Crustacean and Insect SubClassOf Amphibian,  False.
Crustacean and Insect SubClassOf Millipede,  False.
Crustacean and Insect SubClassOf Plankton,  False.
Crustacean and Insect SubClassOf Roundworm,  False.
Crustacean and Insect SubClassOf Microphyte,  False.
Crustacean and Insect SubClassOf SlimeMold,  False.
Crustacean and Insect SubClassOf Microbiota,  False.
Crustacean and Insect SubClassOf MicrobiotaTaxonomy,  False.
Crustacean and Insect SubClassOf Coccolithophore,  False.
Crustacean and Insect SubClassOf Lichen,  False.
Crustacean and Insect SubClassOf Leaf,  False.
Crustacean and Insect SubClassOf Pollen,  False.
Crustacean and Insect SubClassOf Mushroom,  False.
Crustacean and Insect SubClassOf Fish,  False.
Crustacean and Insect SubClassOf Reptile,  False.
Crustacean and Insect SubClassOf MarineAnimal,  False.
Crustacean and Insect SubClassOf Macroalgae,  False.
Crustacean and Insect SubClassOf Foraminifer,  False.
Crustacean and Insect SubClassOf Dairy,  False.
Crustacean and Insect SubClassOf Liverwort,  False.
Crustacean and Insect SubClassOf Canopy,  False.
Crustacean and Insect SubClassOf ExoticVegetation,  False.
Crustacean and Insect SubClassOf Macrophyte,  False.
Crustacean and Insect SubClassOf SegmentedWorm,  False.
Crustacean and Insect SubClassOf LivingThing,  False.
Crustacean and Insect SubClassOf Bird,  False.
Crustacean and Insect SubClassOf Fern,  False.
Crustacean and Insect SubClassOf DominantSpecies,  False.
Crustacean and Insect SubClassOf BlueGreenAlgae,  False.
Crustacean and Insect SubClassOf EvergreenVegetation,  False.
Crustacean and Insect SubClassOf TreeRing,  False.
Crustacean and Insect SubClassOf Vegetation,  False.
Crustacean and Insect SubClassOf ExoticSpecies,  False.
Crustacean and Insect SubClassOf Litter,  False.
Crustacean and Insect SubClassOf Crown,  False.
Crustacean and Insect SubClassOf Jellyfish,  False.
Crustacean SubClassOf Invertebrate,  True.
Crustacean SubClassOf VegetationCover,  False.
Crustacean SubClassOf Microalgae,  False.
Crustacean SubClassOf Fungi,  False.
Crustacean SubClassOf Arachnid,  False.
Crustacean SubClassOf VegetationSpecies,  False.
Crustacean SubClassOf Livestock,  False.
Crustacean SubClassOf Sponge,  False.
Crustacean SubClassOf Flatworm,  False.
Crustacean SubClassOf Diatom,  False.
Crustacean SubClassOf FungiTaxonomy,  False.
Crustacean SubClassOf MarinePlant,  False.
Crustacean SubClassOf Moss,  False.
Crustacean SubClassOf Vertebrate,  False.
Crustacean SubClassOf Radiolarian,  False.
Crustacean SubClassOf Human,  False.
Crustacean SubClassOf MarineMicrobiota,  False.
Crustacean SubClassOf Animal,  True.
Crustacean SubClassOf Animal and Invertebrate,  True
Crustacean SubClassOf Flagellate,  False.
Crustacean SubClassOf Poultry,  False.
Crustacean SubClassOf MarineMammal,  False.
Crustacean SubClassOf Amphibian,  False.
Crustacean SubClassOf Millipede,  False.
Crustacean SubClassOf Plankton,  False.
Crustacean SubClassOf Roundworm,  False.
Crustacean SubClassOf Microphyte,  False.
Crustacean SubClassOf SlimeMold,  False.
Crustacean SubClassOf Microbiota,  False.
Crustacean SubClassOf MicrobiotaTaxonomy,  False.
Crustacean SubClassOf Coccolithophore,  False.
Crustacean SubClassOf Lichen,  False.
Crustacean SubClassOf Leaf,  False.
Crustacean SubClassOf Pollen,  False.
Crustacean SubClassOf Mushroom,  False.
Crustacean SubClassOf Fish,  False.
Crustacean SubClassOf Reptile,  False.
Crustacean SubClassOf Macroalgae,  False.
Crustacean SubClassOf Foraminifer,  False.
Crustacean SubClassOf Dairy,  False.
Crustacean SubClassOf Liverwort,  False.
Crustacean SubClassOf Canopy,  False.
Crustacean SubClassOf Coral,  False.
Crustacean SubClassOf ExoticVegetation,  False.
Crustacean SubClassOf Macrophyte,  False.
Crustacean SubClassOf SegmentedWorm,  False.
Crustacean SubClassOf LivingThing,  True.
Crustacean SubClassOf Animal and Invertebrate and LivingThing,  True\n
Crustacean SubClassOf Bird,  False.
Crustacean SubClassOf Fern,  False.
Crustacean SubClassOf DominantSpecies,  False.
Crustacean SubClassOf BlueGreenAlgae,  False.
Crustacean SubClassOf EvergreenVegetation,  False.
Crustacean SubClassOf TreeRing,  False.
Crustacean SubClassOf Vegetation,  False.
Crustacean SubClassOf ExoticSpecies,  False.
Crustacean SubClassOf Litter,  False.
Crustacean SubClassOf Crown,  False.
Crustacean SubClassOf Jellyfish,  False.
Crustacean SubClassOf Anemone,  False.
Crustacean SubClassOf Ciliate,  False.
Crustacean SubClassOf Zooplankton,  False.
Crustacean SubClassOf FloweringPlant,  False.
Crustacean SubClassOf Sporozoan,  False.
Crustacean SubClassOf IndigenousVegetation,  False.
Crustacean SubClassOf Nutrient,  False.
Crustacean SubClassOf IndigenousSpecies,  False.
Crustacean SubClassOf MarineInvertebrate,  True.
Crustacean SubClassOf Animal and Invertebrate and LivingThing and MarineInvertebrate,  True\n
Crustacean SubClassOf Conifer,  False.
Crustacean SubClassOf Yeast,  False.
Crustacean SubClassOf Mammal,  False.
Crustacean SubClassOf Protist,  False.
Crustacean SubClassOf Centipede,  False.
Crustacean SubClassOf Crop,  False.
Crustacean SubClassOf Algae,  False.
Crustacean SubClassOf Arthropod,  True.
Crustacean SubClassOf Animal and Arthropod and Invertebrate and LivingThing and MarineInvertebrate,  True.
Crustacean SubClassOf MarineBird,  False.
Crustacean SubClassOf Chlorophyll,  False.
Crustacean SubClassOf Mollusk,  False.
Crustacean SubClassOf Echinoderm,  False.
Crustacean SubClassOf Plant,  False.
Crustacean SubClassOf Amoebae,  False.
Crustacean SubClassOf Insect,  False.
Crustacean SubClassOf Mold,  False.
Crustacean SubClassOf Bacteria,  False.
Crustacean SubClassOf DeciduousVegetation,  False.
Crustacean SubClassOf Phytoplankton,  False.
Algae and SegmentedWorm SubClassOf MicrobiotaTaxonomy,  False.
IndigenousSpecies and Mushroom SubClassOf Canopy,  False.
Millipede and Reptile SubClassOf Animal,  False.
Amoebae and Flagellate SubClassOf Diatom,  False.
DeciduousVegetation and MarineInvertebrate SubClassOf MarinePlant,  False.
Human and Radiolarian SubClassOf MarineMicrobiota,  False.
Microphyte and Pollen SubClassOf ExoticVegetation,  False.
Crown and Fungi SubClassOf Jellyfish,  False.
Diatom and Fungi SubClassOf Plant,  False.
Crop and MarineBird SubClassOf Sponge,  False.
DominantSpecies and MarineInvertebrate SubClassOf Phytoplankton,  False.
Canopy and Poultry SubClassOf Vertebrate,  False.
FloweringPlant and IndigenousVegetation SubClassOf Lichen,  False.
Coral and Foraminifer SubClassOf Echinoderm,  False.
Bacteria and MarineMicrobiota SubClassOf Bird,  False.
Coccolithophore and Mammal SubClassOf Flagellate,  False.
Moss and Vegetation SubClassOf EvergreenVegetation,  False.
BlueGreenAlgae and Roundworm SubClassOf Dairy,  False.
Algae and MarineMammal SubClassOf Amphibian,  False.
Amoebae and Invertebrate SubClassOf Poultry,  False.
Mammal and MicrobiotaTaxonomy SubClassOf FungiTaxonomy,  False.
Phytoplankton and Plant SubClassOf Coral,  False.
IndigenousSpecies and Mushroom SubClassOf Plankton,  False.
Jellyfish and Mushroom SubClassOf Amoebae,  False.
Anemone and Macrophyte SubClassOf BlueGreenAlgae,  False.
Fern and Lichen SubClassOf MarinePlant,  False.
Chlorophyll and FloweringPlant SubClassOf Crustacean,  False.
Canopy and Echinoderm SubClassOf Sporozoan,  False.
Crown and Sporozoan SubClassOf VegetationSpecies,  False.
Litter and MarineInvertebrate SubClassOf VegetationCover,  False.
Crop and Crown SubClassOf Vertebrate,  False.
Pollen and Protist SubClassOf Phytoplankton,  False.
Canopy and VegetationCover SubClassOf Echinoderm,  False.
Sponge and TreeRing SubClassOf Lichen,  False.
Human and Macroalgae SubClassOf Sponge,  False.
Insect and MarinePlant SubClassOf Yeast,  False.
Coccolithophore and Mold SubClassOf SlimeMold,  False.
Canopy and TreeRing SubClassOf FloweringPlant,  False.
EvergreenVegetation and Mammal SubClassOf Microbiota,  False.
Mollusk and Phytoplankton SubClassOf Arachnid,  False.
Crown and Diatom SubClassOf Zooplankton,  False.
Protist and Vertebrate SubClassOf Radiolarian,  False.
Macrophyte and Nutrient SubClassOf SegmentedWorm,  False.
ExoticVegetation and Lichen SubClassOf Protist,  False.
Macroalgae and Radiolarian SubClassOf Liverwort,  False.
SlimeMold and Sporozoan SubClassOf Anemone,  False.
Lichen and Litter SubClassOf Vegetation,  False.
Microphyte and Millipede SubClassOf Livestock,  False.
Amoebae and Ciliate SubClassOf Macrophyte,  False.
Mold and VegetationCover SubClassOf Chlorophyll,  False.
Chlorophyll and Livestock SubClassOf Crop,  False.
IndigenousSpecies and SegmentedWorm SubClassOf Plant,  False.
Amphibian and Jellyfish SubClassOf Fungi,  False.
Canopy and Millipede SubClassOf Phytoplankton,  False.
Amoebae and Sponge SubClassOf Vertebrate,  False.
Chlorophyll and Livestock SubClassOf Yeast,  False.
MarineMammal and Sponge SubClassOf Echinoderm,  False.
Mammal and Vegetation SubClassOf Bird,  False.
IndigenousVegetation and Phytoplankton SubClassOf Flagellate,  False.
FungiTaxonomy and Macroalgae SubClassOf EvergreenVegetation,  False.
MarineMicrobiota and Protist SubClassOf Centipede,  False.
Coral and Macrophyte SubClassOf Amphibian,  False.
Lichen and Moss SubClassOf Poultry,  False.
MarineMicrobiota and Protist SubClassOf MarineAnimal,  False.
Centipede and Mollusk SubClassOf Coccolithophore,  False.
Microbiota and Sporozoan SubClassOf Fern,  False.
Fern and Yeast SubClassOf IndigenousVegetation,  False.
Invertebrate and Mammal SubClassOf Mollusk,  False.
Jellyfish and Phytoplankton SubClassOf Mold,  False.
ExoticSpecies and IndigenousSpecies SubClassOf Mammal,  False.
Ciliate and Mushroom SubClassOf Litter,  False.
FloweringPlant and Macrophyte SubClassOf Fish,  False.
Echinoderm and Lichen SubClassOf TreeRing,  False.
Chlorophyll and MicrobiotaTaxonomy SubClassOf Insect,  False.
Canopy and Plant SubClassOf Foraminifer,  False.
Crop and Sporozoan SubClassOf Amoebae,  False.
Fish and Litter SubClassOf FungiTaxonomy,  False.
Anemone and FungiTaxonomy SubClassOf Ciliate,  False.
Litter and Protist SubClassOf Plankton,  False.
Human and VegetationCover SubClassOf DominantSpecies,  False.
MarinePlant and TreeRing SubClassOf BlueGreenAlgae,  False.
Crown and Macroalgae SubClassOf ExoticVegetation,  False.
FungiTaxonomy and Insect SubClassOf Jellyfish,  False.
Plant and VegetationSpecies SubClassOf Algae,  False.
Fungi and MarineMammal SubClassOf Radiolarian,  False.
MarineMicrobiota and Sporozoan SubClassOf MarineBird,  False.
Coccolithophore and DominantSpecies SubClassOf Protist,  False.
Amphibian and Dairy SubClassOf Liverwort,  False.
Animal and Leaf SubClassOf Insect,  False.
Algae and Lichen SubClassOf Anemone,  False.
Bacteria and Ciliate SubClassOf Mammal,  False.
Ciliate and Conifer SubClassOf Foraminifer,  False.
Fungi and Invertebrate SubClassOf Macrophyte,  False.
Chlorophyll and Leaf SubClassOf Mold,  False.
ExoticSpecies and MarinePlant SubClassOf Crop,  False.
MarineInvertebrate and VegetationCover SubClassOf Crown,  False.
FloweringPlant and Poultry SubClassOf Coral,  False.
BlueGreenAlgae and DeciduousVegetation SubClassOf Plankton,  False.
MicrobiotaTaxonomy and Yeast SubClassOf Ciliate,  False.
Algae and Macrophyte SubClassOf MarineMammal,  False.
Ciliate and Microalgae SubClassOf DeciduousVegetation,  False.
Liverwort and Plant SubClassOf Microphyte,  False.
Conifer and MarineMammal SubClassOf Pollen,  False.
Dairy and Phytoplankton SubClassOf Human,  False.
Arachnid and MarinePlant SubClassOf Moss,  False.
Amphibian and Crustacean SubClassOf Nutrient,  False.
Fish and Zooplankton SubClassOf MicrobiotaTaxonomy,  False.
EvergreenVegetation and Yeast SubClassOf Canopy,  False.
Conifer and Millipede SubClassOf Arthropod,  False.
Algae and Fungi SubClassOf Diatom,  False.
ExoticVegetation and Plankton SubClassOf SlimeMold,  False.
Fern and Nutrient SubClassOf FloweringPlant,  False.
Insect and MarineInvertebrate SubClassOf MarineMicrobiota,  False.
Coccolithophore and Poultry SubClassOf Reptile,  False.
ExoticVegetation and Macroalgae SubClassOf IndigenousVegetation,  False.
EvergreenVegetation and Macroalgae SubClassOf Conifer,  False.
Nutrient and TreeRing SubClassOf Dairy,  False.
Anemone and Coral SubClassOf Litter,  False.
Millipede and Yeast SubClassOf Fish,  False.
ExoticSpecies and Protist SubClassOf MarineMammal,  False.
MicrobiotaTaxonomy and Vertebrate SubClassOf Coccolithophore,  False.
Livestock and Microbiota SubClassOf ExoticSpecies,  False.
Conifer and Mammal SubClassOf Invertebrate,  False.
Centipede and SegmentedWorm SubClassOf Microalgae,  False.
Mold and Mushroom SubClassOf MarineInvertebrate,  False.
Animal and MarineAnimal SubClassOf DominantSpecies,  False.
Roundworm and SlimeMold SubClassOf MicrobiotaTaxonomy,  False.
Microalgae and Mold SubClassOf Moss,  False.
Canopy and Mushroom SubClassOf Animal,  False.
Litter and MarineMicrobiota SubClassOf Jellyfish,  False.
Coccolithophore and Crop SubClassOf MarinePlant,  False.
Diatom and Flatworm SubClassOf Crustacean,  False.
Anemone and Fern SubClassOf Sporozoan,  False.
Algae and FungiTaxonomy SubClassOf VegetationSpecies,  False.
Arthropod and Invertebrate SubClassOf Plant,  False.
Fish and Plant SubClassOf Macroalgae,  False.
DeciduousVegetation and MarineMammal SubClassOf Phytoplankton,  False.
Leaf and Sponge SubClassOf Flagellate,  False.
Reptile and SegmentedWorm SubClassOf Lichen,  False.
Amphibian and MarinePlant SubClassOf Sponge,  False.
Animal and Reptile SubClassOf Yeast,  False.
Crown and IndigenousVegetation SubClassOf Centipede,  False.
Bird and Livestock SubClassOf EvergreenVegetation,  False.
Amphibian and Conifer SubClassOf Flatworm,  False.
Fungi and Vegetation SubClassOf Amphibian,  False.
Crown and ExoticSpecies SubClassOf Amoebae,  False.
Amoebae and Protist SubClassOf DeciduousVegetation,  False.
Leaf and Macrophyte SubClassOf Microphyte,  False.
Foraminifer and SlimeMold SubClassOf Plankton,  False.
Macroalgae and MicrobiotaTaxonomy SubClassOf Sporozoan,  False.
Insect and VegetationCover SubClassOf BlueGreenAlgae,  False.
Invertebrate and Sporozoan SubClassOf Coral,  False.
Anemone and BlueGreenAlgae SubClassOf Mushroom,  False.
Millipede and Poultry SubClassOf Roundworm,  False.
Amoebae and Litter SubClassOf VegetationSpecies,  False.
Bird and MicrobiotaTaxonomy SubClassOf Phytoplankton,  False.
Flatworm and Livestock SubClassOf Macroalgae,  False.
DeciduousVegetation and Mammal SubClassOf Yeast,  False.
FungiTaxonomy and MarinePlant SubClassOf Millipede,  False.
MarineAnimal and SegmentedWorm SubClassOf VegetationCover,  False.
Fish and Mushroom SubClassOf Flagellate,  False.
Algae and Nutrient SubClassOf Arachnid,  False.
Anemone and Zooplankton SubClassOf Fungi,  False.
Arachnid and Crown SubClassOf Reptile,  False.
Millipede and Protist SubClassOf Microbiota,  False.
MicrobiotaTaxonomy and Pollen SubClassOf Radiolarian,  False.
Livestock and Plankton SubClassOf Algae,  False.
Fern and Macroalgae SubClassOf FloweringPlant,  False.
Insect SubClassOf SegmentedWorm,  False.
DominantSpecies and SegmentedWorm SubClassOf Vegetation,  False.
Mushroom and VegetationSpecies SubClassOf Mold,  False.
MarineInvertebrate and Millipede SubClassOf Bacteria,  False.
ExoticSpecies and Sporozoan SubClassOf Anemone,  False.
Bacteria and Mold SubClassOf Crop,  False.
Canopy and Mammal SubClassOf Livestock,  False.
Fungi and Mammal SubClassOf Insect,  False.
Arthropod and MarineBird SubClassOf Leaf,  False.
Roundworm and VegetationCover SubClassOf Echinoderm,  False.
Plant and TreeRing SubClassOf MarineBird,  False.
Mushroom and Vertebrate SubClassOf Flagellate,  False.
Jellyfish and Pollen SubClassOf Yeast,  False.
IndigenousSpecies and Zooplankton SubClassOf Centipede,  False.
Echinoderm and Millipede SubClassOf Flatworm,  False.
Echinoderm and Moss SubClassOf IndigenousSpecies,  False.
Chlorophyll and Crown SubClassOf Mollusk,  False.
MarineInvertebrate and Sponge SubClassOf Chlorophyll,  False.
Phytoplankton and Pollen SubClassOf Litter,  False.
Canopy and FungiTaxonomy SubClassOf DeciduousVegetation,  False.
Centipede and Fungi SubClassOf TreeRing,  False.
Human and Microalgae SubClassOf Pollen,  False.
DominantSpecies and Lichen SubClassOf MarineMammal,  False.
Coral and TreeRing SubClassOf Microphyte,  False.
Microbiota and Vegetation SubClassOf Foraminifer,  False.
Mollusk and Plankton SubClassOf MarineAnimal,  False.
Diatom and Mollusk SubClassOf Crustacean,  False.
Roundworm and Vertebrate SubClassOf Coral,  False.
Coral and Zooplankton SubClassOf Plankton,  False.
BlueGreenAlgae and ExoticVegetation SubClassOf Amoebae,  False.
Macrophyte and Radiolarian SubClassOf BlueGreenAlgae,  False.
Centipede and Lichen SubClassOf Phytoplankton,  False.
Foraminifer and SlimeMold SubClassOf Mushroom,  False.
Sponge and Yeast SubClassOf Sporozoan,  False.
Microphyte and Sporozoan SubClassOf Canopy,  False.
Litter and Microalgae SubClassOf VegetationCover,  False.
FungiTaxonomy and Mold SubClassOf Vertebrate,  False.
Centipede and Conifer SubClassOf Roundworm,  False.
Crustacean and DominantSpecies SubClassOf EvergreenVegetation,  False.
Arthropod and Litter SubClassOf Mold,  False.
FungiTaxonomy and Macrophyte SubClassOf Mammal,  False.
Centipede and DeciduousVegetation SubClassOf Poultry,  False.
Bird and Flagellate SubClassOf Macrophyte,  False.
SegmentedWorm and TreeRing SubClassOf Coccolithophore,  False.
Phytoplankton and Vertebrate SubClassOf Crop,  False.
Pollen and Reptile SubClassOf Livestock,  False.
Mollusk and Vegetation SubClassOf Coral,  False.
Animal and Coccolithophore SubClassOf Crustacean,  False.
Echinoderm and IndigenousSpecies SubClassOf Microphyte,  False.
EvergreenVegetation and Moss SubClassOf Crown,  False.
Conifer and ExoticVegetation SubClassOf Human,  False.
Diatom and Fungi SubClassOf Macroalgae,  False.
Leaf and TreeRing SubClassOf Nutrient,  False.
Nutrient and Reptile SubClassOf Mushroom,  False.
Mammal and Vertebrate SubClassOf Moss,  False.
Leaf and Pollen SubClassOf Arthropod,  False.
DominantSpecies and MarineBird SubClassOf Ciliate,  False.
Bacteria and Litter SubClassOf MarineInvertebrate,  False.
Amoebae and Echinoderm SubClassOf DominantSpecies,  False.
Moss SubClassOf MarineMicrobiota,  False.
Foraminifer and VegetationCover SubClassOf Diatom,  False.
MarineMammal and TreeRing SubClassOf Jellyfish,  False.
IndigenousVegetation and VegetationCover SubClassOf FloweringPlant,  False.
Arachnid and Bird SubClassOf Fungi,  False.
BlueGreenAlgae and IndigenousSpecies SubClassOf Arachnid,  False.
Jellyfish and MarineMicrobiota SubClassOf SlimeMold,  False.
Liverwort and Microalgae SubClassOf Radiolarian,  False.
Bacteria and MarineAnimal SubClassOf Anemone,  False.
Chlorophyll and Flatworm SubClassOf Bird,  False.
Poultry and Sponge SubClassOf Algae,  False.
DeciduousVegetation and Pollen SubClassOf MarineMammal,  False.
Crown and Radiolarian SubClassOf Microalgae,  False.
Fern and Microphyte SubClassOf Chlorophyll,  False.
Crop and Fungi SubClassOf Fish,  False.
Diatom and MarinePlant SubClassOf FungiTaxonomy,  False.
Canopy and Crop SubClassOf Moss,  False.
Human and MarineInvertebrate SubClassOf Plankton,  False.
Human and Poultry SubClassOf Ciliate,  False.
Amphibian and FloweringPlant SubClassOf Jellyfish,  False.
Coral and Mammal SubClassOf MarinePlant,  False.
MarineMicrobiota and Sponge SubClassOf Animal,  False.
Coccolithophore and MarineBird SubClassOf DominantSpecies,  False.
MarineMammal and Vegetation SubClassOf Fungi,  False.
Amoebae and Roundworm SubClassOf FloweringPlant,  False.
Algae and IndigenousVegetation SubClassOf Vertebrate,  False.
Foraminifer and Invertebrate SubClassOf Arachnid,  False.
Lichen and MarineInvertebrate SubClassOf MicrobiotaTaxonomy,  False.
Poultry and Radiolarian SubClassOf Canopy,  False.
DeciduousVegetation and Vertebrate SubClassOf Phytoplankton,  False.
Radiolarian and SlimeMold SubClassOf VegetationSpecies,  False.
Chlorophyll and MarineMicrobiota SubClassOf Lichen,  False.
Coccolithophore and Microphyte SubClassOf Flatworm,  False.
Dairy and Diatom SubClassOf Microbiota,  False.
Crop and Mold SubClassOf Flagellate,  False.
Algae and Jellyfish SubClassOf IndigenousSpecies,  False.
Invertebrate and Roundworm SubClassOf Dairy,  False.
Ciliate and FloweringPlant SubClassOf MarineBird,  False.
Coral and Mushroom SubClassOf Protist,  False.
Echinoderm and Leaf SubClassOf Liverwort,  False.
Anemone and Reptile SubClassOf Insect,  False.
Plant and Vegetation SubClassOf Litter,  False.
Animal and FloweringPlant SubClassOf IndigenousVegetation,  False.
EvergreenVegetation and Mold SubClassOf Invertebrate,  False.
Canopy and Mollusk SubClassOf Arthropod,  False.
Algae and Mammal SubClassOf Mushroom,  False.
IndigenousSpecies and Phytoplankton SubClassOf Sporozoan,  False.
Crown and Nutrient SubClassOf Canopy,  False.
Protist and Sporozoan SubClassOf MicrobiotaTaxonomy,  False.
Coccolithophore and Macrophyte SubClassOf Macroalgae,  False.
Lichen and Plankton SubClassOf Roundworm,  False.
Macroalgae and SlimeMold SubClassOf Millipede,  False.
Insect and Lichen SubClassOf MarineBird,  False.
Diatom and Sporozoan SubClassOf Reptile,  False.
Litter and VegetationSpecies SubClassOf Microbiota,  False.
Leaf and Millipede SubClassOf Protist,  False.
Amoebae and Chlorophyll SubClassOf Zooplankton,  False.
Radiolarian and VegetationCover SubClassOf Flatworm,  False.
Dairy and TreeRing SubClassOf SegmentedWorm,  False.
MarineMicrobiota and Microphyte SubClassOf Algae,  False.
MarineBird and Microbiota SubClassOf Bacteria,  False.
Leaf and Moss SubClassOf Sponge,  False.
Macroalgae and Reptile SubClassOf Yeast,  False.
Human and Poultry SubClassOf Centipede,  False.
Liverwort and Poultry SubClassOf EvergreenVegetation,  False.
Bird and DeciduousVegetation SubClassOf Anemone,  False.
Protist and Radiolarian SubClassOf Vegetation,  False.
Microalgae and Microbiota SubClassOf Livestock,  False.
Crustacean and Livestock SubClassOf Microphyte,  False.
Diatom and MarineAnimal SubClassOf Leaf,  False.
Crop and Macrophyte SubClassOf MarineAnimal,  False.
Arachnid and IndigenousSpecies SubClassOf DeciduousVegetation,  False.
Flagellate and Mushroom SubClassOf Coral,  False.
Animal and Millipede SubClassOf Coccolithophore,  False.
Amoebae and Phytoplankton SubClassOf ExoticSpecies,  False.
Coral and MarinePlant SubClassOf Zooplankton,  False.
Liverwort and Moss SubClassOf Mammal,  False.
Crustacean and Livestock SubClassOf IndigenousSpecies,  False.
Dairy and MarineMammal SubClassOf Radiolarian,  False.
Microbiota and Yeast SubClassOf Chlorophyll,  False.
Bird and Plankton SubClassOf Insect,  False.
Macroalgae and VegetationSpecies SubClassOf Litter,  False.
Fish and MarineMicrobiota SubClassOf Mollusk,  False.
Fern and Liverwort SubClassOf TreeRing,  False.
BlueGreenAlgae and Conifer SubClassOf Ciliate,  False.
Flatworm and Protist SubClassOf Foraminifer,  False.
Centipede and ExoticVegetation SubClassOf Fish,  False.
Animal and Flagellate SubClassOf ExoticVegetation,  False.
Macrophyte and Mollusk SubClassOf MarineInvertebrate,  False.
Microalgae and Plant SubClassOf Amoebae,  False.
Anemone and VegetationSpecies SubClassOf Coral,  False.
Fern and Fish SubClassOf Mushroom,  False.
FloweringPlant and MarinePlant SubClassOf ExoticSpecies,  False.
Echinoderm and Liverwort SubClassOf DeciduousVegetation,  False.
Crown and Flatworm SubClassOf Arthropod,  False.
ExoticVegetation and FungiTaxonomy SubClassOf Macroalgae,  False.
Crop and Yeast SubClassOf Human,  False.
Fish and Plankton SubClassOf BlueGreenAlgae,  False.
Canopy and Mollusk SubClassOf VegetationCover,  False.
Plant and Sponge SubClassOf Reptile,  False.
Human and Zooplankton SubClassOf Roundworm,  False.
BlueGreenAlgae and MarinePlant SubClassOf Canopy,  False.
Ciliate and Vegetation SubClassOf MarineBird,  False.
Amphibian and IndigenousVegetation SubClassOf Flatworm,  False.
Foraminifer and MarineBird SubClassOf Microbiota,  False.
Amphibian and Flagellate SubClassOf Millipede,  False.
Chlorophyll and Microalgae SubClassOf Coccolithophore,  False.
Bacteria and ExoticSpecies SubClassOf Microphyte,  False.
Dairy and ExoticSpecies SubClassOf IndigenousVegetation,  False.
Leaf and Sponge SubClassOf MarineAnimal,  False.
BlueGreenAlgae and DominantSpecies SubClassOf DeciduousVegetation,  False.
MarineAnimal and MicrobiotaTaxonomy SubClassOf Nutrient,  False.
Arthropod and Ciliate SubClassOf Crown,  False.
Centipede and Invertebrate SubClassOf MarineMammal,  False.
Bird and Flatworm SubClassOf Macroalgae,  False.
Anemone and Nutrient SubClassOf Arthropod,  False.
SlimeMold and VegetationCover SubClassOf Invertebrate,  False.
FloweringPlant and Pollen SubClassOf Human,  False.
EvergreenVegetation and Fish SubClassOf Canopy,  False.
Crown and MicrobiotaTaxonomy SubClassOf Microbiota,  False.
Echinoderm and Litter SubClassOf Diatom,  False.
Crop and Moss SubClassOf MicrobiotaTaxonomy,  False.
Crustacean and Millipede SubClassOf MarineMicrobiota,  False.
Algae and Dairy SubClassOf Phytoplankton,  False.
Ciliate and Phytoplankton SubClassOf Jellyfish,  False.
Amphibian and Arachnid SubClassOf DominantSpecies,  False.
Insect and VegetationSpecies SubClassOf Fungi,  False.
Coccolithophore and Pollen SubClassOf Bird,  False.
MarinePlant and Zooplankton SubClassOf Vertebrate,  False.
Conifer and EvergreenVegetation SubClassOf Plant,  False.
Diatom and Moss SubClassOf Amphibian,  False.
Bird and Plankton SubClassOf Algae,  False.
Nutrient SubClassOf Yeast,  False.
IndigenousVegetation and Lichen SubClassOf Mold,  False.
Arachnid and Bacteria SubClassOf Fern,  False.
EvergreenVegetation and VegetationSpecies SubClassOf Poultry,  False.
Fungi and Jellyfish SubClassOf EvergreenVegetation,  False.
Centipede and Livestock SubClassOf Coral,  False.
Arachnid and Liverwort SubClassOf Crustacean,  False.
EvergreenVegetation and Yeast SubClassOf Ciliate,  False.
MicrobiotaTaxonomy and Protist SubClassOf FungiTaxonomy,  False.
Microalgae SubClassOf MarinePlant,  False.
Bacteria and Mushroom SubClassOf Vertebrate,  False.
Conifer and ExoticSpecies SubClassOf Sporozoan,  False.
Microphyte and SegmentedWorm SubClassOf Jellyfish,  False.
Arachnid and Diatom SubClassOf VegetationCover,  False.
Crop and Millipede SubClassOf Sponge,  False.
Animal and Human SubClassOf Phytoplankton,  False.
Liverwort and Roundworm SubClassOf VegetationSpecies,  False.
Fern and FloweringPlant SubClassOf Lichen,  False.
Coral and Insect SubClassOf Flatworm,  False.
Algae and Microbiota SubClassOf Yeast,  False.
Plankton and Zooplankton SubClassOf Algae,  False.
ExoticSpecies and MarinePlant SubClassOf FloweringPlant,  False.
Reptile and SegmentedWorm SubClassOf MarineBird,  False.
FungiTaxonomy and IndigenousVegetation SubClassOf Flagellate,  False.
Arachnid and Arthropod SubClassOf SlimeMold,  False.
Amphibian and Arthropod SubClassOf Radiolarian,  False.
Centipede and Vegetation SubClassOf Anemone,  False.
Microalgae and Sponge SubClassOf Protist,  False.
Bacteria and SegmentedWorm SubClassOf Zooplankton,  False.
SlimeMold and TreeRing SubClassOf Insect,  False.
Coral and Pollen SubClassOf Chlorophyll,  False.
DominantSpecies and IndigenousVegetation SubClassOf Mammal,  False.
Livestock and MarineAnimal SubClassOf Liverwort,  False.
Anemone and Vertebrate SubClassOf Macrophyte,  False.
Microbiota and Moss SubClassOf Plankton,  False.
Bird and ExoticVegetation SubClassOf Crop,  False.
Macroalgae and Nutrient SubClassOf Foraminifer,  True.
Macroalgae and Nutrient SubClassOf VegetationCover,  False.
Macroalgae and Nutrient SubClassOf Microalgae,  False.
Macroalgae and Nutrient SubClassOf Fungi,  False.
Macroalgae and Nutrient SubClassOf Arachnid,  False.
Macroalgae and Nutrient SubClassOf VegetationSpecies,  False.
Macroalgae and Nutrient SubClassOf Livestock,  False.
Macroalgae and Nutrient SubClassOf Sponge,  False.
Macroalgae and Nutrient SubClassOf Flatworm,  False.
Macroalgae and Nutrient SubClassOf Diatom,  False.
Macroalgae and Nutrient SubClassOf FungiTaxonomy,  False.
Macroalgae and Nutrient SubClassOf MarinePlant,  False.
Macroalgae and Nutrient SubClassOf Moss,  False.
Macroalgae and Nutrient SubClassOf Vertebrate,  False.
Macroalgae and Nutrient SubClassOf Radiolarian,  False.
Macroalgae and Nutrient SubClassOf Human,  False.
Macroalgae and Nutrient SubClassOf MarineMicrobiota,  False.
Macroalgae and Nutrient SubClassOf Animal,  False.
Macroalgae and Nutrient SubClassOf Flagellate,  False.
Macroalgae and Nutrient SubClassOf Poultry,  False.
Macroalgae and Nutrient SubClassOf MarineMammal,  False.
Macroalgae and Nutrient SubClassOf Amphibian,  False.
Macroalgae and Nutrient SubClassOf Millipede,  False.
Macroalgae and Nutrient SubClassOf Plankton,  False.
Macroalgae and Nutrient SubClassOf Roundworm,  False.
Macroalgae and Nutrient SubClassOf Microphyte,  False.
Macroalgae and Nutrient SubClassOf SlimeMold,  False.
Macroalgae and Nutrient SubClassOf MicrobiotaTaxonomy,  False.
Macroalgae and Nutrient SubClassOf Coccolithophore,  False.
Macroalgae and Nutrient SubClassOf Lichen,  False.
Macroalgae and Nutrient SubClassOf Leaf,  False.
Macroalgae and Nutrient SubClassOf Pollen,  False.
Macroalgae and Nutrient SubClassOf Mushroom,  False.
Macroalgae and Nutrient SubClassOf Fish,  False.
Macroalgae and Nutrient SubClassOf Reptile,  False.
Macroalgae and Nutrient SubClassOf MarineAnimal,  False.
Nutrient SubClassOf Foraminifer,  False.
Macroalgae SubClassOf Foraminifer,  False.
Bird and Zooplankton SubClassOf MicrobiotaTaxonomy,  False.
BlueGreenAlgae and Flatworm SubClassOf Reptile,  False.
FloweringPlant and MicrobiotaTaxonomy SubClassOf Animal,  False.
Coral and VegetationCover SubClassOf DominantSpecies,  False.
Foraminifer and MarineAnimal SubClassOf Fungi,  False.
Fish and Flagellate SubClassOf FloweringPlant,  False.
Poultry and Vegetation SubClassOf SlimeMold,  False.
Litter and Roundworm SubClassOf Millipede,  False.
Arthropod and Crustacean SubClassOf Zooplankton,  False.
Dairy and MarinePlant SubClassOf Mammal,  False.
DeciduousVegetation and Microphyte SubClassOf SegmentedWorm,  False.
FungiTaxonomy and MarineBird SubClassOf Radiolarian,  False.
SegmentedWorm and VegetationSpecies SubClassOf Mold,  False.
Crop and IndigenousSpecies SubClassOf Insect,  False.
Human and Reptile SubClassOf Anemone,  False.
Flagellate and Liverwort SubClassOf Vegetation,  False.
MarineInvertebrate and Vegetation SubClassOf EvergreenVegetation,  False.
Roundworm and Sporozoan SubClassOf Leaf,  False.
Pollen and Zooplankton SubClassOf Amphibian,  False.
Invertebrate and Plankton SubClassOf Centipede,  False.
Fungi and Microphyte SubClassOf Conifer,  False.
Lichen and MarineBird SubClassOf Pollen,  False.
DominantSpecies and Foraminifer SubClassOf Litter,  False.
Reptile and VegetationSpecies SubClassOf IndigenousVegetation,  False.
Human and Leaf SubClassOf MarineMammal,  False.
Foraminifer and Liverwort SubClassOf Microalgae,  False.
Bacteria and Crustacean SubClassOf ExoticSpecies,  False.
Mammal and Radiolarian SubClassOf DeciduousVegetation,  False.
Invertebrate and Microbiota SubClassOf Arthropod,  False.
BlueGreenAlgae and Plankton SubClassOf Macroalgae,  False.
ExoticSpecies and VegetationSpecies SubClassOf MarineInvertebrate,  False.
Amoebae and Crop SubClassOf Invertebrate,  False.
Amphibian and Pollen SubClassOf Foraminifer,  False.
TreeRing and Zooplankton SubClassOf Vegetation,  False.
Fern and Millipede SubClassOf Mold,  False.
Human and MarinePlant SubClassOf Microphyte,  False.
Conifer and DominantSpecies SubClassOf Plankton,  False.
Animal and Plankton SubClassOf Macrophyte,  False.
Dairy and MarineInvertebrate SubClassOf TreeRing,  False.
MarineBird and Yeast SubClassOf ExoticVegetation,  False.
Bacteria and MarineInvertebrate SubClassOf Mushroom,  False.
Canopy and Fungi SubClassOf Amoebae,  False.
Fish and Fungi SubClassOf Crustacean,  False.
Fern and Foraminifer SubClassOf Phytoplankton,  False.
ExoticSpecies and MarineMicrobiota SubClassOf Vertebrate,  False.
Flatworm and Mammal SubClassOf Sporozoan,  False.
ExoticVegetation and Leaf SubClassOf BlueGreenAlgae,  False.
Mushroom and SlimeMold SubClassOf Macroalgae,  False.
Mammal and Yeast SubClassOf Roundworm,  False.
Amoebae and Macroalgae SubClassOf Invertebrate,  False.
IndigenousSpecies and Vertebrate SubClassOf Arthropod,  False.
Canopy and Mold SubClassOf Reptile,  False.
Conifer and Macrophyte SubClassOf SlimeMold,  False.
Phytoplankton and Radiolarian SubClassOf DominantSpecies,  False.
Centipede and Chlorophyll SubClassOf MicrobiotaTaxonomy,  False.
Mushroom and Protist SubClassOf FloweringPlant,  False.
Animal and Sporozoan SubClassOf SegmentedWorm,  False.
Lichen and Microphyte SubClassOf Millipede,  False.
FungiTaxonomy and Microalgae SubClassOf MarineBird,  False.
Insect and Millipede SubClassOf Mammal,  False.
Echinoderm and VegetationCover SubClassOf Litter,  False.
Litter and Roundworm SubClassOf Radiolarian,  False.
Plant and Vertebrate SubClassOf Zooplankton,  False.
Coccolithophore and IndigenousSpecies SubClassOf Nutrient,  False.
Plant and Vegetation SubClassOf Ciliate,  False.
Fern and Flagellate SubClassOf MarineMammal,  False.
MarineMicrobiota and SegmentedWorm SubClassOf DeciduousVegetation,  False.
Invertebrate and TreeRing SubClassOf Animal,  False.
Amphibian and Nutrient SubClassOf Diatom,  False.
MarineMammal and Mollusk SubClassOf MarineInvertebrate,  True.
MarineMammal and Mollusk SubClassOf VegetationCover,  False.
MarineMammal and Mollusk SubClassOf Microalgae,  False.
MarineMammal and Mollusk SubClassOf Fungi,  False.
MarineMammal and Mollusk SubClassOf Arachnid,  False.
MarineMammal and Mollusk SubClassOf VegetationSpecies,  False.
MarineMammal and Mollusk SubClassOf Livestock,  False.
MarineMammal and Mollusk SubClassOf Sponge,  False.
MarineMammal and Mollusk SubClassOf Flatworm,  False.
MarineMammal and Mollusk SubClassOf Diatom,  False.
MarineMammal and Mollusk SubClassOf FungiTaxonomy,  False.
MarineMammal and Mollusk SubClassOf MarinePlant,  False.
MarineMammal and Mollusk SubClassOf Moss,  False.
MarineMammal and Mollusk SubClassOf Vertebrate,  False.
MarineMammal and Mollusk SubClassOf Radiolarian,  False.
MarineMammal and Mollusk SubClassOf Human,  False.
MarineMammal and Mollusk SubClassOf MarineMicrobiota,  False.
MarineMammal and Mollusk SubClassOf Animal,  False.
MarineMammal and Mollusk SubClassOf Flagellate,  False.
MarineMammal and Mollusk SubClassOf Poultry,  False.
MarineMammal and Mollusk SubClassOf Millipede,  False.
MarineMammal and Mollusk SubClassOf Plankton,  False.
MarineMammal and Mollusk SubClassOf Roundworm,  False.
MarineMammal and Mollusk SubClassOf Microphyte,  False.
MarineMammal and Mollusk SubClassOf SlimeMold,  False.
MarineMammal and Mollusk SubClassOf Microbiota,  False.
MarineMammal and Mollusk SubClassOf MicrobiotaTaxonomy,  False.
MarineMammal and Mollusk SubClassOf Coccolithophore,  False.
MarineMammal and Mollusk SubClassOf Lichen,  False.
MarineMammal and Mollusk SubClassOf Leaf,  False.
MarineMammal and Mollusk SubClassOf Pollen,  False.
MarineMammal and Mollusk SubClassOf Mushroom,  False.
MarineMammal and Mollusk SubClassOf Fish,  False.
MarineMammal and Mollusk SubClassOf Reptile,  False.
MarineMammal and Mollusk SubClassOf MarineAnimal,  True.
Mollusk SubClassOf MarineAnimal,  False.
MarineMammal SubClassOf MarineAnimal,  The statement
Algae and Coccolithophore SubClassOf Moss,  False.
MarinePlant and Vertebrate SubClassOf MarineMicrobiota,  False.
Conifer and SlimeMold SubClassOf Arachnid,  False.
Animal and ExoticVegetation SubClassOf MicrobiotaTaxonomy,  False.
Diatom and Leaf SubClassOf DominantSpecies,  False.
Dairy and Yeast SubClassOf MarineBird,  False.
MarineInvertebrate and Mold SubClassOf Bird,  False.
Fungi and Yeast SubClassOf SlimeMold,  False.
DeciduousVegetation and Radiolarian SubClassOf FloweringPlant,  False.
BlueGreenAlgae and MarineMammal SubClassOf VegetationCover,  False.
Algae and MarineMicrobiota SubClassOf Flagellate,  False.
Amoebae and Mollusk SubClassOf Plant,  False.
Moss and Plant SubClassOf Canopy,  False.
Animal and Flatworm SubClassOf Amphibian,  False.
Leaf and Poultry SubClassOf Flatworm,  False.
Ciliate and VegetationCover SubClassOf Yeast,  False.
Amphibian and Bird SubClassOf Echinoderm,  False.
Fungi and Macrophyte SubClassOf Fern,  False.
DeciduousVegetation and Fish SubClassOf IndigenousVegetation,  False.
Litter and MarinePlant SubClassOf IndigenousSpecies,  False.
Conifer and MarineAnimal SubClassOf Dairy,  False.
Phytoplankton and Poultry SubClassOf Chlorophyll,  False.
ExoticVegetation and Reptile SubClassOf Pollen,  False.
Arthropod and MarineInvertebrate SubClassOf Mollusk,  False.
Anemone and Sponge SubClassOf Macroalgae,  False.
Macroalgae and MarineBird SubClassOf Phytoplankton,  False.
DominantSpecies and Protist SubClassOf Invertebrate,  False.
Canopy and Nutrient SubClassOf Human,  False.
IndigenousVegetation and Livestock SubClassOf Canopy,  False.
Foraminifer and Millipede SubClassOf Microbiota,  False.
Amphibian and EvergreenVegetation SubClassOf VegetationSpecies,  False.
Mammal and MicrobiotaTaxonomy SubClassOf VegetationCover,  False.
Moss and Mushroom SubClassOf Flatworm,  False.
BlueGreenAlgae and Mammal SubClassOf Amphibian,  False.
ExoticSpecies and MarineMammal SubClassOf Flagellate,  False.
Amoebae and SegmentedWorm SubClassOf Lichen,  False.
Bird and Canopy SubClassOf Dairy,  False.
MarineAnimal and Protist SubClassOf Litter,  False.
Arthropod and MarineMicrobiota SubClassOf Protist,  False.
Microbiota and Mold SubClassOf Zooplankton,  False.
Ciliate and Fern SubClassOf Anemone,  False.
MarineMicrobiota and Mushroom SubClassOf Vegetation,  False.
Chlorophyll and Poultry SubClassOf Algae,  False.
Diatom and Microphyte SubClassOf Radiolarian,  False.
ExoticSpecies and Plant SubClassOf Mold,  False.
Millipede and SegmentedWorm SubClassOf Crop,  False.
Jellyfish and Livestock SubClassOf Liverwort,  False.
Arachnid and Roundworm SubClassOf EvergreenVegetation,  False.
Arthropod and Fern SubClassOf Plankton,  False.
Crop and Mold SubClassOf Microphyte,  False.
Echinoderm and Mushroom SubClassOf Livestock,  False.
Anemone and Bacteria SubClassOf Macrophyte,  False.
MarineInvertebrate and SlimeMold SubClassOf Crustacean,  False.
Crown and Human SubClassOf Sporozoan,  False.
Canopy and Pollen SubClassOf Crown,  False.
Crown and MarineAnimal SubClassOf Coral,  False.
Diatom and SlimeMold SubClassOf FloweringPlant,  False.
Crown and VegetationSpecies SubClassOf SegmentedWorm,  False.
Canopy and Nutrient SubClassOf Arachnid,  False.
Macrophyte and Sporozoan SubClassOf Fungi,  False.
Radiolarian and Zooplankton SubClassOf Bacteria,  False.
BlueGreenAlgae and Dairy SubClassOf Poultry,  False.
Protist and SlimeMold SubClassOf Yeast,  False.
Lichen and Sporozoan SubClassOf Algae,  False.
ExoticSpecies and Foraminifer SubClassOf EvergreenVegetation,  False.
Ciliate and Flagellate SubClassOf Leaf,  False.
Mold and Mollusk SubClassOf Vegetation,  False.
Chlorophyll and Roundworm SubClassOf Mold,  False.
Crustacean and MicrobiotaTaxonomy SubClassOf Microphyte,  False.
Dairy and Plant SubClassOf Plankton,  False.
Ciliate and Invertebrate SubClassOf MarineAnimal,  False.
Jellyfish and MarineBird SubClassOf Livestock,  False.
MarineAnimal and Protist SubClassOf Insect,  False.
Macrophyte and Nutrient SubClassOf Chlorophyll,  False.
Poultry and SlimeMold SubClassOf IndigenousVegetation,  False.
Crown and Liverwort SubClassOf Conifer,  False.
Animal and Insect SubClassOf Microalgae,  False.
MicrobiotaTaxonomy and Phytoplankton SubClassOf MarineInvertebrate,  False.
Anemone and DeciduousVegetation SubClassOf Fish,  False.
Crustacean and Macroalgae SubClassOf MarineMammal,  False.
Algae and Amoebae SubClassOf ExoticVegetation,  False.
IndigenousSpecies and SegmentedWorm SubClassOf Animal,  The statement
Arachnid and Livestock SubClassOf Ciliate,  False.
Flagellate and Millipede SubClassOf FungiTaxonomy,  False.
Arthropod and Coccolithophore SubClassOf MarinePlant,  False.
Mold and TreeRing SubClassOf Vertebrate,  False.
EvergreenVegetation and Mushroom SubClassOf DominantSpecies,  False.
Mammal and Mollusk SubClassOf MicrobiotaTaxonomy,  False.
FloweringPlant and VegetationSpecies SubClassOf Mold,  False.
Fish and Flatworm SubClassOf Crop,  False.
MarinePlant and MicrobiotaTaxonomy SubClassOf Poultry,  False.
Liverwort and VegetationCover SubClassOf Vegetation,  False.
Crop and Flatworm SubClassOf Coccolithophore,  False.
ExoticVegetation and Fish SubClassOf Microphyte,  False.
Anemone and Yeast SubClassOf Foraminifer,  False.
Litter and Plankton SubClassOf Macrophyte,  False.
Human and Mollusk SubClassOf Crustacean,  False.
MarinePlant and Plant SubClassOf Sporozoan,  False.
BlueGreenAlgae and FungiTaxonomy SubClassOf Amoebae,  False.
Ciliate and SegmentedWorm SubClassOf BlueGreenAlgae,  False.
Amphibian SubClassOf Phytoplankton,  False.
Foraminifer and Reptile SubClassOf Mushroom,  False.
Flagellate and Sponge SubClassOf Human,  False.
Nutrient and SlimeMold SubClassOf Arthropod,  False.
Crown and Sporozoan SubClassOf Diatom,  False.
Canopy and Coccolithophore SubClassOf MarineInvertebrate,  False.
Macrophyte and Plankton SubClassOf Moss,  False.
Anemone and SlimeMold SubClassOf MarineMicrobiota,  False.
Lichen and Macroalgae SubClassOf Reptile,  False.
Diatom and Protist SubClassOf Animal,  False.
Sporozoan and VegetationSpecies SubClassOf DominantSpecies,  False.
Foraminifer and Leaf SubClassOf Fungi,  False.
Chlorophyll and Flagellate SubClassOf Bird,  False.
Bacteria and Mollusk SubClassOf SlimeMold,  False.
Dairy and Plant SubClassOf FloweringPlant,  False.
Crustacean and Invertebrate SubClassOf Anemone,  False.
Dairy and Jellyfish SubClassOf Mammal,  False.
Ciliate and ExoticSpecies SubClassOf SegmentedWorm,  False.
Ciliate and MarineBird SubClassOf Radiolarian,  False.
Animal and Roundworm SubClassOf Microalgae,  False.
Arachnid and Dairy SubClassOf Nutrient,  False.
Ciliate and Mushroom SubClassOf Fish,  False.
Amphibian and Animal SubClassOf MarineMammal,  False.
VegetationSpecies and Zooplankton SubClassOf Moss,  False.
EvergreenVegetation and Fish SubClassOf Animal,  False.
MarinePlant and Millipede SubClassOf Ciliate,  False.
Algae and Conifer SubClassOf FungiTaxonomy,  False.
Echinoderm and Plankton SubClassOf MarinePlant,  False.
MarineInvertebrate and Moss SubClassOf MarineMicrobiota,  False.
Insect and Yeast SubClassOf DominantSpecies,  False.
MarineInvertebrate and Pollen SubClassOf Jellyfish,  False.
IndigenousVegetation and VegetationSpecies SubClassOf FloweringPlant,  False.
Arachnid and Fungi SubClassOf Sponge,  False.
EvergreenVegetation and Sporozoan SubClassOf Arachnid,  False.
DominantSpecies and MicrobiotaTaxonomy SubClassOf Fungi,  False.
Livestock and MarinePlant SubClassOf Canopy,  False.
Conifer and MarineMammal SubClassOf Microbiota,  False.
Crustacean and Vegetation SubClassOf VegetationSpecies,  False.
Dairy and IndigenousVegetation SubClassOf Plant,  False.
Macroalgae and Yeast SubClassOf Echinoderm,  False.
Plankton and Vertebrate SubClassOf Amphibian,  False.
Coral and VegetationSpecies SubClassOf Flagellate,  False.
ExoticVegetation and Fish SubClassOf Lichen,  False.
Fern and Protist SubClassOf Dairy,  False.
BlueGreenAlgae and Centipede SubClassOf Fern,  False.
Flatworm and Microbiota SubClassOf Protist,  False.
ExoticVegetation and Yeast SubClassOf IndigenousSpecies,  False.
Macrophyte and MarineMammal SubClassOf Mollusk,  False.
Flagellate and Microalgae SubClassOf Chlorophyll,  False.
Liverwort and Mollusk SubClassOf IndigenousVegetation,  False.
ExoticSpecies and FungiTaxonomy SubClassOf Arthropod,  False.
Arthropod and SegmentedWorm SubClassOf Macroalgae,  False.
Fish and IndigenousVegetation SubClassOf Sporozoan,  False.
Arachnid and DeciduousVegetation SubClassOf Invertebrate,  False.
Arthropod and Sponge SubClassOf VegetationCover,  False.
IndigenousSpecies and Mold SubClassOf Reptile,  False.
MarinePlant and Microalgae SubClassOf Roundworm,  False.
Bacteria and Reptile SubClassOf VegetationSpecies,  False.
Coccolithophore and SlimeMold SubClassOf Lichen,  False.
Pollen and TreeRing SubClassOf Flatworm,  False.
DominantSpecies and EvergreenVegetation SubClassOf Microbiota,  False.
MarineAnimal and Mollusk SubClassOf Millipede,  False.
Anemone and Diatom SubClassOf Zooplankton,  False.
Moss and Vertebrate SubClassOf Mammal,  False.
Bird and Nutrient SubClassOf IndigenousSpecies,  False.
ExoticVegetation and Nutrient SubClassOf Protist,  False.
Dairy and Microalgae SubClassOf Bacteria,  False.
Bacteria and Leaf SubClassOf Anemone,  False.
ExoticSpecies and Lichen SubClassOf Bird,  False.
Bacteria and Sponge SubClassOf Algae,  False.
Amoebae and DominantSpecies SubClassOf EvergreenVegetation,  False.
Invertebrate and MarineAnimal SubClassOf Leaf,  False.
Arthropod and Foraminifer SubClassOf Vegetation,  False.
Bird and VegetationCover SubClassOf Microphyte,  False.
FloweringPlant and Nutrient SubClassOf Coccolithophore,  False.
BlueGreenAlgae and SlimeMold SubClassOf Crop,  False.
MicrobiotaTaxonomy and Pollen SubClassOf Livestock,  False.
EvergreenVegetation and Litter SubClassOf Coral,  False.
MarineAnimal and MicrobiotaTaxonomy SubClassOf Mushroom,  False.
Anemone and Flatworm SubClassOf ExoticSpecies,  False.
Moss and Poultry SubClassOf Crown,  False.
Crown and Vegetation SubClassOf Fungi,  False.
MarineInvertebrate and Roundworm SubClassOf Bird,  False.
Crop and Zooplankton SubClassOf Vertebrate,  False.
BlueGreenAlgae and Pollen SubClassOf Plant,  False.
Canopy and Microphyte SubClassOf Echinoderm,  False.
MarineBird and Sponge SubClassOf Bacteria,  False.
Foraminifer and Human SubClassOf Sponge,  False.
Flagellate and MarinePlant SubClassOf Yeast,  False.
Human and Mammal SubClassOf Centipede,  False.
IndigenousVegetation and Liverwort SubClassOf Fern,  False.
Crustacean and MarineBird SubClassOf Poultry,  False.
Amphibian and Radiolarian SubClassOf EvergreenVegetation,  False.
Amoebae and Microbiota SubClassOf Coccolithophore,  False.
Moss and Plankton SubClassOf Microphyte,  False.
Foraminifer and VegetationSpecies SubClassOf Leaf,  False.
Crop and MarineMammal SubClassOf MarineAnimal,  False.
Livestock and Radiolarian SubClassOf Conifer,  False.
Arachnid and Dairy SubClassOf Insect,  False.
EvergreenVegetation and SlimeMold SubClassOf Litter,  False.
Lichen and MicrobiotaTaxonomy SubClassOf Mollusk,  False.
Microphyte and Mushroom SubClassOf TreeRing,  False.
Bacteria and Ciliate SubClassOf Microalgae,  False.
ExoticSpecies and Mold SubClassOf Foraminifer,  False.
Chlorophyll and SegmentedWorm SubClassOf Fish,  False.
DominantSpecies and Roundworm SubClassOf FungiTaxonomy,  False.
Crop and Plant SubClassOf ExoticVegetation,  False.
Arthropod and Mushroom SubClassOf MarineInvertebrate,  False.
Jellyfish and Mold SubClassOf Amoebae,  False.
Anemone and FloweringPlant SubClassOf MarineMicrobiota,  False.
Coral and Fern SubClassOf MarinePlant,  False.
FloweringPlant and Microbiota SubClassOf Jellyfish,  False.
Echinoderm and Plankton SubClassOf DominantSpecies,  False.
Mammal and Vertebrate SubClassOf Crown,  False.
Amoebae and Nutrient SubClassOf MarineAnimal,  False.
ExoticVegetation and IndigenousSpecies SubClassOf Coccolithophore,  False.
Canopy and Radiolarian SubClassOf Nutrient,  False.
Centipede and Macrophyte SubClassOf Mushroom,  False.
Phytoplankton and SlimeMold SubClassOf MarineMammal,  False.
Chlorophyll and Yeast SubClassOf DeciduousVegetation,  False.
Microphyte and Protist SubClassOf Arthropod,  False.
Ciliate and Sporozoan SubClassOf Diatom,  False.
Lichen and Mold SubClassOf Human,  False.
Chlorophyll and FungiTaxonomy SubClassOf Macroalgae,  False.
Insect and Roundworm SubClassOf Microbiota,  False.
Plant and VegetationCover SubClassOf Flagellate,  False.
Litter and Mushroom SubClassOf Roundworm,  False.
Jellyfish and Vertebrate SubClassOf Canopy,  False.
MarineAnimal and Phytoplankton SubClassOf Reptile,  False.
Chlorophyll and Fish SubClassOf Vertebrate,  False.
Mushroom and Poultry SubClassOf DominantSpecies,  False.
Litter and Mammal SubClassOf MarineMicrobiota,  False.
Arthropod and Lichen SubClassOf Bird,  False.
FungiTaxonomy and Phytoplankton SubClassOf Algae,  False.
Canopy and DeciduousVegetation SubClassOf Plant,  False.
Crustacean and Macrophyte SubClassOf Fungi,  False.
Litter and SegmentedWorm SubClassOf Bacteria,  False.
IndigenousSpecies and Macroalgae SubClassOf Poultry,  False.
Protist and Reptile SubClassOf Yeast,  False.
Flagellate and Sporozoan SubClassOf Echinoderm,  False.
Livestock and TreeRing SubClassOf Fern,  False.
Millipede and TreeRing SubClassOf Leaf,  False.
Insect and Vegetation SubClassOf EvergreenVegetation,  False.
Mollusk and VegetationCover SubClassOf Mold,  False.
Amoebae and MarineMammal SubClassOf Crustacean,  False.
Algae and Moss SubClassOf Sporozoan,  False.
Coccolithophore and Foraminifer SubClassOf FungiTaxonomy,  False.
MarineMammal and Plant SubClassOf Moss,  False.
Animal and VegetationCover SubClassOf MarineMicrobiota,  False.
Bird and Leaf SubClassOf Arachnid,  False.
BlueGreenAlgae and Ciliate SubClassOf Jellyfish,  False.
Amphibian and MarineMicrobiota SubClassOf MarinePlant,  False.
Fungi and Liverwort SubClassOf Sponge,  False.
DeciduousVegetation and MarineAnimal SubClassOf Yeast,  False.
MarinePlant and Protist SubClassOf VegetationSpecies,  False.
Conifer and Poultry SubClassOf Plant,  False.
Arthropod and ExoticVegetation SubClassOf Amphibian,  False.
Macrophyte and Yeast SubClassOf Algae,  False.
DeciduousVegetation and MarineInvertebrate SubClassOf Bacteria,  False.
Amoebae and Zooplankton SubClassOf MarineBird,  False.
Fern and IndigenousSpecies SubClassOf Protist,  False.
Millipede and TreeRing SubClassOf SlimeMold,  False.
Crown and MarinePlant SubClassOf Anemone,  False.
Conifer and MarineInvertebrate SubClassOf Mammal,  False.
Crop and Jellyfish SubClassOf IndigenousSpecies,  False.
Mammal and Pollen SubClassOf Dairy,  False.
Canopy and Yeast SubClassOf Chlorophyll,  False.
Fungi and MarineInvertebrate SubClassOf Fish,  False.
Fungi and Human SubClassOf Liverwort,  False.
DominantSpecies and Fish SubClassOf Mollusk,  False.
Fern and Mammal SubClassOf Plankton,  False.
IndigenousVegetation and MarineMicrobiota SubClassOf Ciliate,  False.
MarineBird and Poultry SubClassOf Foraminifer,  False.
Amphibian and ExoticVegetation SubClassOf Macrophyte,  False.
Chlorophyll and Fern SubClassOf Reptile,  False.
MarineMicrobiota and Microphyte SubClassOf Microbiota,  False.
Dairy and Poultry SubClassOf Diatom,  False.
Diatom and Mold SubClassOf MicrobiotaTaxonomy,  False.
Jellyfish and MarineMammal SubClassOf FloweringPlant,  False.
Ciliate and Coccolithophore SubClassOf Millipede,  False.
FloweringPlant and Invertebrate SubClassOf Fungi,  False.
Arthropod and Echinoderm SubClassOf Mammal,  False.
Mushroom and Plant SubClassOf Protist,  False.
Bacteria and FloweringPlant SubClassOf Zooplankton,  False.
Pollen and SlimeMold SubClassOf Insect,  False.
Crown SubClassOf Foraminifer,  False.
Canopy and Fern SubClassOf Vegetation,  False.
Crop and MarineAnimal SubClassOf Liverwort,  False.
Coccolithophore and Flagellate SubClassOf Leaf,  False.
Algae and Plant SubClassOf Fern,  False.
Fern and Phytoplankton SubClassOf Centipede,  False.
Arachnid and MarineMicrobiota SubClassOf EvergreenVegetation,  False.
Invertebrate and Mollusk SubClassOf Coccolithophore,  False.
Amphibian and Coccolithophore SubClassOf ExoticSpecies,  False.
IndigenousSpecies and MarineMammal SubClassOf IndigenousVegetation,  False.
Algae and EvergreenVegetation SubClassOf Conifer,  False.
ExoticVegetation and Reptile SubClassOf Microalgae,  False.
Conifer and Diatom SubClassOf Nutrient,  False.
Animal and TreeRing SubClassOf DeciduousVegetation,  False.
Leaf and Nutrient SubClassOf MarineMammal,  False.
Lichen and Yeast SubClassOf Macroalgae,  False.
Fungi and VegetationSpecies SubClassOf Invertebrate,  False.
DeciduousVegetation and SlimeMold SubClassOf Arthropod,  False.
Poultry and Protist SubClassOf Bacteria,  False.
Liverwort and Nutrient SubClassOf Flatworm,  False.
Bird and SlimeMold SubClassOf Yeast,  False.
Crown and Protist SubClassOf Echinoderm,  False.
Insect and Microalgae SubClassOf Fern,  False.
Crustacean and MicrobiotaTaxonomy SubClassOf Leaf,  False.
Anemone and Conifer SubClassOf IndigenousSpecies,  False.
Macroalgae and Macrophyte SubClassOf Centipede,  False.
Amoebae and Arachnid SubClassOf Conifer,  False.
Flagellate and SegmentedWorm SubClassOf Pollen,  False.
Animal and Livestock SubClassOf MarineAnimal,  False.
Millipede and Phytoplankton SubClassOf Mollusk,  False.
EvergreenVegetation and Phytoplankton SubClassOf TreeRing,  False.
Insect and Mold SubClassOf Microalgae,  False.
Algae and Mushroom SubClassOf MarineMammal,  False.
Mammal and Zooplankton SubClassOf DeciduousVegetation,  False.
Anemone and MarinePlant SubClassOf Microphyte,  False.
Canopy and Macroalgae SubClassOf Plankton,  False.
FungiTaxonomy and Protist SubClassOf Fish,  False.
Human and Nutrient SubClassOf Livestock,  False.
Amphibian and Livestock SubClassOf ExoticVegetation,  False.
Mammal and Millipede SubClassOf Mushroom,  False.
Insect and Sponge SubClassOf Amoebae,  False.
MarineBird and MicrobiotaTaxonomy SubClassOf FungiTaxonomy,  False.
MarineMammal and Mushroom SubClassOf MarinePlant,  False.
ExoticSpecies and IndigenousVegetation SubClassOf Sporozoan,  False.
Livestock and SegmentedWorm SubClassOf BlueGreenAlgae,  False.
Canopy and MarineMicrobiota SubClassOf VegetationCover,  False.
Macrophyte and Microbiota SubClassOf Flagellate,  False.
Arthropod and Moss SubClassOf Plant,  False.
Macroalgae and Mold SubClassOf VegetationSpecies,  False.
Crown and Plankton SubClassOf Mushroom,  False.
Crop and Fish SubClassOf DeciduousVegetation,  False.
Fish and Microbiota SubClassOf Nutrient,  False.
Canopy and Jellyfish SubClassOf Diatom,  False.
IndigenousVegetation and Sponge SubClassOf MicrobiotaTaxonomy,  False.
Amoebae and Human SubClassOf Moss,  False.
Sponge and Vegetation SubClassOf Reptile,  False.
IndigenousVegetation and Microalgae SubClassOf SlimeMold,  False.
Phytoplankton and SegmentedWorm SubClassOf DominantSpecies,  False.
Amphibian and Chlorophyll SubClassOf MarineMicrobiota,  False.
Centipede and Coral SubClassOf Bird,  False.
DominantSpecies and Moss SubClassOf SegmentedWorm,  False.
Lichen and Livestock SubClassOf FloweringPlant,  False.
FungiTaxonomy and MarineMammal SubClassOf MarineBird,  False.
Coral and Radiolarian SubClassOf Flagellate,  False.
Dairy and Zooplankton SubClassOf Yeast,  False.
Plankton and SlimeMold SubClassOf Fungi,  False.
Flatworm and Lichen SubClassOf VegetationCover,  False.
ExoticSpecies and Roundworm SubClassOf Poultry,  False.
Ciliate and Foraminifer SubClassOf IndigenousSpecies,  False.
BlueGreenAlgae and Leaf SubClassOf Echinoderm,  False.
Chlorophyll and Mollusk SubClassOf Bacteria,  False.
MarineBird and MicrobiotaTaxonomy SubClassOf IndigenousVegetation,  False.
Flagellate and Invertebrate SubClassOf Centipede,  False.
Jellyfish and Microphyte SubClassOf Fern,  False.
Anemone and Liverwort SubClassOf Pollen,  False.
Litter and VegetationSpecies SubClassOf MarineMammal,  False.
Dairy and FloweringPlant SubClassOf Coccolithophore,  False.
Flatworm and Human SubClassOf Conifer,  False.
Insect and Litter SubClassOf Phytoplankton,  False.
Coccolithophore and Vertebrate SubClassOf VegetationSpecies,  False.
Centipede and Zooplankton SubClassOf Human,  False.
DominantSpecies and EvergreenVegetation SubClassOf Macroalgae,  False.
Sporozoan and TreeRing SubClassOf Microbiota,  False.
DominantSpecies and Echinoderm SubClassOf Flagellate,  False.
Plankton and Pollen SubClassOf Plant,  False.
Bird and MarineInvertebrate SubClassOf Sponge,  False.
Jellyfish and Lichen SubClassOf Amphibian,  False.
Bacteria and IndigenousVegetation SubClassOf Centipede,  False.
Moss and VegetationSpecies SubClassOf Lichen,  False.
EvergreenVegetation and Fungi SubClassOf Echinoderm,  False.
Chlorophyll and Sponge SubClassOf Litter,  False.
ExoticSpecies and Microalgae SubClassOf IndigenousVegetation,  False.
Arachnid and Dairy SubClassOf IndigenousSpecies,  False.
Chlorophyll and Leaf SubClassOf Dairy,  False.
Microbiota and Pollen SubClassOf Mammal,  False.
VegetationCover and Yeast SubClassOf Liverwort,  False.
Litter and Macroalgae SubClassOf Radiolarian,  False.
Vertebrate SubClassOf Anemone,  False.
Liverwort and Moss SubClassOf Crop,  False.
Conifer and IndigenousSpecies SubClassOf Foraminifer,  False.
Protist and TreeRing SubClassOf EvergreenVegetation,  False.
Centipede and Echinoderm SubClassOf Mold,  False.
Arachnid and Crustacean SubClassOf Microphyte,  False.
Animal and Chlorophyll SubClassOf Crown,  False.
IndigenousVegetation and Microalgae SubClassOf Plankton,  False.
Lichen and Millipede SubClassOf Sporozoan,  False.
Algae and FungiTaxonomy SubClassOf Jellyfish,  False.
Roundworm and Sponge SubClassOf Amoebae,  False.
Arachnid and Microalgae SubClassOf Crustacean,  False.
Amphibian and Radiolarian SubClassOf SegmentedWorm,  False.
Human and Vegetation SubClassOf Bird,  False.
DeciduousVegetation and SegmentedWorm SubClassOf FloweringPlant,  False.
Crop and TreeRing SubClassOf Anemone,  False.
Coral and MarineMicrobiota SubClassOf Vegetation,  False.
Mollusk and Poultry SubClassOf Algae,  False.
Coral and Vertebrate SubClassOf Leaf,  False.
Algae and Microbiota SubClassOf Crop,  False.
Coccolithophore and ExoticVegetation SubClassOf Mold,  False.
FloweringPlant and Macroalgae SubClassOf EvergreenVegetation,  False.
Centipede and Roundworm SubClassOf Plankton,  False.
Leaf and Mold SubClassOf ExoticSpecies,  False.
Invertebrate and Yeast SubClassOf Livestock,  False.
Radiolarian and Vegetation SubClassOf Microphyte,  False.
BlueGreenAlgae and Centipede SubClassOf Chlorophyll,  False.
DominantSpecies and MicrobiotaTaxonomy SubClassOf Fish,  False.
Amoebae and Bacteria SubClassOf Conifer,  False.
FungiTaxonomy and Invertebrate SubClassOf Coccolithophore,  False.
Coccolithophore and Flatworm SubClassOf Nutrient,  False.
Anemone and FloweringPlant SubClassOf Invertebrate,  False.
Crop and VegetationCover SubClassOf MarineMammal,  False.
FloweringPlant and MarineMicrobiota SubClassOf Microalgae,  False.
Fish and Invertebrate SubClassOf Animal,  False.
DeciduousVegetation and Vegetation SubClassOf DominantSpecies,  False.
Litter and MarineMammal SubClassOf FungiTaxonomy,  False.
Algae and MarineAnimal SubClassOf Moss,  False.
MarinePlant and Reptile SubClassOf MarineMicrobiota,  False.
Microphyte and Reptile SubClassOf Arachnid,  False.
Animal and FungiTaxonomy SubClassOf MicrobiotaTaxonomy,  False.
Arthropod and Leaf SubClassOf Reptile,  False.
Fungi and Reptile SubClassOf Mammal,  False.
MarineBird and Microphyte SubClassOf Litter,  False.
DominantSpecies and Roundworm SubClassOf Centipede,  False.
Canopy and Leaf SubClassOf Zooplankton,  False.
Leaf and Protist SubClassOf Pollen,  False.
Bacteria and MarineBird SubClassOf Mollusk,  False.
Crown and Mammal SubClassOf Conifer,  False.
Insect and Invertebrate SubClassOf Microalgae,  False.
BlueGreenAlgae and VegetationCover SubClassOf MarineInvertebrate,  False.
ExoticSpecies and Litter SubClassOf Fish,  False.
Amoebae and Macroalgae SubClassOf TreeRing,  False.
Amoebae and Bird SubClassOf ExoticVegetation,  False.
Flatworm and IndigenousSpecies SubClassOf Jellyfish,  False.
Livestock and MarineMicrobiota SubClassOf Moss,  False.
Millipede and VegetationCover SubClassOf FungiTaxonomy,  False.
Fungi and Microalgae SubClassOf Mushroom,  False.
DeciduousVegetation and Mushroom SubClassOf Sporozoan,  False.
Conifer and Reptile SubClassOf Crown,  False.
Microphyte SubClassOf Coral,  False.
Arachnid and Poultry SubClassOf Macroalgae,  False.
Diatom and Millipede SubClassOf Roundworm,  False.
Animal and Radiolarian SubClassOf BlueGreenAlgae,  False.
Human and Roundworm SubClassOf Arthropod,  False.
Coccolithophore and Fern SubClassOf Flagellate,  False.
FloweringPlant and Insect SubClassOf Microbiota,  False.
Crop and Echinoderm SubClassOf VegetationSpecies,  False.
Microbiota and Zooplankton SubClassOf VegetationCover,  False.
Invertebrate and MarineInvertebrate SubClassOf Flatworm,  False.
Sporozoan and Vegetation SubClassOf IndigenousSpecies,  False.
Coral and Pollen SubClassOf Millipede,  False.
Plankton and Zooplankton SubClassOf Lichen,  False.
Liverwort and Mold SubClassOf Jellyfish,  False.
Conifer and VegetationSpecies SubClassOf DominantSpecies,  False.
Dairy and Radiolarian SubClassOf Arthropod,  False.
Centipede and MarinePlant SubClassOf ExoticVegetation,  False.
Mushroom and Plankton SubClassOf SlimeMold,  False.
Flatworm and Jellyfish SubClassOf Plant,  False.
Fish and Microphyte SubClassOf MarineMicrobiota,  False.
Ciliate and Yeast SubClassOf Reptile,  False.
Echinoderm and Mollusk SubClassOf Radiolarian,  False.
ExoticVegetation and Roundworm SubClassOf Fungi,  False.
Fern and Plant SubClassOf Bird,  False.
Flagellate and Insect SubClassOf Poultry,  False.
Ciliate and Pollen SubClassOf EvergreenVegetation,  False.
Plant and Zooplankton SubClassOf Anemone,  False.
Fern and Foraminifer SubClassOf Bacteria,  False.
Fish and Reptile SubClassOf IndigenousSpecies,  False.
Flagellate and Microbiota SubClassOf Centipede,  False.
Arthropod and Liverwort SubClassOf MarineBird,  False.
Phytoplankton and VegetationSpecies SubClassOf Flatworm,  False.
ExoticVegetation and Vegetation SubClassOf Litter,  False.
Plankton and SegmentedWorm SubClassOf Fern,  False.
Flatworm and IndigenousSpecies SubClassOf Mammal,  False.
Coral and Plant SubClassOf MarineMammal,  False.
ExoticVegetation and Foraminifer SubClassOf Fish,  False.
BlueGreenAlgae and Livestock SubClassOf Conifer,  False.
Mollusk and TreeRing SubClassOf Pollen,  False.
Amphibian and SlimeMold SubClassOf MarineInvertebrate,  False.
Crustacean and Yeast SubClassOf Moss,  False.
Diatom and Flagellate SubClassOf TreeRing,  False.
Bacteria and Flatworm SubClassOf Flagellate,  False.
Arthropod and Poultry SubClassOf Lichen,  False.
Sponge and VegetationCover SubClassOf Canopy,  False.
Bird and Microalgae SubClassOf Microbiota,  False.
Macrophyte and MarineAnimal SubClassOf Protist,  False.
DeciduousVegetation and Vertebrate SubClassOf IndigenousSpecies,  False.
Centipede and Liverwort SubClassOf FloweringPlant,  False.
DominantSpecies and MarineAnimal SubClassOf MarineBird,  False.
Nutrient and Phytoplankton SubClassOf Mammal,  False.
Echinoderm and Reptile SubClassOf Liverwort,  False.
Crustacean and Pollen SubClassOf Dairy,  False.
Arthropod and Bird SubClassOf Litter,  False.
IndigenousSpecies and MicrobiotaTaxonomy SubClassOf Fish,  False.
EvergreenVegetation and IndigenousVegetation SubClassOf MarineMammal,  False.
Flagellate and Moss SubClassOf Mollusk,  False.
Algae and EvergreenVegetation SubClassOf Chlorophyll,  False.
Dairy and Human SubClassOf Leaf,  False.
DominantSpecies and MarinePlant SubClassOf MarineAnimal,  False.
Amphibian and Crown SubClassOf Mold,  False.
Crustacean and MarineInvertebrate SubClassOf Crop,  False.
Fish and MarineBird SubClassOf Crown,  False.
Bacteria and Yeast SubClassOf Coral,  False.
Canopy and Conifer SubClassOf Coccolithophore,  False.
Fungi and VegetationSpecies SubClassOf Microphyte,  False.
ExoticVegetation and Foraminifer SubClassOf Mushroom,  False.
Fern and MarineMammal SubClassOf Human,  False.
Mammal and MarineInvertebrate SubClassOf DeciduousVegetation,  False.
Flatworm and IndigenousVegetation SubClassOf Nutrient,  False.
BlueGreenAlgae and Plant SubClassOf Diatom,  False.
MarineMammal and MarineMicrobiota SubClassOf Roundworm,  False.
Amoebae and BlueGreenAlgae SubClassOf Macroalgae,  False.
Mollusk and Moss SubClassOf Phytoplankton,  False.
Arachnid and Plant SubClassOf Amphibian,  False.
ExoticSpecies and FloweringPlant SubClassOf Centipede,  False.
Jellyfish and MicrobiotaTaxonomy SubClassOf Bacteria,  False.
IndigenousVegetation and MicrobiotaTaxonomy SubClassOf Anemone,  False.
Bacteria and Fern SubClassOf MarineAnimal,  False.
Arthropod and Crop SubClassOf Livestock,  False.
Echinoderm and SegmentedWorm SubClassOf EvergreenVegetation,  False.
Anemone and Microalgae SubClassOf Leaf,  False.
MarineAnimal and MarineInvertebrate SubClassOf ExoticSpecies,  False.
Human and SlimeMold SubClassOf DeciduousVegetation,  False.
Mold and Pollen SubClassOf Conifer,  False.
Crown and DominantSpecies SubClassOf Coccolithophore,  False.
Anemone and MarineBird SubClassOf Invertebrate,  False.
Crown and MarinePlant SubClassOf Coral,  False.
Bird and Canopy SubClassOf Microalgae,  False.
SegmentedWorm and TreeRing SubClassOf Ciliate,  False.
Microalgae and Nutrient SubClassOf FungiTaxonomy,  False.
Arachnid and Mollusk SubClassOf Macrophyte,  False.
Coccolithophore and ExoticSpecies SubClassOf Plankton,  False.
Centipede and Vertebrate SubClassOf Sporozoan,  False.
DominantSpecies and SlimeMold SubClassOf Jellyfish,  False.
Bacteria and ExoticVegetation SubClassOf Moss,  False.
Arthropod and Diatom SubClassOf Animal,  False.
Dairy and Pollen SubClassOf Arachnid,  False.
Bird and Mold SubClassOf Fungi,  False.
Lichen and MarineAnimal SubClassOf MarinePlant,  False.
Radiolarian and SlimeMold SubClassOf Vertebrate,  False.
Ciliate and Moss SubClassOf Yeast,  False.
EvergreenVegetation and Mushroom SubClassOf Algae,  False.
Chlorophyll and Nutrient SubClassOf Plant,  False.
Anemone and Microphyte SubClassOf Sponge,  False.
Animal and BlueGreenAlgae SubClassOf Foraminifer,  False.
Phytoplankton and Vegetation SubClassOf Fish,  False.
Coral and Microalgae SubClassOf Mold,  False.
Crustacean and Zooplankton SubClassOf Insect,  False.
Algae and Flagellate SubClassOf Plankton,  False.
IndigenousSpecies and Microphyte SubClassOf Amoebae,  False.
Arachnid and Roundworm SubClassOf TreeRing,  False.
Flagellate and Foraminifer SubClassOf Microphyte,  False.
Coccolithophore and Radiolarian SubClassOf Jellyfish,  False.
Human and Plankton SubClassOf Sporozoan,  False.
EvergreenVegetation and MarineBird SubClassOf FungiTaxonomy,  False.
Crop and Diatom SubClassOf Vertebrate,  False.
Microbiota and VegetationSpecies SubClassOf Plant,  False.
Liverwort and Nutrient SubClassOf BlueGreenAlgae,  False.
Sporozoan and VegetationSpecies SubClassOf Phytoplankton,  False.
Foraminifer SubClassOf DominantSpecies,  False.
Amphibian and Moss SubClassOf Arthropod,  False.
Mammal and Vegetation SubClassOf Macroalgae,  False.
MarineBird and Moss SubClassOf Microbiota,  False.
Crustacean and Macroalgae SubClassOf Millipede,  False.
MarineMammal and Reptile SubClassOf MicrobiotaTaxonomy,  False.
Coral and Microphyte SubClassOf Reptile,  False.
Bird and Liverwort SubClassOf SegmentedWorm,  False.
MarineMicrobiota and Radiolarian SubClassOf MarineBird,  False.
Human and Microbiota SubClassOf FloweringPlant,  False.
MarineAnimal and Plankton SubClassOf Litter,  False.
FloweringPlant and Macrophyte SubClassOf Vegetation,  False.
Crop and Poultry SubClassOf Zooplankton,  False.
Liverwort and Microbiota SubClassOf Mammal,  False.
Coral and MarineBird SubClassOf ExoticVegetation,  False.
Bacteria and Zooplankton SubClassOf Jellyfish,  False.
Canopy and Plankton SubClassOf Moss,  False.
Flatworm and Fungi SubClassOf Crustacean,  False.
Foraminifer and Roundworm SubClassOf Arachnid,  False.
ExoticSpecies and Foraminifer SubClassOf Vertebrate,  False.
BlueGreenAlgae and Mammal SubClassOf MarinePlant,  False.
Leaf and Mollusk SubClassOf MarineMicrobiota,  False.
BlueGreenAlgae and MarineBird SubClassOf Bird,  False.
Crustacean and MarineMicrobiota SubClassOf Algae,  False.
Amoebae and Flagellate SubClassOf Plant,  False.
Ciliate and Invertebrate SubClassOf Sponge,  False.
Flatworm and Liverwort SubClassOf Amphibian,  False.
Dairy and VegetationCover SubClassOf Bacteria,  False.
Bird and Human SubClassOf Echinoderm,  False.
BlueGreenAlgae and Mushroom SubClassOf Protist,  False.
Animal and Vegetation SubClassOf IndigenousSpecies,  False.
Coral and Microphyte SubClassOf Millipede,  False.
Microalgae and Zooplankton SubClassOf MarineBird,  False.
Flagellate and Millipede SubClassOf Mammal,  False.
Echinoderm and Microphyte SubClassOf Liverwort,  False.
Roundworm SubClassOf Dairy,  False.
Arachnid and Foraminifer SubClassOf Zooplankton,  False.
Dairy and Insect SubClassOf Pollen,  False.
Human and Pollen SubClassOf Foraminifer,  False.
MarineBird and Zooplankton SubClassOf Mollusk,  False.
Crustacean and Fern SubClassOf Chlorophyll,  False.
Crop and Sporozoan SubClassOf Ciliate,  False.
DominantSpecies and Microbiota SubClassOf FungiTaxonomy,  False.
Liverwort and Plankton SubClassOf Macrophyte,  False.
MarineInvertebrate and VegetationSpecies SubClassOf TreeRing,  False.
Pollen and Vertebrate SubClassOf Microbiota,  False.
Bird and SlimeMold SubClassOf Millipede,  False.
ExoticVegetation and Litter SubClassOf MicrobiotaTaxonomy,  False.
Diatom and Vertebrate SubClassOf Canopy,  False.
Centipede and Moss SubClassOf SegmentedWorm,  False.
IndigenousSpecies and Mold SubClassOf Protist,  False.
TreeRing and Yeast SubClassOf Lichen,  False.
Echinoderm and Radiolarian SubClassOf FloweringPlant,  False.
Arachnid and Ciliate SubClassOf Litter,  False.
Chlorophyll and Mushroom SubClassOf Vegetation,  False.
Chlorophyll and Jellyfish SubClassOf Zooplankton,  False.
IndigenousVegetation and Microphyte SubClassOf Dairy,  False.
Bacteria and Plant SubClassOf Chlorophyll,  False.
FungiTaxonomy and Millipede SubClassOf Fish,  False.
Jellyfish and Sponge SubClassOf Liverwort,  False.
Microalgae and Roundworm SubClassOf Insect,  False.
Fish and Plankton SubClassOf Crop,  False.
DeciduousVegetation and Flatworm SubClassOf IndigenousVegetation,  False.
Fish and Litter SubClassOf EvergreenVegetation,  False.
MarineAnimal and Microbiota SubClassOf Leaf,  False.
Jellyfish and Phytoplankton SubClassOf ExoticSpecies,  False.
IndigenousVegetation and Reptile SubClassOf Crown,  False.
Arthropod and IndigenousSpecies SubClassOf Coccolithophore,  False.
IndigenousSpecies and Sponge SubClassOf Nutrient,  False.
Microalgae and Vegetation SubClassOf Invertebrate,  False.
Flagellate and Phytoplankton SubClassOf Coral,  False.
Chlorophyll and SegmentedWorm SubClassOf Microalgae,  False.
Centipede and TreeRing SubClassOf Roundworm,  False.
DominantSpecies and Nutrient SubClassOf Diatom,  False.
Lichen and Mollusk SubClassOf Human,  False.
FungiTaxonomy and Livestock SubClassOf Macroalgae,  False.
Centipede and Moss SubClassOf Flatworm,  False.
BlueGreenAlgae and DominantSpecies SubClassOf Amphibian,  False.
Bacteria and MarineMammal SubClassOf Echinoderm,  False.
Amoebae and FungiTaxonomy SubClassOf Bacteria,  False.
Bird and Pollen SubClassOf Leaf,  False.
FloweringPlant and Protist SubClassOf MarineAnimal,  False.
MarineAnimal and MarineMicrobiota SubClassOf Centipede,  False.
VegetationCover and Vertebrate SubClassOf Fern,  False.
Invertebrate and MarineAnimal SubClassOf Pollen,  False.
Macrophyte and Vegetation SubClassOf ExoticSpecies,  False.
Coral and Poultry SubClassOf Mollusk,  False.
Algae and Liverwort SubClassOf Conifer,  False.
Arthropod and Reptile SubClassOf Microalgae,  False.
Microphyte and Phytoplankton SubClassOf MarineInvertebrate,  False.
Crustacean and Leaf SubClassOf Nutrient,  False.
Fern and Litter SubClassOf Plankton,  False.
Crop and Vertebrate SubClassOf Amoebae,  False.
Centipede and Echinoderm SubClassOf Livestock,  False.
DominantSpecies and Zooplankton SubClassOf Macrophyte,  False.
MarineInvertebrate and TreeRing SubClassOf Crustacean,  False.
Echinoderm and Human SubClassOf Sporozoan,  False.
Pollen SubClassOf FungiTaxonomy,  False.
Bird and Crown SubClassOf ExoticVegetation,  False.
Fungi and Jellyfish SubClassOf Vertebrate,  False.
IndigenousVegetation and MarineBird SubClassOf Arachnid,  False.
DominantSpecies and Moss SubClassOf BlueGreenAlgae,  False.
Canopy and EvergreenVegetation SubClassOf MarinePlant,  False.
Foraminifer and Microalgae SubClassOf Yeast,  False.
Amphibian and Arachnid SubClassOf VegetationSpecies,  False.
ExoticSpecies and Mammal SubClassOf VegetationCover,  False.
MarineBird and Microphyte SubClassOf Crop,  False.
Ciliate and DeciduousVegetation SubClassOf Foraminifer,  False.
Mold and Reptile SubClassOf Vegetation,  False.
Chlorophyll and Microphyte SubClassOf Mold,  False.
MicrobiotaTaxonomy and Poultry SubClassOf Microphyte,  False.
Diatom and Plant SubClassOf Crown,  False.
Invertebrate and Radiolarian SubClassOf Macrophyte,  False.
Human and Jellyfish SubClassOf TreeRing,  False.
Anemone and Coccolithophore SubClassOf ExoticVegetation,  False.
Fern and FloweringPlant SubClassOf Mushroom,  False.
Crop and FloweringPlant SubClassOf Amoebae,  False.
Echinoderm and Microbiota SubClassOf Crustacean,  False.
Crown and Invertebrate SubClassOf Phytoplankton,  False.
FungiTaxonomy and Vegetation SubClassOf VegetationSpecies,  False.
Coral and Crop SubClassOf Human,  False.
Pollen and Zooplankton SubClassOf BlueGreenAlgae,  False.
Algae and Radiolarian SubClassOf Diatom,  False.
Human and IndigenousSpecies SubClassOf Roundworm,  False.
Arachnid and Fungi SubClassOf Invertebrate,  False.
DeciduousVegetation and Flagellate SubClassOf Arthropod,  False.
Coccolithophore and Crop SubClassOf Reptile,  False.
Microbiota and TreeRing SubClassOf SlimeMold,  False.
EvergreenVegetation and Poultry SubClassOf DominantSpecies,  False.
Diatom and Mollusk SubClassOf MarineMicrobiota,  False.
Coral and Diatom SubClassOf Bird,  False.
Algae and VegetationSpecies SubClassOf SegmentedWorm,  False.
Coccolithophore and Nutrient SubClassOf Millipede,  False.
ExoticVegetation and FloweringPlant SubClassOf MarineBird,  False.
Radiolarian and Roundworm SubClassOf Mammal,  False.
Dairy and Leaf SubClassOf Liverwort,  False.
